solid OpenSCAD_Model
  facet normal 0.95689 -0.290451 -3.16481e-19
    outer loop
      vertex 13.2716 -13.148 9
      vertex 13.4424 -12.5853 0
      vertex 13.4424 -12.5853 9
    endloop
  endfacet
  facet normal 0.95689 -0.290451 -3.16481e-19
    outer loop
      vertex 13.4424 -12.5853 0
      vertex 13.2716 -13.148 9
      vertex 13.2716 -13.148 0
    endloop
  endfacet
  facet normal -0.95689 -0.290451 3.16481e-19
    outer loop
      vertex -13.2716 -13.148 0
      vertex -13.4424 -12.5853 9
      vertex -13.4424 -12.5853 0
    endloop
  endfacet
  facet normal -0.95689 -0.290451 3.16481e-19
    outer loop
      vertex -13.4424 -12.5853 9
      vertex -13.2716 -13.148 0
      vertex -13.2716 -13.148 9
    endloop
  endfacet
  facet normal 0.470148 0.882588 -0
    outer loop
      vertex 15.2 14.7439 0
      vertex 15.148 14.7716 9
      vertex 15.2 14.7439 9
    endloop
  endfacet
  facet normal 0.470148 0.882588 0
    outer loop
      vertex 15.148 14.7716 9
      vertex 15.2 14.7439 0
      vertex 15.148 14.7716 0
    endloop
  endfacet
  facet normal 0 1 0
    outer loop
      vertex 14 15 9
      vertex 4.5 15 5.7
      vertex -14 15 9
    endloop
  endfacet
  facet normal 0 1 -0
    outer loop
      vertex 14 15 0
      vertex 4.5 15 5.7
      vertex 14 15 9
    endloop
  endfacet
  facet normal 0 1 0
    outer loop
      vertex 4.5 15 1.7
      vertex 14 15 0
      vertex -4.5 15 1.7
    endloop
  endfacet
  facet normal 0 1 0
    outer loop
      vertex 4.5 15 5.7
      vertex 14 15 0
      vertex 4.5 15 1.7
    endloop
  endfacet
  facet normal 0 1 -0
    outer loop
      vertex -4.5 15 5.7
      vertex -14 15 9
      vertex 4.5 15 5.7
    endloop
  endfacet
  facet normal 0 1 0
    outer loop
      vertex -14 15 0
      vertex -4.5 15 5.7
      vertex -4.5 15 1.7
    endloop
  endfacet
  facet normal 0 1 0
    outer loop
      vertex -4.5 15 5.7
      vertex -14 15 0
      vertex -14 15 9
    endloop
  endfacet
  facet normal 0 1 0
    outer loop
      vertex -14 15 0
      vertex -4.5 15 1.7
      vertex 14 15 0
    endloop
  endfacet
  facet normal -0.989533 -0.144306 -1.86999e-18
    outer loop
      vertex -13.4424 -12.5853 0
      vertex -16.0069 5 9
      vertex -16.0069 5 0
    endloop
  endfacet
  facet normal -0.989533 -0.144306 -1.86999e-18
    outer loop
      vertex -16.0069 5 9
      vertex -13.4424 -12.5853 0
      vertex -13.4424 -12.5853 9
    endloop
  endfacet
  facet normal -0.097938 -0.995193 0
    outer loop
      vertex -11.0853 -14.9424 0
      vertex -10.5 -15 9
      vertex -11.0853 -14.9424 9
    endloop
  endfacet
  facet normal -0.097938 -0.995193 -0
    outer loop
      vertex -10.5 -15 9
      vertex -11.0853 -14.9424 0
      vertex -10.5 -15 0
    endloop
  endfacet
  facet normal 0 -1 0
    outer loop
      vertex -10.5 -15 0
      vertex 10.5 -15 9
      vertex -10.5 -15 9
    endloop
  endfacet
  facet normal 0 -1 -0
    outer loop
      vertex 10.5 -15 9
      vertex -10.5 -15 0
      vertex 10.5 -15 0
    endloop
  endfacet
  facet normal -0.290451 0.95689 0
    outer loop
      vertex -14.5853 14.9424 0
      vertex -15.148 14.7716 9
      vertex -14.5853 14.9424 9
    endloop
  endfacet
  facet normal -0.290451 0.95689 0
    outer loop
      vertex -15.148 14.7716 9
      vertex -14.5853 14.9424 0
      vertex -15.148 14.7716 0
    endloop
  endfacet
  facet normal -0.097938 0.995193 0
    outer loop
      vertex -14 15 0
      vertex -14.5853 14.9424 9
      vertex -14 15 9
    endloop
  endfacet
  facet normal -0.097938 0.995193 0
    outer loop
      vertex -14.5853 14.9424 9
      vertex -14 15 0
      vertex -14.5853 14.9424 0
    endloop
  endfacet
  facet normal -0.471329 -0.881957 0
    outer loop
      vertex -12.1667 -14.4944 0
      vertex -11.648 -14.7716 9
      vertex -12.1667 -14.4944 9
    endloop
  endfacet
  facet normal -0.471329 -0.881957 -0
    outer loop
      vertex -11.648 -14.7716 9
      vertex -12.1667 -14.4944 0
      vertex -11.648 -14.7716 0
    endloop
  endfacet
  facet normal -0.634413 -0.772994 0
    outer loop
      vertex -12.6213 -14.1213 0
      vertex -12.1667 -14.4944 9
      vertex -12.6213 -14.1213 9
    endloop
  endfacet
  facet normal -0.634413 -0.772994 -0
    outer loop
      vertex -12.1667 -14.4944 9
      vertex -12.6213 -14.1213 0
      vertex -12.1667 -14.4944 0
    endloop
  endfacet
  facet normal -0.772994 -0.634413 -2.37507e-18
    outer loop
      vertex -12.6213 -14.1213 0
      vertex -12.9944 -13.6667 9
      vertex -12.9944 -13.6667 0
    endloop
  endfacet
  facet normal -0.772994 -0.634413 -2.37507e-18
    outer loop
      vertex -12.9944 -13.6667 9
      vertex -12.6213 -14.1213 0
      vertex -12.6213 -14.1213 9
    endloop
  endfacet
  facet normal 0.290451 -0.95689 0
    outer loop
      vertex 11.0853 -14.9424 0
      vertex 11.648 -14.7716 9
      vertex 11.0853 -14.9424 9
    endloop
  endfacet
  facet normal 0.290451 -0.95689 0
    outer loop
      vertex 11.648 -14.7716 9
      vertex 11.0853 -14.9424 0
      vertex 11.648 -14.7716 0
    endloop
  endfacet
  facet normal 0.989533 -0.144306 1.86999e-18
    outer loop
      vertex 13.4424 -12.5853 9
      vertex 16.0069 5 0
      vertex 16.0069 5 9
    endloop
  endfacet
  facet normal 0.989533 -0.144306 1.86999e-18
    outer loop
      vertex 16.0069 5 0
      vertex 13.4424 -12.5853 9
      vertex 13.4424 -12.5853 0
    endloop
  endfacet
  facet normal 0.097938 -0.995193 0
    outer loop
      vertex 10.5 -15 0
      vertex 11.0853 -14.9424 9
      vertex 10.5 -15 9
    endloop
  endfacet
  facet normal 0.097938 -0.995193 0
    outer loop
      vertex 11.0853 -14.9424 9
      vertex 10.5 -15 0
      vertex 11.0853 -14.9424 0
    endloop
  endfacet
  facet normal -0.470148 0.882588 0
    outer loop
      vertex -15.148 14.7716 0
      vertex -15.2 14.7439 9
      vertex -15.148 14.7716 9
    endloop
  endfacet
  facet normal -0.470148 0.882588 0
    outer loop
      vertex -15.2 14.7439 9
      vertex -15.148 14.7716 0
      vertex -15.2 14.7439 0
    endloop
  endfacet
  facet normal -0.290451 -0.95689 0
    outer loop
      vertex -11.648 -14.7716 0
      vertex -11.0853 -14.9424 9
      vertex -11.648 -14.7716 9
    endloop
  endfacet
  facet normal -0.290451 -0.95689 -0
    outer loop
      vertex -11.0853 -14.9424 9
      vertex -11.648 -14.7716 0
      vertex -11.0853 -14.9424 0
    endloop
  endfacet
  facet normal 0.471329 -0.881957 0
    outer loop
      vertex 11.648 -14.7716 0
      vertex 12.1667 -14.4944 9
      vertex 11.648 -14.7716 9
    endloop
  endfacet
  facet normal 0.471329 -0.881957 0
    outer loop
      vertex 12.1667 -14.4944 9
      vertex 11.648 -14.7716 0
      vertex 12.1667 -14.4944 0
    endloop
  endfacet
  facet normal -0.881957 -0.471329 9.34868e-19
    outer loop
      vertex -12.9944 -13.6667 0
      vertex -13.2716 -13.148 9
      vertex -13.2716 -13.148 0
    endloop
  endfacet
  facet normal -0.881957 -0.471329 9.34868e-19
    outer loop
      vertex -13.2716 -13.148 9
      vertex -12.9944 -13.6667 0
      vertex -12.9944 -13.6667 9
    endloop
  endfacet
  facet normal 0.634413 -0.772994 0
    outer loop
      vertex 12.1667 -14.4944 0
      vertex 12.6213 -14.1213 9
      vertex 12.1667 -14.4944 9
    endloop
  endfacet
  facet normal 0.634413 -0.772994 0
    outer loop
      vertex 12.6213 -14.1213 9
      vertex 12.1667 -14.4944 0
      vertex 12.6213 -14.1213 0
    endloop
  endfacet
  facet normal 0.290451 0.95689 -0
    outer loop
      vertex 15.148 14.7716 0
      vertex 14.5853 14.9424 9
      vertex 15.148 14.7716 9
    endloop
  endfacet
  facet normal 0.290451 0.95689 0
    outer loop
      vertex 14.5853 14.9424 9
      vertex 15.148 14.7716 0
      vertex 14.5853 14.9424 0
    endloop
  endfacet
  facet normal 0.772994 -0.634413 2.37507e-18
    outer loop
      vertex 12.6213 -14.1213 9
      vertex 12.9944 -13.6667 0
      vertex 12.9944 -13.6667 9
    endloop
  endfacet
  facet normal 0.772994 -0.634413 2.37507e-18
    outer loop
      vertex 12.9944 -13.6667 0
      vertex 12.6213 -14.1213 9
      vertex 12.6213 -14.1213 0
    endloop
  endfacet
  facet normal 0.097938 0.995193 -0
    outer loop
      vertex 14.5853 14.9424 0
      vertex 14 15 9
      vertex 14.5853 14.9424 9
    endloop
  endfacet
  facet normal 0.097938 0.995193 0
    outer loop
      vertex 14 15 9
      vertex 14.5853 14.9424 0
      vertex 14 15 0
    endloop
  endfacet
  facet normal 0 0 -1
    outer loop
      vertex 13.4424 -12.5853 0
      vertex 9.2853 -10.3253 0
      vertex 9.35 -10 0
    endloop
  endfacet
  facet normal 0 0 -1
    outer loop
      vertex 11.0853 -14.9424 0
      vertex 9.10104 -10.601 0
      vertex 9.2853 -10.3253 0
    endloop
  endfacet
  facet normal 0 0 -1
    outer loop
      vertex 10.5 -15 0
      vertex 8.82528 -10.7853 0
      vertex 9.10104 -10.601 0
    endloop
  endfacet
  facet normal 0 0 -1
    outer loop
      vertex 10.5 -15 0
      vertex 8.5 -10.85 0
      vertex 8.82528 -10.7853 0
    endloop
  endfacet
  facet normal 0 0 -1
    outer loop
      vertex 10.5 -15 0
      vertex 8.17472 -10.7853 0
      vertex 8.5 -10.85 0
    endloop
  endfacet
  facet normal 0 0 -1
    outer loop
      vertex 6.5 -10 0
      vertex 8.17472 -10.7853 0
      vertex 10.5 -15 0
    endloop
  endfacet
  facet normal 0 0 -1
    outer loop
      vertex 8.17472 -10.7853 0
      vertex 6.5 -10 0
      vertex 7.89896 -10.601 0
    endloop
  endfacet
  facet normal 0 0 -1
    outer loop
      vertex 7.01764 -9.93185 0
      vertex 7.65 -10 0
      vertex 7.7147 -10.3253 0
    endloop
  endfacet
  facet normal 0 0 -1
    outer loop
      vertex 7.65 -10 0
      vertex 7.01764 -9.93185 0
      vertex 7.5 -9.73205 0
    endloop
  endfacet
  facet normal 0 0 -1
    outer loop
      vertex 7.89896 -10.601 0
      vertex 6.5 -10 0
      vertex 7.7147 -10.3253 0
    endloop
  endfacet
  facet normal 0 0 -1
    outer loop
      vertex 7.7147 -10.3253 0
      vertex 6.5 -10 0
      vertex 7.01764 -9.93185 0
    endloop
  endfacet
  facet normal 0 0 -1
    outer loop
      vertex 10.5 -15 0
      vertex -6.5 -10 0
      vertex 6.5 -10 0
    endloop
  endfacet
  facet normal 0 0 -1
    outer loop
      vertex -10.5 -15 0
      vertex -6.5 -10 0
      vertex 10.5 -15 0
    endloop
  endfacet
  facet normal -0 0 -1
    outer loop
      vertex -7.01764 -9.93185 0
      vertex -7.65 -10 0
      vertex -7.5 -9.73205 0
    endloop
  endfacet
  facet normal 0 -0 -1
    outer loop
      vertex -8.17472 -10.7853 0
      vertex -6.5 -10 0
      vertex -10.5 -15 0
    endloop
  endfacet
  facet normal 0 0 -1
    outer loop
      vertex -7.01764 -9.93185 0
      vertex -7.7147 -10.3253 0
      vertex -7.65 -10 0
    endloop
  endfacet
  facet normal -0 0 -1
    outer loop
      vertex -6.5 -10 0
      vertex -7.7147 -10.3253 0
      vertex -7.01764 -9.93185 0
    endloop
  endfacet
  facet normal 0 -0 -1
    outer loop
      vertex -7.7147 -10.3253 0
      vertex -6.5 -10 0
      vertex -7.89896 -10.601 0
    endloop
  endfacet
  facet normal 0 0 -1
    outer loop
      vertex -6.5 -10 0
      vertex -8.17472 -10.7853 0
      vertex -7.89896 -10.601 0
    endloop
  endfacet
  facet normal 0 0 -1
    outer loop
      vertex -8.17472 -10.7853 0
      vertex -10.5 -15 0
      vertex -8.5 -10.85 0
    endloop
  endfacet
  facet normal 0 0 -1
    outer loop
      vertex -11.648 -14.7716 0
      vertex -9.10104 -10.601 0
      vertex -11.0853 -14.9424 0
    endloop
  endfacet
  facet normal 0 0 -1
    outer loop
      vertex -11.0853 -14.9424 0
      vertex -9.10104 -10.601 0
      vertex -10.5 -15 0
    endloop
  endfacet
  facet normal -0 0 -1
    outer loop
      vertex -8.82528 -10.7853 0
      vertex -10.5 -15 0
      vertex -9.10104 -10.601 0
    endloop
  endfacet
  facet normal -0 0 -1
    outer loop
      vertex -8.5 -10.85 0
      vertex -10.5 -15 0
      vertex -8.82528 -10.7853 0
    endloop
  endfacet
  facet normal -0 0 -1
    outer loop
      vertex 7.7147 -9.67472 0
      vertex 7.5 -9.73205 0
      vertex 7.86199 -9.45428 0
    endloop
  endfacet
  facet normal 0 0 -1
    outer loop
      vertex 7.5 -9.73205 0
      vertex 7.7147 -9.67472 0
      vertex 7.65 -10 0
    endloop
  endfacet
  facet normal 0 0 -1
    outer loop
      vertex -7.7147 -9.67472 0
      vertex -7.5 -9.73205 0
      vertex -7.65 -10 0
    endloop
  endfacet
  facet normal 0 0 -1
    outer loop
      vertex -7.5 -9.73205 0
      vertex -7.7147 -9.67472 0
      vertex -7.86199 -9.45428 0
    endloop
  endfacet
  facet normal 0 0 -1
    outer loop
      vertex 11.2147 9.67472 0
      vertex 11 9.73205 0
      vertex 11.15 10 0
    endloop
  endfacet
  facet normal 0 0 -1
    outer loop
      vertex 11 9.73205 0
      vertex 11.2147 9.67472 0
      vertex 11.362 9.45428 0
    endloop
  endfacet
  facet normal 0 -0 -1
    outer loop
      vertex 12.601 9.39896 0
      vertex 16.0069 5 0
      vertex 12 8 0
    endloop
  endfacet
  facet normal 0 0 -1
    outer loop
      vertex 9.2853 -10.3253 0
      vertex 12.1667 -14.4944 0
      vertex 11.648 -14.7716 0
    endloop
  endfacet
  facet normal 0 0 -1
    outer loop
      vertex 9.2853 -10.3253 0
      vertex 11.648 -14.7716 0
      vertex 11.0853 -14.9424 0
    endloop
  endfacet
  facet normal 0 0 -1
    outer loop
      vertex 9.10104 -10.601 0
      vertex 11.0853 -14.9424 0
      vertex 10.5 -15 0
    endloop
  endfacet
  facet normal 0 0 -1
    outer loop
      vertex 13.4424 -12.5853 0
      vertex 9.35 -10 0
      vertex 9.2853 -9.67472 0
    endloop
  endfacet
  facet normal 0 0 -1
    outer loop
      vertex 9.10104 -9.39896 0
      vertex 13.4424 -12.5853 0
      vertex 9.2853 -9.67472 0
    endloop
  endfacet
  facet normal 0 0 -1
    outer loop
      vertex 13.4424 -12.5853 0
      vertex 9.10104 -9.39896 0
      vertex 11.9319 7.48236 0
    endloop
  endfacet
  facet normal 0 0 -1
    outer loop
      vertex 8.43185 -8.51764 0
      vertex 9.10104 -9.39896 0
      vertex 8.82528 -9.2147 0
    endloop
  endfacet
  facet normal 0 0 -1
    outer loop
      vertex 8.43185 -8.51764 0
      vertex 8.82528 -9.2147 0
      vertex 8.5 -9.15 0
    endloop
  endfacet
  facet normal 0 0 -1
    outer loop
      vertex 9.10104 -9.39896 0
      vertex 8.43185 -8.51764 0
      vertex 11.9319 7.48236 0
    endloop
  endfacet
  facet normal 0 0 -1
    outer loop
      vertex 8.5 -9.15 0
      vertex 8.23205 -9 0
      vertex 8.43185 -8.51764 0
    endloop
  endfacet
  facet normal 0 0 -1
    outer loop
      vertex 8.17472 -9.2147 0
      vertex 8.23205 -9 0
      vertex 8.5 -9.15 0
    endloop
  endfacet
  facet normal 0 0 -1
    outer loop
      vertex 8.23205 -9 0
      vertex 8.17472 -9.2147 0
      vertex 7.95428 -9.36199 0
    endloop
  endfacet
  facet normal 0 0 -1
    outer loop
      vertex 17 5 0
      vertex 12.7853 9.67472 0
      vertex 12.85 10 0
    endloop
  endfacet
  facet normal 0 0 -1
    outer loop
      vertex 9.2853 -10.3253 0
      vertex 12.6213 -14.1213 0
      vertex 12.1667 -14.4944 0
    endloop
  endfacet
  facet normal 0 -0 -1
    outer loop
      vertex 12 8 0
      vertex 16.0069 5 0
      vertex 11.9319 7.48236 0
    endloop
  endfacet
  facet normal 0 0 -1
    outer loop
      vertex 16.0069 5 0
      vertex 12.601 9.39896 0
      vertex 12.7853 9.67472 0
    endloop
  endfacet
  facet normal 0 0 -1
    outer loop
      vertex 9.2853 -10.3253 0
      vertex 13.4424 -12.5853 0
      vertex 13.2716 -13.148 0
    endloop
  endfacet
  facet normal 0 0 -1
    outer loop
      vertex 12.601 9.39896 0
      vertex 12 8 0
      vertex 12.3253 9.2147 0
    endloop
  endfacet
  facet normal 0 0 -1
    outer loop
      vertex 11.9319 8.51764 0
      vertex 12.3253 9.2147 0
      vertex 12 8 0
    endloop
  endfacet
  facet normal 0 0 -1
    outer loop
      vertex 12.3253 9.2147 0
      vertex 11.9319 8.51764 0
      vertex 12 9.15 0
    endloop
  endfacet
  facet normal 0 0 -1
    outer loop
      vertex 11.732 9 0
      vertex 12 9.15 0
      vertex 11.9319 8.51764 0
    endloop
  endfacet
  facet normal 0 0 -1
    outer loop
      vertex 11.732 9 0
      vertex 11.6747 9.2147 0
      vertex 12 9.15 0
    endloop
  endfacet
  facet normal -0 -0 -1
    outer loop
      vertex 11.6747 9.2147 0
      vertex 11.732 9 0
      vertex 11.4543 9.36199 0
    endloop
  endfacet
  facet normal 0 0 -1
    outer loop
      vertex 12.7853 10.3253 0
      vertex 17 15 0
      vertex 12.85 10 0
    endloop
  endfacet
  facet normal 0 0 -1
    outer loop
      vertex 17 15 0
      vertex 12.7853 10.3253 0
      vertex 15.2 14.7439 0
    endloop
  endfacet
  facet normal 0 0 -1
    outer loop
      vertex 12.601 10.601 0
      vertex 15.2 14.7439 0
      vertex 12.7853 10.3253 0
    endloop
  endfacet
  facet normal 0 0 -1
    outer loop
      vertex 11.9319 7.48236 0
      vertex 16.0069 5 0
      vertex 13.4424 -12.5853 0
    endloop
  endfacet
  facet normal 0 0 -1
    outer loop
      vertex 9.2853 -10.3253 0
      vertex 13.2716 -13.148 0
      vertex 12.9944 -13.6667 0
    endloop
  endfacet
  facet normal 0 0 -1
    outer loop
      vertex 9.2853 -10.3253 0
      vertex 12.9944 -13.6667 0
      vertex 12.6213 -14.1213 0
    endloop
  endfacet
  facet normal 0 -0 -1
    outer loop
      vertex 14.5853 14.9424 0
      vertex 15.2 14.7439 0
      vertex 12.601 10.601 0
    endloop
  endfacet
  facet normal 0 0 -1
    outer loop
      vertex 15.2 14.7439 0
      vertex 14.5853 14.9424 0
      vertex 15.148 14.7716 0
    endloop
  endfacet
  facet normal -0 0 -1
    outer loop
      vertex 14.5853 14.9424 0
      vertex 12.601 10.601 0
      vertex 14 15 0
    endloop
  endfacet
  facet normal 0 0 -1
    outer loop
      vertex 12.3253 10.7853 0
      vertex 14 15 0
      vertex 12.601 10.601 0
    endloop
  endfacet
  facet normal 0 0 -1
    outer loop
      vertex 12 10.85 0
      vertex 14 15 0
      vertex 12.3253 10.7853 0
    endloop
  endfacet
  facet normal 0 0 -1
    outer loop
      vertex 11.6747 10.7853 0
      vertex 14 15 0
      vertex 12 10.85 0
    endloop
  endfacet
  facet normal 0 0 -1
    outer loop
      vertex 10 10 0
      vertex 11.6747 10.7853 0
      vertex 11.399 10.601 0
    endloop
  endfacet
  facet normal 0 0 -1
    outer loop
      vertex 10 10 0
      vertex 11.399 10.601 0
      vertex 11.2147 10.3253 0
    endloop
  endfacet
  facet normal 0 0 -1
    outer loop
      vertex 10.5176 9.93185 0
      vertex 11.15 10 0
      vertex 11 9.73205 0
    endloop
  endfacet
  facet normal -0 0 -1
    outer loop
      vertex 11.15 10 0
      vertex 10.5176 9.93185 0
      vertex 11.2147 10.3253 0
    endloop
  endfacet
  facet normal 0 0 -1
    outer loop
      vertex 10 10 0
      vertex 11.2147 10.3253 0
      vertex 10.5176 9.93185 0
    endloop
  endfacet
  facet normal -0 0 -1
    outer loop
      vertex 11.6747 10.7853 0
      vertex 10 10 0
      vertex 14 15 0
    endloop
  endfacet
  facet normal 0 0 -1
    outer loop
      vertex -10 10 0
      vertex 14 15 0
      vertex 10 10 0
    endloop
  endfacet
  facet normal 0 0 -1
    outer loop
      vertex -11.2147 10.3253 0
      vertex -10 10 0
      vertex -10.5176 9.93185 0
    endloop
  endfacet
  facet normal 0 0 -1
    outer loop
      vertex -11.15 10 0
      vertex -10.5176 9.93185 0
      vertex -11 9.73205 0
    endloop
  endfacet
  facet normal 0 0 -1
    outer loop
      vertex -11.2147 10.3253 0
      vertex -10.5176 9.93185 0
      vertex -11.15 10 0
    endloop
  endfacet
  facet normal 0 0 -1
    outer loop
      vertex -10 10 0
      vertex -11.2147 10.3253 0
      vertex -11.399 10.601 0
    endloop
  endfacet
  facet normal 0 0 -1
    outer loop
      vertex -11.6747 10.7853 0
      vertex -10 10 0
      vertex -11.399 10.601 0
    endloop
  endfacet
  facet normal 0 0 -1
    outer loop
      vertex -10 10 0
      vertex -11.6747 10.7853 0
      vertex -14 15 0
    endloop
  endfacet
  facet normal 0 0 -1
    outer loop
      vertex -14 15 0
      vertex -11.6747 10.7853 0
      vertex -12 10.85 0
    endloop
  endfacet
  facet normal 0 0 -1
    outer loop
      vertex -8.43185 -8.51764 0
      vertex -16.0069 5 0
      vertex -11.9319 7.48236 0
    endloop
  endfacet
  facet normal -0 0 -1
    outer loop
      vertex -11.9319 7.48236 0
      vertex -16.0069 5 0
      vertex -12.7853 9.67472 0
    endloop
  endfacet
  facet normal 0 0 -1
    outer loop
      vertex -10 10 0
      vertex -14 15 0
      vertex 14 15 0
    endloop
  endfacet
  facet normal 0 0 -1
    outer loop
      vertex -12.3253 10.7853 0
      vertex -14 15 0
      vertex -12 10.85 0
    endloop
  endfacet
  facet normal 0 0 -1
    outer loop
      vertex -12.601 10.601 0
      vertex -14 15 0
      vertex -12.3253 10.7853 0
    endloop
  endfacet
  facet normal 0 0 -1
    outer loop
      vertex -15.2 14.7439 0
      vertex -12.601 10.601 0
      vertex -12.7853 10.3253 0
    endloop
  endfacet
  facet normal 0 0 -1
    outer loop
      vertex -17 15 0
      vertex -12.7853 10.3253 0
      vertex -12.85 10 0
    endloop
  endfacet
  facet normal 0 0 -1
    outer loop
      vertex -17 5 0
      vertex -12.7853 9.67472 0
      vertex -16.0069 5 0
    endloop
  endfacet
  facet normal -0 0 -1
    outer loop
      vertex -12.7853 9.67472 0
      vertex -17 5 0
      vertex -12.85 10 0
    endloop
  endfacet
  facet normal 0 0 -1
    outer loop
      vertex -12.601 10.601 0
      vertex -15.2 14.7439 0
      vertex -14.5853 14.9424 0
    endloop
  endfacet
  facet normal 0 0 -1
    outer loop
      vertex -12.601 10.601 0
      vertex -14.5853 14.9424 0
      vertex -14 15 0
    endloop
  endfacet
  facet normal 0 0 -1
    outer loop
      vertex -14.5853 14.9424 0
      vertex -15.2 14.7439 0
      vertex -15.148 14.7716 0
    endloop
  endfacet
  facet normal 0 0 -1
    outer loop
      vertex -17 15 0
      vertex -12.85 10 0
      vertex -17 5 0
    endloop
  endfacet
  facet normal 0 0 -1
    outer loop
      vertex -12.7853 10.3253 0
      vertex -17 15 0
      vertex -15.2 14.7439 0
    endloop
  endfacet
  facet normal 0 0 -1
    outer loop
      vertex -15.2 14.7439 0
      vertex -17 15 0
      vertex -15.2 15 0
    endloop
  endfacet
  facet normal 0 0 -1
    outer loop
      vertex 12.7853 9.67472 0
      vertex 17 5 0
      vertex 16.0069 5 0
    endloop
  endfacet
  facet normal 0 0 -1
    outer loop
      vertex 12.85 10 0
      vertex 17 15 0
      vertex 17 5 0
    endloop
  endfacet
  facet normal -0 0 -1
    outer loop
      vertex 17 15 0
      vertex 15.2 14.7439 0
      vertex 15.2 15 0
    endloop
  endfacet
  facet normal 0 0 -1
    outer loop
      vertex -8.17472 -9.2147 0
      vertex -8.23205 -9 0
      vertex -7.95428 -9.36199 0
    endloop
  endfacet
  facet normal 0 0 -1
    outer loop
      vertex -8.5 -9.15 0
      vertex -8.23205 -9 0
      vertex -8.17472 -9.2147 0
    endloop
  endfacet
  facet normal -0 0 -1
    outer loop
      vertex -8.23205 -9 0
      vertex -8.5 -9.15 0
      vertex -8.43185 -8.51764 0
    endloop
  endfacet
  facet normal 0 0 -1
    outer loop
      vertex -8.82528 -9.2147 0
      vertex -8.43185 -8.51764 0
      vertex -8.5 -9.15 0
    endloop
  endfacet
  facet normal 0 0 -1
    outer loop
      vertex -9.10104 -9.39896 0
      vertex -8.43185 -8.51764 0
      vertex -8.82528 -9.2147 0
    endloop
  endfacet
  facet normal 0 0 -1
    outer loop
      vertex -12.1667 -14.4944 0
      vertex -9.10104 -10.601 0
      vertex -11.648 -14.7716 0
    endloop
  endfacet
  facet normal 0 0 -1
    outer loop
      vertex -12.6213 -14.1213 0
      vertex -9.10104 -10.601 0
      vertex -12.1667 -14.4944 0
    endloop
  endfacet
  facet normal 0 0 -1
    outer loop
      vertex -12.9944 -13.6667 0
      vertex -9.10104 -10.601 0
      vertex -12.6213 -14.1213 0
    endloop
  endfacet
  facet normal 0 0 -1
    outer loop
      vertex -16.0069 5 0
      vertex -8.43185 -8.51764 0
      vertex -9.10104 -9.39896 0
    endloop
  endfacet
  facet normal -0 0 -1
    outer loop
      vertex -9.35 -10 0
      vertex -13.4424 -12.5853 0
      vertex -9.2853 -9.67472 0
    endloop
  endfacet
  facet normal 0 0 -1
    outer loop
      vertex -13.2716 -13.148 0
      vertex -9.10104 -10.601 0
      vertex -12.9944 -13.6667 0
    endloop
  endfacet
  facet normal -0 0 -1
    outer loop
      vertex -9.2853 -10.3253 0
      vertex -13.4424 -12.5853 0
      vertex -9.35 -10 0
    endloop
  endfacet
  facet normal 0 0 -1
    outer loop
      vertex -13.4424 -12.5853 0
      vertex -9.10104 -10.601 0
      vertex -13.2716 -13.148 0
    endloop
  endfacet
  facet normal -0 0 -1
    outer loop
      vertex -9.2853 -9.67472 0
      vertex -13.4424 -12.5853 0
      vertex -9.10104 -9.39896 0
    endloop
  endfacet
  facet normal -0 -0 -1
    outer loop
      vertex -12.601 9.39896 0
      vertex -11.9319 7.48236 0
      vertex -12.7853 9.67472 0
    endloop
  endfacet
  facet normal 0 0 -1
    outer loop
      vertex -12 8 0
      vertex -12.3253 9.2147 0
      vertex -12 9.15 0
    endloop
  endfacet
  facet normal -0 0 -1
    outer loop
      vertex -9.10104 -10.601 0
      vertex -13.4424 -12.5853 0
      vertex -9.2853 -10.3253 0
    endloop
  endfacet
  facet normal 0 0 -1
    outer loop
      vertex -12 8 0
      vertex -12.601 9.39896 0
      vertex -12.3253 9.2147 0
    endloop
  endfacet
  facet normal 0 0 -1
    outer loop
      vertex -11.9319 7.48236 0
      vertex -12.601 9.39896 0
      vertex -12 8 0
    endloop
  endfacet
  facet normal 0 0 -1
    outer loop
      vertex -16.0069 5 0
      vertex -9.10104 -9.39896 0
      vertex -13.4424 -12.5853 0
    endloop
  endfacet
  facet normal -0 0 -1
    outer loop
      vertex -11 9.73205 0
      vertex -11.2147 9.67472 0
      vertex -11.15 10 0
    endloop
  endfacet
  facet normal 0 -0 -1
    outer loop
      vertex -11.2147 9.67472 0
      vertex -11 9.73205 0
      vertex -11.362 9.45428 0
    endloop
  endfacet
  facet normal 0 0 -1
    outer loop
      vertex -11.732 9 0
      vertex -11.6747 9.2147 0
      vertex -11.4543 9.36199 0
    endloop
  endfacet
  facet normal 0 0 -1
    outer loop
      vertex -12 9.15 0
      vertex -11.732 9 0
      vertex -11.9319 8.51764 0
    endloop
  endfacet
  facet normal 0 0 -1
    outer loop
      vertex -11.732 9 0
      vertex -12 9.15 0
      vertex -11.6747 9.2147 0
    endloop
  endfacet
  facet normal 0 0 -1
    outer loop
      vertex -12 9.15 0
      vertex -11.9319 8.51764 0
      vertex -12 8 0
    endloop
  endfacet
  facet normal 0.881957 -0.471329 -9.34868e-19
    outer loop
      vertex 12.9944 -13.6667 9
      vertex 13.2716 -13.148 0
      vertex 13.2716 -13.148 9
    endloop
  endfacet
  facet normal 0.881957 -0.471329 -9.34868e-19
    outer loop
      vertex 13.2716 -13.148 0
      vertex 12.9944 -13.6667 9
      vertex 12.9944 -13.6667 0
    endloop
  endfacet
  facet normal 0 0 1
    outer loop
      vertex -22.49 15 9
      vertex -24.29 15 9
      vertex -22.49 6.8 9
    endloop
  endfacet
  facet normal -0 0 1
    outer loop
      vertex -17 15 9
      vertex -15.2 14.7439 9
      vertex -15.2 15 9
    endloop
  endfacet
  facet normal 0 0 1
    outer loop
      vertex -15.2 14.7439 9
      vertex -17 15 9
      vertex -17 6.8 9
    endloop
  endfacet
  facet normal 0 0 1
    outer loop
      vertex -15.2 14.7439 9
      vertex -17 6.8 9
      vertex -16.0069 5 9
    endloop
  endfacet
  facet normal -0 0 1
    outer loop
      vertex -22.49 6.8 9
      vertex -16.0069 5 9
      vertex -17 6.8 9
    endloop
  endfacet
  facet normal 0 0 1
    outer loop
      vertex -22.49 6.8 9
      vertex -24.29 5 9
      vertex -16.0069 5 9
    endloop
  endfacet
  facet normal 0 0 1
    outer loop
      vertex -24.29 5 9
      vertex -22.49 6.8 9
      vertex -24.29 15 9
    endloop
  endfacet
  facet normal 0 0 1
    outer loop
      vertex 17 15 9
      vertex 14.6712 12.2926 9
      vertex 14.7 12 9
    endloop
  endfacet
  facet normal 0 0 1
    outer loop
      vertex 15.2 14.7439 9
      vertex 14.5858 12.574 9
      vertex 14.6712 12.2926 9
    endloop
  endfacet
  facet normal 0 0 1
    outer loop
      vertex 14.0334 13.2472 9
      vertex 15.148 14.7716 9
      vertex 14.5853 14.9424 9
    endloop
  endfacet
  facet normal 0 0 1
    outer loop
      vertex 15.2 14.7439 9
      vertex 14.4472 12.8334 9
      vertex 14.5858 12.574 9
    endloop
  endfacet
  facet normal 0 0 1
    outer loop
      vertex 15.2 14.7439 9
      vertex 14.2607 13.0607 9
      vertex 14.4472 12.8334 9
    endloop
  endfacet
  facet normal 0 0 1
    outer loop
      vertex 15.2 14.7439 9
      vertex 14.0334 13.2472 9
      vertex 14.2607 13.0607 9
    endloop
  endfacet
  facet normal 0 0 1
    outer loop
      vertex 13.774 13.3858 9
      vertex 14.5853 14.9424 9
      vertex 14 15 9
    endloop
  endfacet
  facet normal 0 0 1
    outer loop
      vertex 14.5853 14.9424 9
      vertex 13.774 13.3858 9
      vertex 14.0334 13.2472 9
    endloop
  endfacet
  facet normal 0 0 1
    outer loop
      vertex 14 15 9
      vertex 13.4926 13.4712 9
      vertex 13.774 13.3858 9
    endloop
  endfacet
  facet normal 0 0 1
    outer loop
      vertex 14 15 9
      vertex 13.2 13.5 9
      vertex 13.4926 13.4712 9
    endloop
  endfacet
  facet normal 0 0 1
    outer loop
      vertex 14 15 9
      vertex -13.2 13.5 9
      vertex 13.2 13.5 9
    endloop
  endfacet
  facet normal -0 0 1
    outer loop
      vertex -14 15 9
      vertex -13.2 13.5 9
      vertex 14 15 9
    endloop
  endfacet
  facet normal 0 0 1
    outer loop
      vertex -14 15 9
      vertex -13.4926 13.4712 9
      vertex -13.2 13.5 9
    endloop
  endfacet
  facet normal 0 0 1
    outer loop
      vertex -14 15 9
      vertex -13.774 13.3858 9
      vertex -13.4926 13.4712 9
    endloop
  endfacet
  facet normal -0 0 1
    outer loop
      vertex -14.5853 14.9424 9
      vertex -13.774 13.3858 9
      vertex -14 15 9
    endloop
  endfacet
  facet normal 0 0 1
    outer loop
      vertex -13.774 13.3858 9
      vertex -14.5853 14.9424 9
      vertex -14.0334 13.2472 9
    endloop
  endfacet
  facet normal -0 0 1
    outer loop
      vertex -15.148 14.7716 9
      vertex -14.0334 13.2472 9
      vertex -14.5853 14.9424 9
    endloop
  endfacet
  facet normal -0 0 1
    outer loop
      vertex -15.2 14.7439 9
      vertex -14.0334 13.2472 9
      vertex -15.148 14.7716 9
    endloop
  endfacet
  facet normal 0 0 1
    outer loop
      vertex -14.0334 13.2472 9
      vertex -15.2 14.7439 9
      vertex -14.2607 13.0607 9
    endloop
  endfacet
  facet normal 0 0 1
    outer loop
      vertex -14.2607 13.0607 9
      vertex -15.2 14.7439 9
      vertex -14.4472 12.8334 9
    endloop
  endfacet
  facet normal 0 0 1
    outer loop
      vertex -14.4472 12.8334 9
      vertex -15.2 14.7439 9
      vertex -14.5858 12.574 9
    endloop
  endfacet
  facet normal 0 0 1
    outer loop
      vertex -14.5858 12.574 9
      vertex -15.2 14.7439 9
      vertex -14.6712 12.2926 9
    endloop
  endfacet
  facet normal -0 0 1
    outer loop
      vertex 14.6712 11.7074 9
      vertex 17 6.8 9
      vertex 17 15 9
    endloop
  endfacet
  facet normal 0 0 1
    outer loop
      vertex 15.2 14.7439 9
      vertex 17 15 9
      vertex 15.2 15 9
    endloop
  endfacet
  facet normal 0 0 1
    outer loop
      vertex 14.6712 12.2926 9
      vertex 17 15 9
      vertex 15.2 14.7439 9
    endloop
  endfacet
  facet normal 0 0 1
    outer loop
      vertex 14.0334 13.2472 9
      vertex 15.2 14.7439 9
      vertex 15.148 14.7716 9
    endloop
  endfacet
  facet normal 0 0 1
    outer loop
      vertex 14.6712 11.7074 9
      vertex 17 15 9
      vertex 14.7 12 9
    endloop
  endfacet
  facet normal 0 0 1
    outer loop
      vertex 17 6.8 9
      vertex 14.6712 11.7074 9
      vertex 16.0069 5 9
    endloop
  endfacet
  facet normal 0 0 1
    outer loop
      vertex 11.1712 -12.2926 9
      vertex 16.0069 5 9
      vertex 14.6712 11.7074 9
    endloop
  endfacet
  facet normal 0 0 1
    outer loop
      vertex 16.0069 5 9
      vertex 11.1712 -12.2926 9
      vertex 13.4424 -12.5853 9
    endloop
  endfacet
  facet normal 0 0 1
    outer loop
      vertex 13.4424 -12.5853 9
      vertex 11.1712 -12.2926 9
      vertex 13.2716 -13.148 9
    endloop
  endfacet
  facet normal -0 0 1
    outer loop
      vertex 11.0858 -12.574 9
      vertex 13.2716 -13.148 9
      vertex 11.1712 -12.2926 9
    endloop
  endfacet
  facet normal 0 0 1
    outer loop
      vertex 13.2716 -13.148 9
      vertex 11.0858 -12.574 9
      vertex 12.9944 -13.6667 9
    endloop
  endfacet
  facet normal 0 0 1
    outer loop
      vertex 12.9944 -13.6667 9
      vertex 11.0858 -12.574 9
      vertex 12.6213 -14.1213 9
    endloop
  endfacet
  facet normal -0 0 1
    outer loop
      vertex 10.9472 -12.8334 9
      vertex 12.6213 -14.1213 9
      vertex 11.0858 -12.574 9
    endloop
  endfacet
  facet normal 0 0 1
    outer loop
      vertex 12.6213 -14.1213 9
      vertex 10.9472 -12.8334 9
      vertex 12.1667 -14.4944 9
    endloop
  endfacet
  facet normal -0 0 1
    outer loop
      vertex 10.7607 -13.0607 9
      vertex 12.1667 -14.4944 9
      vertex 10.9472 -12.8334 9
    endloop
  endfacet
  facet normal 0 0 1
    outer loop
      vertex 12.1667 -14.4944 9
      vertex 10.7607 -13.0607 9
      vertex 11.648 -14.7716 9
    endloop
  endfacet
  facet normal -0 0 1
    outer loop
      vertex 10.5334 -13.2472 9
      vertex 11.648 -14.7716 9
      vertex 10.7607 -13.0607 9
    endloop
  endfacet
  facet normal 0 0 1
    outer loop
      vertex 11.648 -14.7716 9
      vertex 10.5334 -13.2472 9
      vertex 11.0853 -14.9424 9
    endloop
  endfacet
  facet normal -0 0 1
    outer loop
      vertex 10.274 -13.3858 9
      vertex 11.0853 -14.9424 9
      vertex 10.5334 -13.2472 9
    endloop
  endfacet
  facet normal 0 0 1
    outer loop
      vertex 11.0853 -14.9424 9
      vertex 10.274 -13.3858 9
      vertex 10.5 -15 9
    endloop
  endfacet
  facet normal -0 0 1
    outer loop
      vertex 9.99263 -13.4712 9
      vertex 10.5 -15 9
      vertex 10.274 -13.3858 9
    endloop
  endfacet
  facet normal -0 0 1
    outer loop
      vertex 9.7 -13.5 9
      vertex 10.5 -15 9
      vertex 9.99263 -13.4712 9
    endloop
  endfacet
  facet normal -0 0 1
    outer loop
      vertex -9.7 -13.5 9
      vertex 10.5 -15 9
      vertex 9.7 -13.5 9
    endloop
  endfacet
  facet normal 0 0 1
    outer loop
      vertex -9.7 -13.5 9
      vertex -10.5 -15 9
      vertex 10.5 -15 9
    endloop
  endfacet
  facet normal 0 0 1
    outer loop
      vertex -9.99263 -13.4712 9
      vertex -10.5 -15 9
      vertex -9.7 -13.5 9
    endloop
  endfacet
  facet normal 0 0 1
    outer loop
      vertex -10.274 -13.3858 9
      vertex -10.5 -15 9
      vertex -9.99263 -13.4712 9
    endloop
  endfacet
  facet normal 0 0 1
    outer loop
      vertex -11.0853 -14.9424 9
      vertex -10.274 -13.3858 9
      vertex -10.5334 -13.2472 9
    endloop
  endfacet
  facet normal 0 0 1
    outer loop
      vertex -11.648 -14.7716 9
      vertex -10.5334 -13.2472 9
      vertex -10.7607 -13.0607 9
    endloop
  endfacet
  facet normal 0 0 1
    outer loop
      vertex -12.1667 -14.4944 9
      vertex -10.7607 -13.0607 9
      vertex -10.9472 -12.8334 9
    endloop
  endfacet
  facet normal 0 0 1
    outer loop
      vertex -10.274 -13.3858 9
      vertex -11.0853 -14.9424 9
      vertex -10.5 -15 9
    endloop
  endfacet
  facet normal 0 0 1
    outer loop
      vertex -12.6213 -14.1213 9
      vertex -10.9472 -12.8334 9
      vertex -11.0858 -12.574 9
    endloop
  endfacet
  facet normal 0 0 1
    outer loop
      vertex -13.2716 -13.148 9
      vertex -11.0858 -12.574 9
      vertex -11.1712 -12.2926 9
    endloop
  endfacet
  facet normal 0 0 1
    outer loop
      vertex -10.5334 -13.2472 9
      vertex -11.648 -14.7716 9
      vertex -11.0853 -14.9424 9
    endloop
  endfacet
  facet normal 0 0 1
    outer loop
      vertex -10.7607 -13.0607 9
      vertex -12.1667 -14.4944 9
      vertex -11.648 -14.7716 9
    endloop
  endfacet
  facet normal 0 0 1
    outer loop
      vertex -10.9472 -12.8334 9
      vertex -12.6213 -14.1213 9
      vertex -12.1667 -14.4944 9
    endloop
  endfacet
  facet normal 0 0 1
    outer loop
      vertex -11.0858 -12.574 9
      vertex -12.9944 -13.6667 9
      vertex -12.6213 -14.1213 9
    endloop
  endfacet
  facet normal 0 0 1
    outer loop
      vertex -11.0858 -12.574 9
      vertex -13.2716 -13.148 9
      vertex -12.9944 -13.6667 9
    endloop
  endfacet
  facet normal 0 0 1
    outer loop
      vertex -11.1712 -12.2926 9
      vertex -13.4424 -12.5853 9
      vertex -13.2716 -13.148 9
    endloop
  endfacet
  facet normal -0 0 1
    outer loop
      vertex -16.0069 5 9
      vertex -11.1712 -12.2926 9
      vertex -14.6712 11.7074 9
    endloop
  endfacet
  facet normal 0 0 1
    outer loop
      vertex -16.0069 5 9
      vertex -14.6712 11.7074 9
      vertex -14.7 12 9
    endloop
  endfacet
  facet normal 0 0 1
    outer loop
      vertex -14.6712 12.2926 9
      vertex -15.2 14.7439 9
      vertex -14.7 12 9
    endloop
  endfacet
  facet normal 0 0 1
    outer loop
      vertex -14.7 12 9
      vertex -15.2 14.7439 9
      vertex -16.0069 5 9
    endloop
  endfacet
  facet normal 0 0 1
    outer loop
      vertex -11.1712 -12.2926 9
      vertex -16.0069 5 9
      vertex -13.4424 -12.5853 9
    endloop
  endfacet
  facet normal 0 0 1
    outer loop
      vertex 22.49 6.8 9
      vertex 24.29 15 9
      vertex 22.49 15 9
    endloop
  endfacet
  facet normal 0 0 1
    outer loop
      vertex 24.29 15 9
      vertex 22.49 6.8 9
      vertex 24.29 5 9
    endloop
  endfacet
  facet normal 0 0 1
    outer loop
      vertex 16.0069 5 9
      vertex 22.49 6.8 9
      vertex 17 6.8 9
    endloop
  endfacet
  facet normal 0 0 1
    outer loop
      vertex 22.49 6.8 9
      vertex 16.0069 5 9
      vertex 24.29 5 9
    endloop
  endfacet
  facet normal 1 -0 0
    outer loop
      vertex -15.2 14.7439 9
      vertex -15.2 15 0
      vertex -15.2 15 9
    endloop
  endfacet
  facet normal 1 0 0
    outer loop
      vertex -15.2 15 0
      vertex -15.2 14.7439 9
      vertex -15.2 14.7439 0
    endloop
  endfacet
  facet normal -1 0 0
    outer loop
      vertex -17 15 0
      vertex -17 6.8 7.2
      vertex -17 15 9
    endloop
  endfacet
  facet normal -1 0 0
    outer loop
      vertex -17 5 0
      vertex -17 6.8 7.2
      vertex -17 15 0
    endloop
  endfacet
  facet normal -1 -0 0
    outer loop
      vertex -17 6.8 7.2
      vertex -17 5 0
      vertex -17 5 7.2
    endloop
  endfacet
  facet normal -1 -0 0
    outer loop
      vertex -17 15 9
      vertex -17 6.8 7.2
      vertex -17 6.8 9
    endloop
  endfacet
  facet normal 0 1 -0
    outer loop
      vertex -15.2 15 0
      vertex -17 15 9
      vertex -15.2 15 9
    endloop
  endfacet
  facet normal 0 1 0
    outer loop
      vertex -17 15 9
      vertex -15.2 15 0
      vertex -17 15 0
    endloop
  endfacet
  facet normal 0 -1 0
    outer loop
      vertex -24.29 5 9
      vertex -22.49 5 7.2
      vertex -16.0069 5 9
    endloop
  endfacet
  facet normal 0 -1 0
    outer loop
      vertex -24.29 5 0
      vertex -22.49 5 7.2
      vertex -24.29 5 9
    endloop
  endfacet
  facet normal 0 -1 -0
    outer loop
      vertex -22.49 5 7.2
      vertex -24.29 5 0
      vertex -22.49 5 0
    endloop
  endfacet
  facet normal 0 -1 0
    outer loop
      vertex -17 5 7.2
      vertex -16.0069 5 9
      vertex -22.49 5 7.2
    endloop
  endfacet
  facet normal 0 -1 0
    outer loop
      vertex -16.0069 5 0
      vertex -17 5 7.2
      vertex -17 5 0
    endloop
  endfacet
  facet normal 0 -1 0
    outer loop
      vertex -17 5 7.2
      vertex -16.0069 5 0
      vertex -16.0069 5 9
    endloop
  endfacet
  facet normal 1 0 0
    outer loop
      vertex -22.49 6.8 7.2
      vertex -22.49 15 9
      vertex -22.49 6.8 9
    endloop
  endfacet
  facet normal 1 0 0
    outer loop
      vertex -22.49 15 9
      vertex -22.49 6.8 7.2
      vertex -22.49 15 0
    endloop
  endfacet
  facet normal 1 0 0
    outer loop
      vertex -22.49 5 0
      vertex -22.49 6.8 7.2
      vertex -22.49 5 7.2
    endloop
  endfacet
  facet normal 1 0 0
    outer loop
      vertex -22.49 6.8 7.2
      vertex -22.49 5 0
      vertex -22.49 15 0
    endloop
  endfacet
  facet normal 0 0 -1
    outer loop
      vertex -24.29 5 0
      vertex -22.49 15 0
      vertex -22.49 5 0
    endloop
  endfacet
  facet normal -0 0 -1
    outer loop
      vertex -22.49 15 0
      vertex -24.29 5 0
      vertex -24.29 15 0
    endloop
  endfacet
  facet normal -1 0 0
    outer loop
      vertex -24.29 5 0
      vertex -24.29 15 9
      vertex -24.29 15 0
    endloop
  endfacet
  facet normal -1 -0 0
    outer loop
      vertex -24.29 15 9
      vertex -24.29 5 0
      vertex -24.29 5 9
    endloop
  endfacet
  facet normal 0 1 -0
    outer loop
      vertex -22.49 15 0
      vertex -24.29 15 9
      vertex -22.49 15 9
    endloop
  endfacet
  facet normal 0 1 0
    outer loop
      vertex -24.29 15 9
      vertex -22.49 15 0
      vertex -24.29 15 0
    endloop
  endfacet
  facet normal 0 0 -1
    outer loop
      vertex -22.49 5 7.2
      vertex -17 6.8 7.2
      vertex -17 5 7.2
    endloop
  endfacet
  facet normal -0 0 -1
    outer loop
      vertex -17 6.8 7.2
      vertex -22.49 5 7.2
      vertex -22.49 6.8 7.2
    endloop
  endfacet
  facet normal 0 1 -0
    outer loop
      vertex -17 6.8 7.2
      vertex -22.49 6.8 9
      vertex -17 6.8 9
    endloop
  endfacet
  facet normal 0 1 0
    outer loop
      vertex -22.49 6.8 9
      vertex -17 6.8 7.2
      vertex -22.49 6.8 7.2
    endloop
  endfacet
  facet normal 1 0 0
    outer loop
      vertex 17 6.8 7.2
      vertex 17 15 9
      vertex 17 6.8 9
    endloop
  endfacet
  facet normal 1 0 0
    outer loop
      vertex 17 15 9
      vertex 17 6.8 7.2
      vertex 17 15 0
    endloop
  endfacet
  facet normal 1 0 0
    outer loop
      vertex 17 5 0
      vertex 17 6.8 7.2
      vertex 17 5 7.2
    endloop
  endfacet
  facet normal 1 0 0
    outer loop
      vertex 17 6.8 7.2
      vertex 17 5 0
      vertex 17 15 0
    endloop
  endfacet
  facet normal -1 0 0
    outer loop
      vertex 15.2 14.7439 0
      vertex 15.2 15 9
      vertex 15.2 15 0
    endloop
  endfacet
  facet normal -1 -0 0
    outer loop
      vertex 15.2 15 9
      vertex 15.2 14.7439 0
      vertex 15.2 14.7439 9
    endloop
  endfacet
  facet normal 0 1 -0
    outer loop
      vertex 17 15 0
      vertex 15.2 15 9
      vertex 17 15 9
    endloop
  endfacet
  facet normal 0 1 0
    outer loop
      vertex 15.2 15 9
      vertex 17 15 0
      vertex 15.2 15 0
    endloop
  endfacet
  facet normal 0 -1 0
    outer loop
      vertex 22.49 5 7.2
      vertex 16.0069 5 9
      vertex 17 5 7.2
    endloop
  endfacet
  facet normal 0 -1 0
    outer loop
      vertex 16.0069 5 0
      vertex 17 5 7.2
      vertex 16.0069 5 9
    endloop
  endfacet
  facet normal 0 -1 -0
    outer loop
      vertex 17 5 7.2
      vertex 16.0069 5 0
      vertex 17 5 0
    endloop
  endfacet
  facet normal 0 -1 0
    outer loop
      vertex 16.0069 5 9
      vertex 22.49 5 7.2
      vertex 24.29 5 9
    endloop
  endfacet
  facet normal 0 -1 0
    outer loop
      vertex 24.29 5 0
      vertex 22.49 5 7.2
      vertex 22.49 5 0
    endloop
  endfacet
  facet normal 0 -1 0
    outer loop
      vertex 22.49 5 7.2
      vertex 24.29 5 0
      vertex 24.29 5 9
    endloop
  endfacet
  facet normal 1 -0 0
    outer loop
      vertex 24.29 5 9
      vertex 24.29 15 0
      vertex 24.29 15 9
    endloop
  endfacet
  facet normal 1 0 0
    outer loop
      vertex 24.29 15 0
      vertex 24.29 5 9
      vertex 24.29 5 0
    endloop
  endfacet
  facet normal 0 0 -1
    outer loop
      vertex 22.49 5 0
      vertex 24.29 15 0
      vertex 24.29 5 0
    endloop
  endfacet
  facet normal -0 0 -1
    outer loop
      vertex 24.29 15 0
      vertex 22.49 5 0
      vertex 22.49 15 0
    endloop
  endfacet
  facet normal -1 0 0
    outer loop
      vertex 22.49 15 0
      vertex 22.49 6.8 7.2
      vertex 22.49 15 9
    endloop
  endfacet
  facet normal -1 0 0
    outer loop
      vertex 22.49 5 0
      vertex 22.49 6.8 7.2
      vertex 22.49 15 0
    endloop
  endfacet
  facet normal -1 -0 0
    outer loop
      vertex 22.49 6.8 7.2
      vertex 22.49 5 0
      vertex 22.49 5 7.2
    endloop
  endfacet
  facet normal -1 -0 0
    outer loop
      vertex 22.49 15 9
      vertex 22.49 6.8 7.2
      vertex 22.49 6.8 9
    endloop
  endfacet
  facet normal 0 1 -0
    outer loop
      vertex 24.29 15 0
      vertex 22.49 15 9
      vertex 24.29 15 9
    endloop
  endfacet
  facet normal 0 1 0
    outer loop
      vertex 22.49 15 9
      vertex 24.29 15 0
      vertex 22.49 15 0
    endloop
  endfacet
  facet normal 0 0 -1
    outer loop
      vertex 17 5 7.2
      vertex 22.49 6.8 7.2
      vertex 22.49 5 7.2
    endloop
  endfacet
  facet normal -0 0 -1
    outer loop
      vertex 22.49 6.8 7.2
      vertex 17 5 7.2
      vertex 17 6.8 7.2
    endloop
  endfacet
  facet normal 0 1 -0
    outer loop
      vertex 22.49 6.8 7.2
      vertex 17 6.8 9
      vertex 22.49 6.8 9
    endloop
  endfacet
  facet normal 0 1 0
    outer loop
      vertex 17 6.8 9
      vertex 22.49 6.8 7.2
      vertex 17 6.8 7.2
    endloop
  endfacet
  facet normal -0.831354 -0.555744 -1.89209e-18
    outer loop
      vertex -11.2147 10.3253 0
      vertex -11.399 10.601 1.2
      vertex -11.399 10.601 0
    endloop
  endfacet
  facet normal -0.831354 -0.555744 -1.89209e-18
    outer loop
      vertex -11.399 10.601 1.2
      vertex -11.2147 10.3253 0
      vertex -11.2147 10.3253 1.2
    endloop
  endfacet
  facet normal -0.980789 -0.195072 -1.56636e-18
    outer loop
      vertex -11.15 10 0
      vertex -11.2147 10.3253 1.2
      vertex -11.2147 10.3253 0
    endloop
  endfacet
  facet normal -0.980789 -0.195072 -1.56636e-18
    outer loop
      vertex -11.2147 10.3253 1.2
      vertex -11.15 10 0
      vertex -11.15 10 1.2
    endloop
  endfacet
  facet normal -0.555744 -0.831354 0
    outer loop
      vertex -11.6747 10.7853 0
      vertex -11.399 10.601 1.2
      vertex -11.6747 10.7853 1.2
    endloop
  endfacet
  facet normal -0.555744 -0.831354 -0
    outer loop
      vertex -11.399 10.601 1.2
      vertex -11.6747 10.7853 0
      vertex -11.399 10.601 0
    endloop
  endfacet
  facet normal 0.980787 0.195084 1.24726e-18
    outer loop
      vertex -12.7853 9.67472 1.2
      vertex -12.85 10 0
      vertex -12.85 10 1.2
    endloop
  endfacet
  facet normal 0.980787 0.195084 1.24726e-18
    outer loop
      vertex -12.85 10 0
      vertex -12.7853 9.67472 1.2
      vertex -12.7853 9.67472 0
    endloop
  endfacet
  facet normal 0.195072 -0.980789 0
    outer loop
      vertex -12.3253 10.7853 0
      vertex -12 10.85 1.2
      vertex -12.3253 10.7853 1.2
    endloop
  endfacet
  facet normal 0.195072 -0.980789 0
    outer loop
      vertex -12 10.85 1.2
      vertex -12.3253 10.7853 0
      vertex -12 10.85 0
    endloop
  endfacet
  facet normal 0.831354 -0.555744 1.89209e-18
    outer loop
      vertex -12.7853 10.3253 1.2
      vertex -12.601 10.601 0
      vertex -12.601 10.601 1.2
    endloop
  endfacet
  facet normal 0.831354 -0.555744 1.89209e-18
    outer loop
      vertex -12.601 10.601 0
      vertex -12.7853 10.3253 1.2
      vertex -12.7853 10.3253 0
    endloop
  endfacet
  facet normal -0.195072 0.980789 0
    outer loop
      vertex -11.6747 9.2147 0
      vertex -12 9.15 1.2
      vertex -11.6747 9.2147 1.2
    endloop
  endfacet
  facet normal -0.195072 0.980789 0
    outer loop
      vertex -12 9.15 1.2
      vertex -11.6747 9.2147 0
      vertex -12 9.15 0
    endloop
  endfacet
  facet normal 0.195072 0.980789 -0
    outer loop
      vertex -12 9.15 0
      vertex -12.3253 9.2147 1.2
      vertex -12 9.15 1.2
    endloop
  endfacet
  facet normal 0.195072 0.980789 0
    outer loop
      vertex -12.3253 9.2147 1.2
      vertex -12 9.15 0
      vertex -12.3253 9.2147 0
    endloop
  endfacet
  facet normal -0.980787 0.195084 -1.24726e-18
    outer loop
      vertex -11.2147 9.67472 0
      vertex -11.15 10 1.2
      vertex -11.15 10 0
    endloop
  endfacet
  facet normal -0.980787 0.195084 -1.24726e-18
    outer loop
      vertex -11.15 10 1.2
      vertex -11.2147 9.67472 0
      vertex -11.2147 9.67472 1.2
    endloop
  endfacet
  facet normal -0.195072 -0.980789 0
    outer loop
      vertex -12 10.85 0
      vertex -11.6747 10.7853 1.2
      vertex -12 10.85 1.2
    endloop
  endfacet
  facet normal -0.195072 -0.980789 -0
    outer loop
      vertex -11.6747 10.7853 1.2
      vertex -12 10.85 0
      vertex -11.6747 10.7853 0
    endloop
  endfacet
  facet normal -0.555775 0.831333 -2.72173e-18
    outer loop
      vertex -11.4543 9.36199 0.9
      vertex -11.399 9.39896 1.2
      vertex -11.399 9.39896 0.9
    endloop
  endfacet
  facet normal -0.55566 0.831409 -3.0669e-05
    outer loop
      vertex -11.399 9.39896 1.2
      vertex -11.4543 9.36199 0.9
      vertex -11.6747 9.2147 1.2
    endloop
  endfacet
  facet normal -0.555631 0.831429 -2.7336e-18
    outer loop
      vertex -11.6747 9.2147 0
      vertex -11.4543 9.36199 0.9
      vertex -11.4543 9.36199 0
    endloop
  endfacet
  facet normal -0.555631 0.831429 -2.0502e-18
    outer loop
      vertex -11.4543 9.36199 0.9
      vertex -11.6747 9.2147 0
      vertex -11.6747 9.2147 1.2
    endloop
  endfacet
  facet normal -0.831458 0.555588 0
    outer loop
      vertex -11.362 9.45428 0.9
      vertex -11.2147 9.67472 0
      vertex -11.362 9.45428 0
    endloop
  endfacet
  facet normal -0.831458 0.555588 0
    outer loop
      vertex -11.2147 9.67472 0
      vertex -11.362 9.45428 0.9
      vertex -11.2147 9.67472 1.2
    endloop
  endfacet
  facet normal -0.831217 0.555948 0
    outer loop
      vertex -11.399 9.39896 1.2
      vertex -11.362 9.45428 0.9
      vertex -11.399 9.39896 0.9
    endloop
  endfacet
  facet normal -0.83141 0.55566 -7.68216e-05
    outer loop
      vertex -11.362 9.45428 0.9
      vertex -11.399 9.39896 1.2
      vertex -11.2147 9.67472 1.2
    endloop
  endfacet
  facet normal 0.83141 0.55566 4.18062e-18
    outer loop
      vertex -12.601 9.39896 1.2
      vertex -12.7853 9.67472 0
      vertex -12.7853 9.67472 1.2
    endloop
  endfacet
  facet normal 0.83141 0.55566 4.18062e-18
    outer loop
      vertex -12.7853 9.67472 0
      vertex -12.601 9.39896 1.2
      vertex -12.601 9.39896 0
    endloop
  endfacet
  facet normal 0.555744 -0.831354 0
    outer loop
      vertex -12.601 10.601 0
      vertex -12.3253 10.7853 1.2
      vertex -12.601 10.601 1.2
    endloop
  endfacet
  facet normal 0.555744 -0.831354 0
    outer loop
      vertex -12.3253 10.7853 1.2
      vertex -12.601 10.601 0
      vertex -12.3253 10.7853 0
    endloop
  endfacet
  facet normal 0.980789 -0.195072 1.56636e-18
    outer loop
      vertex -12.85 10 1.2
      vertex -12.7853 10.3253 0
      vertex -12.7853 10.3253 1.2
    endloop
  endfacet
  facet normal 0.980789 -0.195072 1.56636e-18
    outer loop
      vertex -12.7853 10.3253 0
      vertex -12.85 10 1.2
      vertex -12.85 10 0
    endloop
  endfacet
  facet normal 0.55566 0.831409 -0
    outer loop
      vertex -12.3253 9.2147 0
      vertex -12.601 9.39896 1.2
      vertex -12.3253 9.2147 1.2
    endloop
  endfacet
  facet normal 0.55566 0.831409 0
    outer loop
      vertex -12.601 9.39896 1.2
      vertex -12.3253 9.2147 0
      vertex -12.601 9.39896 0
    endloop
  endfacet
  facet normal -0.831425 -0.555636 1.86638e-18
    outer loop
      vertex -7.86199 -9.45428 0.9
      vertex -7.89896 -9.39896 1.1
      vertex -7.89896 -9.39896 0.9
    endloop
  endfacet
  facet normal -0.831465 -0.555577 -2.38802e-05
    outer loop
      vertex -7.86199 -9.45428 0.9
      vertex -7.7147 -9.67472 1.1
      vertex -7.89896 -9.39896 1.1
    endloop
  endfacet
  facet normal -0.831475 -0.555562 -0
    outer loop
      vertex -7.7147 -9.67472 1.1
      vertex -7.86199 -9.45428 0.9
      vertex -7.7147 -9.67472 0
    endloop
  endfacet
  facet normal -0.831475 -0.555562 0
    outer loop
      vertex -7.86199 -9.45428 0
      vertex -7.7147 -9.67472 0
      vertex -7.86199 -9.45428 0.9
    endloop
  endfacet
  facet normal -0.980787 -0.195084 3.94435e-18
    outer loop
      vertex -7.65 -10 0
      vertex -7.7147 -9.67472 1.1
      vertex -7.7147 -9.67472 0
    endloop
  endfacet
  facet normal -0.980787 -0.195084 3.94435e-18
    outer loop
      vertex -7.7147 -9.67472 1.1
      vertex -7.65 -10 0
      vertex -7.65 -10 1.1
    endloop
  endfacet
  facet normal -0.555577 -0.831465 -2.38802e-05
    outer loop
      vertex -8.17472 -9.2147 1.1
      vertex -7.95428 -9.36199 0.9
      vertex -7.89896 -9.39896 1.1
    endloop
  endfacet
  facet normal -0.555562 -0.831475 0
    outer loop
      vertex -8.17472 -9.2147 0
      vertex -7.95428 -9.36199 0.9
      vertex -8.17472 -9.2147 1.1
    endloop
  endfacet
  facet normal -0.555562 -0.831475 -0
    outer loop
      vertex -7.95428 -9.36199 0.9
      vertex -8.17472 -9.2147 0
      vertex -7.95428 -9.36199 0
    endloop
  endfacet
  facet normal -0.555636 -0.831425 -0
    outer loop
      vertex -7.89896 -9.39896 1.1
      vertex -7.95428 -9.36199 0.9
      vertex -7.89896 -9.39896 0.9
    endloop
  endfacet
  facet normal -0.195084 -0.980787 0
    outer loop
      vertex -8.5 -9.15 0
      vertex -8.17472 -9.2147 1.1
      vertex -8.5 -9.15 1.1
    endloop
  endfacet
  facet normal -0.195084 -0.980787 -0
    outer loop
      vertex -8.17472 -9.2147 1.1
      vertex -8.5 -9.15 0
      vertex -8.17472 -9.2147 0
    endloop
  endfacet
  facet normal 0.831323 0.55579 -0
    outer loop
      vertex -9.25 -10.3781 1.1
      vertex -9.2853 -10.3253 1.2
      vertex -9.25 -10.3781 1.2
    endloop
  endfacet
  facet normal 0.831323 0.55579 0
    outer loop
      vertex -9.2853 -10.3253 1.2
      vertex -9.25 -10.3781 1.1
      vertex -9.2853 -10.3253 0
    endloop
  endfacet
  facet normal 0.83143 0.555629 -0
    outer loop
      vertex -9.10104 -10.601 0
      vertex -9.25 -10.3781 1.1
      vertex -9.10104 -10.601 1.1
    endloop
  endfacet
  facet normal 0.831409 0.55566 -8.99755e-06
    outer loop
      vertex -9.25 -10.3781 1.1
      vertex -9.10104 -10.601 0
      vertex -9.2853 -10.3253 0
    endloop
  endfacet
  facet normal 0.980787 -0.195084 -1.24726e-18
    outer loop
      vertex -9.35 -10 1.2
      vertex -9.2853 -9.67472 0
      vertex -9.2853 -9.67472 1.2
    endloop
  endfacet
  facet normal 0.980787 -0.195084 -1.24726e-18
    outer loop
      vertex -9.2853 -9.67472 0
      vertex -9.35 -10 1.2
      vertex -9.35 -10 0
    endloop
  endfacet
  facet normal -0.980789 0.195072 -9.2348e-19
    outer loop
      vertex -7.7147 -10.3253 0
      vertex -7.65 -10 1.1
      vertex -7.65 -10 0
    endloop
  endfacet
  facet normal -0.980789 0.195072 -9.2348e-19
    outer loop
      vertex -7.65 -10 1.1
      vertex -7.7147 -10.3253 0
      vertex -7.7147 -10.3253 1.1
    endloop
  endfacet
  facet normal 0.555577 -0.831465 0
    outer loop
      vertex -9.10104 -9.39896 0
      vertex -8.82528 -9.2147 1.1
      vertex -9.10104 -9.39896 1.1
    endloop
  endfacet
  facet normal 0.555577 -0.831465 0
    outer loop
      vertex -8.82528 -9.2147 1.1
      vertex -9.10104 -9.39896 0
      vertex -8.82528 -9.2147 0
    endloop
  endfacet
  facet normal -0.55566 0.83141 0
    outer loop
      vertex -7.89896 -10.601 0
      vertex -8.17472 -10.7853 1.1
      vertex -7.89896 -10.601 1.1
    endloop
  endfacet
  facet normal -0.55566 0.83141 0
    outer loop
      vertex -8.17472 -10.7853 1.1
      vertex -7.89896 -10.601 0
      vertex -8.17472 -10.7853 0
    endloop
  endfacet
  facet normal -0.195084 0.980787 0
    outer loop
      vertex -8.17472 -10.7853 0
      vertex -8.5 -10.85 1.1
      vertex -8.17472 -10.7853 1.1
    endloop
  endfacet
  facet normal -0.195084 0.980787 0
    outer loop
      vertex -8.5 -10.85 1.1
      vertex -8.17472 -10.7853 0
      vertex -8.5 -10.85 0
    endloop
  endfacet
  facet normal 0.831469 -0.555572 0
    outer loop
      vertex -9.25 -9.62189 1.2
      vertex -9.2853 -9.67472 1.2
      vertex -9.25 -9.62189 1.1
    endloop
  endfacet
  facet normal 0.831465 -0.555578 1.06292e-17
    outer loop
      vertex -9.25 -9.62189 1.1
      vertex -9.10104 -9.39896 0
      vertex -9.10104 -9.39896 1.1
    endloop
  endfacet
  facet normal 0.831469 -0.555572 0
    outer loop
      vertex -9.2853 -9.67472 0
      vertex -9.25 -9.62189 1.1
      vertex -9.2853 -9.67472 1.2
    endloop
  endfacet
  facet normal 0.831465 -0.555577 3.50309e-07
    outer loop
      vertex -9.25 -9.62189 1.1
      vertex -9.2853 -9.67472 0
      vertex -9.10104 -9.39896 0
    endloop
  endfacet
  facet normal 0.195084 -0.980787 0
    outer loop
      vertex -8.82528 -9.2147 0
      vertex -8.5 -9.15 1.1
      vertex -8.82528 -9.2147 1.1
    endloop
  endfacet
  facet normal 0.195084 -0.980787 0
    outer loop
      vertex -8.5 -9.15 1.1
      vertex -8.82528 -9.2147 0
      vertex -8.5 -9.15 0
    endloop
  endfacet
  facet normal 0.195084 0.980787 -0
    outer loop
      vertex -8.5 -10.85 0
      vertex -8.82528 -10.7853 1.1
      vertex -8.5 -10.85 1.1
    endloop
  endfacet
  facet normal 0.195084 0.980787 0
    outer loop
      vertex -8.82528 -10.7853 1.1
      vertex -8.5 -10.85 0
      vertex -8.82528 -10.7853 0
    endloop
  endfacet
  facet normal -0.831409 0.55566 -5.05191e-18
    outer loop
      vertex -7.89896 -10.601 0
      vertex -7.7147 -10.3253 1.1
      vertex -7.7147 -10.3253 0
    endloop
  endfacet
  facet normal -0.831409 0.55566 -5.05191e-18
    outer loop
      vertex -7.7147 -10.3253 1.1
      vertex -7.89896 -10.601 0
      vertex -7.89896 -10.601 1.1
    endloop
  endfacet
  facet normal 0.55566 0.83141 -0
    outer loop
      vertex -8.82528 -10.7853 0
      vertex -9.10104 -10.601 1.1
      vertex -8.82528 -10.7853 1.1
    endloop
  endfacet
  facet normal 0.55566 0.83141 0
    outer loop
      vertex -9.10104 -10.601 1.1
      vertex -8.82528 -10.7853 0
      vertex -9.10104 -10.601 0
    endloop
  endfacet
  facet normal 0.980789 0.195072 -1.56636e-18
    outer loop
      vertex -9.2853 -10.3253 1.2
      vertex -9.35 -10 0
      vertex -9.35 -10 1.2
    endloop
  endfacet
  facet normal 0.980789 0.195072 -1.56636e-18
    outer loop
      vertex -9.35 -10 0
      vertex -9.2853 -10.3253 1.2
      vertex -9.2853 -10.3253 0
    endloop
  endfacet
  facet normal -0.831354 -0.555744 -1.89209e-18
    outer loop
      vertex 12.7853 10.3253 0
      vertex 12.601 10.601 1.2
      vertex 12.601 10.601 0
    endloop
  endfacet
  facet normal -0.831354 -0.555744 -1.89209e-18
    outer loop
      vertex 12.601 10.601 1.2
      vertex 12.7853 10.3253 0
      vertex 12.7853 10.3253 1.2
    endloop
  endfacet
  facet normal -0.980789 -0.195072 -1.56636e-18
    outer loop
      vertex 12.85 10 0
      vertex 12.7853 10.3253 1.2
      vertex 12.7853 10.3253 0
    endloop
  endfacet
  facet normal -0.980789 -0.195072 -1.56636e-18
    outer loop
      vertex 12.7853 10.3253 1.2
      vertex 12.85 10 0
      vertex 12.85 10 1.2
    endloop
  endfacet
  facet normal -0.555744 -0.831354 0
    outer loop
      vertex 12.3253 10.7853 0
      vertex 12.601 10.601 1.2
      vertex 12.3253 10.7853 1.2
    endloop
  endfacet
  facet normal -0.555744 -0.831354 -0
    outer loop
      vertex 12.601 10.601 1.2
      vertex 12.3253 10.7853 0
      vertex 12.601 10.601 0
    endloop
  endfacet
  facet normal 0.980787 0.195084 1.24726e-18
    outer loop
      vertex 11.2147 9.67472 1.2
      vertex 11.15 10 0
      vertex 11.15 10 1.2
    endloop
  endfacet
  facet normal 0.980787 0.195084 1.24726e-18
    outer loop
      vertex 11.15 10 0
      vertex 11.2147 9.67472 1.2
      vertex 11.2147 9.67472 0
    endloop
  endfacet
  facet normal 0.195072 -0.980789 0
    outer loop
      vertex 11.6747 10.7853 0
      vertex 12 10.85 1.2
      vertex 11.6747 10.7853 1.2
    endloop
  endfacet
  facet normal 0.195072 -0.980789 0
    outer loop
      vertex 12 10.85 1.2
      vertex 11.6747 10.7853 0
      vertex 12 10.85 0
    endloop
  endfacet
  facet normal 0.831354 -0.555744 1.89209e-18
    outer loop
      vertex 11.2147 10.3253 1.2
      vertex 11.399 10.601 0
      vertex 11.399 10.601 1.2
    endloop
  endfacet
  facet normal 0.831354 -0.555744 1.89209e-18
    outer loop
      vertex 11.399 10.601 0
      vertex 11.2147 10.3253 1.2
      vertex 11.2147 10.3253 0
    endloop
  endfacet
  facet normal -0.195072 0.980789 0
    outer loop
      vertex 12.3253 9.2147 0
      vertex 12 9.15 1.2
      vertex 12.3253 9.2147 1.2
    endloop
  endfacet
  facet normal -0.195072 0.980789 0
    outer loop
      vertex 12 9.15 1.2
      vertex 12.3253 9.2147 0
      vertex 12 9.15 0
    endloop
  endfacet
  facet normal 0.195072 0.980789 -0
    outer loop
      vertex 12 9.15 0
      vertex 11.6747 9.2147 1.2
      vertex 12 9.15 1.2
    endloop
  endfacet
  facet normal 0.195072 0.980789 0
    outer loop
      vertex 11.6747 9.2147 1.2
      vertex 12 9.15 0
      vertex 11.6747 9.2147 0
    endloop
  endfacet
  facet normal -0.980787 0.195084 -1.24726e-18
    outer loop
      vertex 12.7853 9.67472 0
      vertex 12.85 10 1.2
      vertex 12.85 10 0
    endloop
  endfacet
  facet normal -0.980787 0.195084 -1.24726e-18
    outer loop
      vertex 12.85 10 1.2
      vertex 12.7853 9.67472 0
      vertex 12.7853 9.67472 1.2
    endloop
  endfacet
  facet normal -0.195072 -0.980789 0
    outer loop
      vertex 12 10.85 0
      vertex 12.3253 10.7853 1.2
      vertex 12 10.85 1.2
    endloop
  endfacet
  facet normal -0.195072 -0.980789 -0
    outer loop
      vertex 12.3253 10.7853 1.2
      vertex 12 10.85 0
      vertex 12.3253 10.7853 0
    endloop
  endfacet
  facet normal -0.55566 0.831409 0
    outer loop
      vertex 12.601 9.39896 0
      vertex 12.3253 9.2147 1.2
      vertex 12.601 9.39896 1.2
    endloop
  endfacet
  facet normal -0.55566 0.831409 0
    outer loop
      vertex 12.3253 9.2147 1.2
      vertex 12.601 9.39896 0
      vertex 12.3253 9.2147 0
    endloop
  endfacet
  facet normal -0.83141 0.55566 -4.18062e-18
    outer loop
      vertex 12.601 9.39896 0
      vertex 12.7853 9.67472 1.2
      vertex 12.7853 9.67472 0
    endloop
  endfacet
  facet normal -0.83141 0.55566 -4.18062e-18
    outer loop
      vertex 12.7853 9.67472 1.2
      vertex 12.601 9.39896 0
      vertex 12.601 9.39896 1.2
    endloop
  endfacet
  facet normal 0.831458 0.555588 0
    outer loop
      vertex 11.2147 9.67472 1.2
      vertex 11.362 9.45428 0.9
      vertex 11.2147 9.67472 0
    endloop
  endfacet
  facet normal 0.83141 0.55566 -7.68216e-05
    outer loop
      vertex 11.399 9.39896 1.2
      vertex 11.362 9.45428 0.9
      vertex 11.2147 9.67472 1.2
    endloop
  endfacet
  facet normal 0.831217 0.555948 -2.57717e-18
    outer loop
      vertex 11.362 9.45428 0.9
      vertex 11.399 9.39896 1.2
      vertex 11.399 9.39896 0.9
    endloop
  endfacet
  facet normal 0.831458 0.555588 1.25001e-17
    outer loop
      vertex 11.2147 9.67472 0
      vertex 11.362 9.45428 0.9
      vertex 11.362 9.45428 0
    endloop
  endfacet
  facet normal 0.980789 -0.195072 1.56636e-18
    outer loop
      vertex 11.15 10 1.2
      vertex 11.2147 10.3253 0
      vertex 11.2147 10.3253 1.2
    endloop
  endfacet
  facet normal 0.980789 -0.195072 1.56636e-18
    outer loop
      vertex 11.2147 10.3253 0
      vertex 11.15 10 1.2
      vertex 11.15 10 0
    endloop
  endfacet
  facet normal 0.555744 -0.831354 0
    outer loop
      vertex 11.399 10.601 0
      vertex 11.6747 10.7853 1.2
      vertex 11.399 10.601 1.2
    endloop
  endfacet
  facet normal 0.555744 -0.831354 0
    outer loop
      vertex 11.6747 10.7853 1.2
      vertex 11.399 10.601 0
      vertex 11.6747 10.7853 0
    endloop
  endfacet
  facet normal 0.55566 0.831409 -3.0669e-05
    outer loop
      vertex 11.6747 9.2147 1.2
      vertex 11.4543 9.36199 0.9
      vertex 11.399 9.39896 1.2
    endloop
  endfacet
  facet normal 0.555631 0.831429 -0
    outer loop
      vertex 11.6747 9.2147 0
      vertex 11.4543 9.36199 0.9
      vertex 11.6747 9.2147 1.2
    endloop
  endfacet
  facet normal 0.555631 0.831429 0
    outer loop
      vertex 11.4543 9.36199 0.9
      vertex 11.6747 9.2147 0
      vertex 11.4543 9.36199 0
    endloop
  endfacet
  facet normal 0.555775 0.831333 0
    outer loop
      vertex 11.399 9.39896 1.2
      vertex 11.4543 9.36199 0.9
      vertex 11.399 9.39896 0.9
    endloop
  endfacet
  facet normal 0.195084 0.980787 -0
    outer loop
      vertex 8.5 -10.85 0
      vertex 8.17472 -10.7853 1.1
      vertex 8.5 -10.85 1.1
    endloop
  endfacet
  facet normal 0.195084 0.980787 0
    outer loop
      vertex 8.17472 -10.7853 1.1
      vertex 8.5 -10.85 0
      vertex 8.17472 -10.7853 0
    endloop
  endfacet
  facet normal -0.831465 -0.555578 0
    outer loop
      vertex 9.10104 -9.39896 0
      vertex 9.25 -9.62189 1.1
      vertex 9.10104 -9.39896 1.1
    endloop
  endfacet
  facet normal -0.831465 -0.555577 3.50309e-07
    outer loop
      vertex 9.2853 -9.67472 0
      vertex 9.25 -9.62189 1.1
      vertex 9.10104 -9.39896 0
    endloop
  endfacet
  facet normal -0.831469 -0.555572 -0
    outer loop
      vertex 9.2853 -9.67472 1.2
      vertex 9.25 -9.62189 1.1
      vertex 9.2853 -9.67472 0
    endloop
  endfacet
  facet normal -0.831469 -0.555572 0
    outer loop
      vertex 9.25 -9.62189 1.1
      vertex 9.2853 -9.67472 1.2
      vertex 9.25 -9.62189 1.2
    endloop
  endfacet
  facet normal -0.980787 -0.195084 1.24726e-18
    outer loop
      vertex 9.35 -10 0
      vertex 9.2853 -9.67472 1.2
      vertex 9.2853 -9.67472 0
    endloop
  endfacet
  facet normal -0.980787 -0.195084 1.24726e-18
    outer loop
      vertex 9.2853 -9.67472 1.2
      vertex 9.35 -10 0
      vertex 9.35 -10 1.2
    endloop
  endfacet
  facet normal -0.555577 -0.831465 0
    outer loop
      vertex 8.82528 -9.2147 0
      vertex 9.10104 -9.39896 1.1
      vertex 8.82528 -9.2147 1.1
    endloop
  endfacet
  facet normal -0.555577 -0.831465 -0
    outer loop
      vertex 9.10104 -9.39896 1.1
      vertex 8.82528 -9.2147 0
      vertex 9.10104 -9.39896 0
    endloop
  endfacet
  facet normal -0.831323 0.55579 0
    outer loop
      vertex 9.2853 -10.3253 0
      vertex 9.25 -10.3781 1.1
      vertex 9.2853 -10.3253 1.2
    endloop
  endfacet
  facet normal -0.831409 0.55566 -8.99755e-06
    outer loop
      vertex 9.10104 -10.601 0
      vertex 9.25 -10.3781 1.1
      vertex 9.2853 -10.3253 0
    endloop
  endfacet
  facet normal -0.83143 0.555629 1.04815e-17
    outer loop
      vertex 9.25 -10.3781 1.1
      vertex 9.10104 -10.601 0
      vertex 9.10104 -10.601 1.1
    endloop
  endfacet
  facet normal -0.831323 0.55579 -3.13385e-18
    outer loop
      vertex 9.2853 -10.3253 1.2
      vertex 9.25 -10.3781 1.1
      vertex 9.25 -10.3781 1.2
    endloop
  endfacet
  facet normal -0.55566 0.83141 0
    outer loop
      vertex 9.10104 -10.601 0
      vertex 8.82528 -10.7853 1.1
      vertex 9.10104 -10.601 1.1
    endloop
  endfacet
  facet normal -0.55566 0.83141 0
    outer loop
      vertex 8.82528 -10.7853 1.1
      vertex 9.10104 -10.601 0
      vertex 8.82528 -10.7853 0
    endloop
  endfacet
  facet normal 0.980787 -0.195084 -3.94435e-18
    outer loop
      vertex 7.65 -10 1.1
      vertex 7.7147 -9.67472 0
      vertex 7.7147 -9.67472 1.1
    endloop
  endfacet
  facet normal 0.980787 -0.195084 -3.94435e-18
    outer loop
      vertex 7.7147 -9.67472 0
      vertex 7.65 -10 1.1
      vertex 7.65 -10 0
    endloop
  endfacet
  facet normal -0.195084 0.980787 0
    outer loop
      vertex 8.82528 -10.7853 0
      vertex 8.5 -10.85 1.1
      vertex 8.82528 -10.7853 1.1
    endloop
  endfacet
  facet normal -0.195084 0.980787 0
    outer loop
      vertex 8.5 -10.85 1.1
      vertex 8.82528 -10.7853 0
      vertex 8.5 -10.85 0
    endloop
  endfacet
  facet normal 0.555636 -0.831425 -1.86638e-18
    outer loop
      vertex 7.95428 -9.36199 0.9
      vertex 7.89896 -9.39896 1.1
      vertex 7.89896 -9.39896 0.9
    endloop
  endfacet
  facet normal 0.555577 -0.831465 -2.38802e-05
    outer loop
      vertex 7.89896 -9.39896 1.1
      vertex 7.95428 -9.36199 0.9
      vertex 8.17472 -9.2147 1.1
    endloop
  endfacet
  facet normal 0.555562 -0.831475 9.75841e-19
    outer loop
      vertex 8.17472 -9.2147 0
      vertex 7.95428 -9.36199 0.9
      vertex 7.95428 -9.36199 0
    endloop
  endfacet
  facet normal 0.555562 -0.831475 7.98416e-19
    outer loop
      vertex 7.95428 -9.36199 0.9
      vertex 8.17472 -9.2147 0
      vertex 8.17472 -9.2147 1.1
    endloop
  endfacet
  facet normal -0.980789 0.195072 1.56636e-18
    outer loop
      vertex 9.2853 -10.3253 0
      vertex 9.35 -10 1.2
      vertex 9.35 -10 0
    endloop
  endfacet
  facet normal -0.980789 0.195072 1.56636e-18
    outer loop
      vertex 9.35 -10 1.2
      vertex 9.2853 -10.3253 0
      vertex 9.2853 -10.3253 1.2
    endloop
  endfacet
  facet normal 0.980789 0.195072 9.2348e-19
    outer loop
      vertex 7.7147 -10.3253 1.1
      vertex 7.65 -10 0
      vertex 7.65 -10 1.1
    endloop
  endfacet
  facet normal 0.980789 0.195072 9.2348e-19
    outer loop
      vertex 7.65 -10 0
      vertex 7.7147 -10.3253 1.1
      vertex 7.7147 -10.3253 0
    endloop
  endfacet
  facet normal 0.195084 -0.980787 0
    outer loop
      vertex 8.17472 -9.2147 0
      vertex 8.5 -9.15 1.1
      vertex 8.17472 -9.2147 1.1
    endloop
  endfacet
  facet normal 0.195084 -0.980787 0
    outer loop
      vertex 8.5 -9.15 1.1
      vertex 8.17472 -9.2147 0
      vertex 8.5 -9.15 0
    endloop
  endfacet
  facet normal -0.195084 -0.980787 0
    outer loop
      vertex 8.5 -9.15 0
      vertex 8.82528 -9.2147 1.1
      vertex 8.5 -9.15 1.1
    endloop
  endfacet
  facet normal -0.195084 -0.980787 -0
    outer loop
      vertex 8.82528 -9.2147 1.1
      vertex 8.5 -9.15 0
      vertex 8.82528 -9.2147 0
    endloop
  endfacet
  facet normal 0.831425 -0.555636 0
    outer loop
      vertex 7.89896 -9.39896 1.1
      vertex 7.86199 -9.45428 0.9
      vertex 7.89896 -9.39896 0.9
    endloop
  endfacet
  facet normal 0.831465 -0.555577 -2.38802e-05
    outer loop
      vertex 7.7147 -9.67472 1.1
      vertex 7.86199 -9.45428 0.9
      vertex 7.89896 -9.39896 1.1
    endloop
  endfacet
  facet normal 0.831475 -0.555562 0
    outer loop
      vertex 7.7147 -9.67472 0
      vertex 7.86199 -9.45428 0.9
      vertex 7.7147 -9.67472 1.1
    endloop
  endfacet
  facet normal 0.831475 -0.555562 0
    outer loop
      vertex 7.86199 -9.45428 0.9
      vertex 7.7147 -9.67472 0
      vertex 7.86199 -9.45428 0
    endloop
  endfacet
  facet normal 0.55566 0.83141 -0
    outer loop
      vertex 8.17472 -10.7853 0
      vertex 7.89896 -10.601 1.1
      vertex 8.17472 -10.7853 1.1
    endloop
  endfacet
  facet normal 0.55566 0.83141 0
    outer loop
      vertex 7.89896 -10.601 1.1
      vertex 8.17472 -10.7853 0
      vertex 7.89896 -10.601 0
    endloop
  endfacet
  facet normal 0.831409 0.55566 5.05191e-18
    outer loop
      vertex 7.89896 -10.601 1.1
      vertex 7.7147 -10.3253 0
      vertex 7.7147 -10.3253 1.1
    endloop
  endfacet
  facet normal 0.831409 0.55566 5.05191e-18
    outer loop
      vertex 7.7147 -10.3253 0
      vertex 7.89896 -10.601 1.1
      vertex 7.89896 -10.601 0
    endloop
  endfacet
  facet normal -0.989533 0.144307 0
    outer loop
      vertex 11.1712 -12.2926 1.2
      vertex 14.6712 11.7074 9
      vertex 14.6712 11.7074 1.2
    endloop
  endfacet
  facet normal -0.989533 0.144307 0
    outer loop
      vertex 14.6712 11.7074 9
      vertex 11.1712 -12.2926 1.2
      vertex 11.1712 -12.2926 9
    endloop
  endfacet
  facet normal 0.881995 0.471259 1.10911e-18
    outer loop
      vertex -10.9472 -12.8334 9
      vertex -11.0858 -12.574 1.2
      vertex -11.0858 -12.574 9
    endloop
  endfacet
  facet normal 0.881995 0.471259 1.10911e-18
    outer loop
      vertex -11.0858 -12.574 1.2
      vertex -10.9472 -12.8334 9
      vertex -10.9472 -12.8334 1.2
    endloop
  endfacet
  facet normal 0.989533 0.144307 0
    outer loop
      vertex -11.1712 -12.2926 9
      vertex -14.6712 11.7074 1.2
      vertex -14.6712 11.7074 9
    endloop
  endfacet
  facet normal 0.989533 0.144307 0
    outer loop
      vertex -14.6712 11.7074 1.2
      vertex -11.1712 -12.2926 9
      vertex -11.1712 -12.2926 1.2
    endloop
  endfacet
  facet normal -0.956904 -0.290404 2.73833e-19
    outer loop
      vertex 14.6712 12.2926 1.2
      vertex 14.5858 12.574 9
      vertex 14.5858 12.574 1.2
    endloop
  endfacet
  facet normal -0.956904 -0.290404 2.73833e-19
    outer loop
      vertex 14.5858 12.574 9
      vertex 14.6712 12.2926 1.2
      vertex 14.6712 12.2926 9
    endloop
  endfacet
  facet normal 0.773078 -0.634311 -2.57466e-19
    outer loop
      vertex -14.4472 12.8334 9
      vertex -14.2607 13.0607 1.2
      vertex -14.2607 13.0607 9
    endloop
  endfacet
  facet normal 0.773078 -0.634311 -2.57466e-19
    outer loop
      vertex -14.2607 13.0607 1.2
      vertex -14.4472 12.8334 9
      vertex -14.4472 12.8334 1.2
    endloop
  endfacet
  facet normal -0.634311 0.773078 0
    outer loop
      vertex 10.7607 -13.0607 1.2
      vertex 10.5334 -13.2472 9
      vertex 10.7607 -13.0607 9
    endloop
  endfacet
  facet normal -0.634311 0.773078 0
    outer loop
      vertex 10.5334 -13.2472 9
      vertex 10.7607 -13.0607 1.2
      vertex 10.5334 -13.2472 1.2
    endloop
  endfacet
  facet normal 0 1 -0
    outer loop
      vertex 9.7 -13.5 1.2
      vertex -9.7 -13.5 9
      vertex 9.7 -13.5 9
    endloop
  endfacet
  facet normal 0 1 0
    outer loop
      vertex -9.7 -13.5 9
      vertex 9.7 -13.5 1.2
      vertex -9.7 -13.5 1.2
    endloop
  endfacet
  facet normal 0.634311 -0.773078 0
    outer loop
      vertex -14.2607 13.0607 1.2
      vertex -14.0334 13.2472 9
      vertex -14.2607 13.0607 9
    endloop
  endfacet
  facet normal 0.634311 -0.773078 0
    outer loop
      vertex -14.0334 13.2472 9
      vertex -14.2607 13.0607 1.2
      vertex -14.0334 13.2472 1.2
    endloop
  endfacet
  facet normal -0.881995 -0.471259 1.10911e-18
    outer loop
      vertex 14.5858 12.574 1.2
      vertex 14.4472 12.8334 9
      vertex 14.4472 12.8334 1.2
    endloop
  endfacet
  facet normal -0.881995 -0.471259 1.10911e-18
    outer loop
      vertex 14.4472 12.8334 9
      vertex 14.5858 12.574 1.2
      vertex 14.5858 12.574 9
    endloop
  endfacet
  facet normal -0.0979545 -0.995191 0
    outer loop
      vertex 13.2 13.5 1.2
      vertex 13.4926 13.4712 9
      vertex 13.2 13.5 9
    endloop
  endfacet
  facet normal -0.0979545 -0.995191 -0
    outer loop
      vertex 13.4926 13.4712 9
      vertex 13.2 13.5 1.2
      vertex 13.4926 13.4712 1.2
    endloop
  endfacet
  facet normal 0.773078 0.634311 2.57466e-19
    outer loop
      vertex -10.7607 -13.0607 9
      vertex -10.9472 -12.8334 1.2
      vertex -10.9472 -12.8334 9
    endloop
  endfacet
  facet normal 0.773078 0.634311 2.57466e-19
    outer loop
      vertex -10.9472 -12.8334 1.2
      vertex -10.7607 -13.0607 9
      vertex -10.7607 -13.0607 1.2
    endloop
  endfacet
  facet normal 0 -1 0
    outer loop
      vertex -13.2 13.5 9
      vertex -4.5 13.5 5.7
      vertex 13.2 13.5 9
    endloop
  endfacet
  facet normal 0 -1 0
    outer loop
      vertex -13.2 13.5 1.2
      vertex -4.5 13.5 5.7
      vertex -13.2 13.5 9
    endloop
  endfacet
  facet normal 0 -1 -0
    outer loop
      vertex -4.5 13.5 1.7
      vertex -13.2 13.5 1.2
      vertex 4.5 13.5 1.7
    endloop
  endfacet
  facet normal 0 -1 -0
    outer loop
      vertex -4.5 13.5 5.7
      vertex -13.2 13.5 1.2
      vertex -4.5 13.5 1.7
    endloop
  endfacet
  facet normal 0 -1 0
    outer loop
      vertex 4.5 13.5 5.7
      vertex 13.2 13.5 9
      vertex -4.5 13.5 5.7
    endloop
  endfacet
  facet normal 0 -1 0
    outer loop
      vertex 13.2 13.5 1.2
      vertex 4.5 13.5 5.7
      vertex 4.5 13.5 1.7
    endloop
  endfacet
  facet normal 0 -1 0
    outer loop
      vertex 4.5 13.5 5.7
      vertex 13.2 13.5 1.2
      vertex 13.2 13.5 9
    endloop
  endfacet
  facet normal 0 -1 0
    outer loop
      vertex 13.2 13.5 1.2
      vertex 4.5 13.5 1.7
      vertex -13.2 13.5 1.2
    endloop
  endfacet
  facet normal 0.956904 0.290404 2.73833e-19
    outer loop
      vertex -11.0858 -12.574 9
      vertex -11.1712 -12.2926 1.2
      vertex -11.1712 -12.2926 9
    endloop
  endfacet
  facet normal 0.956904 0.290404 2.73833e-19
    outer loop
      vertex -11.1712 -12.2926 1.2
      vertex -11.0858 -12.574 9
      vertex -11.0858 -12.574 1.2
    endloop
  endfacet
  facet normal 0.956904 -0.290404 -2.73833e-19
    outer loop
      vertex -14.6712 12.2926 9
      vertex -14.5858 12.574 1.2
      vertex -14.5858 12.574 9
    endloop
  endfacet
  facet normal 0.956904 -0.290404 -2.73833e-19
    outer loop
      vertex -14.5858 12.574 1.2
      vertex -14.6712 12.2926 9
      vertex -14.6712 12.2926 1.2
    endloop
  endfacet
  facet normal -0.956904 0.290404 -2.73833e-19
    outer loop
      vertex 11.0858 -12.574 1.2
      vertex 11.1712 -12.2926 9
      vertex 11.1712 -12.2926 1.2
    endloop
  endfacet
  facet normal -0.956904 0.290404 -2.73833e-19
    outer loop
      vertex 11.1712 -12.2926 9
      vertex 11.0858 -12.574 1.2
      vertex 11.0858 -12.574 9
    endloop
  endfacet
  facet normal 0.471259 0.881995 -0
    outer loop
      vertex -10.274 -13.3858 1.2
      vertex -10.5334 -13.2472 9
      vertex -10.274 -13.3858 9
    endloop
  endfacet
  facet normal 0.471259 0.881995 0
    outer loop
      vertex -10.5334 -13.2472 9
      vertex -10.274 -13.3858 1.2
      vertex -10.5334 -13.2472 1.2
    endloop
  endfacet
  facet normal 0.0979545 -0.995191 0
    outer loop
      vertex -13.4926 13.4712 1.2
      vertex -13.2 13.5 9
      vertex -13.4926 13.4712 9
    endloop
  endfacet
  facet normal 0.0979545 -0.995191 0
    outer loop
      vertex -13.2 13.5 9
      vertex -13.4926 13.4712 1.2
      vertex -13.2 13.5 1.2
    endloop
  endfacet
  facet normal -0.0979446 0.995192 0
    outer loop
      vertex 9.99263 -13.4712 1.2
      vertex 9.7 -13.5 9
      vertex 9.99263 -13.4712 9
    endloop
  endfacet
  facet normal -0.0979446 0.995192 0
    outer loop
      vertex 9.7 -13.5 9
      vertex 9.99263 -13.4712 1.2
      vertex 9.7 -13.5 1.2
    endloop
  endfacet
  facet normal 0.881995 -0.471259 -1.10911e-18
    outer loop
      vertex -14.5858 12.574 9
      vertex -14.4472 12.8334 1.2
      vertex -14.4472 12.8334 9
    endloop
  endfacet
  facet normal 0.881995 -0.471259 -1.10911e-18
    outer loop
      vertex -14.4472 12.8334 1.2
      vertex -14.5858 12.574 9
      vertex -14.5858 12.574 1.2
    endloop
  endfacet
  facet normal -0.881995 0.471259 -1.10911e-18
    outer loop
      vertex 10.9472 -12.8334 1.2
      vertex 11.0858 -12.574 9
      vertex 11.0858 -12.574 1.2
    endloop
  endfacet
  facet normal -0.881995 0.471259 -1.10911e-18
    outer loop
      vertex 11.0858 -12.574 9
      vertex 10.9472 -12.8334 1.2
      vertex 10.9472 -12.8334 9
    endloop
  endfacet
  facet normal 0.634311 0.773078 -0
    outer loop
      vertex -10.5334 -13.2472 1.2
      vertex -10.7607 -13.0607 9
      vertex -10.5334 -13.2472 9
    endloop
  endfacet
  facet normal 0.634311 0.773078 0
    outer loop
      vertex -10.7607 -13.0607 9
      vertex -10.5334 -13.2472 1.2
      vertex -10.7607 -13.0607 1.2
    endloop
  endfacet
  facet normal 0.471259 -0.881995 0
    outer loop
      vertex -14.0334 13.2472 1.2
      vertex -13.774 13.3858 9
      vertex -14.0334 13.2472 9
    endloop
  endfacet
  facet normal 0.471259 -0.881995 0
    outer loop
      vertex -13.774 13.3858 9
      vertex -14.0334 13.2472 1.2
      vertex -13.774 13.3858 1.2
    endloop
  endfacet
  facet normal -0.290404 -0.956904 0
    outer loop
      vertex 13.4926 13.4712 1.2
      vertex 13.774 13.3858 9
      vertex 13.4926 13.4712 9
    endloop
  endfacet
  facet normal -0.290404 -0.956904 -0
    outer loop
      vertex 13.774 13.3858 9
      vertex 13.4926 13.4712 1.2
      vertex 13.774 13.3858 1.2
    endloop
  endfacet
  facet normal -0.471259 0.881995 0
    outer loop
      vertex 10.5334 -13.2472 1.2
      vertex 10.274 -13.3858 9
      vertex 10.5334 -13.2472 9
    endloop
  endfacet
  facet normal -0.471259 0.881995 0
    outer loop
      vertex 10.274 -13.3858 9
      vertex 10.5334 -13.2472 1.2
      vertex 10.274 -13.3858 1.2
    endloop
  endfacet
  facet normal -0.471259 -0.881995 0
    outer loop
      vertex 13.774 13.3858 1.2
      vertex 14.0334 13.2472 9
      vertex 13.774 13.3858 9
    endloop
  endfacet
  facet normal -0.471259 -0.881995 -0
    outer loop
      vertex 14.0334 13.2472 9
      vertex 13.774 13.3858 1.2
      vertex 14.0334 13.2472 1.2
    endloop
  endfacet
  facet normal -0.634311 -0.773078 0
    outer loop
      vertex 14.0334 13.2472 1.2
      vertex 14.2607 13.0607 9
      vertex 14.0334 13.2472 9
    endloop
  endfacet
  facet normal -0.634311 -0.773078 -0
    outer loop
      vertex 14.2607 13.0607 9
      vertex 14.0334 13.2472 1.2
      vertex 14.2607 13.0607 1.2
    endloop
  endfacet
  facet normal -0.290432 0.956896 0
    outer loop
      vertex 10.274 -13.3858 1.2
      vertex 9.99263 -13.4712 9
      vertex 10.274 -13.3858 9
    endloop
  endfacet
  facet normal -0.290432 0.956896 0
    outer loop
      vertex 9.99263 -13.4712 9
      vertex 10.274 -13.3858 1.2
      vertex 9.99263 -13.4712 1.2
    endloop
  endfacet
  facet normal -0.773078 0.634311 -2.57466e-19
    outer loop
      vertex 10.7607 -13.0607 1.2
      vertex 10.9472 -12.8334 9
      vertex 10.9472 -12.8334 1.2
    endloop
  endfacet
  facet normal -0.773078 0.634311 -2.57466e-19
    outer loop
      vertex 10.9472 -12.8334 9
      vertex 10.7607 -13.0607 1.2
      vertex 10.7607 -13.0607 9
    endloop
  endfacet
  facet normal -0.773078 -0.634311 2.57466e-19
    outer loop
      vertex 14.4472 12.8334 1.2
      vertex 14.2607 13.0607 9
      vertex 14.2607 13.0607 1.2
    endloop
  endfacet
  facet normal -0.773078 -0.634311 2.57466e-19
    outer loop
      vertex 14.2607 13.0607 9
      vertex 14.4472 12.8334 1.2
      vertex 14.4472 12.8334 9
    endloop
  endfacet
  facet normal 0.995191 0.0979545 -1.11832e-19
    outer loop
      vertex -14.6712 11.7074 9
      vertex -14.7 12 1.2
      vertex -14.7 12 9
    endloop
  endfacet
  facet normal 0.995191 0.0979545 -1.11832e-19
    outer loop
      vertex -14.7 12 1.2
      vertex -14.6712 11.7074 9
      vertex -14.6712 11.7074 1.2
    endloop
  endfacet
  facet normal 0.290432 0.956896 -0
    outer loop
      vertex -9.99263 -13.4712 1.2
      vertex -10.274 -13.3858 9
      vertex -9.99263 -13.4712 9
    endloop
  endfacet
  facet normal 0.290432 0.956896 0
    outer loop
      vertex -10.274 -13.3858 9
      vertex -9.99263 -13.4712 1.2
      vertex -10.274 -13.3858 1.2
    endloop
  endfacet
  facet normal 0.0979446 0.995192 -0
    outer loop
      vertex -9.7 -13.5 1.2
      vertex -9.99263 -13.4712 9
      vertex -9.7 -13.5 9
    endloop
  endfacet
  facet normal 0.0979446 0.995192 0
    outer loop
      vertex -9.99263 -13.4712 9
      vertex -9.7 -13.5 1.2
      vertex -9.99263 -13.4712 1.2
    endloop
  endfacet
  facet normal -0.995191 0.0979545 1.11832e-19
    outer loop
      vertex 14.6712 11.7074 1.2
      vertex 14.7 12 9
      vertex 14.7 12 1.2
    endloop
  endfacet
  facet normal -0.995191 0.0979545 1.11832e-19
    outer loop
      vertex 14.7 12 9
      vertex 14.6712 11.7074 1.2
      vertex 14.6712 11.7074 9
    endloop
  endfacet
  facet normal 0.995191 -0.0979545 1.11832e-19
    outer loop
      vertex -14.7 12 9
      vertex -14.6712 12.2926 1.2
      vertex -14.6712 12.2926 9
    endloop
  endfacet
  facet normal 0.995191 -0.0979545 1.11832e-19
    outer loop
      vertex -14.6712 12.2926 1.2
      vertex -14.7 12 9
      vertex -14.7 12 1.2
    endloop
  endfacet
  facet normal 0.290404 -0.956904 0
    outer loop
      vertex -13.774 13.3858 1.2
      vertex -13.4926 13.4712 9
      vertex -13.774 13.3858 9
    endloop
  endfacet
  facet normal 0.290404 -0.956904 0
    outer loop
      vertex -13.4926 13.4712 9
      vertex -13.774 13.3858 1.2
      vertex -13.4926 13.4712 1.2
    endloop
  endfacet
  facet normal -0.995191 -0.0979545 -1.11832e-19
    outer loop
      vertex 14.7 12 1.2
      vertex 14.6712 12.2926 9
      vertex 14.6712 12.2926 1.2
    endloop
  endfacet
  facet normal -0.995191 -0.0979545 -1.11832e-19
    outer loop
      vertex 14.6712 12.2926 9
      vertex 14.7 12 1.2
      vertex 14.7 12 9
    endloop
  endfacet
  facet normal 0 0 1
    outer loop
      vertex -9.25 -10.3781 1.2
      vertex -9.2853 -10.3253 1.2
      vertex -9.25 -11 1.2
    endloop
  endfacet
  facet normal 0 0 1
    outer loop
      vertex 14.6712 11.7074 1.2
      vertex 12.7853 10.3253 1.2
      vertex 12.85 10 1.2
    endloop
  endfacet
  facet normal 0 0 1
    outer loop
      vertex 14.6712 11.7074 1.2
      vertex 12.601 10.601 1.2
      vertex 12.7853 10.3253 1.2
    endloop
  endfacet
  facet normal 0 0 1
    outer loop
      vertex 14.6712 11.7074 1.2
      vertex 12.3253 10.7853 1.2
      vertex 12.601 10.601 1.2
    endloop
  endfacet
  facet normal 0 0 1
    outer loop
      vertex 13.2 13.5 1.2
      vertex 12 10.85 1.2
      vertex 12.3253 10.7853 1.2
    endloop
  endfacet
  facet normal 0 0 1
    outer loop
      vertex 13.2 13.5 1.2
      vertex 11.6747 10.7853 1.2
      vertex 12 10.85 1.2
    endloop
  endfacet
  facet normal -0 0 1
    outer loop
      vertex 9.25 11 1.2
      vertex 11.6747 10.7853 1.2
      vertex 13.2 13.5 1.2
    endloop
  endfacet
  facet normal 0 0 1
    outer loop
      vertex 11.6747 10.7853 1.2
      vertex 9.25 11 1.2
      vertex 11.399 10.601 1.2
    endloop
  endfacet
  facet normal 0 0 1
    outer loop
      vertex 11.1712 -12.2926 1.2
      vertex 10.9472 -12.8334 1.2
      vertex 11.0858 -12.574 1.2
    endloop
  endfacet
  facet normal 0 0 1
    outer loop
      vertex 11.2147 9.67472 1.2
      vertex 9.2853 -9.67472 1.2
      vertex 10.9472 -12.8334 1.2
    endloop
  endfacet
  facet normal -0 -0 1
    outer loop
      vertex 9.35 -10 1.2
      vertex 10.9472 -12.8334 1.2
      vertex 9.2853 -9.67472 1.2
    endloop
  endfacet
  facet normal -0 0 1
    outer loop
      vertex 9.2853 -10.3253 1.2
      vertex 10.9472 -12.8334 1.2
      vertex 9.35 -10 1.2
    endloop
  endfacet
  facet normal -0 0 1
    outer loop
      vertex 9.25 -11 1.2
      vertex 10.9472 -12.8334 1.2
      vertex 9.2853 -10.3253 1.2
    endloop
  endfacet
  facet normal 0 0 1
    outer loop
      vertex 10.5334 -13.2472 1.2
      vertex 9.25 -11 1.2
      vertex 10.274 -13.3858 1.2
    endloop
  endfacet
  facet normal 0 0 1
    outer loop
      vertex 10.274 -13.3858 1.2
      vertex 9.25 -11 1.2
      vertex 9.99263 -13.4712 1.2
    endloop
  endfacet
  facet normal 0 0 1
    outer loop
      vertex 10.9472 -12.8334 1.2
      vertex 9.25 -11 1.2
      vertex 10.7607 -13.0607 1.2
    endloop
  endfacet
  facet normal 0 0 1
    outer loop
      vertex 11.2147 9.67472 1.2
      vertex 9.25 11 1.2
      vertex 9.25 -9.62189 1.2
    endloop
  endfacet
  facet normal 0 0 1
    outer loop
      vertex 11.2147 10.3253 1.2
      vertex 9.25 11 1.2
      vertex 11.15 10 1.2
    endloop
  endfacet
  facet normal 0 0 1
    outer loop
      vertex 11.399 10.601 1.2
      vertex 9.25 11 1.2
      vertex 11.2147 10.3253 1.2
    endloop
  endfacet
  facet normal 0 0 1
    outer loop
      vertex 13.2 13.5 1.2
      vertex -9.25 11 1.2
      vertex 9.25 11 1.2
    endloop
  endfacet
  facet normal -0 0 1
    outer loop
      vertex -11.399 9.39896 1.2
      vertex -9.25 -9.62189 1.2
      vertex -9.25 11 1.2
    endloop
  endfacet
  facet normal -0 0 1
    outer loop
      vertex -11.6747 9.2147 1.2
      vertex -9.25 -9.62189 1.2
      vertex -11.399 9.39896 1.2
    endloop
  endfacet
  facet normal -0 0 1
    outer loop
      vertex -12 9.15 1.2
      vertex -9.25 -9.62189 1.2
      vertex -11.6747 9.2147 1.2
    endloop
  endfacet
  facet normal 0 0 1
    outer loop
      vertex -9.35 -10 1.2
      vertex -11.1712 -12.2926 1.2
      vertex -9.7 -13.5 1.2
    endloop
  endfacet
  facet normal 0 0 1
    outer loop
      vertex -9.7 -13.5 1.2
      vertex -11.1712 -12.2926 1.2
      vertex -9.99263 -13.4712 1.2
    endloop
  endfacet
  facet normal 0 0 1
    outer loop
      vertex -9.99263 -13.4712 1.2
      vertex -11.1712 -12.2926 1.2
      vertex -10.274 -13.3858 1.2
    endloop
  endfacet
  facet normal 0 0 1
    outer loop
      vertex -10.274 -13.3858 1.2
      vertex -11.1712 -12.2926 1.2
      vertex -10.5334 -13.2472 1.2
    endloop
  endfacet
  facet normal 0 0 1
    outer loop
      vertex -10.5334 -13.2472 1.2
      vertex -11.1712 -12.2926 1.2
      vertex -10.7607 -13.0607 1.2
    endloop
  endfacet
  facet normal 0 0 1
    outer loop
      vertex -10.7607 -13.0607 1.2
      vertex -11.1712 -12.2926 1.2
      vertex -10.9472 -12.8334 1.2
    endloop
  endfacet
  facet normal 0 0 1
    outer loop
      vertex -11.2147 9.67472 1.2
      vertex -9.25 11 1.2
      vertex -11.15 10 1.2
    endloop
  endfacet
  facet normal 0 0 1
    outer loop
      vertex -9.25 11 1.2
      vertex -11.2147 10.3253 1.2
      vertex -11.15 10 1.2
    endloop
  endfacet
  facet normal 0 0 1
    outer loop
      vertex -9.25 11 1.2
      vertex -11.399 10.601 1.2
      vertex -11.2147 10.3253 1.2
    endloop
  endfacet
  facet normal 0 0 1
    outer loop
      vertex -9.25 11 1.2
      vertex -11.6747 10.7853 1.2
      vertex -11.399 10.601 1.2
    endloop
  endfacet
  facet normal -0 0 1
    outer loop
      vertex -13.2 13.5 1.2
      vertex -9.25 11 1.2
      vertex 13.2 13.5 1.2
    endloop
  endfacet
  facet normal 0 0 1
    outer loop
      vertex -9.25 11 1.2
      vertex -13.2 13.5 1.2
      vertex -11.6747 10.7853 1.2
    endloop
  endfacet
  facet normal 0 0 1
    outer loop
      vertex -12.601 10.601 1.2
      vertex -14.6712 11.7074 1.2
      vertex -12.7853 10.3253 1.2
    endloop
  endfacet
  facet normal 0 0 1
    outer loop
      vertex -12.3253 10.7853 1.2
      vertex -14.6712 11.7074 1.2
      vertex -12.601 10.601 1.2
    endloop
  endfacet
  facet normal -0 0 1
    outer loop
      vertex -14.6712 11.7074 1.2
      vertex -12.3253 10.7853 1.2
      vertex -13.2 13.5 1.2
    endloop
  endfacet
  facet normal 0 0 1
    outer loop
      vertex -12 10.85 1.2
      vertex -13.2 13.5 1.2
      vertex -12.3253 10.7853 1.2
    endloop
  endfacet
  facet normal 0 0 1
    outer loop
      vertex -11.6747 10.7853 1.2
      vertex -13.2 13.5 1.2
      vertex -12 10.85 1.2
    endloop
  endfacet
  facet normal 0 0 1
    outer loop
      vertex 14.6712 12.2926 1.2
      vertex 14.6712 11.7074 1.2
      vertex 14.7 12 1.2
    endloop
  endfacet
  facet normal 0 0 1
    outer loop
      vertex 14.5858 12.574 1.2
      vertex 14.6712 11.7074 1.2
      vertex 14.6712 12.2926 1.2
    endloop
  endfacet
  facet normal 0 0 1
    outer loop
      vertex 14.4472 12.8334 1.2
      vertex 14.6712 11.7074 1.2
      vertex 14.5858 12.574 1.2
    endloop
  endfacet
  facet normal 0 0 1
    outer loop
      vertex 14.2607 13.0607 1.2
      vertex 14.6712 11.7074 1.2
      vertex 14.4472 12.8334 1.2
    endloop
  endfacet
  facet normal 0 0 1
    outer loop
      vertex 14.0334 13.2472 1.2
      vertex 14.6712 11.7074 1.2
      vertex 14.2607 13.0607 1.2
    endloop
  endfacet
  facet normal 0 0 1
    outer loop
      vertex 13.774 13.3858 1.2
      vertex 14.6712 11.7074 1.2
      vertex 14.0334 13.2472 1.2
    endloop
  endfacet
  facet normal 0 0 1
    outer loop
      vertex 13.4926 13.4712 1.2
      vertex 14.6712 11.7074 1.2
      vertex 13.774 13.3858 1.2
    endloop
  endfacet
  facet normal 0 0 1
    outer loop
      vertex 13.2 13.5 1.2
      vertex 14.6712 11.7074 1.2
      vertex 13.4926 13.4712 1.2
    endloop
  endfacet
  facet normal 0 0 1
    outer loop
      vertex 12.3253 10.7853 1.2
      vertex 14.6712 11.7074 1.2
      vertex 13.2 13.5 1.2
    endloop
  endfacet
  facet normal 0 0 1
    outer loop
      vertex 12.7853 9.67472 1.2
      vertex 14.6712 11.7074 1.2
      vertex 12.85 10 1.2
    endloop
  endfacet
  facet normal 0 0 1
    outer loop
      vertex 12.601 9.39896 1.2
      vertex 14.6712 11.7074 1.2
      vertex 12.7853 9.67472 1.2
    endloop
  endfacet
  facet normal -0 0 1
    outer loop
      vertex 12.601 9.39896 1.2
      vertex 11.1712 -12.2926 1.2
      vertex 14.6712 11.7074 1.2
    endloop
  endfacet
  facet normal -0 0 1
    outer loop
      vertex 12.3253 9.2147 1.2
      vertex 11.1712 -12.2926 1.2
      vertex 12.601 9.39896 1.2
    endloop
  endfacet
  facet normal -0 0 1
    outer loop
      vertex 12 9.15 1.2
      vertex 11.1712 -12.2926 1.2
      vertex 12.3253 9.2147 1.2
    endloop
  endfacet
  facet normal 0 0 1
    outer loop
      vertex 11.6747 9.2147 1.2
      vertex 11.1712 -12.2926 1.2
      vertex 12 9.15 1.2
    endloop
  endfacet
  facet normal 0 0 1
    outer loop
      vertex 11.399 9.39896 1.2
      vertex 11.1712 -12.2926 1.2
      vertex 11.6747 9.2147 1.2
    endloop
  endfacet
  facet normal 0 0 1
    outer loop
      vertex 11.2147 9.67472 1.2
      vertex 11.1712 -12.2926 1.2
      vertex 11.399 9.39896 1.2
    endloop
  endfacet
  facet normal 0 0 1
    outer loop
      vertex 9.25 11 1.2
      vertex 11.2147 9.67472 1.2
      vertex 11.15 10 1.2
    endloop
  endfacet
  facet normal 0 0 1
    outer loop
      vertex 10.9472 -12.8334 1.2
      vertex 11.1712 -12.2926 1.2
      vertex 11.2147 9.67472 1.2
    endloop
  endfacet
  facet normal 0 0 1
    outer loop
      vertex 10.7607 -13.0607 1.2
      vertex 9.25 -11 1.2
      vertex 10.5334 -13.2472 1.2
    endloop
  endfacet
  facet normal 0 0 1
    outer loop
      vertex 9.25 -11 1.2
      vertex 9.2853 -10.3253 1.2
      vertex 9.25 -10.3781 1.2
    endloop
  endfacet
  facet normal 0 0 1
    outer loop
      vertex 9.99263 -13.4712 1.2
      vertex 9.25 -11 1.2
      vertex 9.7 -13.5 1.2
    endloop
  endfacet
  facet normal -0 0 1
    outer loop
      vertex -9.25 -11 1.2
      vertex 9.7 -13.5 1.2
      vertex 9.25 -11 1.2
    endloop
  endfacet
  facet normal 0 0 1
    outer loop
      vertex -9.35 -10 1.2
      vertex -9.25 -11 1.2
      vertex -9.2853 -10.3253 1.2
    endloop
  endfacet
  facet normal 0 0 1
    outer loop
      vertex -9.25 -11 1.2
      vertex -9.7 -13.5 1.2
      vertex 9.7 -13.5 1.2
    endloop
  endfacet
  facet normal 0 0 1
    outer loop
      vertex -9.7 -13.5 1.2
      vertex -9.25 -11 1.2
      vertex -9.35 -10 1.2
    endloop
  endfacet
  facet normal 0 0 1
    outer loop
      vertex 11.2147 9.67472 1.2
      vertex 9.25 -9.62189 1.2
      vertex 9.2853 -9.67472 1.2
    endloop
  endfacet
  facet normal 0 0 1
    outer loop
      vertex -11.399 9.39896 1.2
      vertex -9.25 11 1.2
      vertex -11.2147 9.67472 1.2
    endloop
  endfacet
  facet normal 0 0 1
    outer loop
      vertex -10.9472 -12.8334 1.2
      vertex -11.1712 -12.2926 1.2
      vertex -11.0858 -12.574 1.2
    endloop
  endfacet
  facet normal 0 0 1
    outer loop
      vertex -12.3253 9.2147 1.2
      vertex -9.25 -9.62189 1.2
      vertex -12 9.15 1.2
    endloop
  endfacet
  facet normal 0 0 1
    outer loop
      vertex -12.601 9.39896 1.2
      vertex -9.25 -9.62189 1.2
      vertex -12.3253 9.2147 1.2
    endloop
  endfacet
  facet normal 0 0 1
    outer loop
      vertex -9.25 -9.62189 1.2
      vertex -12.601 9.39896 1.2
      vertex -9.2853 -9.67472 1.2
    endloop
  endfacet
  facet normal 0 -0 1
    outer loop
      vertex -11.1712 -12.2926 1.2
      vertex -9.2853 -9.67472 1.2
      vertex -12.601 9.39896 1.2
    endloop
  endfacet
  facet normal 0 0 1
    outer loop
      vertex -9.2853 -9.67472 1.2
      vertex -11.1712 -12.2926 1.2
      vertex -9.35 -10 1.2
    endloop
  endfacet
  facet normal 0 0 1
    outer loop
      vertex -14.6712 11.7074 1.2
      vertex -12.601 9.39896 1.2
      vertex -12.7853 9.67472 1.2
    endloop
  endfacet
  facet normal 0 0 1
    outer loop
      vertex -14.6712 11.7074 1.2
      vertex -12.7853 9.67472 1.2
      vertex -12.85 10 1.2
    endloop
  endfacet
  facet normal 0 0 1
    outer loop
      vertex -12.7853 10.3253 1.2
      vertex -14.6712 11.7074 1.2
      vertex -12.85 10 1.2
    endloop
  endfacet
  facet normal 0 0 1
    outer loop
      vertex -14.6712 11.7074 1.2
      vertex -13.2 13.5 1.2
      vertex -13.4926 13.4712 1.2
    endloop
  endfacet
  facet normal 0 0 1
    outer loop
      vertex -14.6712 11.7074 1.2
      vertex -13.4926 13.4712 1.2
      vertex -13.774 13.3858 1.2
    endloop
  endfacet
  facet normal 0 0 1
    outer loop
      vertex -14.6712 11.7074 1.2
      vertex -13.774 13.3858 1.2
      vertex -14.0334 13.2472 1.2
    endloop
  endfacet
  facet normal 0 0 1
    outer loop
      vertex -14.6712 11.7074 1.2
      vertex -14.0334 13.2472 1.2
      vertex -14.2607 13.0607 1.2
    endloop
  endfacet
  facet normal 0 0 1
    outer loop
      vertex -14.6712 11.7074 1.2
      vertex -14.2607 13.0607 1.2
      vertex -14.4472 12.8334 1.2
    endloop
  endfacet
  facet normal 0 0 1
    outer loop
      vertex -14.6712 11.7074 1.2
      vertex -14.4472 12.8334 1.2
      vertex -14.5858 12.574 1.2
    endloop
  endfacet
  facet normal 0 0 1
    outer loop
      vertex -14.6712 11.7074 1.2
      vertex -14.5858 12.574 1.2
      vertex -14.6712 12.2926 1.2
    endloop
  endfacet
  facet normal 0 0 1
    outer loop
      vertex -12.601 9.39896 1.2
      vertex -14.6712 11.7074 1.2
      vertex -11.1712 -12.2926 1.2
    endloop
  endfacet
  facet normal 0 -0 1
    outer loop
      vertex -14.6712 11.7074 1.2
      vertex -14.6712 12.2926 1.2
      vertex -14.7 12 1.2
    endloop
  endfacet
  facet normal -1 0 0
    outer loop
      vertex 9.25 -9.62189 1.1
      vertex 9.25 11 1.2
      vertex 9.25 11 1.1
    endloop
  endfacet
  facet normal -1 -0 0
    outer loop
      vertex 9.25 11 1.2
      vertex 9.25 -9.62189 1.1
      vertex 9.25 -9.62189 1.2
    endloop
  endfacet
  facet normal -1 0 0
    outer loop
      vertex 9.25 -11 1.1
      vertex 9.25 -10.3781 1.2
      vertex 9.25 -10.3781 1.1
    endloop
  endfacet
  facet normal -1 -0 0
    outer loop
      vertex 9.25 -10.3781 1.2
      vertex 9.25 -11 1.1
      vertex 9.25 -11 1.2
    endloop
  endfacet
  facet normal 0 0 1
    outer loop
      vertex 9.25 11 1.1
      vertex 9.10104 -9.39896 1.1
      vertex 9.25 -9.62189 1.1
    endloop
  endfacet
  facet normal 0 0 1
    outer loop
      vertex 9.25 11 1.1
      vertex 8.82528 -9.2147 1.1
      vertex 9.10104 -9.39896 1.1
    endloop
  endfacet
  facet normal 0 0 1
    outer loop
      vertex 9.25 11 1.1
      vertex 8.5 -9.15 1.1
      vertex 8.82528 -9.2147 1.1
    endloop
  endfacet
  facet normal 0 0 1
    outer loop
      vertex 9.25 11 1.1
      vertex 8.17472 -9.2147 1.1
      vertex 8.5 -9.15 1.1
    endloop
  endfacet
  facet normal 0 0 1
    outer loop
      vertex 9.25 11 1.1
      vertex 7.89896 -9.39896 1.1
      vertex 8.17472 -9.2147 1.1
    endloop
  endfacet
  facet normal 0 0 1
    outer loop
      vertex -7.89896 -9.39896 1.1
      vertex 7.89896 -9.39896 1.1
      vertex 9.25 11 1.1
    endloop
  endfacet
  facet normal 0 0 1
    outer loop
      vertex 7.89896 -9.39896 1.1
      vertex -7.89896 -9.39896 1.1
      vertex 7.7147 -9.67472 1.1
    endloop
  endfacet
  facet normal 0 -0 1
    outer loop
      vertex -7.7147 -9.67472 1.1
      vertex 7.7147 -9.67472 1.1
      vertex -7.89896 -9.39896 1.1
    endloop
  endfacet
  facet normal 0 0 1
    outer loop
      vertex 7.65 -10 1.1
      vertex -7.7147 -9.67472 1.1
      vertex -7.65 -10 1.1
    endloop
  endfacet
  facet normal 0 0 1
    outer loop
      vertex 7.7147 -9.67472 1.1
      vertex -7.7147 -9.67472 1.1
      vertex 7.65 -10 1.1
    endloop
  endfacet
  facet normal -0 0 1
    outer loop
      vertex -9.25 11 1.1
      vertex -7.89896 -9.39896 1.1
      vertex 9.25 11 1.1
    endloop
  endfacet
  facet normal 0 0 1
    outer loop
      vertex -7.89896 -9.39896 1.1
      vertex -9.25 11 1.1
      vertex -8.17472 -9.2147 1.1
    endloop
  endfacet
  facet normal 0 0 1
    outer loop
      vertex -8.17472 -9.2147 1.1
      vertex -9.25 11 1.1
      vertex -8.5 -9.15 1.1
    endloop
  endfacet
  facet normal 0 0 1
    outer loop
      vertex -8.5 -9.15 1.1
      vertex -9.25 11 1.1
      vertex -8.82528 -9.2147 1.1
    endloop
  endfacet
  facet normal 0 0 1
    outer loop
      vertex -8.82528 -9.2147 1.1
      vertex -9.25 11 1.1
      vertex -9.10104 -9.39896 1.1
    endloop
  endfacet
  facet normal 0 0 1
    outer loop
      vertex -9.10104 -9.39896 1.1
      vertex -9.25 11 1.1
      vertex -9.25 -9.62189 1.1
    endloop
  endfacet
  facet normal -0 0 1
    outer loop
      vertex 9.10104 -10.601 1.1
      vertex 9.25 -11 1.1
      vertex 9.25 -10.3781 1.1
    endloop
  endfacet
  facet normal -0 0 1
    outer loop
      vertex 8.82528 -10.7853 1.1
      vertex 9.25 -11 1.1
      vertex 9.10104 -10.601 1.1
    endloop
  endfacet
  facet normal -0 0 1
    outer loop
      vertex 8.5 -10.85 1.1
      vertex 9.25 -11 1.1
      vertex 8.82528 -10.7853 1.1
    endloop
  endfacet
  facet normal -0 0 1
    outer loop
      vertex -8.17472 -10.7853 1.1
      vertex 8.5 -10.85 1.1
      vertex 8.17472 -10.7853 1.1
    endloop
  endfacet
  facet normal -0 0 1
    outer loop
      vertex -7.65 -10 1.1
      vertex 7.7147 -10.3253 1.1
      vertex 7.65 -10 1.1
    endloop
  endfacet
  facet normal 0 0 1
    outer loop
      vertex -7.7147 -10.3253 1.1
      vertex 7.7147 -10.3253 1.1
      vertex -7.65 -10 1.1
    endloop
  endfacet
  facet normal 0 0 1
    outer loop
      vertex 7.7147 -10.3253 1.1
      vertex -7.7147 -10.3253 1.1
      vertex 7.89896 -10.601 1.1
    endloop
  endfacet
  facet normal 0 0 1
    outer loop
      vertex -7.89896 -10.601 1.1
      vertex 7.89896 -10.601 1.1
      vertex -7.7147 -10.3253 1.1
    endloop
  endfacet
  facet normal 0 0 1
    outer loop
      vertex 7.89896 -10.601 1.1
      vertex -7.89896 -10.601 1.1
      vertex 8.17472 -10.7853 1.1
    endloop
  endfacet
  facet normal 0 0 1
    outer loop
      vertex -8.17472 -10.7853 1.1
      vertex 8.17472 -10.7853 1.1
      vertex -7.89896 -10.601 1.1
    endloop
  endfacet
  facet normal 0 0 1
    outer loop
      vertex -8.5 -10.85 1.1
      vertex 8.5 -10.85 1.1
      vertex -8.17472 -10.7853 1.1
    endloop
  endfacet
  facet normal 0 0 1
    outer loop
      vertex 8.5 -10.85 1.1
      vertex -8.5 -10.85 1.1
      vertex 9.25 -11 1.1
    endloop
  endfacet
  facet normal 0 0 1
    outer loop
      vertex -8.5 -10.85 1.1
      vertex -9.25 -11 1.1
      vertex 9.25 -11 1.1
    endloop
  endfacet
  facet normal 0 0 1
    outer loop
      vertex -8.82528 -10.7853 1.1
      vertex -9.25 -11 1.1
      vertex -8.5 -10.85 1.1
    endloop
  endfacet
  facet normal 0 0 1
    outer loop
      vertex -9.10104 -10.601 1.1
      vertex -9.25 -11 1.1
      vertex -8.82528 -10.7853 1.1
    endloop
  endfacet
  facet normal 0 0 1
    outer loop
      vertex -9.25 -11 1.1
      vertex -9.10104 -10.601 1.1
      vertex -9.25 -10.3781 1.1
    endloop
  endfacet
  facet normal 1 -0 0
    outer loop
      vertex -9.25 -11 1.2
      vertex -9.25 -10.3781 1.1
      vertex -9.25 -10.3781 1.2
    endloop
  endfacet
  facet normal 1 0 0
    outer loop
      vertex -9.25 -10.3781 1.1
      vertex -9.25 -11 1.2
      vertex -9.25 -11 1.1
    endloop
  endfacet
  facet normal 1 -0 0
    outer loop
      vertex -9.25 -9.62189 1.2
      vertex -9.25 11 1.1
      vertex -9.25 11 1.2
    endloop
  endfacet
  facet normal 1 0 0
    outer loop
      vertex -9.25 11 1.1
      vertex -9.25 -9.62189 1.2
      vertex -9.25 -9.62189 1.1
    endloop
  endfacet
  facet normal 0 -1 0
    outer loop
      vertex -9.25 11 1.1
      vertex 9.25 11 1.2
      vertex -9.25 11 1.2
    endloop
  endfacet
  facet normal 0 -1 -0
    outer loop
      vertex 9.25 11 1.2
      vertex -9.25 11 1.1
      vertex 9.25 11 1.1
    endloop
  endfacet
  facet normal 0 1 -0
    outer loop
      vertex 9.25 -11 1.1
      vertex -9.25 -11 1.2
      vertex 9.25 -11 1.2
    endloop
  endfacet
  facet normal 0 1 0
    outer loop
      vertex -9.25 -11 1.2
      vertex 9.25 -11 1.1
      vertex -9.25 -11 1.1
    endloop
  endfacet
  facet normal -1 0 0
    outer loop
      vertex 4.5 13.5 1.7
      vertex 4.5 15 5.7
      vertex 4.5 15 1.7
    endloop
  endfacet
  facet normal -1 -0 0
    outer loop
      vertex 4.5 15 5.7
      vertex 4.5 13.5 1.7
      vertex 4.5 13.5 5.7
    endloop
  endfacet
  facet normal 0 0 -1
    outer loop
      vertex -4.5 13.5 5.7
      vertex 4.5 15 5.7
      vertex 4.5 13.5 5.7
    endloop
  endfacet
  facet normal -0 0 -1
    outer loop
      vertex 4.5 15 5.7
      vertex -4.5 13.5 5.7
      vertex -4.5 15 5.7
    endloop
  endfacet
  facet normal -0 0 1
    outer loop
      vertex -4.5 15 1.7
      vertex 4.5 13.5 1.7
      vertex 4.5 15 1.7
    endloop
  endfacet
  facet normal 0 0 1
    outer loop
      vertex 4.5 13.5 1.7
      vertex -4.5 15 1.7
      vertex -4.5 13.5 1.7
    endloop
  endfacet
  facet normal 1 -0 0
    outer loop
      vertex -4.5 13.5 5.7
      vertex -4.5 15 1.7
      vertex -4.5 15 5.7
    endloop
  endfacet
  facet normal 1 0 0
    outer loop
      vertex -4.5 15 1.7
      vertex -4.5 13.5 5.7
      vertex -4.5 13.5 1.7
    endloop
  endfacet
  facet normal 0 1 -0
    outer loop
      vertex 6.5 -10 0
      vertex -6.5 -10 0.9
      vertex 6.5 -10 0.9
    endloop
  endfacet
  facet normal 0 1 0
    outer loop
      vertex -6.5 -10 0.9
      vertex 6.5 -10 0
      vertex -6.5 -10 0
    endloop
  endfacet
  facet normal 0.991457 0.130435 2.07772e-18
    outer loop
      vertex -11.9319 7.48236 0.9
      vertex -12 8 0
      vertex -12 8 0.9
    endloop
  endfacet
  facet normal 0.991457 0.130435 2.07772e-18
    outer loop
      vertex -12 8 0
      vertex -11.9319 7.48236 0.9
      vertex -11.9319 7.48236 0
    endloop
  endfacet
  facet normal -0.130539 -0.991443 0
    outer loop
      vertex 10 10 0
      vertex 10.5176 9.93185 0.9
      vertex 10 10 0.9
    endloop
  endfacet
  facet normal -0.130539 -0.991443 -0
    outer loop
      vertex 10.5176 9.93185 0.9
      vertex 10 10 0
      vertex 10.5176 9.93185 0
    endloop
  endfacet
  facet normal 0.793422 -0.608672 5.69799e-18
    outer loop
      vertex -11.732 9 0.9
      vertex -11.4543 9.36199 0
      vertex -11.4543 9.36199 0.9
    endloop
  endfacet
  facet normal 0.793422 -0.608672 5.69799e-18
    outer loop
      vertex -11.4543 9.36199 0
      vertex -11.732 9 0.9
      vertex -11.732 9 0
    endloop
  endfacet
  facet normal 0 -1 0
    outer loop
      vertex -10 10 0
      vertex 10 10 0.9
      vertex -10 10 0.9
    endloop
  endfacet
  facet normal 0 -1 -0
    outer loop
      vertex 10 10 0.9
      vertex -10 10 0
      vertex 10 10 0
    endloop
  endfacet
  facet normal 0.923812 -0.382847 1.6127e-18
    outer loop
      vertex -11.9319 8.51764 0.9
      vertex -11.732 9 0
      vertex -11.732 9 0.9
    endloop
  endfacet
  facet normal 0.923812 -0.382847 1.6127e-18
    outer loop
      vertex -11.732 9 0
      vertex -11.9319 8.51764 0.9
      vertex -11.9319 8.51764 0
    endloop
  endfacet
  facet normal 0.382656 -0.923891 0
    outer loop
      vertex -11 9.73205 0
      vertex -10.5176 9.93185 0.9
      vertex -11 9.73205 0.9
    endloop
  endfacet
  facet normal 0.382656 -0.923891 0
    outer loop
      vertex -10.5176 9.93185 0.9
      vertex -11 9.73205 0
      vertex -10.5176 9.93185 0
    endloop
  endfacet
  facet normal 0.976899 0.2137 0
    outer loop
      vertex -8.43185 -8.51764 0.9
      vertex -11.9319 7.48236 0
      vertex -11.9319 7.48236 0.9
    endloop
  endfacet
  facet normal 0.976899 0.2137 0
    outer loop
      vertex -11.9319 7.48236 0
      vertex -8.43185 -8.51764 0.9
      vertex -8.43185 -8.51764 0
    endloop
  endfacet
  facet normal 0.608758 -0.793356 0
    outer loop
      vertex -11.362 9.45428 0
      vertex -11 9.73205 0.9
      vertex -11.362 9.45428 0.9
    endloop
  endfacet
  facet normal 0.608758 -0.793356 0
    outer loop
      vertex -11 9.73205 0.9
      vertex -11.362 9.45428 0
      vertex -11 9.73205 0
    endloop
  endfacet
  facet normal 0.991457 -0.130435 -2.07772e-18
    outer loop
      vertex -12 8 0.9
      vertex -11.9319 8.51764 0
      vertex -11.9319 8.51764 0.9
    endloop
  endfacet
  facet normal 0.991457 -0.130435 -2.07772e-18
    outer loop
      vertex -11.9319 8.51764 0
      vertex -12 8 0.9
      vertex -12 8 0
    endloop
  endfacet
  facet normal 0.130529 0.991445 -0
    outer loop
      vertex -6.5 -10 0
      vertex -7.01764 -9.93185 0.9
      vertex -6.5 -10 0.9
    endloop
  endfacet
  facet normal 0.130529 0.991445 0
    outer loop
      vertex -7.01764 -9.93185 0.9
      vertex -6.5 -10 0
      vertex -7.01764 -9.93185 0
    endloop
  endfacet
  facet normal -0.130529 0.991445 0
    outer loop
      vertex 7.01764 -9.93185 0
      vertex 6.5 -10 0.9
      vertex 7.01764 -9.93185 0.9
    endloop
  endfacet
  facet normal -0.130529 0.991445 0
    outer loop
      vertex 6.5 -10 0.9
      vertex 7.01764 -9.93185 0
      vertex 6.5 -10 0
    endloop
  endfacet
  facet normal -0.382656 -0.923891 0
    outer loop
      vertex 10.5176 9.93185 0
      vertex 11 9.73205 0.9
      vertex 10.5176 9.93185 0.9
    endloop
  endfacet
  facet normal -0.382656 -0.923891 -0
    outer loop
      vertex 11 9.73205 0.9
      vertex 10.5176 9.93185 0
      vertex 11 9.73205 0
    endloop
  endfacet
  facet normal 0.92388 0.382683 9.92431e-18
    outer loop
      vertex -8.23205 -9 0.9
      vertex -8.43185 -8.51764 0
      vertex -8.43185 -8.51764 0.9
    endloop
  endfacet
  facet normal 0.92388 0.382683 9.92431e-18
    outer loop
      vertex -8.43185 -8.51764 0
      vertex -8.23205 -9 0.9
      vertex -8.23205 -9 0
    endloop
  endfacet
  facet normal -0.923812 -0.382847 -1.6127e-18
    outer loop
      vertex 11.9319 8.51764 0
      vertex 11.732 9 0.9
      vertex 11.732 9 0
    endloop
  endfacet
  facet normal -0.923812 -0.382847 -1.6127e-18
    outer loop
      vertex 11.732 9 0.9
      vertex 11.9319 8.51764 0
      vertex 11.9319 8.51764 0.9
    endloop
  endfacet
  facet normal 0.793348 0.608769 6.20319e-18
    outer loop
      vertex -7.95428 -9.36199 0.9
      vertex -8.23205 -9 0
      vertex -8.23205 -9 0.9
    endloop
  endfacet
  facet normal 0.793348 0.608769 6.20319e-18
    outer loop
      vertex -8.23205 -9 0
      vertex -7.95428 -9.36199 0.9
      vertex -7.95428 -9.36199 0
    endloop
  endfacet
  facet normal -0.382683 0.92388 0
    outer loop
      vertex 7.5 -9.73205 0
      vertex 7.01764 -9.93185 0.9
      vertex 7.5 -9.73205 0.9
    endloop
  endfacet
  facet normal -0.382683 0.92388 0
    outer loop
      vertex 7.01764 -9.93185 0.9
      vertex 7.5 -9.73205 0
      vertex 7.01764 -9.93185 0
    endloop
  endfacet
  facet normal 0.382683 0.92388 -0
    outer loop
      vertex -7.01764 -9.93185 0
      vertex -7.5 -9.73205 0.9
      vertex -7.01764 -9.93185 0.9
    endloop
  endfacet
  facet normal 0.382683 0.92388 0
    outer loop
      vertex -7.5 -9.73205 0.9
      vertex -7.01764 -9.93185 0
      vertex -7.5 -9.73205 0
    endloop
  endfacet
  facet normal -0.976899 0.2137 0
    outer loop
      vertex 8.43185 -8.51764 0
      vertex 11.9319 7.48236 0.9
      vertex 11.9319 7.48236 0
    endloop
  endfacet
  facet normal -0.976899 0.2137 0
    outer loop
      vertex 11.9319 7.48236 0.9
      vertex 8.43185 -8.51764 0
      vertex 8.43185 -8.51764 0.9
    endloop
  endfacet
  facet normal -0.793348 0.608769 -6.20319e-18
    outer loop
      vertex 7.95428 -9.36199 0
      vertex 8.23205 -9 0.9
      vertex 8.23205 -9 0
    endloop
  endfacet
  facet normal -0.793348 0.608769 -6.20319e-18
    outer loop
      vertex 8.23205 -9 0.9
      vertex 7.95428 -9.36199 0
      vertex 7.95428 -9.36199 0.9
    endloop
  endfacet
  facet normal 0.608769 0.793348 -0
    outer loop
      vertex -7.5 -9.73205 0
      vertex -7.86199 -9.45428 0.9
      vertex -7.5 -9.73205 0.9
    endloop
  endfacet
  facet normal 0.608769 0.793348 0
    outer loop
      vertex -7.86199 -9.45428 0.9
      vertex -7.5 -9.73205 0
      vertex -7.86199 -9.45428 0
    endloop
  endfacet
  facet normal 0.130539 -0.991443 0
    outer loop
      vertex -10.5176 9.93185 0
      vertex -10 10 0.9
      vertex -10.5176 9.93185 0.9
    endloop
  endfacet
  facet normal 0.130539 -0.991443 0
    outer loop
      vertex -10 10 0.9
      vertex -10.5176 9.93185 0
      vertex -10 10 0
    endloop
  endfacet
  facet normal -0.608769 0.793348 0
    outer loop
      vertex 7.86199 -9.45428 0
      vertex 7.5 -9.73205 0.9
      vertex 7.86199 -9.45428 0.9
    endloop
  endfacet
  facet normal -0.608769 0.793348 0
    outer loop
      vertex 7.5 -9.73205 0.9
      vertex 7.86199 -9.45428 0
      vertex 7.5 -9.73205 0
    endloop
  endfacet
  facet normal -0.991457 -0.130435 2.07772e-18
    outer loop
      vertex 12 8 0
      vertex 11.9319 8.51764 0.9
      vertex 11.9319 8.51764 0
    endloop
  endfacet
  facet normal -0.991457 -0.130435 2.07772e-18
    outer loop
      vertex 11.9319 8.51764 0.9
      vertex 12 8 0
      vertex 12 8 0.9
    endloop
  endfacet
  facet normal -0.793422 -0.608672 -5.69799e-18
    outer loop
      vertex 11.732 9 0
      vertex 11.4543 9.36199 0.9
      vertex 11.4543 9.36199 0
    endloop
  endfacet
  facet normal -0.793422 -0.608672 -5.69799e-18
    outer loop
      vertex 11.4543 9.36199 0.9
      vertex 11.732 9 0
      vertex 11.732 9 0.9
    endloop
  endfacet
  facet normal -0.991457 0.130435 -2.07772e-18
    outer loop
      vertex 11.9319 7.48236 0
      vertex 12 8 0.9
      vertex 12 8 0
    endloop
  endfacet
  facet normal -0.991457 0.130435 -2.07772e-18
    outer loop
      vertex 12 8 0.9
      vertex 11.9319 7.48236 0
      vertex 11.9319 7.48236 0.9
    endloop
  endfacet
  facet normal -0.608758 -0.793356 0
    outer loop
      vertex 11 9.73205 0
      vertex 11.362 9.45428 0.9
      vertex 11 9.73205 0.9
    endloop
  endfacet
  facet normal -0.608758 -0.793356 -0
    outer loop
      vertex 11.362 9.45428 0.9
      vertex 11 9.73205 0
      vertex 11.362 9.45428 0
    endloop
  endfacet
  facet normal -0.92388 0.382683 -9.92431e-18
    outer loop
      vertex 8.23205 -9 0
      vertex 8.43185 -8.51764 0.9
      vertex 8.43185 -8.51764 0
    endloop
  endfacet
  facet normal -0.92388 0.382683 -9.92431e-18
    outer loop
      vertex 8.43185 -8.51764 0.9
      vertex 8.23205 -9 0
      vertex 8.23205 -9 0.9
    endloop
  endfacet
  facet normal 0 0 -1
    outer loop
      vertex 11.399 9.39896 0.9
      vertex 12 8 0.9
      vertex 11.9319 7.48236 0.9
    endloop
  endfacet
  facet normal 0 0 -1
    outer loop
      vertex 12 8 0.9
      vertex 11.399 9.39896 0.9
      vertex 11.9319 8.51764 0.9
    endloop
  endfacet
  facet normal 0 0 -1
    outer loop
      vertex 11.9319 8.51764 0.9
      vertex 11.399 9.39896 0.9
      vertex 11.732 9 0.9
    endloop
  endfacet
  facet normal 0 0 -1
    outer loop
      vertex 11.732 9 0.9
      vertex 11.399 9.39896 0.9
      vertex 11.4543 9.36199 0.9
    endloop
  endfacet
  facet normal 0 0 -1
    outer loop
      vertex 10 10 0.9
      vertex 11.399 9.39896 0.9
      vertex 11.9319 7.48236 0.9
    endloop
  endfacet
  facet normal -0 -0 -1
    outer loop
      vertex 10.5176 9.93185 0.9
      vertex 11.399 9.39896 0.9
      vertex 10 10 0.9
    endloop
  endfacet
  facet normal 0 0 -1
    outer loop
      vertex 11.399 9.39896 0.9
      vertex 11 9.73205 0.9
      vertex 11.362 9.45428 0.9
    endloop
  endfacet
  facet normal -0 -0 -1
    outer loop
      vertex 11 9.73205 0.9
      vertex 11.399 9.39896 0.9
      vertex 10.5176 9.93185 0.9
    endloop
  endfacet
  facet normal 0 0 -1
    outer loop
      vertex 8.43185 -8.51764 0.9
      vertex 10 10 0.9
      vertex 11.9319 7.48236 0.9
    endloop
  endfacet
  facet normal 0 0 -1
    outer loop
      vertex 7.89896 -9.39896 0.9
      vertex 8.43185 -8.51764 0.9
      vertex 8.23205 -9 0.9
    endloop
  endfacet
  facet normal 0 0 -1
    outer loop
      vertex 7.89896 -9.39896 0.9
      vertex 8.23205 -9 0.9
      vertex 7.95428 -9.36199 0.9
    endloop
  endfacet
  facet normal 0 0 -1
    outer loop
      vertex 8.43185 -8.51764 0.9
      vertex 7.89896 -9.39896 0.9
      vertex 6.5 -10 0.9
    endloop
  endfacet
  facet normal 0 0 -1
    outer loop
      vertex 7.5 -9.73205 0.9
      vertex 7.89896 -9.39896 0.9
      vertex 7.86199 -9.45428 0.9
    endloop
  endfacet
  facet normal 0 0 -1
    outer loop
      vertex 7.89896 -9.39896 0.9
      vertex 7.5 -9.73205 0.9
      vertex 7.01764 -9.93185 0.9
    endloop
  endfacet
  facet normal 0 0 -1
    outer loop
      vertex 7.89896 -9.39896 0.9
      vertex 7.01764 -9.93185 0.9
      vertex 6.5 -10 0.9
    endloop
  endfacet
  facet normal 0 0 -1
    outer loop
      vertex -8.43185 -8.51764 0.9
      vertex 8.43185 -8.51764 0.9
      vertex 6.5 -10 0.9
    endloop
  endfacet
  facet normal 0 0 -1
    outer loop
      vertex -8.43185 -8.51764 0.9
      vertex 6.5 -10 0.9
      vertex -6.5 -10 0.9
    endloop
  endfacet
  facet normal 0 0 -1
    outer loop
      vertex -7.89896 -9.39896 0.9
      vertex -6.5 -10 0.9
      vertex -7.01764 -9.93185 0.9
    endloop
  endfacet
  facet normal 0 0 -1
    outer loop
      vertex -7.89896 -9.39896 0.9
      vertex -7.01764 -9.93185 0.9
      vertex -7.5 -9.73205 0.9
    endloop
  endfacet
  facet normal 0 0 -1
    outer loop
      vertex -7.89896 -9.39896 0.9
      vertex -7.5 -9.73205 0.9
      vertex -7.86199 -9.45428 0.9
    endloop
  endfacet
  facet normal 0 0 -1
    outer loop
      vertex -6.5 -10 0.9
      vertex -7.89896 -9.39896 0.9
      vertex -8.43185 -8.51764 0.9
    endloop
  endfacet
  facet normal 0 0 -1
    outer loop
      vertex -8.23205 -9 0.9
      vertex -7.89896 -9.39896 0.9
      vertex -7.95428 -9.36199 0.9
    endloop
  endfacet
  facet normal 0 0 -1
    outer loop
      vertex -7.89896 -9.39896 0.9
      vertex -8.23205 -9 0.9
      vertex -8.43185 -8.51764 0.9
    endloop
  endfacet
  facet normal 0 0 -1
    outer loop
      vertex 8.43185 -8.51764 0.9
      vertex -8.43185 -8.51764 0.9
      vertex 10 10 0.9
    endloop
  endfacet
  facet normal 0 0 -1
    outer loop
      vertex -8.43185 -8.51764 0.9
      vertex -10 10 0.9
      vertex 10 10 0.9
    endloop
  endfacet
  facet normal 0 0 -1
    outer loop
      vertex -11.9319 7.48236 0.9
      vertex -10 10 0.9
      vertex -8.43185 -8.51764 0.9
    endloop
  endfacet
  facet normal 0 -0 -1
    outer loop
      vertex -11.399 9.39896 0.9
      vertex -10 10 0.9
      vertex -11.9319 7.48236 0.9
    endloop
  endfacet
  facet normal 0 0 -1
    outer loop
      vertex -10 10 0.9
      vertex -11.399 9.39896 0.9
      vertex -10.5176 9.93185 0.9
    endloop
  endfacet
  facet normal 0 0 -1
    outer loop
      vertex -10.5176 9.93185 0.9
      vertex -11.399 9.39896 0.9
      vertex -11 9.73205 0.9
    endloop
  endfacet
  facet normal 0 0 -1
    outer loop
      vertex -11 9.73205 0.9
      vertex -11.399 9.39896 0.9
      vertex -11.362 9.45428 0.9
    endloop
  endfacet
  facet normal 0 0 -1
    outer loop
      vertex -12 8 0.9
      vertex -11.399 9.39896 0.9
      vertex -11.9319 7.48236 0.9
    endloop
  endfacet
  facet normal 0 -0 -1
    outer loop
      vertex -11.732 9 0.9
      vertex -11.399 9.39896 0.9
      vertex -11.9319 8.51764 0.9
    endloop
  endfacet
  facet normal 0 0 -1
    outer loop
      vertex -11.399 9.39896 0.9
      vertex -11.732 9 0.9
      vertex -11.4543 9.36199 0.9
    endloop
  endfacet
  facet normal 0 0 -1
    outer loop
      vertex -11.399 9.39896 0.9
      vertex -12 8 0.9
      vertex -11.9319 8.51764 0.9
    endloop
  endfacet
  facet normal 0.923812 0.382847 3.7199e-18
    outer loop
      vertex -10.2613 10.4659 4.2
      vertex -10.4412 10.9 1.2
      vertex -10.4412 10.9 4.2
    endloop
  endfacet
  facet normal 0.923812 0.382847 3.7199e-18
    outer loop
      vertex -10.4412 10.9 1.2
      vertex -10.2613 10.4659 4.2
      vertex -10.2613 10.4659 1.2
    endloop
  endfacet
  facet normal 0.991455 0.130449 -4.33723e-19
    outer loop
      vertex -10.2 10 4.2
      vertex -10.2613 10.4659 1.2
      vertex -10.2613 10.4659 4.2
    endloop
  endfacet
  facet normal 0.991455 0.130449 -4.33723e-19
    outer loop
      vertex -10.2613 10.4659 1.2
      vertex -10.2 10 4.2
      vertex -10.2 10 1.2
    endloop
  endfacet
  facet normal -0.608682 0.793414 0
    outer loop
      vertex -12.9 11.5588 1.2
      vertex -13.2728 11.2728 4.2
      vertex -12.9 11.5588 4.2
    endloop
  endfacet
  facet normal -0.608682 0.793414 0
    outer loop
      vertex -13.2728 11.2728 4.2
      vertex -12.9 11.5588 1.2
      vertex -13.2728 11.2728 1.2
    endloop
  endfacet
  facet normal -0.382847 0.923812 0
    outer loop
      vertex -12.4659 11.7387 1.2
      vertex -12.9 11.5588 4.2
      vertex -12.4659 11.7387 4.2
    endloop
  endfacet
  facet normal -0.382847 0.923812 0
    outer loop
      vertex -12.9 11.5588 4.2
      vertex -12.4659 11.7387 1.2
      vertex -12.9 11.5588 1.2
    endloop
  endfacet
  facet normal 0.608762 -0.793353 0
    outer loop
      vertex -11.1 8.44115 1.2
      vertex -10.7272 8.72721 4.2
      vertex -11.1 8.44115 4.2
    endloop
  endfacet
  facet normal 0.608762 -0.793353 0
    outer loop
      vertex -10.7272 8.72721 4.2
      vertex -11.1 8.44115 1.2
      vertex -10.7272 8.72721 1.2
    endloop
  endfacet
  facet normal 0.608682 0.793414 -0
    outer loop
      vertex -10.7272 11.2728 1.2
      vertex -11.1 11.5588 4.2
      vertex -10.7272 11.2728 4.2
    endloop
  endfacet
  facet normal 0.608682 0.793414 0
    outer loop
      vertex -11.1 11.5588 4.2
      vertex -10.7272 11.2728 1.2
      vertex -11.1 11.5588 1.2
    endloop
  endfacet
  facet normal -0.991455 0.130449 4.33723e-19
    outer loop
      vertex -13.8 10 1.2
      vertex -13.7387 10.4659 4.2
      vertex -13.7387 10.4659 1.2
    endloop
  endfacet
  facet normal -0.991455 0.130449 4.33723e-19
    outer loop
      vertex -13.7387 10.4659 4.2
      vertex -13.8 10 1.2
      vertex -13.8 10 4.2
    endloop
  endfacet
  facet normal -0.130512 -0.991447 0
    outer loop
      vertex -12.4659 8.26133 1.2
      vertex -12 8.2 4.2
      vertex -12.4659 8.26133 4.2
    endloop
  endfacet
  facet normal -0.130512 -0.991447 -0
    outer loop
      vertex -12 8.2 4.2
      vertex -12.4659 8.26133 1.2
      vertex -12 8.2 1.2
    endloop
  endfacet
  facet normal 0.130449 0.991455 -0
    outer loop
      vertex -11.5341 11.7387 1.2
      vertex -12 11.8 4.2
      vertex -11.5341 11.7387 4.2
    endloop
  endfacet
  facet normal 0.130449 0.991455 0
    outer loop
      vertex -12 11.8 4.2
      vertex -11.5341 11.7387 1.2
      vertex -12 11.8 1.2
    endloop
  endfacet
  facet normal 0.382847 0.923812 -0
    outer loop
      vertex -11.1 11.5588 1.2
      vertex -11.5341 11.7387 4.2
      vertex -11.1 11.5588 4.2
    endloop
  endfacet
  facet normal 0.382847 0.923812 0
    outer loop
      vertex -11.5341 11.7387 4.2
      vertex -11.1 11.5588 1.2
      vertex -11.5341 11.7387 1.2
    endloop
  endfacet
  facet normal -0.608762 -0.793353 0
    outer loop
      vertex -13.2728 8.72721 1.2
      vertex -12.9 8.44115 4.2
      vertex -13.2728 8.72721 4.2
    endloop
  endfacet
  facet normal -0.608762 -0.793353 -0
    outer loop
      vertex -12.9 8.44115 4.2
      vertex -13.2728 8.72721 1.2
      vertex -12.9 8.44115 1.2
    endloop
  endfacet
  facet normal 0.793414 0.608682 3.45239e-18
    outer loop
      vertex -10.4412 10.9 4.2
      vertex -10.7272 11.2728 1.2
      vertex -10.7272 11.2728 4.2
    endloop
  endfacet
  facet normal 0.793414 0.608682 3.45239e-18
    outer loop
      vertex -10.7272 11.2728 1.2
      vertex -10.4412 10.9 4.2
      vertex -10.4412 10.9 1.2
    endloop
  endfacet
  facet normal 0.793407 -0.608692 -2.20258e-19
    outer loop
      vertex -10.7272 8.72721 4.2
      vertex -10.4412 9.1 1.2
      vertex -10.4412 9.1 4.2
    endloop
  endfacet
  facet normal 0.793407 -0.608692 -2.20258e-19
    outer loop
      vertex -10.4412 9.1 1.2
      vertex -10.7272 8.72721 4.2
      vertex -10.7272 8.72721 1.2
    endloop
  endfacet
  facet normal 0.382701 -0.923872 0
    outer loop
      vertex -11.5341 8.26133 1.2
      vertex -11.1 8.44115 4.2
      vertex -11.5341 8.26133 4.2
    endloop
  endfacet
  facet normal 0.382701 -0.923872 0
    outer loop
      vertex -11.1 8.44115 4.2
      vertex -11.5341 8.26133 1.2
      vertex -11.1 8.44115 1.2
    endloop
  endfacet
  facet normal -0.793414 0.608682 -3.45239e-18
    outer loop
      vertex -13.5588 10.9 1.2
      vertex -13.2728 11.2728 4.2
      vertex -13.2728 11.2728 1.2
    endloop
  endfacet
  facet normal -0.793414 0.608682 -3.45239e-18
    outer loop
      vertex -13.2728 11.2728 4.2
      vertex -13.5588 10.9 1.2
      vertex -13.5588 10.9 4.2
    endloop
  endfacet
  facet normal -0.793407 -0.608692 2.20258e-19
    outer loop
      vertex -13.2728 8.72721 1.2
      vertex -13.5588 9.1 4.2
      vertex -13.5588 9.1 1.2
    endloop
  endfacet
  facet normal -0.793407 -0.608692 2.20258e-19
    outer loop
      vertex -13.5588 9.1 4.2
      vertex -13.2728 8.72721 1.2
      vertex -13.2728 8.72721 4.2
    endloop
  endfacet
  facet normal 0.991454 -0.130457 5.81367e-19
    outer loop
      vertex -10.2613 9.53413 4.2
      vertex -10.2 10 1.2
      vertex -10.2 10 4.2
    endloop
  endfacet
  facet normal 0.991454 -0.130457 5.81367e-19
    outer loop
      vertex -10.2 10 1.2
      vertex -10.2613 9.53413 4.2
      vertex -10.2613 9.53413 1.2
    endloop
  endfacet
  facet normal -0.130449 0.991455 0
    outer loop
      vertex -12 11.8 1.2
      vertex -12.4659 11.7387 4.2
      vertex -12 11.8 4.2
    endloop
  endfacet
  facet normal -0.130449 0.991455 0
    outer loop
      vertex -12.4659 11.7387 4.2
      vertex -12 11.8 1.2
      vertex -12.4659 11.7387 1.2
    endloop
  endfacet
  facet normal -0.923821 -0.382824 3.97277e-18
    outer loop
      vertex -13.5588 9.1 1.2
      vertex -13.7387 9.53413 4.2
      vertex -13.7387 9.53413 1.2
    endloop
  endfacet
  facet normal -0.923821 -0.382824 3.97277e-18
    outer loop
      vertex -13.7387 9.53413 4.2
      vertex -13.5588 9.1 1.2
      vertex -13.5588 9.1 4.2
    endloop
  endfacet
  facet normal -0.991454 -0.130457 -5.81367e-19
    outer loop
      vertex -13.7387 9.53413 1.2
      vertex -13.8 10 4.2
      vertex -13.8 10 1.2
    endloop
  endfacet
  facet normal -0.991454 -0.130457 -5.81367e-19
    outer loop
      vertex -13.8 10 4.2
      vertex -13.7387 9.53413 1.2
      vertex -13.7387 9.53413 4.2
    endloop
  endfacet
  facet normal 0.923821 -0.382824 -3.97277e-18
    outer loop
      vertex -10.4412 9.1 4.2
      vertex -10.2613 9.53413 1.2
      vertex -10.2613 9.53413 4.2
    endloop
  endfacet
  facet normal 0.923821 -0.382824 -3.97277e-18
    outer loop
      vertex -10.2613 9.53413 1.2
      vertex -10.4412 9.1 4.2
      vertex -10.4412 9.1 1.2
    endloop
  endfacet
  facet normal -0.382701 -0.923872 0
    outer loop
      vertex -12.9 8.44115 1.2
      vertex -12.4659 8.26133 4.2
      vertex -12.9 8.44115 4.2
    endloop
  endfacet
  facet normal -0.382701 -0.923872 -0
    outer loop
      vertex -12.4659 8.26133 4.2
      vertex -12.9 8.44115 1.2
      vertex -12.4659 8.26133 1.2
    endloop
  endfacet
  facet normal 0 0 1
    outer loop
      vertex -11.15 10 4.2
      vertex -10.2 10 4.2
      vertex -10.2613 10.4659 4.2
    endloop
  endfacet
  facet normal 0 0 1
    outer loop
      vertex -11.2013 10.2907 4.2
      vertex -10.2613 10.4659 4.2
      vertex -10.4412 10.9 4.2
    endloop
  endfacet
  facet normal 0 0 1
    outer loop
      vertex -10.2 10 4.2
      vertex -11.15 10 4.2
      vertex -10.2613 9.53413 4.2
    endloop
  endfacet
  facet normal 0 0 1
    outer loop
      vertex -11.3489 10.5464 4.2
      vertex -10.4412 10.9 4.2
      vertex -10.7272 11.2728 4.2
    endloop
  endfacet
  facet normal -0 0 1
    outer loop
      vertex -11.2013 9.70928 4.2
      vertex -10.2613 9.53413 4.2
      vertex -11.15 10 4.2
    endloop
  endfacet
  facet normal 0 0 1
    outer loop
      vertex -11.575 10.7361 4.2
      vertex -10.7272 11.2728 4.2
      vertex -11.1 11.5588 4.2
    endloop
  endfacet
  facet normal 0 0 1
    outer loop
      vertex -10.2613 9.53413 4.2
      vertex -11.2013 9.70928 4.2
      vertex -10.4412 9.1 4.2
    endloop
  endfacet
  facet normal -0 0 1
    outer loop
      vertex -11.3489 9.45363 4.2
      vertex -10.4412 9.1 4.2
      vertex -11.2013 9.70928 4.2
    endloop
  endfacet
  facet normal 0 0 1
    outer loop
      vertex -10.2613 10.4659 4.2
      vertex -11.2013 10.2907 4.2
      vertex -11.15 10 4.2
    endloop
  endfacet
  facet normal 0 0 1
    outer loop
      vertex -10.4412 10.9 4.2
      vertex -11.3489 10.5464 4.2
      vertex -11.2013 10.2907 4.2
    endloop
  endfacet
  facet normal 0 0 1
    outer loop
      vertex -11.575 10.7361 4.2
      vertex -11.1 11.5588 4.2
      vertex -11.5341 11.7387 4.2
    endloop
  endfacet
  facet normal 0 0 1
    outer loop
      vertex -10.7272 11.2728 4.2
      vertex -11.575 10.7361 4.2
      vertex -11.3489 10.5464 4.2
    endloop
  endfacet
  facet normal 0 0 1
    outer loop
      vertex -11.5341 11.7387 4.2
      vertex -11.8524 10.8371 4.2
      vertex -11.575 10.7361 4.2
    endloop
  endfacet
  facet normal 0 0 1
    outer loop
      vertex -12 11.8 4.2
      vertex -11.8524 10.8371 4.2
      vertex -11.5341 11.7387 4.2
    endloop
  endfacet
  facet normal 0 0 1
    outer loop
      vertex -12 11.8 4.2
      vertex -12.1476 10.8371 4.2
      vertex -11.8524 10.8371 4.2
    endloop
  endfacet
  facet normal -0 0 1
    outer loop
      vertex -12.4659 11.7387 4.2
      vertex -12.1476 10.8371 4.2
      vertex -12 11.8 4.2
    endloop
  endfacet
  facet normal 0 0 1
    outer loop
      vertex -12.1476 10.8371 4.2
      vertex -12.4659 11.7387 4.2
      vertex -12.425 10.7361 4.2
    endloop
  endfacet
  facet normal -0 0 1
    outer loop
      vertex -12.9 11.5588 4.2
      vertex -12.425 10.7361 4.2
      vertex -12.4659 11.7387 4.2
    endloop
  endfacet
  facet normal -0 0 1
    outer loop
      vertex -13.2728 11.2728 4.2
      vertex -12.425 10.7361 4.2
      vertex -12.9 11.5588 4.2
    endloop
  endfacet
  facet normal -0 0 1
    outer loop
      vertex -13.5588 10.9 4.2
      vertex -12.6511 10.5464 4.2
      vertex -13.2728 11.2728 4.2
    endloop
  endfacet
  facet normal 0 0 1
    outer loop
      vertex -12.425 10.7361 4.2
      vertex -13.2728 11.2728 4.2
      vertex -12.6511 10.5464 4.2
    endloop
  endfacet
  facet normal 0 0 1
    outer loop
      vertex -10.4412 9.1 4.2
      vertex -11.3489 9.45363 4.2
      vertex -10.7272 8.72721 4.2
    endloop
  endfacet
  facet normal -0 0 1
    outer loop
      vertex -11.575 9.26388 4.2
      vertex -10.7272 8.72721 4.2
      vertex -11.3489 9.45363 4.2
    endloop
  endfacet
  facet normal 0 0 1
    outer loop
      vertex -10.7272 8.72721 4.2
      vertex -11.575 9.26388 4.2
      vertex -11.1 8.44115 4.2
    endloop
  endfacet
  facet normal 0 0 1
    outer loop
      vertex -11.1 8.44115 4.2
      vertex -11.575 9.26388 4.2
      vertex -11.5341 8.26133 4.2
    endloop
  endfacet
  facet normal -0 0 1
    outer loop
      vertex -11.8524 9.16291 4.2
      vertex -11.5341 8.26133 4.2
      vertex -11.575 9.26388 4.2
    endloop
  endfacet
  facet normal 0 0 1
    outer loop
      vertex -11.8524 9.16291 4.2
      vertex -12 8.2 4.2
      vertex -11.5341 8.26133 4.2
    endloop
  endfacet
  facet normal -0 0 1
    outer loop
      vertex -12.1476 9.16291 4.2
      vertex -12 8.2 4.2
      vertex -11.8524 9.16291 4.2
    endloop
  endfacet
  facet normal 0 0 1
    outer loop
      vertex -12.4659 8.26133 4.2
      vertex -12.1476 9.16291 4.2
      vertex -12.425 9.26388 4.2
    endloop
  endfacet
  facet normal 0 0 1
    outer loop
      vertex -12.1476 9.16291 4.2
      vertex -12.4659 8.26133 4.2
      vertex -12 8.2 4.2
    endloop
  endfacet
  facet normal 0 0 1
    outer loop
      vertex -13.2728 8.72721 4.2
      vertex -12.425 9.26388 4.2
      vertex -12.6511 9.45363 4.2
    endloop
  endfacet
  facet normal 0 0 1
    outer loop
      vertex -13.5588 9.1 4.2
      vertex -12.6511 9.45363 4.2
      vertex -12.7987 9.70928 4.2
    endloop
  endfacet
  facet normal 0 0 1
    outer loop
      vertex -12.425 9.26388 4.2
      vertex -12.9 8.44115 4.2
      vertex -12.4659 8.26133 4.2
    endloop
  endfacet
  facet normal 0 0 1
    outer loop
      vertex -13.7387 9.53413 4.2
      vertex -12.7987 9.70928 4.2
      vertex -12.85 10 4.2
    endloop
  endfacet
  facet normal 0 0 1
    outer loop
      vertex -12.6511 10.5464 4.2
      vertex -13.5588 10.9 4.2
      vertex -12.7987 10.2907 4.2
    endloop
  endfacet
  facet normal -0 0 1
    outer loop
      vertex -13.7387 10.4659 4.2
      vertex -12.7987 10.2907 4.2
      vertex -13.5588 10.9 4.2
    endloop
  endfacet
  facet normal 0 0 1
    outer loop
      vertex -12.425 9.26388 4.2
      vertex -13.2728 8.72721 4.2
      vertex -12.9 8.44115 4.2
    endloop
  endfacet
  facet normal 0 0 1
    outer loop
      vertex -12.7987 10.2907 4.2
      vertex -13.7387 10.4659 4.2
      vertex -12.85 10 4.2
    endloop
  endfacet
  facet normal 0 0 1
    outer loop
      vertex -12.6511 9.45363 4.2
      vertex -13.5588 9.1 4.2
      vertex -13.2728 8.72721 4.2
    endloop
  endfacet
  facet normal 0 0 1
    outer loop
      vertex -13.8 10 4.2
      vertex -12.85 10 4.2
      vertex -13.7387 10.4659 4.2
    endloop
  endfacet
  facet normal 0 0 1
    outer loop
      vertex -12.7987 9.70928 4.2
      vertex -13.7387 9.53413 4.2
      vertex -13.5588 9.1 4.2
    endloop
  endfacet
  facet normal 0 0 1
    outer loop
      vertex -12.85 10 4.2
      vertex -13.8 10 4.2
      vertex -13.7387 9.53413 4.2
    endloop
  endfacet
  facet normal 0.130512 -0.991447 0
    outer loop
      vertex -12 8.2 1.2
      vertex -11.5341 8.26133 4.2
      vertex -12 8.2 4.2
    endloop
  endfacet
  facet normal 0.130512 -0.991447 0
    outer loop
      vertex -11.5341 8.26133 4.2
      vertex -12 8.2 1.2
      vertex -11.5341 8.26133 1.2
    endloop
  endfacet
  facet normal 0 0 -1
    outer loop
      vertex -11.15 10 1.2
      vertex -10.2 10 1.2
      vertex -10.2613 9.53413 1.2
    endloop
  endfacet
  facet normal 0 0 -1
    outer loop
      vertex -11.2013 9.70928 1.2
      vertex -10.2613 9.53413 1.2
      vertex -10.4412 9.1 1.2
    endloop
  endfacet
  facet normal 0 0 -1
    outer loop
      vertex -10.2 10 1.2
      vertex -11.15 10 1.2
      vertex -10.2613 10.4659 1.2
    endloop
  endfacet
  facet normal 0 0 -1
    outer loop
      vertex -11.3489 9.45363 1.2
      vertex -10.4412 9.1 1.2
      vertex -10.7272 8.72721 1.2
    endloop
  endfacet
  facet normal 0 0 -1
    outer loop
      vertex -11.2013 10.2907 1.2
      vertex -10.2613 10.4659 1.2
      vertex -11.15 10 1.2
    endloop
  endfacet
  facet normal 0 0 -1
    outer loop
      vertex -11.575 9.26388 1.2
      vertex -10.7272 8.72721 1.2
      vertex -11.1 8.44115 1.2
    endloop
  endfacet
  facet normal -0 0 -1
    outer loop
      vertex -10.2613 10.4659 1.2
      vertex -11.2013 10.2907 1.2
      vertex -10.4412 10.9 1.2
    endloop
  endfacet
  facet normal 0 0 -1
    outer loop
      vertex -11.3489 10.5464 1.2
      vertex -10.4412 10.9 1.2
      vertex -11.2013 10.2907 1.2
    endloop
  endfacet
  facet normal 0 0 -1
    outer loop
      vertex -10.2613 9.53413 1.2
      vertex -11.2013 9.70928 1.2
      vertex -11.15 10 1.2
    endloop
  endfacet
  facet normal 0 0 -1
    outer loop
      vertex -10.4412 9.1 1.2
      vertex -11.3489 9.45363 1.2
      vertex -11.2013 9.70928 1.2
    endloop
  endfacet
  facet normal 0 0 -1
    outer loop
      vertex -11.575 9.26388 1.2
      vertex -11.1 8.44115 1.2
      vertex -11.5341 8.26133 1.2
    endloop
  endfacet
  facet normal 0 0 -1
    outer loop
      vertex -10.7272 8.72721 1.2
      vertex -11.575 9.26388 1.2
      vertex -11.3489 9.45363 1.2
    endloop
  endfacet
  facet normal 0 0 -1
    outer loop
      vertex -11.5341 8.26133 1.2
      vertex -11.8524 9.16291 1.2
      vertex -11.575 9.26388 1.2
    endloop
  endfacet
  facet normal 0 0 -1
    outer loop
      vertex -12 8.2 1.2
      vertex -11.8524 9.16291 1.2
      vertex -11.5341 8.26133 1.2
    endloop
  endfacet
  facet normal 0 0 -1
    outer loop
      vertex -12 8.2 1.2
      vertex -12.1476 9.16291 1.2
      vertex -11.8524 9.16291 1.2
    endloop
  endfacet
  facet normal 0 0 -1
    outer loop
      vertex -12.4659 8.26133 1.2
      vertex -12.1476 9.16291 1.2
      vertex -12 8.2 1.2
    endloop
  endfacet
  facet normal -0 0 -1
    outer loop
      vertex -12.1476 9.16291 1.2
      vertex -12.4659 8.26133 1.2
      vertex -12.425 9.26388 1.2
    endloop
  endfacet
  facet normal 0 0 -1
    outer loop
      vertex -12.9 8.44115 1.2
      vertex -12.425 9.26388 1.2
      vertex -12.4659 8.26133 1.2
    endloop
  endfacet
  facet normal 0 0 -1
    outer loop
      vertex -13.2728 8.72721 1.2
      vertex -12.425 9.26388 1.2
      vertex -12.9 8.44115 1.2
    endloop
  endfacet
  facet normal 0 0 -1
    outer loop
      vertex -13.5588 9.1 1.2
      vertex -12.6511 9.45363 1.2
      vertex -13.2728 8.72721 1.2
    endloop
  endfacet
  facet normal -0 0 -1
    outer loop
      vertex -12.425 9.26388 1.2
      vertex -13.2728 8.72721 1.2
      vertex -12.6511 9.45363 1.2
    endloop
  endfacet
  facet normal -0 0 -1
    outer loop
      vertex -10.4412 10.9 1.2
      vertex -11.3489 10.5464 1.2
      vertex -10.7272 11.2728 1.2
    endloop
  endfacet
  facet normal 0 0 -1
    outer loop
      vertex -11.575 10.7361 1.2
      vertex -10.7272 11.2728 1.2
      vertex -11.3489 10.5464 1.2
    endloop
  endfacet
  facet normal -0 0 -1
    outer loop
      vertex -10.7272 11.2728 1.2
      vertex -11.575 10.7361 1.2
      vertex -11.1 11.5588 1.2
    endloop
  endfacet
  facet normal -0 0 -1
    outer loop
      vertex -11.1 11.5588 1.2
      vertex -11.575 10.7361 1.2
      vertex -11.5341 11.7387 1.2
    endloop
  endfacet
  facet normal 0 0 -1
    outer loop
      vertex -11.8524 10.8371 1.2
      vertex -11.5341 11.7387 1.2
      vertex -11.575 10.7361 1.2
    endloop
  endfacet
  facet normal 0 0 -1
    outer loop
      vertex -11.8524 10.8371 1.2
      vertex -12 11.8 1.2
      vertex -11.5341 11.7387 1.2
    endloop
  endfacet
  facet normal 0 0 -1
    outer loop
      vertex -12.1476 10.8371 1.2
      vertex -12 11.8 1.2
      vertex -11.8524 10.8371 1.2
    endloop
  endfacet
  facet normal 0 0 -1
    outer loop
      vertex -12.4659 11.7387 1.2
      vertex -12.1476 10.8371 1.2
      vertex -12.425 10.7361 1.2
    endloop
  endfacet
  facet normal 0 0 -1
    outer loop
      vertex -12.1476 10.8371 1.2
      vertex -12.4659 11.7387 1.2
      vertex -12 11.8 1.2
    endloop
  endfacet
  facet normal 0 0 -1
    outer loop
      vertex -13.2728 11.2728 1.2
      vertex -12.425 10.7361 1.2
      vertex -12.6511 10.5464 1.2
    endloop
  endfacet
  facet normal 0 0 -1
    outer loop
      vertex -13.5588 10.9 1.2
      vertex -12.6511 10.5464 1.2
      vertex -12.7987 10.2907 1.2
    endloop
  endfacet
  facet normal 0 0 -1
    outer loop
      vertex -12.425 10.7361 1.2
      vertex -12.9 11.5588 1.2
      vertex -12.4659 11.7387 1.2
    endloop
  endfacet
  facet normal 0 0 -1
    outer loop
      vertex -13.7387 10.4659 1.2
      vertex -12.7987 10.2907 1.2
      vertex -12.85 10 1.2
    endloop
  endfacet
  facet normal -0 0 -1
    outer loop
      vertex -12.6511 9.45363 1.2
      vertex -13.5588 9.1 1.2
      vertex -12.7987 9.70928 1.2
    endloop
  endfacet
  facet normal 0 0 -1
    outer loop
      vertex -13.7387 9.53413 1.2
      vertex -12.7987 9.70928 1.2
      vertex -13.5588 9.1 1.2
    endloop
  endfacet
  facet normal 0 0 -1
    outer loop
      vertex -12.425 10.7361 1.2
      vertex -13.2728 11.2728 1.2
      vertex -12.9 11.5588 1.2
    endloop
  endfacet
  facet normal -0 0 -1
    outer loop
      vertex -12.7987 9.70928 1.2
      vertex -13.7387 9.53413 1.2
      vertex -12.85 10 1.2
    endloop
  endfacet
  facet normal 0 0 -1
    outer loop
      vertex -12.6511 10.5464 1.2
      vertex -13.5588 10.9 1.2
      vertex -13.2728 11.2728 1.2
    endloop
  endfacet
  facet normal 0 0 -1
    outer loop
      vertex -13.8 10 1.2
      vertex -12.85 10 1.2
      vertex -13.7387 9.53413 1.2
    endloop
  endfacet
  facet normal 0 0 -1
    outer loop
      vertex -12.7987 10.2907 1.2
      vertex -13.7387 10.4659 1.2
      vertex -13.5588 10.9 1.2
    endloop
  endfacet
  facet normal 0 0 -1
    outer loop
      vertex -12.85 10 1.2
      vertex -13.8 10 1.2
      vertex -13.7387 10.4659 1.2
    endloop
  endfacet
  facet normal -0.923812 0.382847 -3.7199e-18
    outer loop
      vertex -13.7387 10.4659 1.2
      vertex -13.5588 10.9 4.2
      vertex -13.5588 10.9 1.2
    endloop
  endfacet
  facet normal -0.923812 0.382847 -3.7199e-18
    outer loop
      vertex -13.5588 10.9 4.2
      vertex -13.7387 10.4659 1.2
      vertex -13.7387 10.4659 4.2
    endloop
  endfacet
  facet normal -0.866067 -0.499928 -2.19488e-18
    outer loop
      vertex -11.2013 10.2907 1.2
      vertex -11.3489 10.5464 4.2
      vertex -11.3489 10.5464 1.2
    endloop
  endfacet
  facet normal -0.866067 -0.499928 -2.19488e-18
    outer loop
      vertex -11.3489 10.5464 4.2
      vertex -11.2013 10.2907 1.2
      vertex -11.2013 10.2907 4.2
    endloop
  endfacet
  facet normal -0.984784 -0.173785 -5.28835e-19
    outer loop
      vertex -11.15 10 1.2
      vertex -11.2013 10.2907 4.2
      vertex -11.2013 10.2907 1.2
    endloop
  endfacet
  facet normal -0.984784 -0.173785 -5.28835e-19
    outer loop
      vertex -11.2013 10.2907 4.2
      vertex -11.15 10 1.2
      vertex -11.15 10 4.2
    endloop
  endfacet
  facet normal -0.642747 -0.766079 0
    outer loop
      vertex -11.575 10.7361 1.2
      vertex -11.3489 10.5464 4.2
      vertex -11.575 10.7361 4.2
    endloop
  endfacet
  facet normal -0.642747 -0.766079 -0
    outer loop
      vertex -11.3489 10.5464 4.2
      vertex -11.575 10.7361 1.2
      vertex -11.3489 10.5464 1.2
    endloop
  endfacet
  facet normal -0.984786 0.173774 -5.55279e-19
    outer loop
      vertex -11.2013 9.70928 1.2
      vertex -11.15 10 4.2
      vertex -11.15 10 1.2
    endloop
  endfacet
  facet normal -0.984786 0.173774 -5.55279e-19
    outer loop
      vertex -11.15 10 4.2
      vertex -11.2013 9.70928 1.2
      vertex -11.2013 9.70928 4.2
    endloop
  endfacet
  facet normal -0.342034 0.939688 0
    outer loop
      vertex -11.575 9.26388 1.2
      vertex -11.8524 9.16291 4.2
      vertex -11.575 9.26388 4.2
    endloop
  endfacet
  facet normal -0.342034 0.939688 0
    outer loop
      vertex -11.8524 9.16291 4.2
      vertex -11.575 9.26388 1.2
      vertex -11.8524 9.16291 1.2
    endloop
  endfacet
  facet normal 0.642747 -0.766079 0
    outer loop
      vertex -12.6511 10.5464 1.2
      vertex -12.425 10.7361 4.2
      vertex -12.6511 10.5464 4.2
    endloop
  endfacet
  facet normal 0.642747 -0.766079 0
    outer loop
      vertex -12.425 10.7361 4.2
      vertex -12.6511 10.5464 1.2
      vertex -12.425 10.7361 1.2
    endloop
  endfacet
  facet normal 0.866025 0.500001 -1.19491e-18
    outer loop
      vertex -12.6511 9.45363 4.2
      vertex -12.7987 9.70928 1.2
      vertex -12.7987 9.70928 4.2
    endloop
  endfacet
  facet normal 0.866025 0.500001 -1.19491e-18
    outer loop
      vertex -12.7987 9.70928 1.2
      vertex -12.6511 9.45363 4.2
      vertex -12.6511 9.45363 1.2
    endloop
  endfacet
  facet normal 0.342124 -0.939655 0
    outer loop
      vertex -12.425 10.7361 1.2
      vertex -12.1476 10.8371 4.2
      vertex -12.425 10.7361 4.2
    endloop
  endfacet
  facet normal 0.342124 -0.939655 0
    outer loop
      vertex -12.1476 10.8371 4.2
      vertex -12.425 10.7361 1.2
      vertex -12.1476 10.8371 1.2
    endloop
  endfacet
  facet normal -0.642846 0.765995 0
    outer loop
      vertex -11.3489 9.45363 1.2
      vertex -11.575 9.26388 4.2
      vertex -11.3489 9.45363 4.2
    endloop
  endfacet
  facet normal -0.642846 0.765995 0
    outer loop
      vertex -11.575 9.26388 4.2
      vertex -11.3489 9.45363 1.2
      vertex -11.575 9.26388 1.2
    endloop
  endfacet
  facet normal 0.984786 0.173774 5.55279e-19
    outer loop
      vertex -12.7987 9.70928 4.2
      vertex -12.85 10 1.2
      vertex -12.85 10 4.2
    endloop
  endfacet
  facet normal 0.984786 0.173774 5.55279e-19
    outer loop
      vertex -12.85 10 1.2
      vertex -12.7987 9.70928 4.2
      vertex -12.7987 9.70928 1.2
    endloop
  endfacet
  facet normal -0.866025 0.500001 1.19491e-18
    outer loop
      vertex -11.3489 9.45363 1.2
      vertex -11.2013 9.70928 4.2
      vertex -11.2013 9.70928 1.2
    endloop
  endfacet
  facet normal -0.866025 0.500001 1.19491e-18
    outer loop
      vertex -11.2013 9.70928 4.2
      vertex -11.3489 9.45363 1.2
      vertex -11.3489 9.45363 4.2
    endloop
  endfacet
  facet normal 0.342034 0.939688 -0
    outer loop
      vertex -12.1476 9.16291 1.2
      vertex -12.425 9.26388 4.2
      vertex -12.1476 9.16291 4.2
    endloop
  endfacet
  facet normal 0.342034 0.939688 0
    outer loop
      vertex -12.425 9.26388 4.2
      vertex -12.1476 9.16291 1.2
      vertex -12.425 9.26388 1.2
    endloop
  endfacet
  facet normal 0 1 -0
    outer loop
      vertex -11.8524 9.16291 1.2
      vertex -12.1476 9.16291 4.2
      vertex -11.8524 9.16291 4.2
    endloop
  endfacet
  facet normal 0 1 0
    outer loop
      vertex -12.1476 9.16291 4.2
      vertex -11.8524 9.16291 1.2
      vertex -12.1476 9.16291 1.2
    endloop
  endfacet
  facet normal -0.342124 -0.939655 0
    outer loop
      vertex -11.8524 10.8371 1.2
      vertex -11.575 10.7361 4.2
      vertex -11.8524 10.8371 4.2
    endloop
  endfacet
  facet normal -0.342124 -0.939655 -0
    outer loop
      vertex -11.575 10.7361 4.2
      vertex -11.8524 10.8371 1.2
      vertex -11.575 10.7361 1.2
    endloop
  endfacet
  facet normal 0.866067 -0.499928 2.19488e-18
    outer loop
      vertex -12.7987 10.2907 4.2
      vertex -12.6511 10.5464 1.2
      vertex -12.6511 10.5464 4.2
    endloop
  endfacet
  facet normal 0.866067 -0.499928 2.19488e-18
    outer loop
      vertex -12.6511 10.5464 1.2
      vertex -12.7987 10.2907 4.2
      vertex -12.7987 10.2907 1.2
    endloop
  endfacet
  facet normal 0.984784 -0.173785 5.28835e-19
    outer loop
      vertex -12.85 10 4.2
      vertex -12.7987 10.2907 1.2
      vertex -12.7987 10.2907 4.2
    endloop
  endfacet
  facet normal 0.984784 -0.173785 5.28835e-19
    outer loop
      vertex -12.7987 10.2907 1.2
      vertex -12.85 10 4.2
      vertex -12.85 10 1.2
    endloop
  endfacet
  facet normal 0 -1 0
    outer loop
      vertex -12.1476 10.8371 1.2
      vertex -11.8524 10.8371 4.2
      vertex -12.1476 10.8371 4.2
    endloop
  endfacet
  facet normal 0 -1 -0
    outer loop
      vertex -11.8524 10.8371 4.2
      vertex -12.1476 10.8371 1.2
      vertex -11.8524 10.8371 1.2
    endloop
  endfacet
  facet normal 0.642846 0.765995 -0
    outer loop
      vertex -12.425 9.26388 1.2
      vertex -12.6511 9.45363 4.2
      vertex -12.425 9.26388 4.2
    endloop
  endfacet
  facet normal 0.642846 0.765995 0
    outer loop
      vertex -12.6511 9.45363 4.2
      vertex -12.425 9.26388 1.2
      vertex -12.6511 9.45363 1.2
    endloop
  endfacet
  facet normal 0.923812 0.382847 3.7199e-18
    outer loop
      vertex 13.7387 10.4659 4.2
      vertex 13.5588 10.9 1.2
      vertex 13.5588 10.9 4.2
    endloop
  endfacet
  facet normal 0.923812 0.382847 3.7199e-18
    outer loop
      vertex 13.5588 10.9 1.2
      vertex 13.7387 10.4659 4.2
      vertex 13.7387 10.4659 1.2
    endloop
  endfacet
  facet normal 0.991455 0.130449 -4.33723e-19
    outer loop
      vertex 13.8 10 4.2
      vertex 13.7387 10.4659 1.2
      vertex 13.7387 10.4659 4.2
    endloop
  endfacet
  facet normal 0.991455 0.130449 -4.33723e-19
    outer loop
      vertex 13.7387 10.4659 1.2
      vertex 13.8 10 4.2
      vertex 13.8 10 1.2
    endloop
  endfacet
  facet normal -0.608682 0.793414 0
    outer loop
      vertex 11.1 11.5588 1.2
      vertex 10.7272 11.2728 4.2
      vertex 11.1 11.5588 4.2
    endloop
  endfacet
  facet normal -0.608682 0.793414 0
    outer loop
      vertex 10.7272 11.2728 4.2
      vertex 11.1 11.5588 1.2
      vertex 10.7272 11.2728 1.2
    endloop
  endfacet
  facet normal -0.382847 0.923812 0
    outer loop
      vertex 11.5341 11.7387 1.2
      vertex 11.1 11.5588 4.2
      vertex 11.5341 11.7387 4.2
    endloop
  endfacet
  facet normal -0.382847 0.923812 0
    outer loop
      vertex 11.1 11.5588 4.2
      vertex 11.5341 11.7387 1.2
      vertex 11.1 11.5588 1.2
    endloop
  endfacet
  facet normal 0.608762 -0.793353 0
    outer loop
      vertex 12.9 8.44115 1.2
      vertex 13.2728 8.72721 4.2
      vertex 12.9 8.44115 4.2
    endloop
  endfacet
  facet normal 0.608762 -0.793353 0
    outer loop
      vertex 13.2728 8.72721 4.2
      vertex 12.9 8.44115 1.2
      vertex 13.2728 8.72721 1.2
    endloop
  endfacet
  facet normal 0.608682 0.793414 -0
    outer loop
      vertex 13.2728 11.2728 1.2
      vertex 12.9 11.5588 4.2
      vertex 13.2728 11.2728 4.2
    endloop
  endfacet
  facet normal 0.608682 0.793414 0
    outer loop
      vertex 12.9 11.5588 4.2
      vertex 13.2728 11.2728 1.2
      vertex 12.9 11.5588 1.2
    endloop
  endfacet
  facet normal -0.991455 0.130449 4.33723e-19
    outer loop
      vertex 10.2 10 1.2
      vertex 10.2613 10.4659 4.2
      vertex 10.2613 10.4659 1.2
    endloop
  endfacet
  facet normal -0.991455 0.130449 4.33723e-19
    outer loop
      vertex 10.2613 10.4659 4.2
      vertex 10.2 10 1.2
      vertex 10.2 10 4.2
    endloop
  endfacet
  facet normal -0.130512 -0.991447 0
    outer loop
      vertex 11.5341 8.26133 1.2
      vertex 12 8.2 4.2
      vertex 11.5341 8.26133 4.2
    endloop
  endfacet
  facet normal -0.130512 -0.991447 -0
    outer loop
      vertex 12 8.2 4.2
      vertex 11.5341 8.26133 1.2
      vertex 12 8.2 1.2
    endloop
  endfacet
  facet normal 0.130449 0.991455 -0
    outer loop
      vertex 12.4659 11.7387 1.2
      vertex 12 11.8 4.2
      vertex 12.4659 11.7387 4.2
    endloop
  endfacet
  facet normal 0.130449 0.991455 0
    outer loop
      vertex 12 11.8 4.2
      vertex 12.4659 11.7387 1.2
      vertex 12 11.8 1.2
    endloop
  endfacet
  facet normal 0.382847 0.923812 -0
    outer loop
      vertex 12.9 11.5588 1.2
      vertex 12.4659 11.7387 4.2
      vertex 12.9 11.5588 4.2
    endloop
  endfacet
  facet normal 0.382847 0.923812 0
    outer loop
      vertex 12.4659 11.7387 4.2
      vertex 12.9 11.5588 1.2
      vertex 12.4659 11.7387 1.2
    endloop
  endfacet
  facet normal -0.608762 -0.793353 0
    outer loop
      vertex 10.7272 8.72721 1.2
      vertex 11.1 8.44115 4.2
      vertex 10.7272 8.72721 4.2
    endloop
  endfacet
  facet normal -0.608762 -0.793353 -0
    outer loop
      vertex 11.1 8.44115 4.2
      vertex 10.7272 8.72721 1.2
      vertex 11.1 8.44115 1.2
    endloop
  endfacet
  facet normal 0.793414 0.608682 3.45239e-18
    outer loop
      vertex 13.5588 10.9 4.2
      vertex 13.2728 11.2728 1.2
      vertex 13.2728 11.2728 4.2
    endloop
  endfacet
  facet normal 0.793414 0.608682 3.45239e-18
    outer loop
      vertex 13.2728 11.2728 1.2
      vertex 13.5588 10.9 4.2
      vertex 13.5588 10.9 1.2
    endloop
  endfacet
  facet normal 0.793407 -0.608692 -2.20258e-19
    outer loop
      vertex 13.2728 8.72721 4.2
      vertex 13.5588 9.1 1.2
      vertex 13.5588 9.1 4.2
    endloop
  endfacet
  facet normal 0.793407 -0.608692 -2.20258e-19
    outer loop
      vertex 13.5588 9.1 1.2
      vertex 13.2728 8.72721 4.2
      vertex 13.2728 8.72721 1.2
    endloop
  endfacet
  facet normal 0.382701 -0.923872 0
    outer loop
      vertex 12.4659 8.26133 1.2
      vertex 12.9 8.44115 4.2
      vertex 12.4659 8.26133 4.2
    endloop
  endfacet
  facet normal 0.382701 -0.923872 0
    outer loop
      vertex 12.9 8.44115 4.2
      vertex 12.4659 8.26133 1.2
      vertex 12.9 8.44115 1.2
    endloop
  endfacet
  facet normal -0.793414 0.608682 -3.45239e-18
    outer loop
      vertex 10.4412 10.9 1.2
      vertex 10.7272 11.2728 4.2
      vertex 10.7272 11.2728 1.2
    endloop
  endfacet
  facet normal -0.793414 0.608682 -3.45239e-18
    outer loop
      vertex 10.7272 11.2728 4.2
      vertex 10.4412 10.9 1.2
      vertex 10.4412 10.9 4.2
    endloop
  endfacet
  facet normal -0.793407 -0.608692 2.20258e-19
    outer loop
      vertex 10.7272 8.72721 1.2
      vertex 10.4412 9.1 4.2
      vertex 10.4412 9.1 1.2
    endloop
  endfacet
  facet normal -0.793407 -0.608692 2.20258e-19
    outer loop
      vertex 10.4412 9.1 4.2
      vertex 10.7272 8.72721 1.2
      vertex 10.7272 8.72721 4.2
    endloop
  endfacet
  facet normal 0.991454 -0.130457 5.81367e-19
    outer loop
      vertex 13.7387 9.53413 4.2
      vertex 13.8 10 1.2
      vertex 13.8 10 4.2
    endloop
  endfacet
  facet normal 0.991454 -0.130457 5.81367e-19
    outer loop
      vertex 13.8 10 1.2
      vertex 13.7387 9.53413 4.2
      vertex 13.7387 9.53413 1.2
    endloop
  endfacet
  facet normal -0.130449 0.991455 0
    outer loop
      vertex 12 11.8 1.2
      vertex 11.5341 11.7387 4.2
      vertex 12 11.8 4.2
    endloop
  endfacet
  facet normal -0.130449 0.991455 0
    outer loop
      vertex 11.5341 11.7387 4.2
      vertex 12 11.8 1.2
      vertex 11.5341 11.7387 1.2
    endloop
  endfacet
  facet normal -0.923821 -0.382824 3.97277e-18
    outer loop
      vertex 10.4412 9.1 1.2
      vertex 10.2613 9.53413 4.2
      vertex 10.2613 9.53413 1.2
    endloop
  endfacet
  facet normal -0.923821 -0.382824 3.97277e-18
    outer loop
      vertex 10.2613 9.53413 4.2
      vertex 10.4412 9.1 1.2
      vertex 10.4412 9.1 4.2
    endloop
  endfacet
  facet normal -0.991454 -0.130457 -5.81367e-19
    outer loop
      vertex 10.2613 9.53413 1.2
      vertex 10.2 10 4.2
      vertex 10.2 10 1.2
    endloop
  endfacet
  facet normal -0.991454 -0.130457 -5.81367e-19
    outer loop
      vertex 10.2 10 4.2
      vertex 10.2613 9.53413 1.2
      vertex 10.2613 9.53413 4.2
    endloop
  endfacet
  facet normal 0.923821 -0.382824 -3.97277e-18
    outer loop
      vertex 13.5588 9.1 4.2
      vertex 13.7387 9.53413 1.2
      vertex 13.7387 9.53413 4.2
    endloop
  endfacet
  facet normal 0.923821 -0.382824 -3.97277e-18
    outer loop
      vertex 13.7387 9.53413 1.2
      vertex 13.5588 9.1 4.2
      vertex 13.5588 9.1 1.2
    endloop
  endfacet
  facet normal -0.382701 -0.923872 0
    outer loop
      vertex 11.1 8.44115 1.2
      vertex 11.5341 8.26133 4.2
      vertex 11.1 8.44115 4.2
    endloop
  endfacet
  facet normal -0.382701 -0.923872 -0
    outer loop
      vertex 11.5341 8.26133 4.2
      vertex 11.1 8.44115 1.2
      vertex 11.5341 8.26133 1.2
    endloop
  endfacet
  facet normal 0 0 1
    outer loop
      vertex 12.85 10 4.2
      vertex 13.8 10 4.2
      vertex 13.7387 10.4659 4.2
    endloop
  endfacet
  facet normal 0 0 1
    outer loop
      vertex 12.7987 10.2907 4.2
      vertex 13.7387 10.4659 4.2
      vertex 13.5588 10.9 4.2
    endloop
  endfacet
  facet normal 0 0 1
    outer loop
      vertex 13.8 10 4.2
      vertex 12.85 10 4.2
      vertex 13.7387 9.53413 4.2
    endloop
  endfacet
  facet normal 0 0 1
    outer loop
      vertex 12.6511 10.5464 4.2
      vertex 13.5588 10.9 4.2
      vertex 13.2728 11.2728 4.2
    endloop
  endfacet
  facet normal -0 0 1
    outer loop
      vertex 12.7987 9.70928 4.2
      vertex 13.7387 9.53413 4.2
      vertex 12.85 10 4.2
    endloop
  endfacet
  facet normal 0 0 1
    outer loop
      vertex 12.425 10.7361 4.2
      vertex 13.2728 11.2728 4.2
      vertex 12.9 11.5588 4.2
    endloop
  endfacet
  facet normal 0 0 1
    outer loop
      vertex 13.7387 9.53413 4.2
      vertex 12.7987 9.70928 4.2
      vertex 13.5588 9.1 4.2
    endloop
  endfacet
  facet normal -0 0 1
    outer loop
      vertex 12.6511 9.45363 4.2
      vertex 13.5588 9.1 4.2
      vertex 12.7987 9.70928 4.2
    endloop
  endfacet
  facet normal 0 0 1
    outer loop
      vertex 13.7387 10.4659 4.2
      vertex 12.7987 10.2907 4.2
      vertex 12.85 10 4.2
    endloop
  endfacet
  facet normal 0 0 1
    outer loop
      vertex 13.5588 10.9 4.2
      vertex 12.6511 10.5464 4.2
      vertex 12.7987 10.2907 4.2
    endloop
  endfacet
  facet normal 0 0 1
    outer loop
      vertex 12.425 10.7361 4.2
      vertex 12.9 11.5588 4.2
      vertex 12.4659 11.7387 4.2
    endloop
  endfacet
  facet normal 0 0 1
    outer loop
      vertex 13.2728 11.2728 4.2
      vertex 12.425 10.7361 4.2
      vertex 12.6511 10.5464 4.2
    endloop
  endfacet
  facet normal 0 0 1
    outer loop
      vertex 12.4659 11.7387 4.2
      vertex 12.1476 10.8371 4.2
      vertex 12.425 10.7361 4.2
    endloop
  endfacet
  facet normal 0 0 1
    outer loop
      vertex 12 11.8 4.2
      vertex 12.1476 10.8371 4.2
      vertex 12.4659 11.7387 4.2
    endloop
  endfacet
  facet normal 0 0 1
    outer loop
      vertex 12 11.8 4.2
      vertex 11.8524 10.8371 4.2
      vertex 12.1476 10.8371 4.2
    endloop
  endfacet
  facet normal -0 0 1
    outer loop
      vertex 11.5341 11.7387 4.2
      vertex 11.8524 10.8371 4.2
      vertex 12 11.8 4.2
    endloop
  endfacet
  facet normal 0 0 1
    outer loop
      vertex 11.8524 10.8371 4.2
      vertex 11.5341 11.7387 4.2
      vertex 11.575 10.7361 4.2
    endloop
  endfacet
  facet normal -0 0 1
    outer loop
      vertex 11.1 11.5588 4.2
      vertex 11.575 10.7361 4.2
      vertex 11.5341 11.7387 4.2
    endloop
  endfacet
  facet normal -0 0 1
    outer loop
      vertex 10.7272 11.2728 4.2
      vertex 11.575 10.7361 4.2
      vertex 11.1 11.5588 4.2
    endloop
  endfacet
  facet normal -0 0 1
    outer loop
      vertex 10.4412 10.9 4.2
      vertex 11.3489 10.5464 4.2
      vertex 10.7272 11.2728 4.2
    endloop
  endfacet
  facet normal 0 0 1
    outer loop
      vertex 11.575 10.7361 4.2
      vertex 10.7272 11.2728 4.2
      vertex 11.3489 10.5464 4.2
    endloop
  endfacet
  facet normal 0 0 1
    outer loop
      vertex 13.5588 9.1 4.2
      vertex 12.6511 9.45363 4.2
      vertex 13.2728 8.72721 4.2
    endloop
  endfacet
  facet normal -0 0 1
    outer loop
      vertex 12.425 9.26388 4.2
      vertex 13.2728 8.72721 4.2
      vertex 12.6511 9.45363 4.2
    endloop
  endfacet
  facet normal 0 0 1
    outer loop
      vertex 13.2728 8.72721 4.2
      vertex 12.425 9.26388 4.2
      vertex 12.9 8.44115 4.2
    endloop
  endfacet
  facet normal 0 0 1
    outer loop
      vertex 12.9 8.44115 4.2
      vertex 12.425 9.26388 4.2
      vertex 12.4659 8.26133 4.2
    endloop
  endfacet
  facet normal -0 0 1
    outer loop
      vertex 12.1476 9.16291 4.2
      vertex 12.4659 8.26133 4.2
      vertex 12.425 9.26388 4.2
    endloop
  endfacet
  facet normal 0 0 1
    outer loop
      vertex 12.1476 9.16291 4.2
      vertex 12 8.2 4.2
      vertex 12.4659 8.26133 4.2
    endloop
  endfacet
  facet normal -0 0 1
    outer loop
      vertex 11.8524 9.16291 4.2
      vertex 12 8.2 4.2
      vertex 12.1476 9.16291 4.2
    endloop
  endfacet
  facet normal 0 0 1
    outer loop
      vertex 11.5341 8.26133 4.2
      vertex 11.8524 9.16291 4.2
      vertex 11.575 9.26388 4.2
    endloop
  endfacet
  facet normal 0 0 1
    outer loop
      vertex 11.8524 9.16291 4.2
      vertex 11.5341 8.26133 4.2
      vertex 12 8.2 4.2
    endloop
  endfacet
  facet normal 0 0 1
    outer loop
      vertex 10.7272 8.72721 4.2
      vertex 11.575 9.26388 4.2
      vertex 11.3489 9.45363 4.2
    endloop
  endfacet
  facet normal 0 0 1
    outer loop
      vertex 10.4412 9.1 4.2
      vertex 11.3489 9.45363 4.2
      vertex 11.2013 9.70928 4.2
    endloop
  endfacet
  facet normal 0 0 1
    outer loop
      vertex 11.575 9.26388 4.2
      vertex 11.1 8.44115 4.2
      vertex 11.5341 8.26133 4.2
    endloop
  endfacet
  facet normal 0 0 1
    outer loop
      vertex 10.2613 9.53413 4.2
      vertex 11.2013 9.70928 4.2
      vertex 11.15 10 4.2
    endloop
  endfacet
  facet normal 0 0 1
    outer loop
      vertex 11.3489 10.5464 4.2
      vertex 10.4412 10.9 4.2
      vertex 11.2013 10.2907 4.2
    endloop
  endfacet
  facet normal -0 0 1
    outer loop
      vertex 10.2613 10.4659 4.2
      vertex 11.2013 10.2907 4.2
      vertex 10.4412 10.9 4.2
    endloop
  endfacet
  facet normal 0 0 1
    outer loop
      vertex 11.575 9.26388 4.2
      vertex 10.7272 8.72721 4.2
      vertex 11.1 8.44115 4.2
    endloop
  endfacet
  facet normal 0 0 1
    outer loop
      vertex 11.2013 10.2907 4.2
      vertex 10.2613 10.4659 4.2
      vertex 11.15 10 4.2
    endloop
  endfacet
  facet normal 0 0 1
    outer loop
      vertex 11.3489 9.45363 4.2
      vertex 10.4412 9.1 4.2
      vertex 10.7272 8.72721 4.2
    endloop
  endfacet
  facet normal 0 0 1
    outer loop
      vertex 10.2 10 4.2
      vertex 11.15 10 4.2
      vertex 10.2613 10.4659 4.2
    endloop
  endfacet
  facet normal 0 0 1
    outer loop
      vertex 11.2013 9.70928 4.2
      vertex 10.2613 9.53413 4.2
      vertex 10.4412 9.1 4.2
    endloop
  endfacet
  facet normal 0 0 1
    outer loop
      vertex 11.15 10 4.2
      vertex 10.2 10 4.2
      vertex 10.2613 9.53413 4.2
    endloop
  endfacet
  facet normal 0.130512 -0.991447 0
    outer loop
      vertex 12 8.2 1.2
      vertex 12.4659 8.26133 4.2
      vertex 12 8.2 4.2
    endloop
  endfacet
  facet normal 0.130512 -0.991447 0
    outer loop
      vertex 12.4659 8.26133 4.2
      vertex 12 8.2 1.2
      vertex 12.4659 8.26133 1.2
    endloop
  endfacet
  facet normal 0 0 -1
    outer loop
      vertex 12.85 10 1.2
      vertex 13.8 10 1.2
      vertex 13.7387 9.53413 1.2
    endloop
  endfacet
  facet normal 0 0 -1
    outer loop
      vertex 12.7987 9.70928 1.2
      vertex 13.7387 9.53413 1.2
      vertex 13.5588 9.1 1.2
    endloop
  endfacet
  facet normal 0 0 -1
    outer loop
      vertex 13.8 10 1.2
      vertex 12.85 10 1.2
      vertex 13.7387 10.4659 1.2
    endloop
  endfacet
  facet normal 0 0 -1
    outer loop
      vertex 12.6511 9.45363 1.2
      vertex 13.5588 9.1 1.2
      vertex 13.2728 8.72721 1.2
    endloop
  endfacet
  facet normal 0 0 -1
    outer loop
      vertex 12.7987 10.2907 1.2
      vertex 13.7387 10.4659 1.2
      vertex 12.85 10 1.2
    endloop
  endfacet
  facet normal 0 0 -1
    outer loop
      vertex 12.425 9.26388 1.2
      vertex 13.2728 8.72721 1.2
      vertex 12.9 8.44115 1.2
    endloop
  endfacet
  facet normal -0 0 -1
    outer loop
      vertex 13.7387 10.4659 1.2
      vertex 12.7987 10.2907 1.2
      vertex 13.5588 10.9 1.2
    endloop
  endfacet
  facet normal 0 0 -1
    outer loop
      vertex 12.6511 10.5464 1.2
      vertex 13.5588 10.9 1.2
      vertex 12.7987 10.2907 1.2
    endloop
  endfacet
  facet normal 0 0 -1
    outer loop
      vertex 13.7387 9.53413 1.2
      vertex 12.7987 9.70928 1.2
      vertex 12.85 10 1.2
    endloop
  endfacet
  facet normal 0 0 -1
    outer loop
      vertex 13.5588 9.1 1.2
      vertex 12.6511 9.45363 1.2
      vertex 12.7987 9.70928 1.2
    endloop
  endfacet
  facet normal 0 0 -1
    outer loop
      vertex 12.425 9.26388 1.2
      vertex 12.9 8.44115 1.2
      vertex 12.4659 8.26133 1.2
    endloop
  endfacet
  facet normal 0 0 -1
    outer loop
      vertex 13.2728 8.72721 1.2
      vertex 12.425 9.26388 1.2
      vertex 12.6511 9.45363 1.2
    endloop
  endfacet
  facet normal 0 0 -1
    outer loop
      vertex 12.4659 8.26133 1.2
      vertex 12.1476 9.16291 1.2
      vertex 12.425 9.26388 1.2
    endloop
  endfacet
  facet normal 0 0 -1
    outer loop
      vertex 12 8.2 1.2
      vertex 12.1476 9.16291 1.2
      vertex 12.4659 8.26133 1.2
    endloop
  endfacet
  facet normal 0 0 -1
    outer loop
      vertex 12 8.2 1.2
      vertex 11.8524 9.16291 1.2
      vertex 12.1476 9.16291 1.2
    endloop
  endfacet
  facet normal 0 0 -1
    outer loop
      vertex 11.5341 8.26133 1.2
      vertex 11.8524 9.16291 1.2
      vertex 12 8.2 1.2
    endloop
  endfacet
  facet normal -0 0 -1
    outer loop
      vertex 11.8524 9.16291 1.2
      vertex 11.5341 8.26133 1.2
      vertex 11.575 9.26388 1.2
    endloop
  endfacet
  facet normal 0 0 -1
    outer loop
      vertex 11.1 8.44115 1.2
      vertex 11.575 9.26388 1.2
      vertex 11.5341 8.26133 1.2
    endloop
  endfacet
  facet normal 0 0 -1
    outer loop
      vertex 10.7272 8.72721 1.2
      vertex 11.575 9.26388 1.2
      vertex 11.1 8.44115 1.2
    endloop
  endfacet
  facet normal 0 0 -1
    outer loop
      vertex 10.4412 9.1 1.2
      vertex 11.3489 9.45363 1.2
      vertex 10.7272 8.72721 1.2
    endloop
  endfacet
  facet normal -0 0 -1
    outer loop
      vertex 11.575 9.26388 1.2
      vertex 10.7272 8.72721 1.2
      vertex 11.3489 9.45363 1.2
    endloop
  endfacet
  facet normal -0 0 -1
    outer loop
      vertex 13.5588 10.9 1.2
      vertex 12.6511 10.5464 1.2
      vertex 13.2728 11.2728 1.2
    endloop
  endfacet
  facet normal 0 0 -1
    outer loop
      vertex 12.425 10.7361 1.2
      vertex 13.2728 11.2728 1.2
      vertex 12.6511 10.5464 1.2
    endloop
  endfacet
  facet normal -0 0 -1
    outer loop
      vertex 13.2728 11.2728 1.2
      vertex 12.425 10.7361 1.2
      vertex 12.9 11.5588 1.2
    endloop
  endfacet
  facet normal -0 0 -1
    outer loop
      vertex 12.9 11.5588 1.2
      vertex 12.425 10.7361 1.2
      vertex 12.4659 11.7387 1.2
    endloop
  endfacet
  facet normal 0 0 -1
    outer loop
      vertex 12.1476 10.8371 1.2
      vertex 12.4659 11.7387 1.2
      vertex 12.425 10.7361 1.2
    endloop
  endfacet
  facet normal 0 0 -1
    outer loop
      vertex 12.1476 10.8371 1.2
      vertex 12 11.8 1.2
      vertex 12.4659 11.7387 1.2
    endloop
  endfacet
  facet normal 0 0 -1
    outer loop
      vertex 11.8524 10.8371 1.2
      vertex 12 11.8 1.2
      vertex 12.1476 10.8371 1.2
    endloop
  endfacet
  facet normal 0 0 -1
    outer loop
      vertex 11.5341 11.7387 1.2
      vertex 11.8524 10.8371 1.2
      vertex 11.575 10.7361 1.2
    endloop
  endfacet
  facet normal 0 0 -1
    outer loop
      vertex 11.8524 10.8371 1.2
      vertex 11.5341 11.7387 1.2
      vertex 12 11.8 1.2
    endloop
  endfacet
  facet normal 0 0 -1
    outer loop
      vertex 10.7272 11.2728 1.2
      vertex 11.575 10.7361 1.2
      vertex 11.3489 10.5464 1.2
    endloop
  endfacet
  facet normal 0 0 -1
    outer loop
      vertex 10.4412 10.9 1.2
      vertex 11.3489 10.5464 1.2
      vertex 11.2013 10.2907 1.2
    endloop
  endfacet
  facet normal 0 0 -1
    outer loop
      vertex 11.575 10.7361 1.2
      vertex 11.1 11.5588 1.2
      vertex 11.5341 11.7387 1.2
    endloop
  endfacet
  facet normal 0 0 -1
    outer loop
      vertex 10.2613 10.4659 1.2
      vertex 11.2013 10.2907 1.2
      vertex 11.15 10 1.2
    endloop
  endfacet
  facet normal -0 0 -1
    outer loop
      vertex 11.3489 9.45363 1.2
      vertex 10.4412 9.1 1.2
      vertex 11.2013 9.70928 1.2
    endloop
  endfacet
  facet normal 0 0 -1
    outer loop
      vertex 10.2613 9.53413 1.2
      vertex 11.2013 9.70928 1.2
      vertex 10.4412 9.1 1.2
    endloop
  endfacet
  facet normal 0 0 -1
    outer loop
      vertex 11.575 10.7361 1.2
      vertex 10.7272 11.2728 1.2
      vertex 11.1 11.5588 1.2
    endloop
  endfacet
  facet normal -0 0 -1
    outer loop
      vertex 11.2013 9.70928 1.2
      vertex 10.2613 9.53413 1.2
      vertex 11.15 10 1.2
    endloop
  endfacet
  facet normal 0 0 -1
    outer loop
      vertex 11.3489 10.5464 1.2
      vertex 10.4412 10.9 1.2
      vertex 10.7272 11.2728 1.2
    endloop
  endfacet
  facet normal 0 0 -1
    outer loop
      vertex 10.2 10 1.2
      vertex 11.15 10 1.2
      vertex 10.2613 9.53413 1.2
    endloop
  endfacet
  facet normal 0 0 -1
    outer loop
      vertex 11.2013 10.2907 1.2
      vertex 10.2613 10.4659 1.2
      vertex 10.4412 10.9 1.2
    endloop
  endfacet
  facet normal 0 0 -1
    outer loop
      vertex 11.15 10 1.2
      vertex 10.2 10 1.2
      vertex 10.2613 10.4659 1.2
    endloop
  endfacet
  facet normal -0.923812 0.382847 -3.7199e-18
    outer loop
      vertex 10.2613 10.4659 1.2
      vertex 10.4412 10.9 4.2
      vertex 10.4412 10.9 1.2
    endloop
  endfacet
  facet normal -0.923812 0.382847 -3.7199e-18
    outer loop
      vertex 10.4412 10.9 4.2
      vertex 10.2613 10.4659 1.2
      vertex 10.2613 10.4659 4.2
    endloop
  endfacet
  facet normal -0.866067 -0.499928 -2.19488e-18
    outer loop
      vertex 12.7987 10.2907 1.2
      vertex 12.6511 10.5464 4.2
      vertex 12.6511 10.5464 1.2
    endloop
  endfacet
  facet normal -0.866067 -0.499928 -2.19488e-18
    outer loop
      vertex 12.6511 10.5464 4.2
      vertex 12.7987 10.2907 1.2
      vertex 12.7987 10.2907 4.2
    endloop
  endfacet
  facet normal -0.984784 -0.173785 -5.28835e-19
    outer loop
      vertex 12.85 10 1.2
      vertex 12.7987 10.2907 4.2
      vertex 12.7987 10.2907 1.2
    endloop
  endfacet
  facet normal -0.984784 -0.173785 -5.28835e-19
    outer loop
      vertex 12.7987 10.2907 4.2
      vertex 12.85 10 1.2
      vertex 12.85 10 4.2
    endloop
  endfacet
  facet normal -0.642747 -0.766079 0
    outer loop
      vertex 12.425 10.7361 1.2
      vertex 12.6511 10.5464 4.2
      vertex 12.425 10.7361 4.2
    endloop
  endfacet
  facet normal -0.642747 -0.766079 -0
    outer loop
      vertex 12.6511 10.5464 4.2
      vertex 12.425 10.7361 1.2
      vertex 12.6511 10.5464 1.2
    endloop
  endfacet
  facet normal -0.984786 0.173774 -5.55279e-19
    outer loop
      vertex 12.7987 9.70928 1.2
      vertex 12.85 10 4.2
      vertex 12.85 10 1.2
    endloop
  endfacet
  facet normal -0.984786 0.173774 -5.55279e-19
    outer loop
      vertex 12.85 10 4.2
      vertex 12.7987 9.70928 1.2
      vertex 12.7987 9.70928 4.2
    endloop
  endfacet
  facet normal -0.342034 0.939688 0
    outer loop
      vertex 12.425 9.26388 1.2
      vertex 12.1476 9.16291 4.2
      vertex 12.425 9.26388 4.2
    endloop
  endfacet
  facet normal -0.342034 0.939688 0
    outer loop
      vertex 12.1476 9.16291 4.2
      vertex 12.425 9.26388 1.2
      vertex 12.1476 9.16291 1.2
    endloop
  endfacet
  facet normal 0.642747 -0.766079 0
    outer loop
      vertex 11.3489 10.5464 1.2
      vertex 11.575 10.7361 4.2
      vertex 11.3489 10.5464 4.2
    endloop
  endfacet
  facet normal 0.642747 -0.766079 0
    outer loop
      vertex 11.575 10.7361 4.2
      vertex 11.3489 10.5464 1.2
      vertex 11.575 10.7361 1.2
    endloop
  endfacet
  facet normal 0.866025 0.500001 -1.19491e-18
    outer loop
      vertex 11.3489 9.45363 4.2
      vertex 11.2013 9.70928 1.2
      vertex 11.2013 9.70928 4.2
    endloop
  endfacet
  facet normal 0.866025 0.500001 -1.19491e-18
    outer loop
      vertex 11.2013 9.70928 1.2
      vertex 11.3489 9.45363 4.2
      vertex 11.3489 9.45363 1.2
    endloop
  endfacet
  facet normal 0.342124 -0.939655 0
    outer loop
      vertex 11.575 10.7361 1.2
      vertex 11.8524 10.8371 4.2
      vertex 11.575 10.7361 4.2
    endloop
  endfacet
  facet normal 0.342124 -0.939655 0
    outer loop
      vertex 11.8524 10.8371 4.2
      vertex 11.575 10.7361 1.2
      vertex 11.8524 10.8371 1.2
    endloop
  endfacet
  facet normal -0.642846 0.765995 0
    outer loop
      vertex 12.6511 9.45363 1.2
      vertex 12.425 9.26388 4.2
      vertex 12.6511 9.45363 4.2
    endloop
  endfacet
  facet normal -0.642846 0.765995 0
    outer loop
      vertex 12.425 9.26388 4.2
      vertex 12.6511 9.45363 1.2
      vertex 12.425 9.26388 1.2
    endloop
  endfacet
  facet normal 0.984786 0.173774 5.55279e-19
    outer loop
      vertex 11.2013 9.70928 4.2
      vertex 11.15 10 1.2
      vertex 11.15 10 4.2
    endloop
  endfacet
  facet normal 0.984786 0.173774 5.55279e-19
    outer loop
      vertex 11.15 10 1.2
      vertex 11.2013 9.70928 4.2
      vertex 11.2013 9.70928 1.2
    endloop
  endfacet
  facet normal -0.866025 0.500001 1.19491e-18
    outer loop
      vertex 12.6511 9.45363 1.2
      vertex 12.7987 9.70928 4.2
      vertex 12.7987 9.70928 1.2
    endloop
  endfacet
  facet normal -0.866025 0.500001 1.19491e-18
    outer loop
      vertex 12.7987 9.70928 4.2
      vertex 12.6511 9.45363 1.2
      vertex 12.6511 9.45363 4.2
    endloop
  endfacet
  facet normal 0.342034 0.939688 -0
    outer loop
      vertex 11.8524 9.16291 1.2
      vertex 11.575 9.26388 4.2
      vertex 11.8524 9.16291 4.2
    endloop
  endfacet
  facet normal 0.342034 0.939688 0
    outer loop
      vertex 11.575 9.26388 4.2
      vertex 11.8524 9.16291 1.2
      vertex 11.575 9.26388 1.2
    endloop
  endfacet
  facet normal 0 1 -0
    outer loop
      vertex 12.1476 9.16291 1.2
      vertex 11.8524 9.16291 4.2
      vertex 12.1476 9.16291 4.2
    endloop
  endfacet
  facet normal 0 1 0
    outer loop
      vertex 11.8524 9.16291 4.2
      vertex 12.1476 9.16291 1.2
      vertex 11.8524 9.16291 1.2
    endloop
  endfacet
  facet normal -0.342124 -0.939655 0
    outer loop
      vertex 12.1476 10.8371 1.2
      vertex 12.425 10.7361 4.2
      vertex 12.1476 10.8371 4.2
    endloop
  endfacet
  facet normal -0.342124 -0.939655 -0
    outer loop
      vertex 12.425 10.7361 4.2
      vertex 12.1476 10.8371 1.2
      vertex 12.425 10.7361 1.2
    endloop
  endfacet
  facet normal 0.866067 -0.499928 2.19488e-18
    outer loop
      vertex 11.2013 10.2907 4.2
      vertex 11.3489 10.5464 1.2
      vertex 11.3489 10.5464 4.2
    endloop
  endfacet
  facet normal 0.866067 -0.499928 2.19488e-18
    outer loop
      vertex 11.3489 10.5464 1.2
      vertex 11.2013 10.2907 4.2
      vertex 11.2013 10.2907 1.2
    endloop
  endfacet
  facet normal 0.984784 -0.173785 5.28835e-19
    outer loop
      vertex 11.15 10 4.2
      vertex 11.2013 10.2907 1.2
      vertex 11.2013 10.2907 4.2
    endloop
  endfacet
  facet normal 0.984784 -0.173785 5.28835e-19
    outer loop
      vertex 11.2013 10.2907 1.2
      vertex 11.15 10 4.2
      vertex 11.15 10 1.2
    endloop
  endfacet
  facet normal 0 -1 0
    outer loop
      vertex 11.8524 10.8371 1.2
      vertex 12.1476 10.8371 4.2
      vertex 11.8524 10.8371 4.2
    endloop
  endfacet
  facet normal 0 -1 -0
    outer loop
      vertex 12.1476 10.8371 4.2
      vertex 11.8524 10.8371 1.2
      vertex 12.1476 10.8371 1.2
    endloop
  endfacet
  facet normal 0.642846 0.765995 -0
    outer loop
      vertex 11.575 9.26388 1.2
      vertex 11.3489 9.45363 4.2
      vertex 11.575 9.26388 4.2
    endloop
  endfacet
  facet normal 0.642846 0.765995 0
    outer loop
      vertex 11.3489 9.45363 4.2
      vertex 11.575 9.26388 1.2
      vertex 11.3489 9.45363 1.2
    endloop
  endfacet
  facet normal 0.923881 0.382679 -1.3311e-18
    outer loop
      vertex -6.76133 -9.53413 4.2
      vertex -6.94115 -9.1 1.2
      vertex -6.94115 -9.1 4.2
    endloop
  endfacet
  facet normal 0.923881 0.382679 -1.3311e-18
    outer loop
      vertex -6.94115 -9.1 1.2
      vertex -6.76133 -9.53413 4.2
      vertex -6.76133 -9.53413 1.2
    endloop
  endfacet
  facet normal 0.991446 0.13052 7.95189e-19
    outer loop
      vertex -6.7 -10 4.2
      vertex -6.76133 -9.53413 1.2
      vertex -6.76133 -9.53413 4.2
    endloop
  endfacet
  facet normal 0.991446 0.13052 7.95189e-19
    outer loop
      vertex -6.76133 -9.53413 1.2
      vertex -6.7 -10 4.2
      vertex -6.7 -10 1.2
    endloop
  endfacet
  facet normal -0.608772 0.793345 0
    outer loop
      vertex -9.4 -8.44115 1.2
      vertex -9.77279 -8.72721 4.2
      vertex -9.4 -8.44115 4.2
    endloop
  endfacet
  facet normal -0.608772 0.793345 0
    outer loop
      vertex -9.77279 -8.72721 4.2
      vertex -9.4 -8.44115 1.2
      vertex -9.77279 -8.72721 1.2
    endloop
  endfacet
  facet normal -0.382679 0.923881 0
    outer loop
      vertex -8.96587 -8.26133 1.2
      vertex -9.4 -8.44115 4.2
      vertex -8.96587 -8.26133 4.2
    endloop
  endfacet
  facet normal -0.382679 0.923881 0
    outer loop
      vertex -9.4 -8.44115 4.2
      vertex -8.96587 -8.26133 1.2
      vertex -9.4 -8.44115 1.2
    endloop
  endfacet
  facet normal 0.608692 -0.793407 0
    outer loop
      vertex -7.6 -11.5588 1.2
      vertex -7.22721 -11.2728 4.2
      vertex -7.6 -11.5588 4.2
    endloop
  endfacet
  facet normal 0.608692 -0.793407 0
    outer loop
      vertex -7.22721 -11.2728 4.2
      vertex -7.6 -11.5588 1.2
      vertex -7.22721 -11.2728 1.2
    endloop
  endfacet
  facet normal 0.608772 0.793345 -0
    outer loop
      vertex -7.22721 -8.72721 1.2
      vertex -7.6 -8.44115 4.2
      vertex -7.22721 -8.72721 4.2
    endloop
  endfacet
  facet normal 0.608772 0.793345 0
    outer loop
      vertex -7.6 -8.44115 4.2
      vertex -7.22721 -8.72721 1.2
      vertex -7.6 -8.44115 1.2
    endloop
  endfacet
  facet normal -0.991454 0.130457 5.81367e-19
    outer loop
      vertex -10.3 -10 1.2
      vertex -10.2387 -9.53413 4.2
      vertex -10.2387 -9.53413 1.2
    endloop
  endfacet
  facet normal -0.991454 0.130457 5.81367e-19
    outer loop
      vertex -10.2387 -9.53413 4.2
      vertex -10.3 -10 1.2
      vertex -10.3 -10 4.2
    endloop
  endfacet
  facet normal -0.130457 -0.991454 0
    outer loop
      vertex -8.96587 -11.7387 1.2
      vertex -8.5 -11.8 4.2
      vertex -8.96587 -11.7387 4.2
    endloop
  endfacet
  facet normal -0.130457 -0.991454 -0
    outer loop
      vertex -8.5 -11.8 4.2
      vertex -8.96587 -11.7387 1.2
      vertex -8.5 -11.8 1.2
    endloop
  endfacet
  facet normal 0.13052 0.991446 -0
    outer loop
      vertex -8.03413 -8.26133 1.2
      vertex -8.5 -8.2 4.2
      vertex -8.03413 -8.26133 4.2
    endloop
  endfacet
  facet normal 0.13052 0.991446 0
    outer loop
      vertex -8.5 -8.2 4.2
      vertex -8.03413 -8.26133 1.2
      vertex -8.5 -8.2 1.2
    endloop
  endfacet
  facet normal 0.382679 0.923881 -0
    outer loop
      vertex -7.6 -8.44115 1.2
      vertex -8.03413 -8.26133 4.2
      vertex -7.6 -8.44115 4.2
    endloop
  endfacet
  facet normal 0.382679 0.923881 0
    outer loop
      vertex -8.03413 -8.26133 4.2
      vertex -7.6 -8.44115 1.2
      vertex -8.03413 -8.26133 1.2
    endloop
  endfacet
  facet normal -0.608692 -0.793407 0
    outer loop
      vertex -9.77279 -11.2728 1.2
      vertex -9.4 -11.5588 4.2
      vertex -9.77279 -11.2728 4.2
    endloop
  endfacet
  facet normal -0.608692 -0.793407 -0
    outer loop
      vertex -9.4 -11.5588 4.2
      vertex -9.77279 -11.2728 1.2
      vertex -9.4 -11.5588 1.2
    endloop
  endfacet
  facet normal 0.793345 0.608772 -4.7899e-18
    outer loop
      vertex -6.94115 -9.1 4.2
      vertex -7.22721 -8.72721 1.2
      vertex -7.22721 -8.72721 4.2
    endloop
  endfacet
  facet normal 0.793345 0.608772 -4.7899e-18
    outer loop
      vertex -7.22721 -8.72721 1.2
      vertex -6.94115 -9.1 4.2
      vertex -6.94115 -9.1 1.2
    endloop
  endfacet
  facet normal 0.793353 -0.608762 -4.13801e-18
    outer loop
      vertex -7.22721 -11.2728 4.2
      vertex -6.94115 -10.9 1.2
      vertex -6.94115 -10.9 4.2
    endloop
  endfacet
  facet normal 0.793353 -0.608762 -4.13801e-18
    outer loop
      vertex -6.94115 -10.9 1.2
      vertex -7.22721 -11.2728 4.2
      vertex -7.22721 -11.2728 1.2
    endloop
  endfacet
  facet normal 0.382824 -0.923821 0
    outer loop
      vertex -8.03413 -11.7387 1.2
      vertex -7.6 -11.5588 4.2
      vertex -8.03413 -11.7387 4.2
    endloop
  endfacet
  facet normal 0.382824 -0.923821 0
    outer loop
      vertex -7.6 -11.5588 4.2
      vertex -8.03413 -11.7387 1.2
      vertex -7.6 -11.5588 1.2
    endloop
  endfacet
  facet normal -0.793396 0.608705 -1.97066e-18
    outer loop
      vertex -10.0588 -9.1 1.2
      vertex -9.77279 -8.72721 4.2
      vertex -9.77279 -8.72721 1.2
    endloop
  endfacet
  facet normal -0.793396 0.608705 -1.97066e-18
    outer loop
      vertex -9.77279 -8.72721 4.2
      vertex -10.0588 -9.1 1.2
      vertex -10.0588 -9.1 4.2
    endloop
  endfacet
  facet normal -0.793404 -0.608695 1.23274e-18
    outer loop
      vertex -9.77279 -11.2728 1.2
      vertex -10.0588 -10.9 4.2
      vertex -10.0588 -10.9 1.2
    endloop
  endfacet
  facet normal -0.793404 -0.608695 1.23274e-18
    outer loop
      vertex -10.0588 -10.9 4.2
      vertex -9.77279 -11.2728 1.2
      vertex -9.77279 -11.2728 4.2
    endloop
  endfacet
  facet normal 0.991447 -0.130512 3.29358e-19
    outer loop
      vertex -6.76133 -10.4659 4.2
      vertex -6.7 -10 1.2
      vertex -6.7 -10 4.2
    endloop
  endfacet
  facet normal 0.991447 -0.130512 3.29358e-19
    outer loop
      vertex -6.7 -10 1.2
      vertex -6.76133 -10.4659 4.2
      vertex -6.76133 -10.4659 1.2
    endloop
  endfacet
  facet normal -0.13052 0.991446 0
    outer loop
      vertex -8.5 -8.2 1.2
      vertex -8.96587 -8.26133 4.2
      vertex -8.5 -8.2 4.2
    endloop
  endfacet
  facet normal -0.13052 0.991446 0
    outer loop
      vertex -8.96587 -8.26133 4.2
      vertex -8.5 -8.2 1.2
      vertex -8.96587 -8.26133 1.2
    endloop
  endfacet
  facet normal -0.923812 -0.382847 3.7199e-18
    outer loop
      vertex -10.0588 -10.9 1.2
      vertex -10.2387 -10.4659 4.2
      vertex -10.2387 -10.4659 1.2
    endloop
  endfacet
  facet normal -0.923812 -0.382847 3.7199e-18
    outer loop
      vertex -10.2387 -10.4659 4.2
      vertex -10.0588 -10.9 1.2
      vertex -10.0588 -10.9 4.2
    endloop
  endfacet
  facet normal -0.991455 -0.130449 -4.33723e-19
    outer loop
      vertex -10.2387 -10.4659 1.2
      vertex -10.3 -10 4.2
      vertex -10.3 -10 1.2
    endloop
  endfacet
  facet normal -0.991455 -0.130449 -4.33723e-19
    outer loop
      vertex -10.3 -10 4.2
      vertex -10.2387 -10.4659 1.2
      vertex -10.2387 -10.4659 4.2
    endloop
  endfacet
  facet normal 0.923872 -0.382701 -1.52978e-18
    outer loop
      vertex -6.94115 -10.9 4.2
      vertex -6.76133 -10.4659 1.2
      vertex -6.76133 -10.4659 4.2
    endloop
  endfacet
  facet normal 0.923872 -0.382701 -1.52978e-18
    outer loop
      vertex -6.76133 -10.4659 1.2
      vertex -6.94115 -10.9 4.2
      vertex -6.94115 -10.9 1.2
    endloop
  endfacet
  facet normal -0.382824 -0.923821 0
    outer loop
      vertex -9.4 -11.5588 1.2
      vertex -8.96587 -11.7387 4.2
      vertex -9.4 -11.5588 4.2
    endloop
  endfacet
  facet normal -0.382824 -0.923821 -0
    outer loop
      vertex -8.96587 -11.7387 4.2
      vertex -9.4 -11.5588 1.2
      vertex -8.96587 -11.7387 1.2
    endloop
  endfacet
  facet normal 0 0 1
    outer loop
      vertex -7.65 -10 4.2
      vertex -6.7 -10 4.2
      vertex -6.76133 -9.53413 4.2
    endloop
  endfacet
  facet normal 0 0 1
    outer loop
      vertex -7.70126 -9.70928 4.2
      vertex -6.76133 -9.53413 4.2
      vertex -6.94115 -9.1 4.2
    endloop
  endfacet
  facet normal 0 0 1
    outer loop
      vertex -6.7 -10 4.2
      vertex -7.65 -10 4.2
      vertex -6.76133 -10.4659 4.2
    endloop
  endfacet
  facet normal 0 0 1
    outer loop
      vertex -7.84886 -9.45363 4.2
      vertex -6.94115 -9.1 4.2
      vertex -7.22721 -8.72721 4.2
    endloop
  endfacet
  facet normal -0 0 1
    outer loop
      vertex -7.70126 -10.2907 4.2
      vertex -6.76133 -10.4659 4.2
      vertex -7.65 -10 4.2
    endloop
  endfacet
  facet normal 0 0 1
    outer loop
      vertex -8.075 -9.26388 4.2
      vertex -7.22721 -8.72721 4.2
      vertex -7.6 -8.44115 4.2
    endloop
  endfacet
  facet normal 0 0 1
    outer loop
      vertex -6.76133 -10.4659 4.2
      vertex -7.70126 -10.2907 4.2
      vertex -6.94115 -10.9 4.2
    endloop
  endfacet
  facet normal -0 0 1
    outer loop
      vertex -7.84886 -10.5464 4.2
      vertex -6.94115 -10.9 4.2
      vertex -7.70126 -10.2907 4.2
    endloop
  endfacet
  facet normal 0 0 1
    outer loop
      vertex -6.76133 -9.53413 4.2
      vertex -7.70126 -9.70928 4.2
      vertex -7.65 -10 4.2
    endloop
  endfacet
  facet normal 0 0 1
    outer loop
      vertex -6.94115 -9.1 4.2
      vertex -7.84886 -9.45363 4.2
      vertex -7.70126 -9.70928 4.2
    endloop
  endfacet
  facet normal 0 0 1
    outer loop
      vertex -8.075 -9.26388 4.2
      vertex -7.6 -8.44115 4.2
      vertex -8.03413 -8.26133 4.2
    endloop
  endfacet
  facet normal 0 0 1
    outer loop
      vertex -7.22721 -8.72721 4.2
      vertex -8.075 -9.26388 4.2
      vertex -7.84886 -9.45363 4.2
    endloop
  endfacet
  facet normal 0 0 1
    outer loop
      vertex -8.03413 -8.26133 4.2
      vertex -8.3524 -9.16291 4.2
      vertex -8.075 -9.26388 4.2
    endloop
  endfacet
  facet normal 0 0 1
    outer loop
      vertex -8.5 -8.2 4.2
      vertex -8.3524 -9.16291 4.2
      vertex -8.03413 -8.26133 4.2
    endloop
  endfacet
  facet normal 0 0 1
    outer loop
      vertex -8.5 -8.2 4.2
      vertex -8.6476 -9.16291 4.2
      vertex -8.3524 -9.16291 4.2
    endloop
  endfacet
  facet normal -0 0 1
    outer loop
      vertex -8.96587 -8.26133 4.2
      vertex -8.6476 -9.16291 4.2
      vertex -8.5 -8.2 4.2
    endloop
  endfacet
  facet normal 0 0 1
    outer loop
      vertex -8.6476 -9.16291 4.2
      vertex -8.96587 -8.26133 4.2
      vertex -8.925 -9.26388 4.2
    endloop
  endfacet
  facet normal -0 0 1
    outer loop
      vertex -9.4 -8.44115 4.2
      vertex -8.925 -9.26388 4.2
      vertex -8.96587 -8.26133 4.2
    endloop
  endfacet
  facet normal -0 0 1
    outer loop
      vertex -9.77279 -8.72721 4.2
      vertex -8.925 -9.26388 4.2
      vertex -9.4 -8.44115 4.2
    endloop
  endfacet
  facet normal -0 0 1
    outer loop
      vertex -10.0588 -9.1 4.2
      vertex -9.15114 -9.45363 4.2
      vertex -9.77279 -8.72721 4.2
    endloop
  endfacet
  facet normal 0 0 1
    outer loop
      vertex -8.925 -9.26388 4.2
      vertex -9.77279 -8.72721 4.2
      vertex -9.15114 -9.45363 4.2
    endloop
  endfacet
  facet normal 0 0 1
    outer loop
      vertex -6.94115 -10.9 4.2
      vertex -7.84886 -10.5464 4.2
      vertex -7.22721 -11.2728 4.2
    endloop
  endfacet
  facet normal -0 0 1
    outer loop
      vertex -8.075 -10.7361 4.2
      vertex -7.22721 -11.2728 4.2
      vertex -7.84886 -10.5464 4.2
    endloop
  endfacet
  facet normal 0 0 1
    outer loop
      vertex -7.22721 -11.2728 4.2
      vertex -8.075 -10.7361 4.2
      vertex -7.6 -11.5588 4.2
    endloop
  endfacet
  facet normal 0 0 1
    outer loop
      vertex -7.6 -11.5588 4.2
      vertex -8.075 -10.7361 4.2
      vertex -8.03413 -11.7387 4.2
    endloop
  endfacet
  facet normal -0 0 1
    outer loop
      vertex -8.3524 -10.8371 4.2
      vertex -8.03413 -11.7387 4.2
      vertex -8.075 -10.7361 4.2
    endloop
  endfacet
  facet normal 0 0 1
    outer loop
      vertex -8.3524 -10.8371 4.2
      vertex -8.5 -11.8 4.2
      vertex -8.03413 -11.7387 4.2
    endloop
  endfacet
  facet normal -0 0 1
    outer loop
      vertex -8.6476 -10.8371 4.2
      vertex -8.5 -11.8 4.2
      vertex -8.3524 -10.8371 4.2
    endloop
  endfacet
  facet normal 0 0 1
    outer loop
      vertex -8.96587 -11.7387 4.2
      vertex -8.6476 -10.8371 4.2
      vertex -8.925 -10.7361 4.2
    endloop
  endfacet
  facet normal 0 0 1
    outer loop
      vertex -8.6476 -10.8371 4.2
      vertex -8.96587 -11.7387 4.2
      vertex -8.5 -11.8 4.2
    endloop
  endfacet
  facet normal 0 0 1
    outer loop
      vertex -9.77279 -11.2728 4.2
      vertex -8.925 -10.7361 4.2
      vertex -9.15114 -10.5464 4.2
    endloop
  endfacet
  facet normal 0 0 1
    outer loop
      vertex -10.0588 -10.9 4.2
      vertex -9.15114 -10.5464 4.2
      vertex -9.29874 -10.2907 4.2
    endloop
  endfacet
  facet normal 0 0 1
    outer loop
      vertex -8.925 -10.7361 4.2
      vertex -9.4 -11.5588 4.2
      vertex -8.96587 -11.7387 4.2
    endloop
  endfacet
  facet normal 0 0 1
    outer loop
      vertex -10.2387 -10.4659 4.2
      vertex -9.29874 -10.2907 4.2
      vertex -9.35 -10 4.2
    endloop
  endfacet
  facet normal 0 0 1
    outer loop
      vertex -9.15114 -9.45363 4.2
      vertex -10.0588 -9.1 4.2
      vertex -9.29874 -9.70928 4.2
    endloop
  endfacet
  facet normal -0 0 1
    outer loop
      vertex -10.2387 -9.53413 4.2
      vertex -9.29874 -9.70928 4.2
      vertex -10.0588 -9.1 4.2
    endloop
  endfacet
  facet normal 0 0 1
    outer loop
      vertex -8.925 -10.7361 4.2
      vertex -9.77279 -11.2728 4.2
      vertex -9.4 -11.5588 4.2
    endloop
  endfacet
  facet normal 0 0 1
    outer loop
      vertex -9.29874 -9.70928 4.2
      vertex -10.2387 -9.53413 4.2
      vertex -9.35 -10 4.2
    endloop
  endfacet
  facet normal 0 0 1
    outer loop
      vertex -9.15114 -10.5464 4.2
      vertex -10.0588 -10.9 4.2
      vertex -9.77279 -11.2728 4.2
    endloop
  endfacet
  facet normal 0 0 1
    outer loop
      vertex -10.3 -10 4.2
      vertex -9.35 -10 4.2
      vertex -10.2387 -9.53413 4.2
    endloop
  endfacet
  facet normal 0 0 1
    outer loop
      vertex -9.29874 -10.2907 4.2
      vertex -10.2387 -10.4659 4.2
      vertex -10.0588 -10.9 4.2
    endloop
  endfacet
  facet normal 0 0 1
    outer loop
      vertex -9.35 -10 4.2
      vertex -10.3 -10 4.2
      vertex -10.2387 -10.4659 4.2
    endloop
  endfacet
  facet normal 0.130457 -0.991454 0
    outer loop
      vertex -8.5 -11.8 1.2
      vertex -8.03413 -11.7387 4.2
      vertex -8.5 -11.8 4.2
    endloop
  endfacet
  facet normal 0.130457 -0.991454 0
    outer loop
      vertex -8.03413 -11.7387 4.2
      vertex -8.5 -11.8 1.2
      vertex -8.03413 -11.7387 1.2
    endloop
  endfacet
  facet normal 0 0 -1
    outer loop
      vertex -7.65 -10 1.2
      vertex -6.7 -10 1.2
      vertex -6.76133 -10.4659 1.2
    endloop
  endfacet
  facet normal 0 0 -1
    outer loop
      vertex -7.70126 -10.2907 1.2
      vertex -6.76133 -10.4659 1.2
      vertex -6.94115 -10.9 1.2
    endloop
  endfacet
  facet normal 0 0 -1
    outer loop
      vertex -6.7 -10 1.2
      vertex -7.65 -10 1.2
      vertex -6.76133 -9.53413 1.2
    endloop
  endfacet
  facet normal 0 0 -1
    outer loop
      vertex -7.84886 -10.5464 1.2
      vertex -6.94115 -10.9 1.2
      vertex -7.22721 -11.2728 1.2
    endloop
  endfacet
  facet normal 0 0 -1
    outer loop
      vertex -7.70126 -9.70928 1.2
      vertex -6.76133 -9.53413 1.2
      vertex -7.65 -10 1.2
    endloop
  endfacet
  facet normal 0 0 -1
    outer loop
      vertex -8.075 -10.7361 1.2
      vertex -7.22721 -11.2728 1.2
      vertex -7.6 -11.5588 1.2
    endloop
  endfacet
  facet normal -0 0 -1
    outer loop
      vertex -6.76133 -9.53413 1.2
      vertex -7.70126 -9.70928 1.2
      vertex -6.94115 -9.1 1.2
    endloop
  endfacet
  facet normal 0 0 -1
    outer loop
      vertex -7.84886 -9.45363 1.2
      vertex -6.94115 -9.1 1.2
      vertex -7.70126 -9.70928 1.2
    endloop
  endfacet
  facet normal 0 0 -1
    outer loop
      vertex -6.76133 -10.4659 1.2
      vertex -7.70126 -10.2907 1.2
      vertex -7.65 -10 1.2
    endloop
  endfacet
  facet normal 0 0 -1
    outer loop
      vertex -6.94115 -10.9 1.2
      vertex -7.84886 -10.5464 1.2
      vertex -7.70126 -10.2907 1.2
    endloop
  endfacet
  facet normal 0 0 -1
    outer loop
      vertex -8.075 -10.7361 1.2
      vertex -7.6 -11.5588 1.2
      vertex -8.03413 -11.7387 1.2
    endloop
  endfacet
  facet normal 0 0 -1
    outer loop
      vertex -7.22721 -11.2728 1.2
      vertex -8.075 -10.7361 1.2
      vertex -7.84886 -10.5464 1.2
    endloop
  endfacet
  facet normal 0 0 -1
    outer loop
      vertex -8.03413 -11.7387 1.2
      vertex -8.3524 -10.8371 1.2
      vertex -8.075 -10.7361 1.2
    endloop
  endfacet
  facet normal 0 0 -1
    outer loop
      vertex -8.5 -11.8 1.2
      vertex -8.3524 -10.8371 1.2
      vertex -8.03413 -11.7387 1.2
    endloop
  endfacet
  facet normal 0 0 -1
    outer loop
      vertex -8.5 -11.8 1.2
      vertex -8.6476 -10.8371 1.2
      vertex -8.3524 -10.8371 1.2
    endloop
  endfacet
  facet normal 0 0 -1
    outer loop
      vertex -8.96587 -11.7387 1.2
      vertex -8.6476 -10.8371 1.2
      vertex -8.5 -11.8 1.2
    endloop
  endfacet
  facet normal -0 0 -1
    outer loop
      vertex -8.6476 -10.8371 1.2
      vertex -8.96587 -11.7387 1.2
      vertex -8.925 -10.7361 1.2
    endloop
  endfacet
  facet normal 0 0 -1
    outer loop
      vertex -9.4 -11.5588 1.2
      vertex -8.925 -10.7361 1.2
      vertex -8.96587 -11.7387 1.2
    endloop
  endfacet
  facet normal 0 0 -1
    outer loop
      vertex -9.77279 -11.2728 1.2
      vertex -8.925 -10.7361 1.2
      vertex -9.4 -11.5588 1.2
    endloop
  endfacet
  facet normal 0 0 -1
    outer loop
      vertex -10.0588 -10.9 1.2
      vertex -9.15114 -10.5464 1.2
      vertex -9.77279 -11.2728 1.2
    endloop
  endfacet
  facet normal -0 0 -1
    outer loop
      vertex -8.925 -10.7361 1.2
      vertex -9.77279 -11.2728 1.2
      vertex -9.15114 -10.5464 1.2
    endloop
  endfacet
  facet normal -0 0 -1
    outer loop
      vertex -6.94115 -9.1 1.2
      vertex -7.84886 -9.45363 1.2
      vertex -7.22721 -8.72721 1.2
    endloop
  endfacet
  facet normal 0 0 -1
    outer loop
      vertex -8.075 -9.26388 1.2
      vertex -7.22721 -8.72721 1.2
      vertex -7.84886 -9.45363 1.2
    endloop
  endfacet
  facet normal -0 0 -1
    outer loop
      vertex -7.22721 -8.72721 1.2
      vertex -8.075 -9.26388 1.2
      vertex -7.6 -8.44115 1.2
    endloop
  endfacet
  facet normal -0 0 -1
    outer loop
      vertex -7.6 -8.44115 1.2
      vertex -8.075 -9.26388 1.2
      vertex -8.03413 -8.26133 1.2
    endloop
  endfacet
  facet normal 0 0 -1
    outer loop
      vertex -8.3524 -9.16291 1.2
      vertex -8.03413 -8.26133 1.2
      vertex -8.075 -9.26388 1.2
    endloop
  endfacet
  facet normal 0 0 -1
    outer loop
      vertex -8.3524 -9.16291 1.2
      vertex -8.5 -8.2 1.2
      vertex -8.03413 -8.26133 1.2
    endloop
  endfacet
  facet normal 0 0 -1
    outer loop
      vertex -8.6476 -9.16291 1.2
      vertex -8.5 -8.2 1.2
      vertex -8.3524 -9.16291 1.2
    endloop
  endfacet
  facet normal 0 0 -1
    outer loop
      vertex -8.96587 -8.26133 1.2
      vertex -8.6476 -9.16291 1.2
      vertex -8.925 -9.26388 1.2
    endloop
  endfacet
  facet normal 0 0 -1
    outer loop
      vertex -8.6476 -9.16291 1.2
      vertex -8.96587 -8.26133 1.2
      vertex -8.5 -8.2 1.2
    endloop
  endfacet
  facet normal 0 0 -1
    outer loop
      vertex -9.77279 -8.72721 1.2
      vertex -8.925 -9.26388 1.2
      vertex -9.15114 -9.45363 1.2
    endloop
  endfacet
  facet normal 0 0 -1
    outer loop
      vertex -10.0588 -9.1 1.2
      vertex -9.15114 -9.45363 1.2
      vertex -9.29874 -9.70928 1.2
    endloop
  endfacet
  facet normal 0 0 -1
    outer loop
      vertex -8.925 -9.26388 1.2
      vertex -9.4 -8.44115 1.2
      vertex -8.96587 -8.26133 1.2
    endloop
  endfacet
  facet normal 0 0 -1
    outer loop
      vertex -10.2387 -9.53413 1.2
      vertex -9.29874 -9.70928 1.2
      vertex -9.35 -10 1.2
    endloop
  endfacet
  facet normal -0 0 -1
    outer loop
      vertex -9.15114 -10.5464 1.2
      vertex -10.0588 -10.9 1.2
      vertex -9.29874 -10.2907 1.2
    endloop
  endfacet
  facet normal 0 0 -1
    outer loop
      vertex -10.2387 -10.4659 1.2
      vertex -9.29874 -10.2907 1.2
      vertex -10.0588 -10.9 1.2
    endloop
  endfacet
  facet normal 0 0 -1
    outer loop
      vertex -8.925 -9.26388 1.2
      vertex -9.77279 -8.72721 1.2
      vertex -9.4 -8.44115 1.2
    endloop
  endfacet
  facet normal -0 0 -1
    outer loop
      vertex -9.29874 -10.2907 1.2
      vertex -10.2387 -10.4659 1.2
      vertex -9.35 -10 1.2
    endloop
  endfacet
  facet normal 0 0 -1
    outer loop
      vertex -9.15114 -9.45363 1.2
      vertex -10.0588 -9.1 1.2
      vertex -9.77279 -8.72721 1.2
    endloop
  endfacet
  facet normal 0 0 -1
    outer loop
      vertex -10.3 -10 1.2
      vertex -9.35 -10 1.2
      vertex -10.2387 -10.4659 1.2
    endloop
  endfacet
  facet normal 0 0 -1
    outer loop
      vertex -9.29874 -9.70928 1.2
      vertex -10.2387 -9.53413 1.2
      vertex -10.0588 -9.1 1.2
    endloop
  endfacet
  facet normal 0 0 -1
    outer loop
      vertex -9.35 -10 1.2
      vertex -10.3 -10 1.2
      vertex -10.2387 -9.53413 1.2
    endloop
  endfacet
  facet normal -0.923821 0.382824 -3.97277e-18
    outer loop
      vertex -10.2387 -9.53413 1.2
      vertex -10.0588 -9.1 4.2
      vertex -10.0588 -9.1 1.2
    endloop
  endfacet
  facet normal -0.923821 0.382824 -3.97277e-18
    outer loop
      vertex -10.0588 -9.1 4.2
      vertex -10.2387 -9.53413 1.2
      vertex -10.2387 -9.53413 4.2
    endloop
  endfacet
  facet normal -0.866025 -0.500001 -3.36371e-18
    outer loop
      vertex -7.70126 -9.70928 1.2
      vertex -7.84886 -9.45363 4.2
      vertex -7.84886 -9.45363 1.2
    endloop
  endfacet
  facet normal -0.866025 -0.500001 -3.36371e-18
    outer loop
      vertex -7.84886 -9.45363 4.2
      vertex -7.70126 -9.70928 1.2
      vertex -7.70126 -9.70928 4.2
    endloop
  endfacet
  facet normal -0.984809 -0.173642 8.01909e-19
    outer loop
      vertex -7.65 -10 1.2
      vertex -7.70126 -9.70928 4.2
      vertex -7.70126 -9.70928 1.2
    endloop
  endfacet
  facet normal -0.984809 -0.173642 8.01909e-19
    outer loop
      vertex -7.70126 -9.70928 4.2
      vertex -7.65 -10 1.2
      vertex -7.65 -10 4.2
    endloop
  endfacet
  facet normal -0.64278 -0.766051 0
    outer loop
      vertex -8.075 -9.26388 1.2
      vertex -7.84886 -9.45363 4.2
      vertex -8.075 -9.26388 4.2
    endloop
  endfacet
  facet normal -0.64278 -0.766051 -0
    outer loop
      vertex -7.84886 -9.45363 4.2
      vertex -8.075 -9.26388 1.2
      vertex -7.84886 -9.45363 1.2
    endloop
  endfacet
  facet normal -0.984807 0.173654 6.04987e-21
    outer loop
      vertex -7.70126 -10.2907 1.2
      vertex -7.65 -10 4.2
      vertex -7.65 -10 1.2
    endloop
  endfacet
  facet normal -0.984807 0.173654 6.04987e-21
    outer loop
      vertex -7.65 -10 4.2
      vertex -7.70126 -10.2907 1.2
      vertex -7.70126 -10.2907 4.2
    endloop
  endfacet
  facet normal -0.342124 0.939655 0
    outer loop
      vertex -8.075 -10.7361 1.2
      vertex -8.3524 -10.8371 4.2
      vertex -8.075 -10.7361 4.2
    endloop
  endfacet
  facet normal -0.342124 0.939655 0
    outer loop
      vertex -8.3524 -10.8371 4.2
      vertex -8.075 -10.7361 1.2
      vertex -8.3524 -10.8371 1.2
    endloop
  endfacet
  facet normal 0.64278 -0.766051 0
    outer loop
      vertex -9.15114 -9.45363 1.2
      vertex -8.925 -9.26388 4.2
      vertex -9.15114 -9.45363 4.2
    endloop
  endfacet
  facet normal 0.64278 -0.766051 0
    outer loop
      vertex -8.925 -9.26388 4.2
      vertex -9.15114 -9.45363 1.2
      vertex -8.925 -9.26388 1.2
    endloop
  endfacet
  facet normal 0.866067 0.499928 -2.19488e-18
    outer loop
      vertex -9.15114 -10.5464 4.2
      vertex -9.29874 -10.2907 1.2
      vertex -9.29874 -10.2907 4.2
    endloop
  endfacet
  facet normal 0.866067 0.499928 -2.19488e-18
    outer loop
      vertex -9.29874 -10.2907 1.2
      vertex -9.15114 -10.5464 4.2
      vertex -9.15114 -10.5464 1.2
    endloop
  endfacet
  facet normal 0.342034 -0.939688 0
    outer loop
      vertex -8.925 -9.26388 1.2
      vertex -8.6476 -9.16291 4.2
      vertex -8.925 -9.26388 4.2
    endloop
  endfacet
  facet normal 0.342034 -0.939688 0
    outer loop
      vertex -8.6476 -9.16291 4.2
      vertex -8.925 -9.26388 1.2
      vertex -8.6476 -9.16291 1.2
    endloop
  endfacet
  facet normal -0.64268 0.766135 0
    outer loop
      vertex -7.84886 -10.5464 1.2
      vertex -8.075 -10.7361 4.2
      vertex -7.84886 -10.5464 4.2
    endloop
  endfacet
  facet normal -0.64268 0.766135 0
    outer loop
      vertex -8.075 -10.7361 4.2
      vertex -7.84886 -10.5464 1.2
      vertex -8.075 -10.7361 1.2
    endloop
  endfacet
  facet normal 0.984807 0.173654 -3.2261e-19
    outer loop
      vertex -9.29874 -10.2907 4.2
      vertex -9.35 -10 1.2
      vertex -9.35 -10 4.2
    endloop
  endfacet
  facet normal 0.984807 0.173654 -3.2261e-19
    outer loop
      vertex -9.35 -10 1.2
      vertex -9.29874 -10.2907 4.2
      vertex -9.29874 -10.2907 1.2
    endloop
  endfacet
  facet normal -0.866067 0.499928 -3.52089e-18
    outer loop
      vertex -7.84886 -10.5464 1.2
      vertex -7.70126 -10.2907 4.2
      vertex -7.70126 -10.2907 1.2
    endloop
  endfacet
  facet normal -0.866067 0.499928 -3.52089e-18
    outer loop
      vertex -7.70126 -10.2907 4.2
      vertex -7.84886 -10.5464 1.2
      vertex -7.84886 -10.5464 4.2
    endloop
  endfacet
  facet normal 0.342124 0.939655 -0
    outer loop
      vertex -8.6476 -10.8371 1.2
      vertex -8.925 -10.7361 4.2
      vertex -8.6476 -10.8371 4.2
    endloop
  endfacet
  facet normal 0.342124 0.939655 0
    outer loop
      vertex -8.925 -10.7361 4.2
      vertex -8.6476 -10.8371 1.2
      vertex -8.925 -10.7361 1.2
    endloop
  endfacet
  facet normal 0 1 -0
    outer loop
      vertex -8.3524 -10.8371 1.2
      vertex -8.6476 -10.8371 4.2
      vertex -8.3524 -10.8371 4.2
    endloop
  endfacet
  facet normal 0 1 0
    outer loop
      vertex -8.6476 -10.8371 4.2
      vertex -8.3524 -10.8371 1.2
      vertex -8.6476 -10.8371 1.2
    endloop
  endfacet
  facet normal -0.342034 -0.939688 0
    outer loop
      vertex -8.3524 -9.16291 1.2
      vertex -8.075 -9.26388 4.2
      vertex -8.3524 -9.16291 4.2
    endloop
  endfacet
  facet normal -0.342034 -0.939688 -0
    outer loop
      vertex -8.075 -9.26388 4.2
      vertex -8.3524 -9.16291 1.2
      vertex -8.075 -9.26388 1.2
    endloop
  endfacet
  facet normal 0.866025 -0.500001 1.19491e-18
    outer loop
      vertex -9.29874 -9.70928 4.2
      vertex -9.15114 -9.45363 1.2
      vertex -9.15114 -9.45363 4.2
    endloop
  endfacet
  facet normal 0.866025 -0.500001 1.19491e-18
    outer loop
      vertex -9.15114 -9.45363 1.2
      vertex -9.29874 -9.70928 4.2
      vertex -9.29874 -9.70928 1.2
    endloop
  endfacet
  facet normal 0.984809 -0.173642 -5.05427e-19
    outer loop
      vertex -9.35 -10 4.2
      vertex -9.29874 -9.70928 1.2
      vertex -9.29874 -9.70928 4.2
    endloop
  endfacet
  facet normal 0.984809 -0.173642 -5.05427e-19
    outer loop
      vertex -9.29874 -9.70928 1.2
      vertex -9.35 -10 4.2
      vertex -9.35 -10 1.2
    endloop
  endfacet
  facet normal 0 -1 0
    outer loop
      vertex -8.6476 -9.16291 1.2
      vertex -8.3524 -9.16291 4.2
      vertex -8.6476 -9.16291 4.2
    endloop
  endfacet
  facet normal 0 -1 -0
    outer loop
      vertex -8.3524 -9.16291 4.2
      vertex -8.6476 -9.16291 1.2
      vertex -8.3524 -9.16291 1.2
    endloop
  endfacet
  facet normal 0.64268 0.766135 -0
    outer loop
      vertex -8.925 -10.7361 1.2
      vertex -9.15114 -10.5464 4.2
      vertex -8.925 -10.7361 4.2
    endloop
  endfacet
  facet normal 0.64268 0.766135 0
    outer loop
      vertex -9.15114 -10.5464 4.2
      vertex -8.925 -10.7361 1.2
      vertex -9.15114 -10.5464 1.2
    endloop
  endfacet
  facet normal 0.923821 0.382824 3.97277e-18
    outer loop
      vertex 10.2387 -9.53413 4.2
      vertex 10.0588 -9.1 1.2
      vertex 10.0588 -9.1 4.2
    endloop
  endfacet
  facet normal 0.923821 0.382824 3.97277e-18
    outer loop
      vertex 10.0588 -9.1 1.2
      vertex 10.2387 -9.53413 4.2
      vertex 10.2387 -9.53413 1.2
    endloop
  endfacet
  facet normal 0.991454 0.130457 -5.81367e-19
    outer loop
      vertex 10.3 -10 4.2
      vertex 10.2387 -9.53413 1.2
      vertex 10.2387 -9.53413 4.2
    endloop
  endfacet
  facet normal 0.991454 0.130457 -5.81367e-19
    outer loop
      vertex 10.2387 -9.53413 1.2
      vertex 10.3 -10 4.2
      vertex 10.3 -10 1.2
    endloop
  endfacet
  facet normal -0.608772 0.793345 0
    outer loop
      vertex 7.6 -8.44115 1.2
      vertex 7.22721 -8.72721 4.2
      vertex 7.6 -8.44115 4.2
    endloop
  endfacet
  facet normal -0.608772 0.793345 0
    outer loop
      vertex 7.22721 -8.72721 4.2
      vertex 7.6 -8.44115 1.2
      vertex 7.22721 -8.72721 1.2
    endloop
  endfacet
  facet normal -0.382679 0.923881 0
    outer loop
      vertex 8.03413 -8.26133 1.2
      vertex 7.6 -8.44115 4.2
      vertex 8.03413 -8.26133 4.2
    endloop
  endfacet
  facet normal -0.382679 0.923881 0
    outer loop
      vertex 7.6 -8.44115 4.2
      vertex 8.03413 -8.26133 1.2
      vertex 7.6 -8.44115 1.2
    endloop
  endfacet
  facet normal 0.608692 -0.793407 0
    outer loop
      vertex 9.4 -11.5588 1.2
      vertex 9.77279 -11.2728 4.2
      vertex 9.4 -11.5588 4.2
    endloop
  endfacet
  facet normal 0.608692 -0.793407 0
    outer loop
      vertex 9.77279 -11.2728 4.2
      vertex 9.4 -11.5588 1.2
      vertex 9.77279 -11.2728 1.2
    endloop
  endfacet
  facet normal 0.608772 0.793345 -0
    outer loop
      vertex 9.77279 -8.72721 1.2
      vertex 9.4 -8.44115 4.2
      vertex 9.77279 -8.72721 4.2
    endloop
  endfacet
  facet normal 0.608772 0.793345 0
    outer loop
      vertex 9.4 -8.44115 4.2
      vertex 9.77279 -8.72721 1.2
      vertex 9.4 -8.44115 1.2
    endloop
  endfacet
  facet normal -0.991446 0.13052 -7.95189e-19
    outer loop
      vertex 6.7 -10 1.2
      vertex 6.76133 -9.53413 4.2
      vertex 6.76133 -9.53413 1.2
    endloop
  endfacet
  facet normal -0.991446 0.13052 -7.95189e-19
    outer loop
      vertex 6.76133 -9.53413 4.2
      vertex 6.7 -10 1.2
      vertex 6.7 -10 4.2
    endloop
  endfacet
  facet normal -0.130457 -0.991454 0
    outer loop
      vertex 8.03413 -11.7387 1.2
      vertex 8.5 -11.8 4.2
      vertex 8.03413 -11.7387 4.2
    endloop
  endfacet
  facet normal -0.130457 -0.991454 -0
    outer loop
      vertex 8.5 -11.8 4.2
      vertex 8.03413 -11.7387 1.2
      vertex 8.5 -11.8 1.2
    endloop
  endfacet
  facet normal 0.13052 0.991446 -0
    outer loop
      vertex 8.96587 -8.26133 1.2
      vertex 8.5 -8.2 4.2
      vertex 8.96587 -8.26133 4.2
    endloop
  endfacet
  facet normal 0.13052 0.991446 0
    outer loop
      vertex 8.5 -8.2 4.2
      vertex 8.96587 -8.26133 1.2
      vertex 8.5 -8.2 1.2
    endloop
  endfacet
  facet normal 0.382679 0.923881 -0
    outer loop
      vertex 9.4 -8.44115 1.2
      vertex 8.96587 -8.26133 4.2
      vertex 9.4 -8.44115 4.2
    endloop
  endfacet
  facet normal 0.382679 0.923881 0
    outer loop
      vertex 8.96587 -8.26133 4.2
      vertex 9.4 -8.44115 1.2
      vertex 8.96587 -8.26133 1.2
    endloop
  endfacet
  facet normal -0.608692 -0.793407 0
    outer loop
      vertex 7.22721 -11.2728 1.2
      vertex 7.6 -11.5588 4.2
      vertex 7.22721 -11.2728 4.2
    endloop
  endfacet
  facet normal -0.608692 -0.793407 -0
    outer loop
      vertex 7.6 -11.5588 4.2
      vertex 7.22721 -11.2728 1.2
      vertex 7.6 -11.5588 1.2
    endloop
  endfacet
  facet normal 0.793396 0.608705 1.97066e-18
    outer loop
      vertex 10.0588 -9.1 4.2
      vertex 9.77279 -8.72721 1.2
      vertex 9.77279 -8.72721 4.2
    endloop
  endfacet
  facet normal 0.793396 0.608705 1.97066e-18
    outer loop
      vertex 9.77279 -8.72721 1.2
      vertex 10.0588 -9.1 4.2
      vertex 10.0588 -9.1 1.2
    endloop
  endfacet
  facet normal 0.793404 -0.608695 -1.23274e-18
    outer loop
      vertex 9.77279 -11.2728 4.2
      vertex 10.0588 -10.9 1.2
      vertex 10.0588 -10.9 4.2
    endloop
  endfacet
  facet normal 0.793404 -0.608695 -1.23274e-18
    outer loop
      vertex 10.0588 -10.9 1.2
      vertex 9.77279 -11.2728 4.2
      vertex 9.77279 -11.2728 1.2
    endloop
  endfacet
  facet normal 0.382824 -0.923821 0
    outer loop
      vertex 8.96587 -11.7387 1.2
      vertex 9.4 -11.5588 4.2
      vertex 8.96587 -11.7387 4.2
    endloop
  endfacet
  facet normal 0.382824 -0.923821 0
    outer loop
      vertex 9.4 -11.5588 4.2
      vertex 8.96587 -11.7387 1.2
      vertex 9.4 -11.5588 1.2
    endloop
  endfacet
  facet normal -0.793345 0.608772 4.7899e-18
    outer loop
      vertex 6.94115 -9.1 1.2
      vertex 7.22721 -8.72721 4.2
      vertex 7.22721 -8.72721 1.2
    endloop
  endfacet
  facet normal -0.793345 0.608772 4.7899e-18
    outer loop
      vertex 7.22721 -8.72721 4.2
      vertex 6.94115 -9.1 1.2
      vertex 6.94115 -9.1 4.2
    endloop
  endfacet
  facet normal -0.793353 -0.608762 4.13801e-18
    outer loop
      vertex 7.22721 -11.2728 1.2
      vertex 6.94115 -10.9 4.2
      vertex 6.94115 -10.9 1.2
    endloop
  endfacet
  facet normal -0.793353 -0.608762 4.13801e-18
    outer loop
      vertex 6.94115 -10.9 4.2
      vertex 7.22721 -11.2728 1.2
      vertex 7.22721 -11.2728 4.2
    endloop
  endfacet
  facet normal 0.991455 -0.130449 4.33723e-19
    outer loop
      vertex 10.2387 -10.4659 4.2
      vertex 10.3 -10 1.2
      vertex 10.3 -10 4.2
    endloop
  endfacet
  facet normal 0.991455 -0.130449 4.33723e-19
    outer loop
      vertex 10.3 -10 1.2
      vertex 10.2387 -10.4659 4.2
      vertex 10.2387 -10.4659 1.2
    endloop
  endfacet
  facet normal -0.13052 0.991446 0
    outer loop
      vertex 8.5 -8.2 1.2
      vertex 8.03413 -8.26133 4.2
      vertex 8.5 -8.2 4.2
    endloop
  endfacet
  facet normal -0.13052 0.991446 0
    outer loop
      vertex 8.03413 -8.26133 4.2
      vertex 8.5 -8.2 1.2
      vertex 8.03413 -8.26133 1.2
    endloop
  endfacet
  facet normal -0.923872 -0.382701 1.52978e-18
    outer loop
      vertex 6.94115 -10.9 1.2
      vertex 6.76133 -10.4659 4.2
      vertex 6.76133 -10.4659 1.2
    endloop
  endfacet
  facet normal -0.923872 -0.382701 1.52978e-18
    outer loop
      vertex 6.76133 -10.4659 4.2
      vertex 6.94115 -10.9 1.2
      vertex 6.94115 -10.9 4.2
    endloop
  endfacet
  facet normal -0.991447 -0.130512 -3.29358e-19
    outer loop
      vertex 6.76133 -10.4659 1.2
      vertex 6.7 -10 4.2
      vertex 6.7 -10 1.2
    endloop
  endfacet
  facet normal -0.991447 -0.130512 -3.29358e-19
    outer loop
      vertex 6.7 -10 4.2
      vertex 6.76133 -10.4659 1.2
      vertex 6.76133 -10.4659 4.2
    endloop
  endfacet
  facet normal 0.923812 -0.382847 -3.7199e-18
    outer loop
      vertex 10.0588 -10.9 4.2
      vertex 10.2387 -10.4659 1.2
      vertex 10.2387 -10.4659 4.2
    endloop
  endfacet
  facet normal 0.923812 -0.382847 -3.7199e-18
    outer loop
      vertex 10.2387 -10.4659 1.2
      vertex 10.0588 -10.9 4.2
      vertex 10.0588 -10.9 1.2
    endloop
  endfacet
  facet normal -0.382824 -0.923821 0
    outer loop
      vertex 7.6 -11.5588 1.2
      vertex 8.03413 -11.7387 4.2
      vertex 7.6 -11.5588 4.2
    endloop
  endfacet
  facet normal -0.382824 -0.923821 -0
    outer loop
      vertex 8.03413 -11.7387 4.2
      vertex 7.6 -11.5588 1.2
      vertex 8.03413 -11.7387 1.2
    endloop
  endfacet
  facet normal 0 0 1
    outer loop
      vertex 9.35 -10 4.2
      vertex 10.3 -10 4.2
      vertex 10.2387 -9.53413 4.2
    endloop
  endfacet
  facet normal 0 0 1
    outer loop
      vertex 9.29874 -9.70928 4.2
      vertex 10.2387 -9.53413 4.2
      vertex 10.0588 -9.1 4.2
    endloop
  endfacet
  facet normal 0 0 1
    outer loop
      vertex 10.3 -10 4.2
      vertex 9.35 -10 4.2
      vertex 10.2387 -10.4659 4.2
    endloop
  endfacet
  facet normal 0 0 1
    outer loop
      vertex 9.15114 -9.45363 4.2
      vertex 10.0588 -9.1 4.2
      vertex 9.77279 -8.72721 4.2
    endloop
  endfacet
  facet normal -0 0 1
    outer loop
      vertex 9.29874 -10.2907 4.2
      vertex 10.2387 -10.4659 4.2
      vertex 9.35 -10 4.2
    endloop
  endfacet
  facet normal 0 0 1
    outer loop
      vertex 8.925 -9.26388 4.2
      vertex 9.77279 -8.72721 4.2
      vertex 9.4 -8.44115 4.2
    endloop
  endfacet
  facet normal 0 0 1
    outer loop
      vertex 10.2387 -10.4659 4.2
      vertex 9.29874 -10.2907 4.2
      vertex 10.0588 -10.9 4.2
    endloop
  endfacet
  facet normal -0 0 1
    outer loop
      vertex 9.15114 -10.5464 4.2
      vertex 10.0588 -10.9 4.2
      vertex 9.29874 -10.2907 4.2
    endloop
  endfacet
  facet normal 0 0 1
    outer loop
      vertex 10.2387 -9.53413 4.2
      vertex 9.29874 -9.70928 4.2
      vertex 9.35 -10 4.2
    endloop
  endfacet
  facet normal 0 0 1
    outer loop
      vertex 10.0588 -9.1 4.2
      vertex 9.15114 -9.45363 4.2
      vertex 9.29874 -9.70928 4.2
    endloop
  endfacet
  facet normal 0 0 1
    outer loop
      vertex 8.925 -9.26388 4.2
      vertex 9.4 -8.44115 4.2
      vertex 8.96587 -8.26133 4.2
    endloop
  endfacet
  facet normal 0 0 1
    outer loop
      vertex 9.77279 -8.72721 4.2
      vertex 8.925 -9.26388 4.2
      vertex 9.15114 -9.45363 4.2
    endloop
  endfacet
  facet normal 0 0 1
    outer loop
      vertex 8.96587 -8.26133 4.2
      vertex 8.6476 -9.16291 4.2
      vertex 8.925 -9.26388 4.2
    endloop
  endfacet
  facet normal 0 0 1
    outer loop
      vertex 8.5 -8.2 4.2
      vertex 8.6476 -9.16291 4.2
      vertex 8.96587 -8.26133 4.2
    endloop
  endfacet
  facet normal 0 0 1
    outer loop
      vertex 8.5 -8.2 4.2
      vertex 8.3524 -9.16291 4.2
      vertex 8.6476 -9.16291 4.2
    endloop
  endfacet
  facet normal -0 0 1
    outer loop
      vertex 8.03413 -8.26133 4.2
      vertex 8.3524 -9.16291 4.2
      vertex 8.5 -8.2 4.2
    endloop
  endfacet
  facet normal 0 0 1
    outer loop
      vertex 8.3524 -9.16291 4.2
      vertex 8.03413 -8.26133 4.2
      vertex 8.075 -9.26388 4.2
    endloop
  endfacet
  facet normal -0 0 1
    outer loop
      vertex 7.6 -8.44115 4.2
      vertex 8.075 -9.26388 4.2
      vertex 8.03413 -8.26133 4.2
    endloop
  endfacet
  facet normal -0 0 1
    outer loop
      vertex 7.22721 -8.72721 4.2
      vertex 8.075 -9.26388 4.2
      vertex 7.6 -8.44115 4.2
    endloop
  endfacet
  facet normal -0 0 1
    outer loop
      vertex 6.94115 -9.1 4.2
      vertex 7.84886 -9.45363 4.2
      vertex 7.22721 -8.72721 4.2
    endloop
  endfacet
  facet normal 0 0 1
    outer loop
      vertex 8.075 -9.26388 4.2
      vertex 7.22721 -8.72721 4.2
      vertex 7.84886 -9.45363 4.2
    endloop
  endfacet
  facet normal 0 0 1
    outer loop
      vertex 10.0588 -10.9 4.2
      vertex 9.15114 -10.5464 4.2
      vertex 9.77279 -11.2728 4.2
    endloop
  endfacet
  facet normal -0 0 1
    outer loop
      vertex 8.925 -10.7361 4.2
      vertex 9.77279 -11.2728 4.2
      vertex 9.15114 -10.5464 4.2
    endloop
  endfacet
  facet normal 0 0 1
    outer loop
      vertex 9.77279 -11.2728 4.2
      vertex 8.925 -10.7361 4.2
      vertex 9.4 -11.5588 4.2
    endloop
  endfacet
  facet normal 0 0 1
    outer loop
      vertex 9.4 -11.5588 4.2
      vertex 8.925 -10.7361 4.2
      vertex 8.96587 -11.7387 4.2
    endloop
  endfacet
  facet normal -0 0 1
    outer loop
      vertex 8.6476 -10.8371 4.2
      vertex 8.96587 -11.7387 4.2
      vertex 8.925 -10.7361 4.2
    endloop
  endfacet
  facet normal 0 0 1
    outer loop
      vertex 8.6476 -10.8371 4.2
      vertex 8.5 -11.8 4.2
      vertex 8.96587 -11.7387 4.2
    endloop
  endfacet
  facet normal -0 0 1
    outer loop
      vertex 8.3524 -10.8371 4.2
      vertex 8.5 -11.8 4.2
      vertex 8.6476 -10.8371 4.2
    endloop
  endfacet
  facet normal 0 0 1
    outer loop
      vertex 8.03413 -11.7387 4.2
      vertex 8.3524 -10.8371 4.2
      vertex 8.075 -10.7361 4.2
    endloop
  endfacet
  facet normal 0 0 1
    outer loop
      vertex 8.3524 -10.8371 4.2
      vertex 8.03413 -11.7387 4.2
      vertex 8.5 -11.8 4.2
    endloop
  endfacet
  facet normal 0 0 1
    outer loop
      vertex 7.22721 -11.2728 4.2
      vertex 8.075 -10.7361 4.2
      vertex 7.84886 -10.5464 4.2
    endloop
  endfacet
  facet normal 0 0 1
    outer loop
      vertex 6.94115 -10.9 4.2
      vertex 7.84886 -10.5464 4.2
      vertex 7.70126 -10.2907 4.2
    endloop
  endfacet
  facet normal 0 0 1
    outer loop
      vertex 8.075 -10.7361 4.2
      vertex 7.6 -11.5588 4.2
      vertex 8.03413 -11.7387 4.2
    endloop
  endfacet
  facet normal 0 0 1
    outer loop
      vertex 6.76133 -10.4659 4.2
      vertex 7.70126 -10.2907 4.2
      vertex 7.65 -10 4.2
    endloop
  endfacet
  facet normal 0 0 1
    outer loop
      vertex 7.84886 -9.45363 4.2
      vertex 6.94115 -9.1 4.2
      vertex 7.70126 -9.70928 4.2
    endloop
  endfacet
  facet normal -0 0 1
    outer loop
      vertex 6.76133 -9.53413 4.2
      vertex 7.70126 -9.70928 4.2
      vertex 6.94115 -9.1 4.2
    endloop
  endfacet
  facet normal 0 0 1
    outer loop
      vertex 8.075 -10.7361 4.2
      vertex 7.22721 -11.2728 4.2
      vertex 7.6 -11.5588 4.2
    endloop
  endfacet
  facet normal 0 0 1
    outer loop
      vertex 7.70126 -9.70928 4.2
      vertex 6.76133 -9.53413 4.2
      vertex 7.65 -10 4.2
    endloop
  endfacet
  facet normal 0 0 1
    outer loop
      vertex 7.84886 -10.5464 4.2
      vertex 6.94115 -10.9 4.2
      vertex 7.22721 -11.2728 4.2
    endloop
  endfacet
  facet normal 0 0 1
    outer loop
      vertex 6.7 -10 4.2
      vertex 7.65 -10 4.2
      vertex 6.76133 -9.53413 4.2
    endloop
  endfacet
  facet normal 0 0 1
    outer loop
      vertex 7.70126 -10.2907 4.2
      vertex 6.76133 -10.4659 4.2
      vertex 6.94115 -10.9 4.2
    endloop
  endfacet
  facet normal 0 0 1
    outer loop
      vertex 7.65 -10 4.2
      vertex 6.7 -10 4.2
      vertex 6.76133 -10.4659 4.2
    endloop
  endfacet
  facet normal 0.130457 -0.991454 0
    outer loop
      vertex 8.5 -11.8 1.2
      vertex 8.96587 -11.7387 4.2
      vertex 8.5 -11.8 4.2
    endloop
  endfacet
  facet normal 0.130457 -0.991454 0
    outer loop
      vertex 8.96587 -11.7387 4.2
      vertex 8.5 -11.8 1.2
      vertex 8.96587 -11.7387 1.2
    endloop
  endfacet
  facet normal 0 0 -1
    outer loop
      vertex 9.35 -10 1.2
      vertex 10.3 -10 1.2
      vertex 10.2387 -10.4659 1.2
    endloop
  endfacet
  facet normal 0 0 -1
    outer loop
      vertex 9.29874 -10.2907 1.2
      vertex 10.2387 -10.4659 1.2
      vertex 10.0588 -10.9 1.2
    endloop
  endfacet
  facet normal 0 0 -1
    outer loop
      vertex 10.3 -10 1.2
      vertex 9.35 -10 1.2
      vertex 10.2387 -9.53413 1.2
    endloop
  endfacet
  facet normal 0 0 -1
    outer loop
      vertex 9.15114 -10.5464 1.2
      vertex 10.0588 -10.9 1.2
      vertex 9.77279 -11.2728 1.2
    endloop
  endfacet
  facet normal 0 0 -1
    outer loop
      vertex 9.29874 -9.70928 1.2
      vertex 10.2387 -9.53413 1.2
      vertex 9.35 -10 1.2
    endloop
  endfacet
  facet normal 0 0 -1
    outer loop
      vertex 8.925 -10.7361 1.2
      vertex 9.77279 -11.2728 1.2
      vertex 9.4 -11.5588 1.2
    endloop
  endfacet
  facet normal -0 0 -1
    outer loop
      vertex 10.2387 -9.53413 1.2
      vertex 9.29874 -9.70928 1.2
      vertex 10.0588 -9.1 1.2
    endloop
  endfacet
  facet normal 0 0 -1
    outer loop
      vertex 9.15114 -9.45363 1.2
      vertex 10.0588 -9.1 1.2
      vertex 9.29874 -9.70928 1.2
    endloop
  endfacet
  facet normal 0 0 -1
    outer loop
      vertex 10.2387 -10.4659 1.2
      vertex 9.29874 -10.2907 1.2
      vertex 9.35 -10 1.2
    endloop
  endfacet
  facet normal 0 0 -1
    outer loop
      vertex 10.0588 -10.9 1.2
      vertex 9.15114 -10.5464 1.2
      vertex 9.29874 -10.2907 1.2
    endloop
  endfacet
  facet normal 0 0 -1
    outer loop
      vertex 8.925 -10.7361 1.2
      vertex 9.4 -11.5588 1.2
      vertex 8.96587 -11.7387 1.2
    endloop
  endfacet
  facet normal 0 0 -1
    outer loop
      vertex 9.77279 -11.2728 1.2
      vertex 8.925 -10.7361 1.2
      vertex 9.15114 -10.5464 1.2
    endloop
  endfacet
  facet normal 0 0 -1
    outer loop
      vertex 8.96587 -11.7387 1.2
      vertex 8.6476 -10.8371 1.2
      vertex 8.925 -10.7361 1.2
    endloop
  endfacet
  facet normal 0 0 -1
    outer loop
      vertex 8.5 -11.8 1.2
      vertex 8.6476 -10.8371 1.2
      vertex 8.96587 -11.7387 1.2
    endloop
  endfacet
  facet normal 0 0 -1
    outer loop
      vertex 8.5 -11.8 1.2
      vertex 8.3524 -10.8371 1.2
      vertex 8.6476 -10.8371 1.2
    endloop
  endfacet
  facet normal 0 0 -1
    outer loop
      vertex 8.03413 -11.7387 1.2
      vertex 8.3524 -10.8371 1.2
      vertex 8.5 -11.8 1.2
    endloop
  endfacet
  facet normal -0 0 -1
    outer loop
      vertex 8.3524 -10.8371 1.2
      vertex 8.03413 -11.7387 1.2
      vertex 8.075 -10.7361 1.2
    endloop
  endfacet
  facet normal 0 0 -1
    outer loop
      vertex 7.6 -11.5588 1.2
      vertex 8.075 -10.7361 1.2
      vertex 8.03413 -11.7387 1.2
    endloop
  endfacet
  facet normal 0 0 -1
    outer loop
      vertex 7.22721 -11.2728 1.2
      vertex 8.075 -10.7361 1.2
      vertex 7.6 -11.5588 1.2
    endloop
  endfacet
  facet normal 0 0 -1
    outer loop
      vertex 6.94115 -10.9 1.2
      vertex 7.84886 -10.5464 1.2
      vertex 7.22721 -11.2728 1.2
    endloop
  endfacet
  facet normal -0 0 -1
    outer loop
      vertex 8.075 -10.7361 1.2
      vertex 7.22721 -11.2728 1.2
      vertex 7.84886 -10.5464 1.2
    endloop
  endfacet
  facet normal -0 0 -1
    outer loop
      vertex 10.0588 -9.1 1.2
      vertex 9.15114 -9.45363 1.2
      vertex 9.77279 -8.72721 1.2
    endloop
  endfacet
  facet normal 0 0 -1
    outer loop
      vertex 8.925 -9.26388 1.2
      vertex 9.77279 -8.72721 1.2
      vertex 9.15114 -9.45363 1.2
    endloop
  endfacet
  facet normal -0 0 -1
    outer loop
      vertex 9.77279 -8.72721 1.2
      vertex 8.925 -9.26388 1.2
      vertex 9.4 -8.44115 1.2
    endloop
  endfacet
  facet normal -0 0 -1
    outer loop
      vertex 9.4 -8.44115 1.2
      vertex 8.925 -9.26388 1.2
      vertex 8.96587 -8.26133 1.2
    endloop
  endfacet
  facet normal 0 0 -1
    outer loop
      vertex 8.6476 -9.16291 1.2
      vertex 8.96587 -8.26133 1.2
      vertex 8.925 -9.26388 1.2
    endloop
  endfacet
  facet normal 0 0 -1
    outer loop
      vertex 8.6476 -9.16291 1.2
      vertex 8.5 -8.2 1.2
      vertex 8.96587 -8.26133 1.2
    endloop
  endfacet
  facet normal 0 0 -1
    outer loop
      vertex 8.3524 -9.16291 1.2
      vertex 8.5 -8.2 1.2
      vertex 8.6476 -9.16291 1.2
    endloop
  endfacet
  facet normal 0 0 -1
    outer loop
      vertex 8.03413 -8.26133 1.2
      vertex 8.3524 -9.16291 1.2
      vertex 8.075 -9.26388 1.2
    endloop
  endfacet
  facet normal 0 0 -1
    outer loop
      vertex 8.3524 -9.16291 1.2
      vertex 8.03413 -8.26133 1.2
      vertex 8.5 -8.2 1.2
    endloop
  endfacet
  facet normal 0 0 -1
    outer loop
      vertex 7.22721 -8.72721 1.2
      vertex 8.075 -9.26388 1.2
      vertex 7.84886 -9.45363 1.2
    endloop
  endfacet
  facet normal 0 0 -1
    outer loop
      vertex 6.94115 -9.1 1.2
      vertex 7.84886 -9.45363 1.2
      vertex 7.70126 -9.70928 1.2
    endloop
  endfacet
  facet normal 0 0 -1
    outer loop
      vertex 8.075 -9.26388 1.2
      vertex 7.6 -8.44115 1.2
      vertex 8.03413 -8.26133 1.2
    endloop
  endfacet
  facet normal 0 0 -1
    outer loop
      vertex 6.76133 -9.53413 1.2
      vertex 7.70126 -9.70928 1.2
      vertex 7.65 -10 1.2
    endloop
  endfacet
  facet normal -0 0 -1
    outer loop
      vertex 7.84886 -10.5464 1.2
      vertex 6.94115 -10.9 1.2
      vertex 7.70126 -10.2907 1.2
    endloop
  endfacet
  facet normal 0 0 -1
    outer loop
      vertex 6.76133 -10.4659 1.2
      vertex 7.70126 -10.2907 1.2
      vertex 6.94115 -10.9 1.2
    endloop
  endfacet
  facet normal 0 0 -1
    outer loop
      vertex 8.075 -9.26388 1.2
      vertex 7.22721 -8.72721 1.2
      vertex 7.6 -8.44115 1.2
    endloop
  endfacet
  facet normal -0 0 -1
    outer loop
      vertex 7.70126 -10.2907 1.2
      vertex 6.76133 -10.4659 1.2
      vertex 7.65 -10 1.2
    endloop
  endfacet
  facet normal 0 0 -1
    outer loop
      vertex 7.84886 -9.45363 1.2
      vertex 6.94115 -9.1 1.2
      vertex 7.22721 -8.72721 1.2
    endloop
  endfacet
  facet normal 0 0 -1
    outer loop
      vertex 6.7 -10 1.2
      vertex 7.65 -10 1.2
      vertex 6.76133 -10.4659 1.2
    endloop
  endfacet
  facet normal 0 0 -1
    outer loop
      vertex 7.70126 -9.70928 1.2
      vertex 6.76133 -9.53413 1.2
      vertex 6.94115 -9.1 1.2
    endloop
  endfacet
  facet normal 0 0 -1
    outer loop
      vertex 7.65 -10 1.2
      vertex 6.7 -10 1.2
      vertex 6.76133 -9.53413 1.2
    endloop
  endfacet
  facet normal -0.923881 0.382679 1.3311e-18
    outer loop
      vertex 6.76133 -9.53413 1.2
      vertex 6.94115 -9.1 4.2
      vertex 6.94115 -9.1 1.2
    endloop
  endfacet
  facet normal -0.923881 0.382679 1.3311e-18
    outer loop
      vertex 6.94115 -9.1 4.2
      vertex 6.76133 -9.53413 1.2
      vertex 6.76133 -9.53413 4.2
    endloop
  endfacet
  facet normal -0.866025 -0.500001 -1.19491e-18
    outer loop
      vertex 9.29874 -9.70928 1.2
      vertex 9.15114 -9.45363 4.2
      vertex 9.15114 -9.45363 1.2
    endloop
  endfacet
  facet normal -0.866025 -0.500001 -1.19491e-18
    outer loop
      vertex 9.15114 -9.45363 4.2
      vertex 9.29874 -9.70928 1.2
      vertex 9.29874 -9.70928 4.2
    endloop
  endfacet
  facet normal -0.984809 -0.173642 5.05427e-19
    outer loop
      vertex 9.35 -10 1.2
      vertex 9.29874 -9.70928 4.2
      vertex 9.29874 -9.70928 1.2
    endloop
  endfacet
  facet normal -0.984809 -0.173642 5.05427e-19
    outer loop
      vertex 9.29874 -9.70928 4.2
      vertex 9.35 -10 1.2
      vertex 9.35 -10 4.2
    endloop
  endfacet
  facet normal -0.64278 -0.766051 0
    outer loop
      vertex 8.925 -9.26388 1.2
      vertex 9.15114 -9.45363 4.2
      vertex 8.925 -9.26388 4.2
    endloop
  endfacet
  facet normal -0.64278 -0.766051 -0
    outer loop
      vertex 9.15114 -9.45363 4.2
      vertex 8.925 -9.26388 1.2
      vertex 9.15114 -9.45363 1.2
    endloop
  endfacet
  facet normal -0.984807 0.173654 3.2261e-19
    outer loop
      vertex 9.29874 -10.2907 1.2
      vertex 9.35 -10 4.2
      vertex 9.35 -10 1.2
    endloop
  endfacet
  facet normal -0.984807 0.173654 3.2261e-19
    outer loop
      vertex 9.35 -10 4.2
      vertex 9.29874 -10.2907 1.2
      vertex 9.29874 -10.2907 4.2
    endloop
  endfacet
  facet normal -0.342124 0.939655 0
    outer loop
      vertex 8.925 -10.7361 1.2
      vertex 8.6476 -10.8371 4.2
      vertex 8.925 -10.7361 4.2
    endloop
  endfacet
  facet normal -0.342124 0.939655 0
    outer loop
      vertex 8.6476 -10.8371 4.2
      vertex 8.925 -10.7361 1.2
      vertex 8.6476 -10.8371 1.2
    endloop
  endfacet
  facet normal 0.64278 -0.766051 0
    outer loop
      vertex 7.84886 -9.45363 1.2
      vertex 8.075 -9.26388 4.2
      vertex 7.84886 -9.45363 4.2
    endloop
  endfacet
  facet normal 0.64278 -0.766051 0
    outer loop
      vertex 8.075 -9.26388 4.2
      vertex 7.84886 -9.45363 1.2
      vertex 8.075 -9.26388 1.2
    endloop
  endfacet
  facet normal 0.866067 0.499928 3.52089e-18
    outer loop
      vertex 7.84886 -10.5464 4.2
      vertex 7.70126 -10.2907 1.2
      vertex 7.70126 -10.2907 4.2
    endloop
  endfacet
  facet normal 0.866067 0.499928 3.52089e-18
    outer loop
      vertex 7.70126 -10.2907 1.2
      vertex 7.84886 -10.5464 4.2
      vertex 7.84886 -10.5464 1.2
    endloop
  endfacet
  facet normal 0.342034 -0.939688 0
    outer loop
      vertex 8.075 -9.26388 1.2
      vertex 8.3524 -9.16291 4.2
      vertex 8.075 -9.26388 4.2
    endloop
  endfacet
  facet normal 0.342034 -0.939688 0
    outer loop
      vertex 8.3524 -9.16291 4.2
      vertex 8.075 -9.26388 1.2
      vertex 8.3524 -9.16291 1.2
    endloop
  endfacet
  facet normal -0.64268 0.766135 0
    outer loop
      vertex 9.15114 -10.5464 1.2
      vertex 8.925 -10.7361 4.2
      vertex 9.15114 -10.5464 4.2
    endloop
  endfacet
  facet normal -0.64268 0.766135 0
    outer loop
      vertex 8.925 -10.7361 4.2
      vertex 9.15114 -10.5464 1.2
      vertex 8.925 -10.7361 1.2
    endloop
  endfacet
  facet normal 0.984807 0.173654 -6.04987e-21
    outer loop
      vertex 7.70126 -10.2907 4.2
      vertex 7.65 -10 1.2
      vertex 7.65 -10 4.2
    endloop
  endfacet
  facet normal 0.984807 0.173654 -6.04987e-21
    outer loop
      vertex 7.65 -10 1.2
      vertex 7.70126 -10.2907 4.2
      vertex 7.70126 -10.2907 1.2
    endloop
  endfacet
  facet normal -0.866067 0.499928 2.19488e-18
    outer loop
      vertex 9.15114 -10.5464 1.2
      vertex 9.29874 -10.2907 4.2
      vertex 9.29874 -10.2907 1.2
    endloop
  endfacet
  facet normal -0.866067 0.499928 2.19488e-18
    outer loop
      vertex 9.29874 -10.2907 4.2
      vertex 9.15114 -10.5464 1.2
      vertex 9.15114 -10.5464 4.2
    endloop
  endfacet
  facet normal 0.342124 0.939655 -0
    outer loop
      vertex 8.3524 -10.8371 1.2
      vertex 8.075 -10.7361 4.2
      vertex 8.3524 -10.8371 4.2
    endloop
  endfacet
  facet normal 0.342124 0.939655 0
    outer loop
      vertex 8.075 -10.7361 4.2
      vertex 8.3524 -10.8371 1.2
      vertex 8.075 -10.7361 1.2
    endloop
  endfacet
  facet normal 0 1 -0
    outer loop
      vertex 8.6476 -10.8371 1.2
      vertex 8.3524 -10.8371 4.2
      vertex 8.6476 -10.8371 4.2
    endloop
  endfacet
  facet normal 0 1 0
    outer loop
      vertex 8.3524 -10.8371 4.2
      vertex 8.6476 -10.8371 1.2
      vertex 8.3524 -10.8371 1.2
    endloop
  endfacet
  facet normal -0.342034 -0.939688 0
    outer loop
      vertex 8.6476 -9.16291 1.2
      vertex 8.925 -9.26388 4.2
      vertex 8.6476 -9.16291 4.2
    endloop
  endfacet
  facet normal -0.342034 -0.939688 -0
    outer loop
      vertex 8.925 -9.26388 4.2
      vertex 8.6476 -9.16291 1.2
      vertex 8.925 -9.26388 1.2
    endloop
  endfacet
  facet normal 0.866025 -0.500001 3.36371e-18
    outer loop
      vertex 7.70126 -9.70928 4.2
      vertex 7.84886 -9.45363 1.2
      vertex 7.84886 -9.45363 4.2
    endloop
  endfacet
  facet normal 0.866025 -0.500001 3.36371e-18
    outer loop
      vertex 7.84886 -9.45363 1.2
      vertex 7.70126 -9.70928 4.2
      vertex 7.70126 -9.70928 1.2
    endloop
  endfacet
  facet normal 0.984809 -0.173642 -8.01909e-19
    outer loop
      vertex 7.65 -10 4.2
      vertex 7.70126 -9.70928 1.2
      vertex 7.70126 -9.70928 4.2
    endloop
  endfacet
  facet normal 0.984809 -0.173642 -8.01909e-19
    outer loop
      vertex 7.70126 -9.70928 1.2
      vertex 7.65 -10 4.2
      vertex 7.65 -10 1.2
    endloop
  endfacet
  facet normal 0 -1 0
    outer loop
      vertex 8.3524 -9.16291 1.2
      vertex 8.6476 -9.16291 4.2
      vertex 8.3524 -9.16291 4.2
    endloop
  endfacet
  facet normal 0 -1 -0
    outer loop
      vertex 8.6476 -9.16291 4.2
      vertex 8.3524 -9.16291 1.2
      vertex 8.6476 -9.16291 1.2
    endloop
  endfacet
  facet normal 0.64268 0.766135 -0
    outer loop
      vertex 8.075 -10.7361 1.2
      vertex 7.84886 -10.5464 4.2
      vertex 8.075 -10.7361 4.2
    endloop
  endfacet
  facet normal 0.64268 0.766135 0
    outer loop
      vertex 7.84886 -10.5464 4.2
      vertex 8.075 -10.7361 1.2
      vertex 7.84886 -10.5464 1.2
    endloop
  endfacet
endsolid OpenSCAD_Model
