solid OpenSCAD_Model
  facet normal 0.0654077 -0.997859 0
    outer loop
      vertex -8 -2 3.3
      vertex -7.08632 -1.94011 4.6
      vertex -8 -2 4.6
    endloop
  endfacet
  facet normal 0.0654077 -0.997859 0
    outer loop
      vertex -7.08632 -1.94011 4.6
      vertex -8 -2 3.3
      vertex -7.08632 -1.94011 3.3
    endloop
  endfacet
  facet normal 0.980786 0.195087 -1.03238e-17
    outer loop
      vertex -1.05989 5.91368 4.6
      vertex -1.23852 6.81173 3.3
      vertex -1.23852 6.81173 4.6
    endloop
  endfacet
  facet normal 0.980786 0.195087 -1.03238e-17
    outer loop
      vertex -1.23852 6.81173 3.3
      vertex -1.05989 5.91368 4.6
      vertex -1.05989 5.91368 3.3
    endloop
  endfacet
  facet normal 0.997859 0.0654077 -2.7831e-18
    outer loop
      vertex -1 5 4.6
      vertex -1.05989 5.91368 3.3
      vertex -1.05989 5.91368 4.6
    endloop
  endfacet
  facet normal 0.997859 0.0654077 -2.7831e-18
    outer loop
      vertex -1.05989 5.91368 3.3
      vertex -1 5 4.6
      vertex -1 5 3.3
    endloop
  endfacet
  facet normal 0.831467 -0.555574 1.23296e-17
    outer loop
      vertex -2.44653 0.73867 4.6
      vertex -1.93782 1.5 3.3
      vertex -1.93782 1.5 4.6
    endloop
  endfacet
  facet normal 0.831467 -0.555574 1.23296e-17
    outer loop
      vertex -1.93782 1.5 3.3
      vertex -2.44653 0.73867 4.6
      vertex -2.44653 0.73867 3.3
    endloop
  endfacet
  facet normal 0.997859 -0.0654077 2.7831e-18
    outer loop
      vertex -1.05989 4.08632 4.6
      vertex -1 5 3.3
      vertex -1 5 4.6
    endloop
  endfacet
  facet normal 0.997859 -0.0654077 2.7831e-18
    outer loop
      vertex -1 5 3.3
      vertex -1.05989 4.08632 4.6
      vertex -1.05989 4.08632 3.3
    endloop
  endfacet
  facet normal 0.831467 0.555574 -6.64294e-18
    outer loop
      vertex -1.93782 8.5 4.6
      vertex -2.44653 9.26133 3.3
      vertex -2.44653 9.26133 4.6
    endloop
  endfacet
  facet normal 0.831467 0.555574 -6.64294e-18
    outer loop
      vertex -2.44653 9.26133 3.3
      vertex -1.93782 8.5 4.6
      vertex -1.93782 8.5 3.3
    endloop
  endfacet
  facet normal 0.751844 0.659341 -2.3247e-17
    outer loop
      vertex -2.44653 9.26133 4.6
      vertex -3.05025 9.94975 3.3
      vertex -3.05025 9.94975 4.6
    endloop
  endfacet
  facet normal 0.751844 0.659341 -2.3247e-17
    outer loop
      vertex -3.05025 9.94975 3.3
      vertex -2.44653 9.26133 4.6
      vertex -2.44653 9.26133 3.3
    endloop
  endfacet
  facet normal 0.896873 -0.442288 1.70162e-17
    outer loop
      vertex -1.93782 1.5 4.6
      vertex -1.53284 2.32122 3.3
      vertex -1.53284 2.32122 4.6
    endloop
  endfacet
  facet normal 0.896873 -0.442288 1.70162e-17
    outer loop
      vertex -1.53284 2.32122 3.3
      vertex -1.93782 1.5 4.6
      vertex -1.93782 1.5 3.3
    endloop
  endfacet
  facet normal 0.659359 0.751828 -0
    outer loop
      vertex -3.05025 9.94975 3.3
      vertex -3.73867 10.5535 4.6
      vertex -3.05025 9.94975 4.6
    endloop
  endfacet
  facet normal 0.659359 0.751828 0
    outer loop
      vertex -3.73867 10.5535 4.6
      vertex -3.05025 9.94975 3.3
      vertex -3.73867 10.5535 3.3
    endloop
  endfacet
  facet normal 0.442288 -0.896873 0
    outer loop
      vertex -5.32122 -1.46716 3.3
      vertex -4.5 -1.06218 4.6
      vertex -5.32122 -1.46716 4.6
    endloop
  endfacet
  facet normal 0.442288 -0.896873 0
    outer loop
      vertex -4.5 -1.06218 4.6
      vertex -5.32122 -1.46716 3.3
      vertex -4.5 -1.06218 3.3
    endloop
  endfacet
  facet normal -0.65937 0.751818 0
    outer loop
      vertex -12.2613 10.5535 3.3
      vertex -12.9497 9.94975 4.6
      vertex -12.2613 10.5535 4.6
    endloop
  endfacet
  facet normal -0.65937 0.751818 0
    outer loop
      vertex -12.9497 9.94975 4.6
      vertex -12.2613 10.5535 3.3
      vertex -12.9497 9.94975 3.3
    endloop
  endfacet
  facet normal 0.659344 -0.751841 0
    outer loop
      vertex -3.73867 -0.553473 3.3
      vertex -3.05025 0.0502529 4.6
      vertex -3.73867 -0.553473 4.6
    endloop
  endfacet
  facet normal 0.659344 -0.751841 0
    outer loop
      vertex -3.05025 0.0502529 4.6
      vertex -3.73867 -0.553473 3.3
      vertex -3.05025 0.0502529 3.3
    endloop
  endfacet
  facet normal -0.555582 0.831462 0
    outer loop
      vertex -11.5 11.0622 3.3
      vertex -12.2613 10.5535 4.6
      vertex -11.5 11.0622 4.6
    endloop
  endfacet
  facet normal -0.555582 0.831462 0
    outer loop
      vertex -12.2613 10.5535 4.6
      vertex -11.5 11.0622 3.3
      vertex -12.2613 10.5535 3.3
    endloop
  endfacet
  facet normal -0.321429 -0.946934 0
    outer loop
      vertex -10.6788 -1.46716 3.3
      vertex -9.81173 -1.76148 4.6
      vertex -10.6788 -1.46716 4.6
    endloop
  endfacet
  facet normal -0.321429 -0.946934 -0
    outer loop
      vertex -9.81173 -1.76148 4.6
      vertex -10.6788 -1.46716 3.3
      vertex -9.81173 -1.76148 3.3
    endloop
  endfacet
  facet normal -0.997858 0.0654186 1.73328e-18
    outer loop
      vertex -15 5 3.3
      vertex -14.9401 5.91368 4.6
      vertex -14.9401 5.91368 3.3
    endloop
  endfacet
  facet normal -0.997858 0.0654186 1.73328e-18
    outer loop
      vertex -14.9401 5.91368 4.6
      vertex -15 5 3.3
      vertex -15 5 4.6
    endloop
  endfacet
  facet normal 0.442305 0.896864 -0
    outer loop
      vertex -4.5 11.0622 3.3
      vertex -5.32122 11.4672 4.6
      vertex -4.5 11.0622 4.6
    endloop
  endfacet
  facet normal 0.442305 0.896864 0
    outer loop
      vertex -5.32122 11.4672 4.6
      vertex -4.5 11.0622 3.3
      vertex -5.32122 11.4672 3.3
    endloop
  endfacet
  facet normal 0.195087 -0.980786 0
    outer loop
      vertex -7.08632 -1.94011 3.3
      vertex -6.18827 -1.76148 4.6
      vertex -7.08632 -1.94011 4.6
    endloop
  endfacet
  facet normal 0.195087 -0.980786 0
    outer loop
      vertex -6.18827 -1.76148 4.6
      vertex -7.08632 -1.94011 3.3
      vertex -6.18827 -1.76148 3.3
    endloop
  endfacet
  facet normal -0.751801 0.65939 -9.73047e-18
    outer loop
      vertex -13.5535 9.26133 3.3
      vertex -12.9497 9.94975 4.6
      vertex -12.9497 9.94975 3.3
    endloop
  endfacet
  facet normal -0.751801 0.65939 -9.73047e-18
    outer loop
      vertex -12.9497 9.94975 4.6
      vertex -13.5535 9.26133 3.3
      vertex -13.5535 9.26133 4.6
    endloop
  endfacet
  facet normal 0 0 -1
    outer loop
      vertex -13.1404 5.60478 0
      vertex -17.6223 6.63645 0
      vertex -17.55 7 0
    endloop
  endfacet
  facet normal 0 0 -1
    outer loop
      vertex -12.6776 3.27773 0
      vertex -17.8282 6.32825 0
      vertex -17.6223 6.63645 0
    endloop
  endfacet
  facet normal 0 0 -1
    outer loop
      vertex -12.6776 3.27773 0
      vertex -18.1364 6.12231 0
      vertex -17.8282 6.32825 0
    endloop
  endfacet
  facet normal 0 0 -1
    outer loop
      vertex -12.6776 3.27773 0
      vertex -18.5 6.05 0
      vertex -18.1364 6.12231 0
    endloop
  endfacet
  facet normal 0 0 -1
    outer loop
      vertex -13.7716 -10.148 0
      vertex -18.8635 6.12231 0
      vertex -18.5 6.05 0
    endloop
  endfacet
  facet normal 0 0 -1
    outer loop
      vertex -23.2716 7.85195 0
      vertex -18.8635 6.12231 0
      vertex -13.7716 -10.148 0
    endloop
  endfacet
  facet normal 0 0 -1
    outer loop
      vertex -18.8635 6.12231 0
      vertex -23.2716 7.85195 0
      vertex -19.1718 6.32825 0
    endloop
  endfacet
  facet normal 0 0 -1
    outer loop
      vertex -23.2716 7.85195 0
      vertex -19.45 7 0
      vertex -19.3777 6.63645 0
    endloop
  endfacet
  facet normal 0 0 -1
    outer loop
      vertex -19.45 7 0
      vertex -21.0853 11.9424 0
      vertex -20.5 12 0
    endloop
  endfacet
  facet normal 0 0 -1
    outer loop
      vertex -19.45 7 0
      vertex -21.648 11.7716 0
      vertex -21.0853 11.9424 0
    endloop
  endfacet
  facet normal 0 0 -1
    outer loop
      vertex -19.1718 6.32825 0
      vertex -23.2716 7.85195 0
      vertex -19.3777 6.63645 0
    endloop
  endfacet
  facet normal 0 0 -1
    outer loop
      vertex -19.45 7 0
      vertex -23.2716 7.85195 0
      vertex -23.4424 8.41473 0
    endloop
  endfacet
  facet normal 0 0 -1
    outer loop
      vertex -19.45 7 0
      vertex -22.1667 11.4944 0
      vertex -21.648 11.7716 0
    endloop
  endfacet
  facet normal 0 0 -1
    outer loop
      vertex -19.45 7 0
      vertex -22.6213 11.1213 0
      vertex -22.1667 11.4944 0
    endloop
  endfacet
  facet normal 0 0 -1
    outer loop
      vertex -19.45 7 0
      vertex -22.9944 10.6667 0
      vertex -22.6213 11.1213 0
    endloop
  endfacet
  facet normal 0 0 -1
    outer loop
      vertex -19.45 7 0
      vertex -23.2716 10.148 0
      vertex -22.9944 10.6667 0
    endloop
  endfacet
  facet normal 0 0 -1
    outer loop
      vertex -19.45 7 0
      vertex -23.4424 8.41473 0
      vertex -23.5 9 0
    endloop
  endfacet
  facet normal 0 0 -1
    outer loop
      vertex -19.45 7 0
      vertex -23.4424 9.58527 0
      vertex -23.2716 10.148 0
    endloop
  endfacet
  facet normal 0 0 -1
    outer loop
      vertex -19.45 7 0
      vertex -23.5 9 0
      vertex -23.4424 9.58527 0
    endloop
  endfacet
  facet normal 0 0 -1
    outer loop
      vertex 17.8282 6.32825 0
      vertex 13.1404 4.39522 0
      vertex 13.2 5 0
    endloop
  endfacet
  facet normal 0 0 -1
    outer loop
      vertex 9.67175 -7.67175 0
      vertex 13.4944 -10.6667 0
      vertex 13.1213 -11.1213 0
    endloop
  endfacet
  facet normal 0 0 -1
    outer loop
      vertex 13.7716 -10.148 0
      vertex 12.964 3.81368 0
      vertex 13.1404 4.39522 0
    endloop
  endfacet
  facet normal 0 0 -1
    outer loop
      vertex 13.7716 -10.148 0
      vertex 12.6776 3.27773 0
      vertex 12.964 3.81368 0
    endloop
  endfacet
  facet normal 0 0 -1
    outer loop
      vertex 9.67175 -7.67175 0
      vertex 13.1213 -11.1213 0
      vertex 12.6667 -11.4944 0
    endloop
  endfacet
  facet normal 0 0 -1
    outer loop
      vertex 13.7716 -10.148 0
      vertex 12.292 2.80797 0
      vertex 12.6776 3.27773 0
    endloop
  endfacet
  facet normal 0 0 -1
    outer loop
      vertex 9.67175 -7.67175 0
      vertex 12.6667 -11.4944 0
      vertex 12.148 -11.7716 0
    endloop
  endfacet
  facet normal 0 0 -1
    outer loop
      vertex 13.7716 -10.148 0
      vertex 9.95 -7 0
      vertex 9.87769 -6.63645 0
    endloop
  endfacet
  facet normal 0 0 -1
    outer loop
      vertex 9.67175 -7.67175 0
      vertex 12.148 -11.7716 0
      vertex 11.5853 -11.9424 0
    endloop
  endfacet
  facet normal 0 -0 -1
    outer loop
      vertex 11.8223 2.42244 0
      vertex 13.7716 -10.148 0
      vertex 9.87769 -6.63645 0
    endloop
  endfacet
  facet normal 0 0 -1
    outer loop
      vertex 9.67175 -7.67175 0
      vertex 11.5853 -11.9424 0
      vertex 11 -12 0
    endloop
  endfacet
  facet normal 0 0 -1
    outer loop
      vertex 13.7716 -10.148 0
      vertex 11.8223 2.42244 0
      vertex 12.292 2.80797 0
    endloop
  endfacet
  facet normal 0 0 -1
    outer loop
      vertex 9.67175 -6.32825 0
      vertex 11.8223 2.42244 0
      vertex 9.87769 -6.63645 0
    endloop
  endfacet
  facet normal 0 0 -1
    outer loop
      vertex 11.8223 2.42244 0
      vertex 9.67175 -6.32825 0
      vertex 11.2863 2.13597 0
    endloop
  endfacet
  facet normal 0 0 -1
    outer loop
      vertex 13.7716 -10.148 0
      vertex 9.87769 -7.36355 0
      vertex 9.95 -7 0
    endloop
  endfacet
  facet normal 0 0 -1
    outer loop
      vertex 13.7716 -10.148 0
      vertex 9.67175 -7.67175 0
      vertex 9.87769 -7.36355 0
    endloop
  endfacet
  facet normal 0 0 -1
    outer loop
      vertex 11 -12 0
      vertex 9.36355 -7.87769 0
      vertex 9.67175 -7.67175 0
    endloop
  endfacet
  facet normal 0 0 -1
    outer loop
      vertex 11 -12 0
      vertex 9 -7.95 0
      vertex 9.36355 -7.87769 0
    endloop
  endfacet
  facet normal 0 0 -1
    outer loop
      vertex 11 -12 0
      vertex 8.63645 -7.87769 0
      vertex 9 -7.95 0
    endloop
  endfacet
  facet normal 0 0 -1
    outer loop
      vertex 11 -12 0
      vertex 8.32825 -7.67175 0
      vertex 8.63645 -7.87769 0
    endloop
  endfacet
  facet normal 0 0 -1
    outer loop
      vertex -8.32825 -7.67175 0
      vertex 8.32825 -7.67175 0
      vertex 11 -12 0
    endloop
  endfacet
  facet normal 0 0 -1
    outer loop
      vertex -8.05 -7 0
      vertex 8.05 -7 0
      vertex 8.12231 -7.36355 0
    endloop
  endfacet
  facet normal 0 0 -1
    outer loop
      vertex 8.05 -7 0
      vertex 5.29522 1.95957 0
      vertex 5.9 1.9 0
    endloop
  endfacet
  facet normal 0 0 -1
    outer loop
      vertex 8.05 -7 0
      vertex 4.71368 2.13597 0
      vertex 5.29522 1.95957 0
    endloop
  endfacet
  facet normal 0 0 -1
    outer loop
      vertex 8.05 -7 0
      vertex 4.17773 2.42244 0
      vertex 4.71368 2.13597 0
    endloop
  endfacet
  facet normal 0 0 -1
    outer loop
      vertex 8.05 -7 0
      vertex -8.12231 -6.63645 0
      vertex 4.17773 2.42244 0
    endloop
  endfacet
  facet normal 0 0 -1
    outer loop
      vertex 4.17773 2.42244 0
      vertex -4.17773 2.42244 0
      vertex 3.70797 2.80797 0
    endloop
  endfacet
  facet normal 0 -0 -1
    outer loop
      vertex -3.70797 2.80797 0
      vertex 3.70797 2.80797 0
      vertex -4.17773 2.42244 0
    endloop
  endfacet
  facet normal 0 0 -1
    outer loop
      vertex 2.85956 4.39522 0
      vertex -2.8 5 0
      vertex 2.8 5 0
    endloop
  endfacet
  facet normal 0 0 -1
    outer loop
      vertex -2.85956 4.39522 0
      vertex 2.85956 4.39522 0
      vertex 3.03597 3.81368 0
    endloop
  endfacet
  facet normal 0 0 -1
    outer loop
      vertex 3.70797 2.80797 0
      vertex -3.70797 2.80797 0
      vertex 3.32244 3.27773 0
    endloop
  endfacet
  facet normal 0 0 -1
    outer loop
      vertex 8.32825 -7.67175 0
      vertex -8.32825 -7.67175 0
      vertex 8.12231 -7.36355 0
    endloop
  endfacet
  facet normal 0 0 -1
    outer loop
      vertex 2.85956 4.39522 0
      vertex -2.85956 4.39522 0
      vertex -2.8 5 0
    endloop
  endfacet
  facet normal 0 0 -1
    outer loop
      vertex 3.03597 3.81368 0
      vertex -3.03597 3.81368 0
      vertex -2.85956 4.39522 0
    endloop
  endfacet
  facet normal -0 0 -1
    outer loop
      vertex 3.03597 3.81368 0
      vertex -3.32244 3.27773 0
      vertex -3.03597 3.81368 0
    endloop
  endfacet
  facet normal 0 0 -1
    outer loop
      vertex 3.32244 3.27773 0
      vertex -3.32244 3.27773 0
      vertex 3.03597 3.81368 0
    endloop
  endfacet
  facet normal 0 -0 -1
    outer loop
      vertex -3.32244 3.27773 0
      vertex 3.32244 3.27773 0
      vertex -3.70797 2.80797 0
    endloop
  endfacet
  facet normal 0 0 -1
    outer loop
      vertex 8.05 -7 0
      vertex -8.05 -7 0
      vertex -8.12231 -6.63645 0
    endloop
  endfacet
  facet normal -0 0 -1
    outer loop
      vertex 4.17773 2.42244 0
      vertex -8.12231 -6.63645 0
      vertex -4.17773 2.42244 0
    endloop
  endfacet
  facet normal 0 0 -1
    outer loop
      vertex -4.17773 2.42244 0
      vertex -8.12231 -6.63645 0
      vertex -4.71368 2.13597 0
    endloop
  endfacet
  facet normal 0 0 -1
    outer loop
      vertex -4.71368 2.13597 0
      vertex -8.12231 -6.63645 0
      vertex -5.29522 1.95957 0
    endloop
  endfacet
  facet normal 0 0 -1
    outer loop
      vertex 8.12231 -7.36355 0
      vertex -8.12231 -7.36355 0
      vertex -8.05 -7 0
    endloop
  endfacet
  facet normal -0 0 -1
    outer loop
      vertex 8.12231 -7.36355 0
      vertex -8.32825 -7.67175 0
      vertex -8.12231 -7.36355 0
    endloop
  endfacet
  facet normal 0 0 -1
    outer loop
      vertex -11 -12 0
      vertex -8.32825 -7.67175 0
      vertex 11 -12 0
    endloop
  endfacet
  facet normal 0 0 -1
    outer loop
      vertex -8.32825 -7.67175 0
      vertex -11 -12 0
      vertex -8.63645 -7.87769 0
    endloop
  endfacet
  facet normal 0 0 -1
    outer loop
      vertex -8.63645 -7.87769 0
      vertex -11 -12 0
      vertex -9 -7.95 0
    endloop
  endfacet
  facet normal 0 0 -1
    outer loop
      vertex -9.36355 -6.12231 0
      vertex -10.7048 1.95957 0
      vertex -10.1 1.9 0
    endloop
  endfacet
  facet normal -0 0 -1
    outer loop
      vertex -9 -7.95 0
      vertex -11 -12 0
      vertex -9.36355 -7.87769 0
    endloop
  endfacet
  facet normal 0 0 -1
    outer loop
      vertex -11 -12 0
      vertex -9.67175 -7.67175 0
      vertex -9.36355 -7.87769 0
    endloop
  endfacet
  facet normal 0 0 -1
    outer loop
      vertex -11.5853 -11.9424 0
      vertex -9.67175 -7.67175 0
      vertex -11 -12 0
    endloop
  endfacet
  facet normal 0 0 -1
    outer loop
      vertex -12.148 -11.7716 0
      vertex -9.67175 -7.67175 0
      vertex -11.5853 -11.9424 0
    endloop
  endfacet
  facet normal 0 0 -1
    outer loop
      vertex -12.6667 -11.4944 0
      vertex -9.67175 -7.67175 0
      vertex -12.148 -11.7716 0
    endloop
  endfacet
  facet normal -0 0 -1
    outer loop
      vertex -9.87769 -6.63645 0
      vertex -13.7716 -10.148 0
      vertex -11.8223 2.42244 0
    endloop
  endfacet
  facet normal 0 0 -1
    outer loop
      vertex -13.1213 -11.1213 0
      vertex -9.67175 -7.67175 0
      vertex -12.6667 -11.4944 0
    endloop
  endfacet
  facet normal 0 0 -1
    outer loop
      vertex -9.87769 -6.63645 0
      vertex -11.2863 2.13597 0
      vertex -10.7048 1.95957 0
    endloop
  endfacet
  facet normal 0 0 -1
    outer loop
      vertex -13.4944 -10.6667 0
      vertex -9.67175 -7.67175 0
      vertex -13.1213 -11.1213 0
    endloop
  endfacet
  facet normal 0 0 -1
    outer loop
      vertex -9.87769 -6.63645 0
      vertex -11.8223 2.42244 0
      vertex -11.2863 2.13597 0
    endloop
  endfacet
  facet normal 0 0 -1
    outer loop
      vertex -13.7716 -10.148 0
      vertex -9.67175 -7.67175 0
      vertex -13.4944 -10.6667 0
    endloop
  endfacet
  facet normal -0 0 -1
    outer loop
      vertex -11.8223 2.42244 0
      vertex -13.7716 -10.148 0
      vertex -12.292 2.80797 0
    endloop
  endfacet
  facet normal 0 0 -1
    outer loop
      vertex -18.5 6.05 0
      vertex -12.292 2.80797 0
      vertex -13.7716 -10.148 0
    endloop
  endfacet
  facet normal -0 0 -1
    outer loop
      vertex -9.67175 -7.67175 0
      vertex -13.7716 -10.148 0
      vertex -9.87769 -7.36355 0
    endloop
  endfacet
  facet normal 0 0 -1
    outer loop
      vertex -12.292 2.80797 0
      vertex -18.5 6.05 0
      vertex -12.6776 3.27773 0
    endloop
  endfacet
  facet normal 0 0 -1
    outer loop
      vertex -17.6223 6.63645 0
      vertex -12.964 3.81368 0
      vertex -12.6776 3.27773 0
    endloop
  endfacet
  facet normal -0 0 -1
    outer loop
      vertex -9.87769 -7.36355 0
      vertex -13.7716 -10.148 0
      vertex -9.95 -7 0
    endloop
  endfacet
  facet normal 0 0 -1
    outer loop
      vertex 11.2863 2.13597 0
      vertex 9.67175 -6.32825 0
      vertex 10.7048 1.95957 0
    endloop
  endfacet
  facet normal 0 0 -1
    outer loop
      vertex 9.36355 -6.12231 0
      vertex 10.7048 1.95957 0
      vertex 9.67175 -6.32825 0
    endloop
  endfacet
  facet normal 0 0 -1
    outer loop
      vertex 10.7048 1.95957 0
      vertex 9.36355 -6.12231 0
      vertex 10.1 1.9 0
    endloop
  endfacet
  facet normal 0 0 -1
    outer loop
      vertex 9 -6.05 0
      vertex 10.1 1.9 0
      vertex 9.36355 -6.12231 0
    endloop
  endfacet
  facet normal 0 0 -1
    outer loop
      vertex 8.63645 -6.12231 0
      vertex 10.1 1.9 0
      vertex 9 -6.05 0
    endloop
  endfacet
  facet normal 0 0 -1
    outer loop
      vertex 5.9 1.9 0
      vertex 8.63645 -6.12231 0
      vertex 8.32825 -6.32825 0
    endloop
  endfacet
  facet normal 0 0 -1
    outer loop
      vertex 5.9 1.9 0
      vertex 8.32825 -6.32825 0
      vertex 8.12231 -6.63645 0
    endloop
  endfacet
  facet normal 0 0 -1
    outer loop
      vertex 8.63645 -6.12231 0
      vertex 5.9 1.9 0
      vertex 10.1 1.9 0
    endloop
  endfacet
  facet normal 0 0 -1
    outer loop
      vertex 5.9 1.9 0
      vertex 8.12231 -6.63645 0
      vertex 8.05 -7 0
    endloop
  endfacet
  facet normal 0 0 -1
    outer loop
      vertex -8.32825 -6.32825 0
      vertex -5.29522 1.95957 0
      vertex -8.12231 -6.63645 0
    endloop
  endfacet
  facet normal 0 0 -1
    outer loop
      vertex -5.29522 1.95957 0
      vertex -8.32825 -6.32825 0
      vertex -5.9 1.9 0
    endloop
  endfacet
  facet normal 0 0 -1
    outer loop
      vertex -8.63645 -6.12231 0
      vertex -5.9 1.9 0
      vertex -8.32825 -6.32825 0
    endloop
  endfacet
  facet normal 0 0 -1
    outer loop
      vertex -9 -6.05 0
      vertex -5.9 1.9 0
      vertex -8.63645 -6.12231 0
    endloop
  endfacet
  facet normal 0 0 -1
    outer loop
      vertex -10.1 1.9 0
      vertex -9 -6.05 0
      vertex -9.36355 -6.12231 0
    endloop
  endfacet
  facet normal 0 0 -1
    outer loop
      vertex -10.7048 1.95957 0
      vertex -9.36355 -6.12231 0
      vertex -9.67175 -6.32825 0
    endloop
  endfacet
  facet normal 0 0 -1
    outer loop
      vertex -10.7048 1.95957 0
      vertex -9.67175 -6.32825 0
      vertex -9.87769 -6.63645 0
    endloop
  endfacet
  facet normal 0 0 -1
    outer loop
      vertex -9 -6.05 0
      vertex -10.1 1.9 0
      vertex -5.9 1.9 0
    endloop
  endfacet
  facet normal 0 0 -1
    outer loop
      vertex -13.7716 -10.148 0
      vertex -9.87769 -6.63645 0
      vertex -9.95 -7 0
    endloop
  endfacet
  facet normal 0 0 -1
    outer loop
      vertex 19.1718 7.67175 0
      vertex 23.5 9 0
      vertex 23.4424 8.41473 0
    endloop
  endfacet
  facet normal 0 0 -1
    outer loop
      vertex 19.1718 7.67175 0
      vertex 23.4424 8.41473 0
      vertex 23.2716 7.85195 0
    endloop
  endfacet
  facet normal -0 0 -1
    outer loop
      vertex 23.5 9 0
      vertex 19.1718 7.67175 0
      vertex 23.4424 9.58527 0
    endloop
  endfacet
  facet normal -0 0 -1
    outer loop
      vertex 23.4424 9.58527 0
      vertex 19.1718 7.67175 0
      vertex 23.2716 10.148 0
    endloop
  endfacet
  facet normal -0 0 -1
    outer loop
      vertex 23.2716 10.148 0
      vertex 19.1718 7.67175 0
      vertex 22.9944 10.6667 0
    endloop
  endfacet
  facet normal -0 0 -1
    outer loop
      vertex 22.9944 10.6667 0
      vertex 19.1718 7.67175 0
      vertex 22.6213 11.1213 0
    endloop
  endfacet
  facet normal -0 0 -1
    outer loop
      vertex 22.6213 11.1213 0
      vertex 19.1718 7.67175 0
      vertex 22.1667 11.4944 0
    endloop
  endfacet
  facet normal -0 0 -1
    outer loop
      vertex 22.1667 11.4944 0
      vertex 19.1718 7.67175 0
      vertex 21.648 11.7716 0
    endloop
  endfacet
  facet normal -0 0 -1
    outer loop
      vertex 21.648 11.7716 0
      vertex 19.1718 7.67175 0
      vertex 21.0853 11.9424 0
    endloop
  endfacet
  facet normal 0 0 -1
    outer loop
      vertex 19.3777 7.36355 0
      vertex 23.2716 7.85195 0
      vertex 19.45 7 0
    endloop
  endfacet
  facet normal 0 0 -1
    outer loop
      vertex 23.2716 7.85195 0
      vertex 19.3777 6.63645 0
      vertex 19.45 7 0
    endloop
  endfacet
  facet normal 0 0 -1
    outer loop
      vertex 23.2716 7.85195 0
      vertex 19.1718 6.32825 0
      vertex 19.3777 6.63645 0
    endloop
  endfacet
  facet normal 0 0 -1
    outer loop
      vertex 23.2716 7.85195 0
      vertex 18.8635 6.12231 0
      vertex 19.1718 6.32825 0
    endloop
  endfacet
  facet normal -0 0 -1
    outer loop
      vertex 17.8282 6.32825 0
      vertex 13.2 5 0
      vertex 17.6223 6.63645 0
    endloop
  endfacet
  facet normal 0 0 -1
    outer loop
      vertex 13.1404 4.39522 0
      vertex 17.8282 6.32825 0
      vertex 18.1364 6.12231 0
    endloop
  endfacet
  facet normal 0 0 -1
    outer loop
      vertex 13.1404 4.39522 0
      vertex 18.1364 6.12231 0
      vertex 18.5 6.05 0
    endloop
  endfacet
  facet normal 0 0 -1
    outer loop
      vertex 13.1404 4.39522 0
      vertex 18.5 6.05 0
      vertex 13.7716 -10.148 0
    endloop
  endfacet
  facet normal 0 0 -1
    outer loop
      vertex 18.8635 6.12231 0
      vertex 13.7716 -10.148 0
      vertex 18.5 6.05 0
    endloop
  endfacet
  facet normal 0 0 -1
    outer loop
      vertex 13.7716 -10.148 0
      vertex 18.8635 6.12231 0
      vertex 23.2716 7.85195 0
    endloop
  endfacet
  facet normal 0 0 -1
    outer loop
      vertex 19.1718 7.67175 0
      vertex 23.2716 7.85195 0
      vertex 19.3777 7.36355 0
    endloop
  endfacet
  facet normal -0 0 -1
    outer loop
      vertex 21.0853 11.9424 0
      vertex 19.1718 7.67175 0
      vertex 20.5 12 0
    endloop
  endfacet
  facet normal 0 0 -1
    outer loop
      vertex 18.8635 7.87769 0
      vertex 20.5 12 0
      vertex 19.1718 7.67175 0
    endloop
  endfacet
  facet normal 0 0 -1
    outer loop
      vertex 18.5 7.95 0
      vertex 20.5 12 0
      vertex 18.8635 7.87769 0
    endloop
  endfacet
  facet normal 0 0 -1
    outer loop
      vertex 18.1364 7.87769 0
      vertex 20.5 12 0
      vertex 18.5 7.95 0
    endloop
  endfacet
  facet normal 0 0 -1
    outer loop
      vertex 17.8282 7.67175 0
      vertex 20.5 12 0
      vertex 18.1364 7.87769 0
    endloop
  endfacet
  facet normal 0 0 -1
    outer loop
      vertex 12.292 7.19203 0
      vertex 17.8282 7.67175 0
      vertex 17.6223 7.36355 0
    endloop
  endfacet
  facet normal 0 0 -1
    outer loop
      vertex 13.1404 5.60478 0
      vertex 17.6223 6.63645 0
      vertex 13.2 5 0
    endloop
  endfacet
  facet normal 0 0 -1
    outer loop
      vertex 9.67175 -7.67175 0
      vertex 13.7716 -10.148 0
      vertex 13.4944 -10.6667 0
    endloop
  endfacet
  facet normal -0 0 -1
    outer loop
      vertex 17.6223 6.63645 0
      vertex 13.1404 5.60478 0
      vertex 17.55 7 0
    endloop
  endfacet
  facet normal 0 0 -1
    outer loop
      vertex 12.964 6.18632 0
      vertex 17.55 7 0
      vertex 13.1404 5.60478 0
    endloop
  endfacet
  facet normal 0 0 -1
    outer loop
      vertex 12.6776 6.72227 0
      vertex 17.55 7 0
      vertex 12.964 6.18632 0
    endloop
  endfacet
  facet normal -0 0 -1
    outer loop
      vertex 17.55 7 0
      vertex 12.6776 6.72227 0
      vertex 17.6223 7.36355 0
    endloop
  endfacet
  facet normal 0 0 -1
    outer loop
      vertex 12.292 7.19203 0
      vertex 17.6223 7.36355 0
      vertex 12.6776 6.72227 0
    endloop
  endfacet
  facet normal 0 0 -1
    outer loop
      vertex 17.8282 7.67175 0
      vertex 12.292 7.19203 0
      vertex 11.8223 7.57756 0
    endloop
  endfacet
  facet normal -0 0 -1
    outer loop
      vertex 17.8282 7.67175 0
      vertex 11.8223 7.57756 0
      vertex 20.5 12 0
    endloop
  endfacet
  facet normal 0 0 -1
    outer loop
      vertex 11.2863 7.86403 0
      vertex 20.5 12 0
      vertex 11.8223 7.57756 0
    endloop
  endfacet
  facet normal 0 0 -1
    outer loop
      vertex 10.7048 8.04043 0
      vertex 20.5 12 0
      vertex 11.2863 7.86403 0
    endloop
  endfacet
  facet normal 0 0 -1
    outer loop
      vertex 10.1 8.1 0
      vertex 20.5 12 0
      vertex 10.7048 8.04043 0
    endloop
  endfacet
  facet normal 0 0 -1
    outer loop
      vertex 5.9 8.1 0
      vertex 20.5 12 0
      vertex 10.1 8.1 0
    endloop
  endfacet
  facet normal 0 0 -1
    outer loop
      vertex 5.29522 8.04043 0
      vertex 20.5 12 0
      vertex 5.9 8.1 0
    endloop
  endfacet
  facet normal 0 0 -1
    outer loop
      vertex -2.8 5 0
      vertex 2.85956 5.60478 0
      vertex 2.8 5 0
    endloop
  endfacet
  facet normal 0 0 -1
    outer loop
      vertex -2.85956 5.60478 0
      vertex 2.85956 5.60478 0
      vertex -2.8 5 0
    endloop
  endfacet
  facet normal 0 0 -1
    outer loop
      vertex 2.85956 5.60478 0
      vertex -2.85956 5.60478 0
      vertex 3.03597 6.18632 0
    endloop
  endfacet
  facet normal 0 0 -1
    outer loop
      vertex -3.03597 6.18632 0
      vertex 3.03597 6.18632 0
      vertex -2.85956 5.60478 0
    endloop
  endfacet
  facet normal 0 0 -1
    outer loop
      vertex 3.03597 6.18632 0
      vertex -3.03597 6.18632 0
      vertex 3.32244 6.72227 0
    endloop
  endfacet
  facet normal 0 0 -1
    outer loop
      vertex -3.32244 6.72227 0
      vertex 3.32244 6.72227 0
      vertex -3.03597 6.18632 0
    endloop
  endfacet
  facet normal 0 0 -1
    outer loop
      vertex 3.32244 6.72227 0
      vertex -3.32244 6.72227 0
      vertex 3.70797 7.19203 0
    endloop
  endfacet
  facet normal 0 0 -1
    outer loop
      vertex -3.70797 7.19203 0
      vertex 3.70797 7.19203 0
      vertex -3.32244 6.72227 0
    endloop
  endfacet
  facet normal 0 0 -1
    outer loop
      vertex 3.70797 7.19203 0
      vertex -3.70797 7.19203 0
      vertex 4.17773 7.57756 0
    endloop
  endfacet
  facet normal 0 0 -1
    outer loop
      vertex -4.17773 7.57756 0
      vertex 4.17773 7.57756 0
      vertex -3.70797 7.19203 0
    endloop
  endfacet
  facet normal 0 0 -1
    outer loop
      vertex 4.17773 7.57756 0
      vertex -4.17773 7.57756 0
      vertex 4.71368 7.86403 0
    endloop
  endfacet
  facet normal 0 0 -1
    outer loop
      vertex -4.71368 7.86403 0
      vertex 4.71368 7.86403 0
      vertex -4.17773 7.57756 0
    endloop
  endfacet
  facet normal 0 0 -1
    outer loop
      vertex 4.71368 7.86403 0
      vertex -4.71368 7.86403 0
      vertex 5.29522 8.04043 0
    endloop
  endfacet
  facet normal 0 0 -1
    outer loop
      vertex -5.29522 8.04043 0
      vertex 5.29522 8.04043 0
      vertex -4.71368 7.86403 0
    endloop
  endfacet
  facet normal 0 0 -1
    outer loop
      vertex 5.29522 8.04043 0
      vertex -5.29522 8.04043 0
      vertex 20.5 12 0
    endloop
  endfacet
  facet normal 0 0 -1
    outer loop
      vertex -20.5 12 0
      vertex -5.29522 8.04043 0
      vertex -5.9 8.1 0
    endloop
  endfacet
  facet normal 0 0 -1
    outer loop
      vertex -20.5 12 0
      vertex -5.9 8.1 0
      vertex -10.1 8.1 0
    endloop
  endfacet
  facet normal 0 0 -1
    outer loop
      vertex -20.5 12 0
      vertex -10.1 8.1 0
      vertex -10.7048 8.04043 0
    endloop
  endfacet
  facet normal 0 0 -1
    outer loop
      vertex -17.6223 6.63645 0
      vertex -13.1404 4.39522 0
      vertex -12.964 3.81368 0
    endloop
  endfacet
  facet normal 0 0 -1
    outer loop
      vertex -17.6223 6.63645 0
      vertex -13.2 5 0
      vertex -13.1404 4.39522 0
    endloop
  endfacet
  facet normal 0 0 -1
    outer loop
      vertex -17.6223 6.63645 0
      vertex -13.1404 5.60478 0
      vertex -13.2 5 0
    endloop
  endfacet
  facet normal 0 0 -1
    outer loop
      vertex -17.55 7 0
      vertex -12.964 6.18632 0
      vertex -13.1404 5.60478 0
    endloop
  endfacet
  facet normal 0 0 -1
    outer loop
      vertex -17.55 7 0
      vertex -12.6776 6.72227 0
      vertex -12.964 6.18632 0
    endloop
  endfacet
  facet normal 0 0 -1
    outer loop
      vertex -17.6223 7.36355 0
      vertex -12.6776 6.72227 0
      vertex -17.55 7 0
    endloop
  endfacet
  facet normal 0 0 -1
    outer loop
      vertex -12.6776 6.72227 0
      vertex -17.6223 7.36355 0
      vertex -12.292 7.19203 0
    endloop
  endfacet
  facet normal 0 0 -1
    outer loop
      vertex -17.8282 7.67175 0
      vertex -12.292 7.19203 0
      vertex -17.6223 7.36355 0
    endloop
  endfacet
  facet normal 0 0 -1
    outer loop
      vertex -12.292 7.19203 0
      vertex -17.8282 7.67175 0
      vertex -11.8223 7.57756 0
    endloop
  endfacet
  facet normal 0 0 -1
    outer loop
      vertex -20.5 12 0
      vertex -11.8223 7.57756 0
      vertex -17.8282 7.67175 0
    endloop
  endfacet
  facet normal 0 0 -1
    outer loop
      vertex -11.8223 7.57756 0
      vertex -20.5 12 0
      vertex -11.2863 7.86403 0
    endloop
  endfacet
  facet normal 0 0 -1
    outer loop
      vertex -11.2863 7.86403 0
      vertex -20.5 12 0
      vertex -10.7048 8.04043 0
    endloop
  endfacet
  facet normal 0 0 -1
    outer loop
      vertex -20.5 12 0
      vertex -17.8282 7.67175 0
      vertex -18.1364 7.87769 0
    endloop
  endfacet
  facet normal 0 0 -1
    outer loop
      vertex -20.5 12 0
      vertex -18.1364 7.87769 0
      vertex -18.5 7.95 0
    endloop
  endfacet
  facet normal 0 0 -1
    outer loop
      vertex -5.29522 8.04043 0
      vertex -20.5 12 0
      vertex 20.5 12 0
    endloop
  endfacet
  facet normal 0 0 -1
    outer loop
      vertex -18.8635 7.87769 0
      vertex -20.5 12 0
      vertex -18.5 7.95 0
    endloop
  endfacet
  facet normal 0 0 -1
    outer loop
      vertex -19.1718 7.67175 0
      vertex -20.5 12 0
      vertex -18.8635 7.87769 0
    endloop
  endfacet
  facet normal 0 0 -1
    outer loop
      vertex -19.3777 7.36355 0
      vertex -20.5 12 0
      vertex -19.1718 7.67175 0
    endloop
  endfacet
  facet normal 0 0 -1
    outer loop
      vertex -20.5 12 0
      vertex -19.3777 7.36355 0
      vertex -19.45 7 0
    endloop
  endfacet
  facet normal 0.0654186 0.997858 -0
    outer loop
      vertex -7.08632 11.9401 3.3
      vertex -8 12 4.6
      vertex -7.08632 11.9401 4.6
    endloop
  endfacet
  facet normal 0.0654186 0.997858 0
    outer loop
      vertex -8 12 4.6
      vertex -7.08632 11.9401 3.3
      vertex -8 12 3.3
    endloop
  endfacet
  facet normal -0.831472 -0.555567 -1.64768e-17
    outer loop
      vertex -13.5535 0.73867 3.3
      vertex -14.0622 1.5 4.6
      vertex -14.0622 1.5 3.3
    endloop
  endfacet
  facet normal -0.831472 -0.555567 -1.64768e-17
    outer loop
      vertex -14.0622 1.5 4.6
      vertex -13.5535 0.73867 3.3
      vertex -13.5535 0.73867 4.6
    endloop
  endfacet
  facet normal -0.442314 0.89686 0
    outer loop
      vertex -10.6788 11.4672 3.3
      vertex -11.5 11.0622 4.6
      vertex -10.6788 11.4672 4.6
    endloop
  endfacet
  facet normal -0.442314 0.89686 0
    outer loop
      vertex -11.5 11.0622 4.6
      vertex -10.6788 11.4672 3.3
      vertex -11.5 11.0622 3.3
    endloop
  endfacet
  facet normal 0.946931 -0.321436 1.6222e-17
    outer loop
      vertex -1.53284 2.32122 4.6
      vertex -1.23852 3.18827 3.3
      vertex -1.23852 3.18827 4.6
    endloop
  endfacet
  facet normal 0.946931 -0.321436 1.6222e-17
    outer loop
      vertex -1.23852 3.18827 3.3
      vertex -1.53284 2.32122 4.6
      vertex -1.53284 2.32122 3.3
    endloop
  endfacet
  facet normal -0.442297 -0.896869 0
    outer loop
      vertex -11.5 -1.06218 3.3
      vertex -10.6788 -1.46716 4.6
      vertex -11.5 -1.06218 4.6
    endloop
  endfacet
  facet normal -0.442297 -0.896869 -0
    outer loop
      vertex -10.6788 -1.46716 4.6
      vertex -11.5 -1.06218 3.3
      vertex -10.6788 -1.46716 3.3
    endloop
  endfacet
  facet normal -0.980792 0.195055 6.93967e-18
    outer loop
      vertex -14.9401 5.91368 3.3
      vertex -14.7615 6.81173 4.6
      vertex -14.7615 6.81173 3.3
    endloop
  endfacet
  facet normal -0.980792 0.195055 6.93967e-18
    outer loop
      vertex -14.7615 6.81173 4.6
      vertex -14.9401 5.91368 3.3
      vertex -14.9401 5.91368 4.6
    endloop
  endfacet
  facet normal -0.659355 -0.751832 0
    outer loop
      vertex -12.9497 0.0502529 3.3
      vertex -12.2613 -0.553473 4.6
      vertex -12.9497 0.0502529 4.6
    endloop
  endfacet
  facet normal -0.659355 -0.751832 -0
    outer loop
      vertex -12.2613 -0.553473 4.6
      vertex -12.9497 0.0502529 3.3
      vertex -12.2613 -0.553473 3.3
    endloop
  endfacet
  facet normal 0.321436 -0.946931 0
    outer loop
      vertex -6.18827 -1.76148 3.3
      vertex -5.32122 -1.46716 4.6
      vertex -6.18827 -1.76148 4.6
    endloop
  endfacet
  facet normal 0.321436 -0.946931 0
    outer loop
      vertex -5.32122 -1.46716 4.6
      vertex -6.18827 -1.76148 3.3
      vertex -5.32122 -1.46716 3.3
    endloop
  endfacet
  facet normal 0 0 1
    outer loop
      vertex -1.05989 5.91368 4.6
      vertex -1.01499 5 4.6
      vertex -1 5 4.6
    endloop
  endfacet
  facet normal 0 0 1
    outer loop
      vertex -1.05989 5.91368 4.6
      vertex -1.07475 5.91173 4.6
      vertex -1.01499 5 4.6
    endloop
  endfacet
  facet normal 0 0 1
    outer loop
      vertex -1.23852 6.81173 4.6
      vertex -1.07475 5.91173 4.6
      vertex -1.05989 5.91368 4.6
    endloop
  endfacet
  facet normal 0 0 1
    outer loop
      vertex -1.23852 6.81173 4.6
      vertex -1.253 6.80785 4.6
      vertex -1.07475 5.91173 4.6
    endloop
  endfacet
  facet normal 0 0 1
    outer loop
      vertex -1.53284 7.67878 4.6
      vertex -1.253 6.80785 4.6
      vertex -1.23852 6.81173 4.6
    endloop
  endfacet
  facet normal 0 0 1
    outer loop
      vertex -1.53284 7.67878 4.6
      vertex -1.54669 7.67305 4.6
      vertex -1.253 6.80785 4.6
    endloop
  endfacet
  facet normal 0 0 1
    outer loop
      vertex -1.93782 8.5 4.6
      vertex -1.54669 7.67305 4.6
      vertex -1.53284 7.67878 4.6
    endloop
  endfacet
  facet normal 0 0 1
    outer loop
      vertex -1.93782 8.5 4.6
      vertex -1.9508 8.49251 4.6
      vertex -1.54669 7.67305 4.6
    endloop
  endfacet
  facet normal 0 0 1
    outer loop
      vertex -2.44653 9.26133 4.6
      vertex -1.9508 8.49251 4.6
      vertex -1.93782 8.5 4.6
    endloop
  endfacet
  facet normal 0 0 1
    outer loop
      vertex -2.44653 9.26133 4.6
      vertex -2.45842 9.25221 4.6
      vertex -1.9508 8.49251 4.6
    endloop
  endfacet
  facet normal 0 0 1
    outer loop
      vertex -3.05025 9.94975 4.6
      vertex -2.45842 9.25221 4.6
      vertex -2.44653 9.26133 4.6
    endloop
  endfacet
  facet normal 0 0 1
    outer loop
      vertex -3.05025 9.94975 4.6
      vertex -3.06085 9.93915 4.6
      vertex -2.45842 9.25221 4.6
    endloop
  endfacet
  facet normal 0 0 1
    outer loop
      vertex -3.73867 10.5535 4.6
      vertex -3.06085 9.93915 4.6
      vertex -3.05025 9.94975 4.6
    endloop
  endfacet
  facet normal 0 0 1
    outer loop
      vertex -3.73867 10.5535 4.6
      vertex -3.74779 10.5416 4.6
      vertex -3.06085 9.93915 4.6
    endloop
  endfacet
  facet normal 0 0 1
    outer loop
      vertex -4.5 11.0622 4.6
      vertex -3.74779 10.5416 4.6
      vertex -3.73867 10.5535 4.6
    endloop
  endfacet
  facet normal 0 0 1
    outer loop
      vertex -4.5 11.0622 4.6
      vertex -4.50749 11.0492 4.6
      vertex -3.74779 10.5416 4.6
    endloop
  endfacet
  facet normal 0 0 1
    outer loop
      vertex -5.32122 11.4672 4.6
      vertex -4.50749 11.0492 4.6
      vertex -4.5 11.0622 4.6
    endloop
  endfacet
  facet normal 0 0 1
    outer loop
      vertex -5.32122 11.4672 4.6
      vertex -5.32695 11.4533 4.6
      vertex -4.50749 11.0492 4.6
    endloop
  endfacet
  facet normal 0 0 1
    outer loop
      vertex -6.18827 11.7615 4.6
      vertex -5.32695 11.4533 4.6
      vertex -5.32122 11.4672 4.6
    endloop
  endfacet
  facet normal 0 0 1
    outer loop
      vertex -6.18827 11.7615 4.6
      vertex -6.19215 11.747 4.6
      vertex -5.32695 11.4533 4.6
    endloop
  endfacet
  facet normal 0 0 1
    outer loop
      vertex -7.08632 11.9401 4.6
      vertex -6.19215 11.747 4.6
      vertex -6.18827 11.7615 4.6
    endloop
  endfacet
  facet normal 0 0 1
    outer loop
      vertex -7.08632 11.9401 4.6
      vertex -7.08827 11.9253 4.6
      vertex -6.19215 11.747 4.6
    endloop
  endfacet
  facet normal 0 0 1
    outer loop
      vertex -8 12 4.6
      vertex -7.08827 11.9253 4.6
      vertex -7.08632 11.9401 4.6
    endloop
  endfacet
  facet normal 0 0 1
    outer loop
      vertex -8 12 4.6
      vertex -8 11.985 4.6
      vertex -7.08827 11.9253 4.6
    endloop
  endfacet
  facet normal 0 0 1
    outer loop
      vertex -8 12 4.6
      vertex -8.91173 11.9253 4.6
      vertex -8 11.985 4.6
    endloop
  endfacet
  facet normal -0 0 1
    outer loop
      vertex -8.91368 11.9401 4.6
      vertex -8.91173 11.9253 4.6
      vertex -8 12 4.6
    endloop
  endfacet
  facet normal 0 0 1
    outer loop
      vertex -8.91368 11.9401 4.6
      vertex -9.80785 11.747 4.6
      vertex -8.91173 11.9253 4.6
    endloop
  endfacet
  facet normal -0 0 1
    outer loop
      vertex -9.81173 11.7615 4.6
      vertex -9.80785 11.747 4.6
      vertex -8.91368 11.9401 4.6
    endloop
  endfacet
  facet normal 0 0 1
    outer loop
      vertex -9.81173 11.7615 4.6
      vertex -10.673 11.4533 4.6
      vertex -9.80785 11.747 4.6
    endloop
  endfacet
  facet normal -0 0 1
    outer loop
      vertex -10.6788 11.4672 4.6
      vertex -10.673 11.4533 4.6
      vertex -9.81173 11.7615 4.6
    endloop
  endfacet
  facet normal 0 0 1
    outer loop
      vertex -10.6788 11.4672 4.6
      vertex -11.4925 11.0492 4.6
      vertex -10.673 11.4533 4.6
    endloop
  endfacet
  facet normal -0 0 1
    outer loop
      vertex -11.5 11.0622 4.6
      vertex -11.4925 11.0492 4.6
      vertex -10.6788 11.4672 4.6
    endloop
  endfacet
  facet normal 0 0 1
    outer loop
      vertex -11.5 11.0622 4.6
      vertex -12.2522 10.5416 4.6
      vertex -11.4925 11.0492 4.6
    endloop
  endfacet
  facet normal -0 0 1
    outer loop
      vertex -12.2613 10.5535 4.6
      vertex -12.2522 10.5416 4.6
      vertex -11.5 11.0622 4.6
    endloop
  endfacet
  facet normal 0 0 1
    outer loop
      vertex -12.2613 10.5535 4.6
      vertex -12.9391 9.93915 4.6
      vertex -12.2522 10.5416 4.6
    endloop
  endfacet
  facet normal -0 0 1
    outer loop
      vertex -12.9497 9.94975 4.6
      vertex -12.9391 9.93915 4.6
      vertex -12.2613 10.5535 4.6
    endloop
  endfacet
  facet normal 0 0 1
    outer loop
      vertex -12.9497 9.94975 4.6
      vertex -13.5416 9.25221 4.6
      vertex -12.9391 9.93915 4.6
    endloop
  endfacet
  facet normal -0 0 1
    outer loop
      vertex -13.5535 9.26133 4.6
      vertex -13.5416 9.25221 4.6
      vertex -12.9497 9.94975 4.6
    endloop
  endfacet
  facet normal 0 0 1
    outer loop
      vertex -13.5535 9.26133 4.6
      vertex -14.0492 8.49251 4.6
      vertex -13.5416 9.25221 4.6
    endloop
  endfacet
  facet normal -0 0 1
    outer loop
      vertex -14.0622 8.5 4.6
      vertex -14.0492 8.49251 4.6
      vertex -13.5535 9.26133 4.6
    endloop
  endfacet
  facet normal 0 0 1
    outer loop
      vertex -14.0622 8.5 4.6
      vertex -14.4533 7.67305 4.6
      vertex -14.0492 8.49251 4.6
    endloop
  endfacet
  facet normal -0 0 1
    outer loop
      vertex -14.4672 7.67878 4.6
      vertex -14.4533 7.67305 4.6
      vertex -14.0622 8.5 4.6
    endloop
  endfacet
  facet normal 0 0 1
    outer loop
      vertex -14.4672 7.67878 4.6
      vertex -14.747 6.80785 4.6
      vertex -14.4533 7.67305 4.6
    endloop
  endfacet
  facet normal -0 0 1
    outer loop
      vertex -14.7615 6.81173 4.6
      vertex -14.747 6.80785 4.6
      vertex -14.4672 7.67878 4.6
    endloop
  endfacet
  facet normal 0 0 1
    outer loop
      vertex -14.7615 6.81173 4.6
      vertex -14.9253 5.91173 4.6
      vertex -14.747 6.80785 4.6
    endloop
  endfacet
  facet normal -0 0 1
    outer loop
      vertex -14.9401 5.91368 4.6
      vertex -14.9253 5.91173 4.6
      vertex -14.7615 6.81173 4.6
    endloop
  endfacet
  facet normal 0 0 1
    outer loop
      vertex -14.9401 5.91368 4.6
      vertex -14.985 5 4.6
      vertex -14.9253 5.91173 4.6
    endloop
  endfacet
  facet normal 0 -0 1
    outer loop
      vertex -14.985 5 4.6
      vertex -14.9401 5.91368 4.6
      vertex -15 5 4.6
    endloop
  endfacet
  facet normal -0 0 1
    outer loop
      vertex -1.01499 5 4.6
      vertex -1.05989 4.08632 4.6
      vertex -1 5 4.6
    endloop
  endfacet
  facet normal -0 0 1
    outer loop
      vertex -1.07475 4.08827 4.6
      vertex -1.05989 4.08632 4.6
      vertex -1.01499 5 4.6
    endloop
  endfacet
  facet normal 0 0 1
    outer loop
      vertex -1.07475 4.08827 4.6
      vertex -1.23852 3.18827 4.6
      vertex -1.05989 4.08632 4.6
    endloop
  endfacet
  facet normal -0 0 1
    outer loop
      vertex -1.253 3.19215 4.6
      vertex -1.23852 3.18827 4.6
      vertex -1.07475 4.08827 4.6
    endloop
  endfacet
  facet normal 0 0 1
    outer loop
      vertex -1.253 3.19215 4.6
      vertex -1.53284 2.32122 4.6
      vertex -1.23852 3.18827 4.6
    endloop
  endfacet
  facet normal -0 0 1
    outer loop
      vertex -1.54669 2.32695 4.6
      vertex -1.53284 2.32122 4.6
      vertex -1.253 3.19215 4.6
    endloop
  endfacet
  facet normal 0 0 1
    outer loop
      vertex -1.54669 2.32695 4.6
      vertex -1.93782 1.5 4.6
      vertex -1.53284 2.32122 4.6
    endloop
  endfacet
  facet normal -0 0 1
    outer loop
      vertex -1.9508 1.50749 4.6
      vertex -1.93782 1.5 4.6
      vertex -1.54669 2.32695 4.6
    endloop
  endfacet
  facet normal 0 0 1
    outer loop
      vertex -1.9508 1.50749 4.6
      vertex -2.44653 0.73867 4.6
      vertex -1.93782 1.5 4.6
    endloop
  endfacet
  facet normal -0 0 1
    outer loop
      vertex -2.45842 0.747794 4.6
      vertex -2.44653 0.73867 4.6
      vertex -1.9508 1.50749 4.6
    endloop
  endfacet
  facet normal 0 0 1
    outer loop
      vertex -2.45842 0.747794 4.6
      vertex -3.05025 0.0502529 4.6
      vertex -2.44653 0.73867 4.6
    endloop
  endfacet
  facet normal -0 0 1
    outer loop
      vertex -3.06085 0.0608511 4.6
      vertex -3.05025 0.0502529 4.6
      vertex -2.45842 0.747794 4.6
    endloop
  endfacet
  facet normal 0 0 1
    outer loop
      vertex -3.06085 0.0608511 4.6
      vertex -3.73867 -0.553473 4.6
      vertex -3.05025 0.0502529 4.6
    endloop
  endfacet
  facet normal -0 0 1
    outer loop
      vertex -3.74779 -0.541582 4.6
      vertex -3.73867 -0.553473 4.6
      vertex -3.06085 0.0608511 4.6
    endloop
  endfacet
  facet normal 0 0 1
    outer loop
      vertex -3.74779 -0.541582 4.6
      vertex -4.5 -1.06218 4.6
      vertex -3.73867 -0.553473 4.6
    endloop
  endfacet
  facet normal -0 0 1
    outer loop
      vertex -4.50749 -1.0492 4.6
      vertex -4.5 -1.06218 4.6
      vertex -3.74779 -0.541582 4.6
    endloop
  endfacet
  facet normal 0 0 1
    outer loop
      vertex -4.50749 -1.0492 4.6
      vertex -5.32122 -1.46716 4.6
      vertex -4.5 -1.06218 4.6
    endloop
  endfacet
  facet normal -0 0 1
    outer loop
      vertex -5.32695 -1.45331 4.6
      vertex -5.32122 -1.46716 4.6
      vertex -4.50749 -1.0492 4.6
    endloop
  endfacet
  facet normal 0 0 1
    outer loop
      vertex -5.32695 -1.45331 4.6
      vertex -6.18827 -1.76148 4.6
      vertex -5.32122 -1.46716 4.6
    endloop
  endfacet
  facet normal -0 0 1
    outer loop
      vertex -6.19215 -1.747 4.6
      vertex -6.18827 -1.76148 4.6
      vertex -5.32695 -1.45331 4.6
    endloop
  endfacet
  facet normal 0 0 1
    outer loop
      vertex -6.19215 -1.747 4.6
      vertex -7.08632 -1.94011 4.6
      vertex -6.18827 -1.76148 4.6
    endloop
  endfacet
  facet normal -0 0 1
    outer loop
      vertex -7.08827 -1.92525 4.6
      vertex -7.08632 -1.94011 4.6
      vertex -6.19215 -1.747 4.6
    endloop
  endfacet
  facet normal 0 0 1
    outer loop
      vertex -8 -1.98501 4.6
      vertex -7.08632 -1.94011 4.6
      vertex -7.08827 -1.92525 4.6
    endloop
  endfacet
  facet normal -0 0 1
    outer loop
      vertex -8 -1.98501 4.6
      vertex -8 -2 4.6
      vertex -7.08632 -1.94011 4.6
    endloop
  endfacet
  facet normal 0 0 1
    outer loop
      vertex -8.91173 -1.92525 4.6
      vertex -8 -2 4.6
      vertex -8 -1.98501 4.6
    endloop
  endfacet
  facet normal 0 0 1
    outer loop
      vertex -8.91173 -1.92525 4.6
      vertex -8.91368 -1.94011 4.6
      vertex -8 -2 4.6
    endloop
  endfacet
  facet normal 0 0 1
    outer loop
      vertex -9.80785 -1.747 4.6
      vertex -8.91368 -1.94011 4.6
      vertex -8.91173 -1.92525 4.6
    endloop
  endfacet
  facet normal 0 0 1
    outer loop
      vertex -9.80785 -1.747 4.6
      vertex -9.81173 -1.76148 4.6
      vertex -8.91368 -1.94011 4.6
    endloop
  endfacet
  facet normal 0 0 1
    outer loop
      vertex -10.673 -1.45331 4.6
      vertex -9.81173 -1.76148 4.6
      vertex -9.80785 -1.747 4.6
    endloop
  endfacet
  facet normal 0 0 1
    outer loop
      vertex -10.673 -1.45331 4.6
      vertex -10.6788 -1.46716 4.6
      vertex -9.81173 -1.76148 4.6
    endloop
  endfacet
  facet normal 0 0 1
    outer loop
      vertex -11.4925 -1.0492 4.6
      vertex -10.6788 -1.46716 4.6
      vertex -10.673 -1.45331 4.6
    endloop
  endfacet
  facet normal 0 0 1
    outer loop
      vertex -11.4925 -1.0492 4.6
      vertex -11.5 -1.06218 4.6
      vertex -10.6788 -1.46716 4.6
    endloop
  endfacet
  facet normal 0 0 1
    outer loop
      vertex -12.2522 -0.541582 4.6
      vertex -11.5 -1.06218 4.6
      vertex -11.4925 -1.0492 4.6
    endloop
  endfacet
  facet normal 0 0 1
    outer loop
      vertex -12.2522 -0.541582 4.6
      vertex -12.2613 -0.553473 4.6
      vertex -11.5 -1.06218 4.6
    endloop
  endfacet
  facet normal 0 0 1
    outer loop
      vertex -12.9391 0.0608511 4.6
      vertex -12.2613 -0.553473 4.6
      vertex -12.2522 -0.541582 4.6
    endloop
  endfacet
  facet normal 0 0 1
    outer loop
      vertex -12.9391 0.0608511 4.6
      vertex -12.9497 0.0502529 4.6
      vertex -12.2613 -0.553473 4.6
    endloop
  endfacet
  facet normal 0 0 1
    outer loop
      vertex -13.5416 0.747794 4.6
      vertex -12.9497 0.0502529 4.6
      vertex -12.9391 0.0608511 4.6
    endloop
  endfacet
  facet normal 0 0 1
    outer loop
      vertex -13.5416 0.747794 4.6
      vertex -13.5535 0.73867 4.6
      vertex -12.9497 0.0502529 4.6
    endloop
  endfacet
  facet normal 0 0 1
    outer loop
      vertex -14.0492 1.50749 4.6
      vertex -13.5535 0.73867 4.6
      vertex -13.5416 0.747794 4.6
    endloop
  endfacet
  facet normal 0 0 1
    outer loop
      vertex -14.0492 1.50749 4.6
      vertex -14.0622 1.5 4.6
      vertex -13.5535 0.73867 4.6
    endloop
  endfacet
  facet normal 0 0 1
    outer loop
      vertex -14.4533 2.32695 4.6
      vertex -14.0622 1.5 4.6
      vertex -14.0492 1.50749 4.6
    endloop
  endfacet
  facet normal 0 0 1
    outer loop
      vertex -14.4533 2.32695 4.6
      vertex -14.4672 2.32122 4.6
      vertex -14.0622 1.5 4.6
    endloop
  endfacet
  facet normal 0 0 1
    outer loop
      vertex -14.747 3.19215 4.6
      vertex -14.4672 2.32122 4.6
      vertex -14.4533 2.32695 4.6
    endloop
  endfacet
  facet normal 0 0 1
    outer loop
      vertex -14.747 3.19215 4.6
      vertex -14.7615 3.18827 4.6
      vertex -14.4672 2.32122 4.6
    endloop
  endfacet
  facet normal 0 0 1
    outer loop
      vertex -14.9253 4.08827 4.6
      vertex -14.7615 3.18827 4.6
      vertex -14.747 3.19215 4.6
    endloop
  endfacet
  facet normal 0 0 1
    outer loop
      vertex -14.9253 4.08827 4.6
      vertex -14.9401 4.08632 4.6
      vertex -14.7615 3.18827 4.6
    endloop
  endfacet
  facet normal 0 0 1
    outer loop
      vertex -14.985 5 4.6
      vertex -14.9401 4.08632 4.6
      vertex -14.9253 4.08827 4.6
    endloop
  endfacet
  facet normal 0 0 1
    outer loop
      vertex -14.9401 4.08632 4.6
      vertex -14.985 5 4.6
      vertex -15 5 4.6
    endloop
  endfacet
  facet normal -0.980792 -0.195055 -6.93967e-18
    outer loop
      vertex -14.7615 3.18827 3.3
      vertex -14.9401 4.08632 4.6
      vertex -14.9401 4.08632 3.3
    endloop
  endfacet
  facet normal -0.980792 -0.195055 -6.93967e-18
    outer loop
      vertex -14.9401 4.08632 4.6
      vertex -14.7615 3.18827 3.3
      vertex -14.7615 3.18827 4.6
    endloop
  endfacet
  facet normal 0.896873 0.442288 1.84336e-17
    outer loop
      vertex -1.53284 7.67878 4.6
      vertex -1.93782 8.5 3.3
      vertex -1.93782 8.5 4.6
    endloop
  endfacet
  facet normal 0.896873 0.442288 1.84336e-17
    outer loop
      vertex -1.93782 8.5 3.3
      vertex -1.53284 7.67878 4.6
      vertex -1.53284 7.67878 3.3
    endloop
  endfacet
  facet normal 0.555572 -0.831468 0
    outer loop
      vertex -4.5 -1.06218 3.3
      vertex -3.73867 -0.553473 4.6
      vertex -4.5 -1.06218 4.6
    endloop
  endfacet
  facet normal 0.555572 -0.831468 0
    outer loop
      vertex -3.73867 -0.553473 4.6
      vertex -4.5 -1.06218 3.3
      vertex -3.73867 -0.553473 3.3
    endloop
  endfacet
  facet normal 0.751843 -0.659342 1.54683e-17
    outer loop
      vertex -3.05025 0.0502529 4.6
      vertex -2.44653 0.73867 3.3
      vertex -2.44653 0.73867 4.6
    endloop
  endfacet
  facet normal 0.751843 -0.659342 1.54683e-17
    outer loop
      vertex -2.44653 0.73867 3.3
      vertex -3.05025 0.0502529 4.6
      vertex -3.05025 0.0502529 3.3
    endloop
  endfacet
  facet normal 0.980786 -0.195087 1.03238e-17
    outer loop
      vertex -1.23852 3.18827 4.6
      vertex -1.05989 4.08632 3.3
      vertex -1.05989 4.08632 4.6
    endloop
  endfacet
  facet normal 0.980786 -0.195087 1.03238e-17
    outer loop
      vertex -1.05989 4.08632 3.3
      vertex -1.23852 3.18827 4.6
      vertex -1.23852 3.18827 3.3
    endloop
  endfacet
  facet normal -0.0654186 0.997858 0
    outer loop
      vertex -8 12 3.3
      vertex -8.91368 11.9401 4.6
      vertex -8 12 4.6
    endloop
  endfacet
  facet normal -0.0654186 0.997858 0
    outer loop
      vertex -8.91368 11.9401 4.6
      vertex -8 12 3.3
      vertex -8.91368 11.9401 3.3
    endloop
  endfacet
  facet normal 0.195055 0.980792 -0
    outer loop
      vertex -6.18827 11.7615 3.3
      vertex -7.08632 11.9401 4.6
      vertex -6.18827 11.7615 4.6
    endloop
  endfacet
  facet normal 0.195055 0.980792 0
    outer loop
      vertex -7.08632 11.9401 4.6
      vertex -6.18827 11.7615 3.3
      vertex -7.08632 11.9401 3.3
    endloop
  endfacet
  facet normal -0.896864 -0.442305 -1.39691e-17
    outer loop
      vertex -14.0622 1.5 3.3
      vertex -14.4672 2.32122 4.6
      vertex -14.4672 2.32122 3.3
    endloop
  endfacet
  facet normal -0.896864 -0.442305 -1.39691e-17
    outer loop
      vertex -14.4672 2.32122 4.6
      vertex -14.0622 1.5 3.3
      vertex -14.0622 1.5 4.6
    endloop
  endfacet
  facet normal -0.946938 -0.321416 -1.74479e-17
    outer loop
      vertex -14.4672 2.32122 3.3
      vertex -14.7615 3.18827 4.6
      vertex -14.7615 3.18827 3.3
    endloop
  endfacet
  facet normal -0.946938 -0.321416 -1.74479e-17
    outer loop
      vertex -14.7615 3.18827 4.6
      vertex -14.4672 2.32122 3.3
      vertex -14.4672 2.32122 4.6
    endloop
  endfacet
  facet normal 0.555567 0.831472 -0
    outer loop
      vertex -3.73867 10.5535 3.3
      vertex -4.5 11.0622 4.6
      vertex -3.73867 10.5535 4.6
    endloop
  endfacet
  facet normal 0.555567 0.831472 0
    outer loop
      vertex -4.5 11.0622 4.6
      vertex -3.73867 10.5535 3.3
      vertex -4.5 11.0622 3.3
    endloop
  endfacet
  facet normal -0.896864 0.442305 -2.14729e-17
    outer loop
      vertex -14.4672 7.67878 3.3
      vertex -14.0622 8.5 4.6
      vertex -14.0622 8.5 3.3
    endloop
  endfacet
  facet normal -0.896864 0.442305 -2.14729e-17
    outer loop
      vertex -14.0622 8.5 4.6
      vertex -14.4672 7.67878 3.3
      vertex -14.4672 7.67878 4.6
    endloop
  endfacet
  facet normal 0.946931 0.321436 3.12897e-19
    outer loop
      vertex -1.23852 6.81173 4.6
      vertex -1.53284 7.67878 3.3
      vertex -1.53284 7.67878 4.6
    endloop
  endfacet
  facet normal 0.946931 0.321436 3.12897e-19
    outer loop
      vertex -1.53284 7.67878 3.3
      vertex -1.23852 6.81173 4.6
      vertex -1.23852 6.81173 3.3
    endloop
  endfacet
  facet normal -0.997858 -0.0654186 -1.73328e-18
    outer loop
      vertex -14.9401 4.08632 3.3
      vertex -15 5 4.6
      vertex -15 5 3.3
    endloop
  endfacet
  facet normal -0.997858 -0.0654186 -1.73328e-18
    outer loop
      vertex -15 5 4.6
      vertex -14.9401 4.08632 3.3
      vertex -14.9401 4.08632 4.6
    endloop
  endfacet
  facet normal -0.321409 0.94694 0
    outer loop
      vertex -9.81173 11.7615 3.3
      vertex -10.6788 11.4672 4.6
      vertex -9.81173 11.7615 4.6
    endloop
  endfacet
  facet normal -0.321409 0.94694 0
    outer loop
      vertex -10.6788 11.4672 4.6
      vertex -9.81173 11.7615 3.3
      vertex -10.6788 11.4672 3.3
    endloop
  endfacet
  facet normal -0.946938 0.321416 9.20349e-19
    outer loop
      vertex -14.7615 6.81173 3.3
      vertex -14.4672 7.67878 4.6
      vertex -14.4672 7.67878 3.3
    endloop
  endfacet
  facet normal -0.946938 0.321416 9.20349e-19
    outer loop
      vertex -14.4672 7.67878 4.6
      vertex -14.7615 6.81173 3.3
      vertex -14.7615 6.81173 4.6
    endloop
  endfacet
  facet normal -0.195055 0.980792 0
    outer loop
      vertex -8.91368 11.9401 3.3
      vertex -9.81173 11.7615 4.6
      vertex -8.91368 11.9401 4.6
    endloop
  endfacet
  facet normal -0.195055 0.980792 0
    outer loop
      vertex -9.81173 11.7615 4.6
      vertex -8.91368 11.9401 3.3
      vertex -9.81173 11.7615 3.3
    endloop
  endfacet
  facet normal -0.0654077 -0.997859 0
    outer loop
      vertex -8.91368 -1.94011 3.3
      vertex -8 -2 4.6
      vertex -8.91368 -1.94011 4.6
    endloop
  endfacet
  facet normal -0.0654077 -0.997859 -0
    outer loop
      vertex -8 -2 4.6
      vertex -8.91368 -1.94011 3.3
      vertex -8 -2 3.3
    endloop
  endfacet
  facet normal -0.7518 -0.659392 -7.89734e-18
    outer loop
      vertex -12.9497 0.0502529 3.3
      vertex -13.5535 0.73867 4.6
      vertex -13.5535 0.73867 3.3
    endloop
  endfacet
  facet normal -0.7518 -0.659392 -7.89734e-18
    outer loop
      vertex -13.5535 0.73867 4.6
      vertex -12.9497 0.0502529 3.3
      vertex -12.9497 0.0502529 4.6
    endloop
  endfacet
  facet normal -0.195087 -0.980786 0
    outer loop
      vertex -9.81173 -1.76148 3.3
      vertex -8.91368 -1.94011 4.6
      vertex -9.81173 -1.76148 4.6
    endloop
  endfacet
  facet normal -0.195087 -0.980786 -0
    outer loop
      vertex -8.91368 -1.94011 4.6
      vertex -9.81173 -1.76148 3.3
      vertex -8.91368 -1.94011 3.3
    endloop
  endfacet
  facet normal -0.555587 -0.831458 0
    outer loop
      vertex -12.2613 -0.553473 3.3
      vertex -11.5 -1.06218 4.6
      vertex -12.2613 -0.553473 4.6
    endloop
  endfacet
  facet normal -0.555587 -0.831458 -0
    outer loop
      vertex -11.5 -1.06218 4.6
      vertex -12.2613 -0.553473 3.3
      vertex -11.5 -1.06218 3.3
    endloop
  endfacet
  facet normal 0.321416 0.946938 -0
    outer loop
      vertex -5.32122 11.4672 3.3
      vertex -6.18827 11.7615 4.6
      vertex -5.32122 11.4672 4.6
    endloop
  endfacet
  facet normal 0.321416 0.946938 0
    outer loop
      vertex -6.18827 11.7615 4.6
      vertex -5.32122 11.4672 3.3
      vertex -6.18827 11.7615 3.3
    endloop
  endfacet
  facet normal -0.831472 0.555567 1.07967e-17
    outer loop
      vertex -14.0622 8.5 3.3
      vertex -13.5535 9.26133 4.6
      vertex -13.5535 9.26133 3.3
    endloop
  endfacet
  facet normal -0.831472 0.555567 1.07967e-17
    outer loop
      vertex -13.5535 9.26133 4.6
      vertex -14.0622 8.5 3.3
      vertex -14.0622 8.5 4.6
    endloop
  endfacet
  facet normal 0.0940717 0.140789 0.98556
    outer loop
      vertex -5.36856 9.55779 5.39121
      vertex -5.69229 8.99707 5.50221
      vertex -5.19031 8.66166 5.50221
    endloop
  endfacet
  facet normal 0.166073 0.033033 0.98556
    outer loop
      vertex -2.91645 6.36213 5.39121
      vertex -3.54185 6.19456 5.50221
      vertex -2.78215 5.68694 5.39121
    endloop
  endfacet
  facet normal -0.0702036 0.20686 0.975849
    outer loop
      vertex -9.5064 10.622 5.26668
      vertex -10.014 9.86227 5.39121
      vertex -9.36213 10.0835 5.39121
    endloop
  endfacet
  facet normal -0.318527 -0.212811 0.923716
    outer loop
      vertex -13.437 1.86095 5.13075
      vertex -13.7405 1.68575 4.98573
      vertex -12.9808 1.17813 5.13075
    endloop
  endfacet
  facet normal 0.48409 0.23873 0.841822
    outer loop
      vertex -1.65711 7.62731 4.83411
      vertex -2.25954 8.31425 4.98573
      vertex -1.87605 7.53662 4.98573
    endloop
  endfacet
  facet normal 0.511101 -0.173492 0.841829
    outer loop
      vertex -1.59735 3.28442 4.98573
      vertex -1.87605 2.46338 4.98573
      vertex -1.36844 3.22308 4.83411
    endloop
  endfacet
  facet normal 0.79206 0.0519161 0.608232
    outer loop
      vertex -1.07475 5.91173 4.67848
      vertex -1.1345 5 4.83411
      vertex -1.01499 5 4.67848
    endloop
  endfacet
  facet normal 0.166073 -0.033033 0.98556
    outer loop
      vertex -2.78215 4.31306 5.39121
      vertex -3.54185 3.80544 5.50221
      vertex -2.91645 3.63787 5.39121
    endloop
  endfacet
  facet normal 0.0968132 -0.0192554 0.995116
    outer loop
      vertex -4.93047 4.59589 5.67625
      vertex -5.00947 4.19869 5.67625
      vertex -4.14428 4.49238 5.59776
    endloop
  endfacet
  facet normal -0.0458801 -0.00300634 0.998942
    outer loop
      vertex -9.36563 5 5.77694
      vertex -10.2308 4.70631 5.73632
      vertex -9.35395 4.82175 5.77694
    endloop
  endfacet
  facet normal 0.0968136 -0.0192568 0.995116
    outer loop
      vertex -4.14428 4.49238 5.59776
      vertex -5.00947 4.19869 5.67625
      vertex -4.24352 3.99345 5.59776
    endloop
  endfacet
  facet normal 0.0556374 -0.279706 0.958472
    outer loop
      vertex -6.4936 -0.621965 5.26668
      vertex -7.2403 -0.770494 5.26668
      vertex -7.18054 -1.2244 5.13075
    endloop
  endfacet
  facet normal -0.375751 0.0747623 0.9237
    outer loop
      vertex -14.4026 6.71558 4.98573
      vertex -14.5718 5.86519 4.98573
      vertex -14.2244 5.81946 5.13075
    endloop
  endfacet
  facet normal 0.659962 0.440973 0.608271
    outer loop
      vertex -1.9508 8.49251 4.67848
      vertex -2.55324 9.17945 4.83411
      vertex -2.05431 8.43275 4.83411
    endloop
  endfacet
  facet normal 0.659969 -0.440983 0.608256
    outer loop
      vertex -1.9508 1.50749 4.67848
      vertex -2.55324 0.820551 4.83411
      vertex -2.45842 0.747794 4.67848
    endloop
  endfacet
  facet normal 0.448784 0.299868 0.841827
    outer loop
      vertex -2.55324 9.17945 4.83411
      vertex -2.74125 9.03518 4.98573
      vertex -2.25954 8.31425 4.98573
    endloop
  endfacet
  facet normal 0.166073 0.0330334 0.98556
    outer loop
      vertex -2.78215 5.68694 5.39121
      vertex -3.54185 6.19456 5.50221
      vertex -3.42407 5.60243 5.50221
    endloop
  endfacet
  facet normal -0.523341 0.596731 0.608298
    outer loop
      vertex -12.2522 10.5416 4.67848
      vertex -12.8546 9.85464 4.83411
      vertex -12.1794 10.4468 4.83411
    endloop
  endfacet
  facet normal 0.0345682 0.0303138 0.998942
    outer loop
      vertex -6.2149 6.36976 5.73632
      vertex -7.03435 5.96565 5.77694
      vertex -6.91657 5.83134 5.77694
    endloop
  endfacet
  facet normal -0.218027 0.0142825 0.975838
    outer loop
      vertex -13.2179 5.68694 5.39121
      vertex -13.7705 5.7597 5.26668
      vertex -13.2629 5 5.39121
    endloop
  endfacet
  facet normal -0.0221781 -0.00441447 0.999744
    outer loop
      vertex -8.45391 4.94024 5.79743
      vertex -9.3191 4.64655 5.77694
      vertex -8.44222 4.88151 5.79743
    endloop
  endfacet
  facet normal -0.3628 -0.123167 0.923692
    outer loop
      vertex -14.0642 3.37511 5.13075
      vertex -14.1239 2.46338 4.98573
      vertex -13.8002 2.59747 5.13075
    endloop
  endfacet
  facet normal 0.117208 -0.0578011 0.991424
    outer loop
      vertex -4.40704 3.51175 5.59776
      vertex -4.63204 3.0555 5.59776
      vertex -4.00293 2.69229 5.50221
    endloop
  endfacet
  facet normal -0.0940718 -0.140795 0.985559
    outer loop
      vertex -10.3077 1.00293 5.50221
      vertex -10.8097 1.33834 5.50221
      vertex -10.6314 0.442214 5.39121
    endloop
  endfacet
  facet normal -0.105298 -0.529369 0.841832
    outer loop
      vertex -8.86519 -1.5718 4.98573
      vertex -9.77692 -1.63156 4.83411
      vertex -8.89613 -1.80676 4.83411
    endloop
  endfacet
  facet normal 0.15844 -0.237125 0.958472
    outer loop
      vertex -4.45683 0.382456 5.26668
      vertex -5.08986 -0.0405159 5.26668
      vertex -4.86095 -0.437001 5.13075
    endloop
  endfacet
  facet normal -0.65999 -0.440966 0.608245
    outer loop
      vertex -13.9457 1.56725 4.83411
      vertex -14.0492 1.50749 4.67848
      vertex -13.4468 0.820551 4.83411
    endloop
  endfacet
  facet normal -0.792087 0.0518658 0.608201
    outer loop
      vertex -14.9253 5.91173 4.67848
      vertex -14.985 5 4.67848
      vertex -14.8655 5 4.83411
    endloop
  endfacet
  facet normal -0.0885233 0.0436553 0.995117
    outer loop
      vertex -11.368 6.9445 5.59776
      vertex -11.593 6.48825 5.59776
      vertex -10.6812 6.54801 5.67625
    endloop
  endfacet
  facet normal 0.0590193 -0.0394362 0.997478
    outer loop
      vertex -6.05138 3.87496 5.73632
      vertex -6.2149 3.63024 5.73632
      vertex -5.31877 3.45199 5.67625
    endloop
  endfacet
  facet normal 0.321444 0.946929 -0
    outer loop
      vertex -5.32695 11.4533 4.6
      vertex -6.19215 11.747 4.67848
      vertex -5.32695 11.4533 4.67848
    endloop
  endfacet
  facet normal 0.321444 0.946929 0
    outer loop
      vertex -6.19215 11.747 4.67848
      vertex -5.32695 11.4533 4.6
      vertex -6.19215 11.747 4.6
    endloop
  endfacet
  facet normal -0.00300711 -0.0458783 0.998943
    outer loop
      vertex -8 3.63437 5.77694
      vertex -8.29369 2.76917 5.73632
      vertex -8 2.74992 5.73632
    endloop
  endfacet
  facet normal 0.105286 0.529307 0.841872
    outer loop
      vertex -7.10387 11.8068 4.83411
      vertex -7.13481 11.5718 4.98573
      vertex -6.22308 11.6316 4.83411
    endloop
  endfacet
  facet normal 0.270053 -0.0916732 0.958471
    outer loop
      vertex -2.37803 3.4936 5.26668
      vertex -2.62276 2.77267 5.26668
      vertex -1.93581 3.37511 5.13075
    endloop
  endfacet
  facet normal 0.318547 0.212846 0.923701
    outer loop
      vertex -2.74125 9.03518 4.98573
      vertex -3.01924 8.82187 5.13075
      vertex -2.25954 8.31425 4.98573
    endloop
  endfacet
  facet normal 0.144055 -0.164264 0.975841
    outer loop
      vertex -4.27858 1.27858 5.39121
      vertex -4.79616 0.824678 5.39121
      vertex -3.88444 0.884436 5.26668
    endloop
  endfacet
  facet normal -0.351064 -0.711928 0.608204
    outer loop
      vertex -10.6273 -1.34289 4.83411
      vertex -11.4925 -1.0492 4.67848
      vertex -10.673 -1.45331 4.67848
    endloop
  endfacet
  facet normal -0.181659 -0.121392 0.97584
    outer loop
      vertex -12.5578 2.36856 5.39121
      vertex -12.6175 1.45683 5.26668
      vertex -12.1753 1.79616 5.39121
    endloop
  endfacet
  facet normal 0.0966388 0.195963 0.975838
    outer loop
      vertex -5.77267 10.3772 5.26668
      vertex -5.98598 9.86227 5.39121
      vertex -5.36856 9.55779 5.39121
    endloop
  endfacet
  facet normal 0.108661 -0.072605 0.991424
    outer loop
      vertex -4.63204 3.0555 5.59776
      vertex -4.91466 2.63253 5.59776
      vertex -4.00293 2.69229 5.50221
    endloop
  endfacet
  facet normal -0.0650873 -0.0742134 0.995116
    outer loop
      vertex -10.1892 2.81078 5.67625
      vertex -10.7499 2.25007 5.59776
      vertex -9.88474 2.54376 5.67625
    endloop
  endfacet
  facet normal -0.126125 -0.255781 0.958472
    outer loop
      vertex -10.2273 -0.377244 5.26668
      vertex -11.1391 -0.437001 5.13075
      vertex -10.4025 -0.800216 5.13075
    endloop
  endfacet
  facet normal 0.0940725 -0.14079 0.98556
    outer loop
      vertex -5.19031 1.33834 5.50221
      vertex -5.36856 0.442214 5.39121
      vertex -4.79616 0.824678 5.39121
    endloop
  endfacet
  facet normal 0.375755 0.0747409 0.9237
    outer loop
      vertex -1.59735 6.71558 4.98573
      vertex -1.7756 5.81946 5.13075
      vertex -1.4282 5.86519 4.98573
    endloop
  endfacet
  facet normal 0.0544287 -0.160339 0.98556
    outer loop
      vertex -6.23376 0.735908 5.50221
      vertex -6.80544 0.541846 5.50221
      vertex -5.98598 0.137734 5.39121
    endloop
  endfacet
  facet normal 0.284573 -0.0186518 0.958473
    outer loop
      vertex -1.72189 5 5.13075
      vertex -2.22951 4.2403 5.26668
      vertex -1.7756 4.18054 5.13075
    endloop
  endfacet
  facet normal 0.0436595 -0.0885303 0.995116
    outer loop
      vertex -6.45199 2.31877 5.67625
      vertex -6.8152 2.13965 5.67625
      vertex -6.51175 1.40704 5.59776
    endloop
  endfacet
  facet normal 0.0984983 0.0064567 0.995116
    outer loop
      vertex -4.14428 5.50762 5.59776
      vertex -4.93047 5.40411 5.67625
      vertex -4.90398 5 5.67625
    endloop
  endfacet
  facet normal 0.0934713 -0.0317302 0.995116
    outer loop
      vertex -4.24352 3.99345 5.59776
      vertex -5.00947 4.19869 5.67625
      vertex -4.40704 3.51175 5.59776
    endloop
  endfacet
  facet normal 0.0982541 0.0861669 0.991424
    outer loop
      vertex -4.33834 7.80969 5.50221
      vertex -5.25007 7.74993 5.59776
      vertex -4.91466 7.36747 5.59776
    endloop
  endfacet
  facet normal 0.0202823 0.00999952 0.999744
    outer loop
      vertex -6.73832 5.5226 5.77694
      vertex -7.60351 5.22891 5.79743
      vertex -7.57703 5.1752 5.79743
    endloop
  endfacet
  facet normal 0.0548398 0.0820757 0.995116
    outer loop
      vertex -5.63253 8.08534 5.59776
      vertex -6.45199 7.68123 5.67625
      vertex -6.11526 7.45624 5.67625
    endloop
  endfacet
  facet normal 0.07489 0.151864 0.98556
    outer loop
      vertex -5.36856 9.55779 5.39121
      vertex -6.23376 9.26409 5.50221
      vertex -5.69229 8.99707 5.50221
    endloop
  endfacet
  facet normal 0.168964 0.0110758 0.98556
    outer loop
      vertex -2.78215 5.68694 5.39121
      vertex -3.38458 5 5.50221
      vertex -2.73712 5 5.39121
    endloop
  endfacet
  facet normal 0.121381 0.181667 0.97584
    outer loop
      vertex -5.08986 10.0405 5.26668
      vertex -5.36856 9.55779 5.39121
      vertex -4.45683 9.61754 5.26668
    endloop
  endfacet
  facet normal 0.440966 0.65999 0.608245
    outer loop
      vertex -4.50749 11.0492 4.67848
      vertex -4.56725 10.9457 4.83411
      vertex -3.82055 10.4468 4.83411
    endloop
  endfacet
  facet normal 0.3559 0.405803 0.841819
    outer loop
      vertex -3.82055 10.4468 4.83411
      vertex -3.96482 10.2588 4.98573
      vertex -3.14536 9.85464 4.83411
    endloop
  endfacet
  facet normal 0.255178 0.751718 0.608115
    outer loop
      vertex -6.19215 11.747 4.67848
      vertex -6.22308 11.6316 4.83411
      vertex -5.32695 11.4533 4.67848
    endloop
  endfacet
  facet normal 0.0303138 0.0345682 0.998942
    outer loop
      vertex -6.63024 6.7851 5.73632
      vertex -7.16866 6.08343 5.77694
      vertex -7.03435 5.96565 5.77694
    endloop
  endfacet
  facet normal -0.0672172 0.0228149 0.997477
    outer loop
      vertex -10.0788 5.86107 5.73632
      vertex -10.9905 5.80131 5.67625
      vertex -10.1734 5.58236 5.73632
    endloop
  endfacet
  facet normal -0.0382284 -0.0255439 0.998942
    outer loop
      vertex -9.18267 4.31718 5.77694
      vertex -9.7851 3.63024 5.73632
      vertex -9.08343 4.16866 5.77694
    endloop
  endfacet
  facet normal -0.778478 -0.154849 0.608271
    outer loop
      vertex -14.8068 4.10387 4.83411
      vertex -14.9253 4.08827 4.67848
      vertex -14.6316 3.22308 4.83411
    endloop
  endfacet
  facet normal -0.778478 0.154849 0.608271
    outer loop
      vertex -14.6316 6.77692 4.83411
      vertex -14.9253 5.91173 4.67848
      vertex -14.8068 5.89613 4.83411
    endloop
  endfacet
  facet normal -0.130408 -0.00855056 0.991424
    outer loop
      vertex -11.8557 4.49238 5.59776
      vertex -12.6154 5 5.50221
      vertex -12.5759 4.39757 5.50221
    endloop
  endfacet
  facet normal -0.529227 0.105299 0.841921
    outer loop
      vertex -14.4026 6.71558 4.98573
      vertex -14.6316 6.77692 4.83411
      vertex -14.5718 5.86519 4.98573
    endloop
  endfacet
  facet normal -0.792032 0.0518812 0.608271
    outer loop
      vertex -14.8068 5.89613 4.83411
      vertex -14.9253 5.91173 4.67848
      vertex -14.8655 5 4.83411
    endloop
  endfacet
  facet normal -0.792087 -0.0518658 0.608201
    outer loop
      vertex -14.8655 5 4.83411
      vertex -14.985 5 4.67848
      vertex -14.9253 4.08827 4.67848
    endloop
  endfacet
  facet normal -0.255153 -0.751643 0.608218
    outer loop
      vertex -10.6273 -1.34289 4.83411
      vertex -10.673 -1.45331 4.67848
      vertex -9.77692 -1.63156 4.83411
    endloop
  endfacet
  facet normal -0.128173 -0.0254842 0.991424
    outer loop
      vertex -11.8557 4.49238 5.59776
      vertex -12.4582 3.80544 5.50221
      vertex -11.7565 3.99345 5.59776
    endloop
  endfacet
  facet normal -0.212853 -0.318546 0.9237
    outer loop
      vertex -11.8219 0.0192413 5.13075
      vertex -12.0352 -0.258751 4.98573
      vertex -11.3143 -0.740458 4.98573
    endloop
  endfacet
  facet normal 0.0916706 -0.270052 0.958472
    outer loop
      vertex -5.77267 -0.377244 5.26668
      vertex -6.37511 -1.06419 5.13075
      vertex -5.59747 -0.800216 5.13075
    endloop
  endfacet
  facet normal 0.523351 -0.596767 0.608254
    outer loop
      vertex -3.14536 0.145361 4.83411
      vertex -3.82055 -0.446765 4.83411
      vertex -3.74779 -0.541582 4.67848
    endloop
  endfacet
  facet normal 0.237126 0.158444 0.958471
    outer loop
      vertex -2.563 8.13905 5.13075
      vertex -3.38246 8.54317 5.26668
      vertex -2.95948 7.91014 5.26668
    endloop
  endfacet
  facet normal 0.375752 -0.0747416 0.923701
    outer loop
      vertex -1.7756 4.18054 5.13075
      vertex -1.93581 3.37511 5.13075
      vertex -1.59735 3.28442 4.98573
    endloop
  endfacet
  facet normal 0.218011 -0.0142911 0.975842
    outer loop
      vertex -2.17971 5 5.26668
      vertex -2.73712 5 5.39121
      vertex -2.22951 4.2403 5.26668
    endloop
  endfacet
  facet normal 0.511101 0.173492 0.841829
    outer loop
      vertex -1.36844 6.77692 4.83411
      vertex -1.87605 7.53662 4.98573
      vertex -1.59735 6.71558 4.98573
    endloop
  endfacet
  facet normal 0.711883 -0.351059 0.60826
    outer loop
      vertex -1.65711 2.37269 4.83411
      vertex -1.9508 1.50749 4.67848
      vertex -1.54669 2.32695 4.67848
    endloop
  endfacet
  facet normal 0.181659 -0.121382 0.975841
    outer loop
      vertex -2.95948 2.08986 5.26668
      vertex -3.44221 2.36856 5.39121
      vertex -3.38246 1.45683 5.26668
    endloop
  endfacet
  facet normal 0.751614 -0.25514 0.608259
    outer loop
      vertex -1.36844 3.22308 4.83411
      vertex -1.65711 2.37269 4.83411
      vertex -1.54669 2.32695 4.67848
    endloop
  endfacet
  facet normal 0.0747416 -0.375752 0.923701
    outer loop
      vertex -6.37511 -1.06419 5.13075
      vertex -7.18054 -1.2244 5.13075
      vertex -6.28442 -1.40265 4.98573
    endloop
  endfacet
  facet normal 0.0702268 -0.206885 0.975842
    outer loop
      vertex -5.98598 0.137734 5.39121
      vertex -6.63787 -0.0835495 5.39121
      vertex -6.4936 -0.621965 5.26668
    endloop
  endfacet
  facet normal 0.0435368 -0.0147791 0.998943
    outer loop
      vertex -6.6809 4.64655 5.77694
      vertex -6.73832 4.4774 5.77694
      vertex -5.9212 4.13893 5.73632
    endloop
  endfacet
  facet normal 0.0203356 0.0412351 0.998943
    outer loop
      vertex -7.13893 7.0788 5.73632
      vertex -7.4774 6.26168 5.77694
      vertex -6.87496 6.94862 5.73632
    endloop
  endfacet
  facet normal 0.0984989 0.00645573 0.995116
    outer loop
      vertex -4.14428 5.50762 5.59776
      vertex -4.90398 5 5.67625
      vertex -4.11101 5 5.59776
    endloop
  endfacet
  facet normal 0.0636616 -0.0313955 0.997478
    outer loop
      vertex -5.9212 4.13893 5.73632
      vertex -6.05138 3.87496 5.73632
      vertex -5.31877 3.45199 5.67625
    endloop
  endfacet
  facet normal 0.160338 -0.0544277 0.98556
    outer loop
      vertex -3.54185 3.80544 5.50221
      vertex -3.73591 3.23376 5.50221
      vertex -3.13773 2.98598 5.39121
    endloop
  endfacet
  facet normal 0.0228166 0.0672151 0.997478
    outer loop
      vertex -7.19869 7.99053 5.67625
      vertex -7.41764 7.17341 5.73632
      vertex -7.13893 7.0788 5.73632
    endloop
  endfacet
  facet normal -0.0202823 -0.00999952 0.999744
    outer loop
      vertex -8.42297 4.8248 5.79743
      vertex -9.26168 4.4774 5.77694
      vertex -8.39649 4.77109 5.79743
    endloop
  endfacet
  facet normal -0.169435 0.343629 0.923694
    outer loop
      vertex -10.5366 11.1239 4.98573
      vertex -11.1391 10.437 5.13075
      vertex -10.4025 10.8002 5.13075
    endloop
  endfacet
  facet normal -0.711893 0.351068 0.608243
    outer loop
      vertex -14.0492 8.49251 4.67848
      vertex -14.3429 7.62731 4.83411
      vertex -13.9457 8.43275 4.83411
    endloop
  endfacet
  facet normal 0.523389 0.596776 0.608213
    outer loop
      vertex -3.74779 10.5416 4.67848
      vertex -3.82055 10.4468 4.83411
      vertex -3.14536 9.85464 4.83411
    endloop
  endfacet
  facet normal -0.206903 0.0702563 0.975836
    outer loop
      vertex -13.3772 7.22733 5.26668
      vertex -13.622 6.5064 5.26668
      vertex -12.8623 7.01402 5.39121
    endloop
  endfacet
  facet normal 0.111644 0.127303 0.985561
    outer loop
      vertex -4.27858 8.72142 5.39121
      vertex -5.19031 8.66166 5.50221
      vertex -4.73641 8.26359 5.50221
    endloop
  endfacet
  facet normal 0.279708 0.0556374 0.958472
    outer loop
      vertex -1.93581 6.62489 5.13075
      vertex -2.37803 6.5064 5.26668
      vertex -1.7756 5.81946 5.13075
    endloop
  endfacet
  facet normal 0.523363 0.596762 0.608249
    outer loop
      vertex -3.06085 9.93915 4.67848
      vertex -3.74779 10.5416 4.67848
      vertex -3.14536 9.85464 4.83411
    endloop
  endfacet
  facet normal 0.117209 0.0578004 0.991424
    outer loop
      vertex -4.00293 7.30771 5.50221
      vertex -4.40704 6.48825 5.59776
      vertex -3.73591 6.76624 5.50221
    endloop
  endfacet
  facet normal 0.121382 0.181659 0.975841
    outer loop
      vertex -4.45683 9.61754 5.26668
      vertex -5.36856 9.55779 5.39121
      vertex -4.79616 9.17532 5.39121
    endloop
  endfacet
  facet normal 0.127307 0.111644 0.98556
    outer loop
      vertex -4.27858 8.72142 5.39121
      vertex -4.33834 7.80969 5.50221
      vertex -3.82468 8.20384 5.39121
    endloop
  endfacet
  facet normal 0.299877 0.448824 0.841802
    outer loop
      vertex -4.56725 10.9457 4.83411
      vertex -4.68575 10.7405 4.98573
      vertex -3.82055 10.4468 4.83411
    endloop
  endfacet
  facet normal 0.252617 0.288026 0.923702
    outer loop
      vertex -3.31294 9.68706 4.98573
      vertex -3.96482 10.2588 4.98573
      vertex -3.56071 9.43929 5.13075
    endloop
  endfacet
  facet normal 0.596765 0.523344 0.608262
    outer loop
      vertex -2.45842 9.25221 4.67848
      vertex -3.14536 9.85464 4.83411
      vertex -2.55324 9.17945 4.83411
    endloop
  endfacet
  facet normal 0.0518812 0.792032 0.608271
    outer loop
      vertex -7.08827 11.9253 4.67848
      vertex -8 11.8655 4.83411
      vertex -7.10387 11.8068 4.83411
    endloop
  endfacet
  facet normal -0.0214134 0.00726869 0.999744
    outer loop
      vertex -8.42297 5.1752 5.79743
      vertex -9.26168 5.5226 5.77694
      vertex -8.44222 5.11849 5.79743
    endloop
  endfacet
  facet normal 0.0468017 0.0533663 0.997478
    outer loop
      vertex -5.81078 7.18922 5.67625
      vertex -6.63024 6.7851 5.73632
      vertex -6.40896 6.59104 5.73632
    endloop
  endfacet
  facet normal -0.711893 -0.351068 0.608243
    outer loop
      vertex -13.9457 1.56725 4.83411
      vertex -14.3429 2.37269 4.83411
      vertex -14.0492 1.50749 4.67848
    endloop
  endfacet
  facet normal -0.511017 -0.173486 0.841882
    outer loop
      vertex -14.1239 2.46338 4.98573
      vertex -14.6316 3.22308 4.83411
      vertex -14.3429 2.37269 4.83411
    endloop
  endfacet
  facet normal -0.538567 0.0352948 0.841843
    outer loop
      vertex -14.5718 5.86519 4.98573
      vertex -14.8655 5 4.83411
      vertex -14.6285 5 4.98573
    endloop
  endfacet
  facet normal -0.0861656 -0.0982505 0.991424
    outer loop
      vertex -10.7499 2.25007 5.59776
      vertex -11.2636 1.73641 5.50221
      vertex -10.8097 1.33834 5.50221
    endloop
  endfacet
  facet normal -0.75165 0.255179 0.608199
    outer loop
      vertex -14.4533 7.67305 4.67848
      vertex -14.6316 6.77692 4.83411
      vertex -14.3429 7.62731 4.83411
    endloop
  endfacet
  facet normal -0.284588 0.0186554 0.958468
    outer loop
      vertex -13.7705 5.7597 5.26668
      vertex -14.2781 5 5.13075
      vertex -13.8203 5 5.26668
    endloop
  endfacet
  facet normal -0.181659 0.121392 0.97584
    outer loop
      vertex -12.1753 8.20384 5.39121
      vertex -12.6175 8.54317 5.26668
      vertex -12.5578 7.63144 5.39121
    endloop
  endfacet
  facet normal -0.27972 0.0556363 0.958468
    outer loop
      vertex -14.0642 6.62489 5.13075
      vertex -14.2244 5.81946 5.13075
      vertex -13.622 6.5064 5.26668
    endloop
  endfacet
  facet normal -0.946929 0.321444 1.17103e-16
    outer loop
      vertex -14.747 6.80785 4.6
      vertex -14.4533 7.67305 4.67848
      vertex -14.4533 7.67305 4.6
    endloop
  endfacet
  facet normal -0.946929 0.321444 1.17103e-16
    outer loop
      vertex -14.4533 7.67305 4.67848
      vertex -14.747 6.80785 4.6
      vertex -14.747 6.80785 4.67848
    endloop
  endfacet
  facet normal -0.997863 0.06534 4.44073e-17
    outer loop
      vertex -14.985 5 4.6
      vertex -14.9253 5.91173 4.67848
      vertex -14.9253 5.91173 4.6
    endloop
  endfacet
  facet normal -0.997863 0.06534 4.44073e-17
    outer loop
      vertex -14.9253 5.91173 4.67848
      vertex -14.985 5 4.6
      vertex -14.985 5 4.67848
    endloop
  endfacet
  facet normal -0.355926 -0.405865 0.841778
    outer loop
      vertex -12.6871 0.312936 4.98573
      vertex -12.8546 0.145361 4.83411
      vertex -12.0352 -0.258751 4.98573
    endloop
  endfacet
  facet normal 0.0654054 -0.997859 0
    outer loop
      vertex -8 -1.98501 4.6
      vertex -7.08827 -1.92525 4.67848
      vertex -8 -1.98501 4.67848
    endloop
  endfacet
  facet normal 0.0654054 -0.997859 0
    outer loop
      vertex -7.08827 -1.92525 4.67848
      vertex -8 -1.98501 4.6
      vertex -7.08827 -1.92525 4.6
    endloop
  endfacet
  facet normal -0.16033 -0.054436 0.985561
    outer loop
      vertex -12.4582 3.80544 5.50221
      vertex -12.8623 2.98598 5.39121
      vertex -12.2641 3.23376 5.50221
    endloop
  endfacet
  facet normal -0.0982473 -0.0861584 0.991425
    outer loop
      vertex -11.0853 2.63253 5.59776
      vertex -11.6617 2.19031 5.50221
      vertex -10.7499 2.25007 5.59776
    endloop
  endfacet
  facet normal -0.0186519 -0.284575 0.958472
    outer loop
      vertex -8 -0.820287 5.26668
      vertex -8.7597 -0.770494 5.26668
      vertex -8 -1.27811 5.13075
    endloop
  endfacet
  facet normal 0.0672151 -0.0228166 0.997478
    outer loop
      vertex -5.82659 4.41764 5.73632
      vertex -5.9212 4.13893 5.73632
      vertex -5.00947 4.19869 5.67625
    endloop
  endfacet
  facet normal -0.0353021 -0.538583 0.841833
    outer loop
      vertex -8 -1.62851 4.98573
      vertex -8.86519 -1.5718 4.98573
      vertex -8 -1.8655 4.83411
    endloop
  endfacet
  facet normal 0.0420083 -0.123751 0.991424
    outer loop
      vertex -6.23376 0.735908 5.50221
      vertex -6.99345 1.24352 5.59776
      vertex -6.80544 0.541846 5.50221
    endloop
  endfacet
  facet normal -0.0747416 -0.375752 0.923701
    outer loop
      vertex -9.62489 -1.06419 5.13075
      vertex -9.71558 -1.40265 4.98573
      vertex -8.81946 -1.2244 5.13075
    endloop
  endfacet
  facet normal 0.168964 -0.0110758 0.98556
    outer loop
      vertex -3.38458 5 5.50221
      vertex -3.42407 4.39757 5.50221
      vertex -2.78215 4.31306 5.39121
    endloop
  endfacet
  facet normal 0.284577 0.0186546 0.958472
    outer loop
      vertex -1.72189 5 5.13075
      vertex -2.22951 5.7597 5.26668
      vertex -2.17971 5 5.26668
    endloop
  endfacet
  facet normal 0.382295 0.025058 0.923701
    outer loop
      vertex -1.4282 5.86519 4.98573
      vertex -1.7756 5.81946 5.13075
      vertex -1.37149 5 4.98573
    endloop
  endfacet
  facet normal 0.195949 0.0966302 0.975841
    outer loop
      vertex -2.95948 7.91014 5.26668
      vertex -3.44221 7.63144 5.39121
      vertex -2.62276 7.22733 5.26668
    endloop
  endfacet
  facet normal 0.792054 -0.0519179 0.60824
    outer loop
      vertex -1.1345 5 4.83411
      vertex -1.19324 4.10387 4.83411
      vertex -1.07475 4.08827 4.67848
    endloop
  endfacet
  facet normal 0.751632 -0.25514 0.608237
    outer loop
      vertex -1.36844 3.22308 4.83411
      vertex -1.54669 2.32695 4.67848
      vertex -1.253 3.19215 4.67848
    endloop
  endfacet
  facet normal 0.284577 -0.0186546 0.958472
    outer loop
      vertex -2.17971 5 5.26668
      vertex -2.22951 4.2403 5.26668
      vertex -1.72189 5 5.13075
    endloop
  endfacet
  facet normal 0.12375 -0.0420088 0.991424
    outer loop
      vertex -4.24352 3.99345 5.59776
      vertex -4.40704 3.51175 5.59776
      vertex -3.73591 3.23376 5.50221
    endloop
  endfacet
  facet normal 0.362782 -0.123145 0.923702
    outer loop
      vertex -1.59735 3.28442 4.98573
      vertex -1.93581 3.37511 5.13075
      vertex -1.87605 2.46338 4.98573
    endloop
  endfacet
  facet normal 0.351059 -0.711883 0.60826
    outer loop
      vertex -4.56725 -0.945694 4.83411
      vertex -5.37269 -1.34289 4.83411
      vertex -4.50749 -1.0492 4.67848
    endloop
  endfacet
  facet normal 0.0861687 -0.098254 0.991424
    outer loop
      vertex -4.73641 1.73641 5.50221
      vertex -5.25007 2.25007 5.59776
      vertex -5.19031 1.33834 5.50221
    endloop
  endfacet
  facet normal 0.896874 -0.442286 2.07118e-16
    outer loop
      vertex -1.9508 1.50749 4.67848
      vertex -1.54669 2.32695 4.6
      vertex -1.54669 2.32695 4.67848
    endloop
  endfacet
  facet normal 0.896874 -0.442286 2.07118e-16
    outer loop
      vertex -1.54669 2.32695 4.6
      vertex -1.9508 1.50749 4.67848
      vertex -1.9508 1.50749 4.6
    endloop
  endfacet
  facet normal 0.659348 -0.751838 0
    outer loop
      vertex -3.74779 -0.541582 4.6
      vertex -3.06085 0.0608511 4.67848
      vertex -3.74779 -0.541582 4.67848
    endloop
  endfacet
  facet normal 0.659348 -0.751838 0
    outer loop
      vertex -3.06085 0.0608511 4.67848
      vertex -3.74779 -0.541582 4.6
      vertex -3.06085 0.0608511 4.6
    endloop
  endfacet
  facet normal 0.523355 -0.596769 0.608248
    outer loop
      vertex -3.14536 0.145361 4.83411
      vertex -3.74779 -0.541582 4.67848
      vertex -3.06085 0.0608511 4.67848
    endloop
  endfacet
  facet normal -0.440951 -0.659927 0.608324
    outer loop
      vertex -12.1794 -0.446765 4.83411
      vertex -12.2522 -0.541582 4.67848
      vertex -11.4925 -1.0492 4.67848
    endloop
  endfacet
  facet normal -0.484032 -0.238645 0.84188
    outer loop
      vertex -14.1239 2.46338 4.98573
      vertex -14.3429 2.37269 4.83411
      vertex -13.7405 1.68575 4.98573
    endloop
  endfacet
  facet normal -0.127303 0.111653 0.98556
    outer loop
      vertex -11.2636 8.26359 5.50221
      vertex -11.7214 8.72142 5.39121
      vertex -11.6617 7.80969 5.50221
    endloop
  endfacet
  facet normal -0.44226 0.896887 0
    outer loop
      vertex -10.673 11.4533 4.6
      vertex -11.4925 11.0492 4.67848
      vertex -10.673 11.4533 4.67848
    endloop
  endfacet
  facet normal -0.44226 0.896887 0
    outer loop
      vertex -11.4925 11.0492 4.67848
      vertex -10.673 11.4533 4.6
      vertex -11.4925 11.0492 4.6
    endloop
  endfacet
  facet normal 0.25514 -0.751632 0.608237
    outer loop
      vertex -5.32695 -1.45331 4.67848
      vertex -6.22308 -1.63156 4.83411
      vertex -6.19215 -1.747 4.67848
    endloop
  endfacet
  facet normal 0.158441 -0.237126 0.958472
    outer loop
      vertex -4.45683 0.382456 5.26668
      vertex -4.86095 -0.437001 5.13075
      vertex -4.17813 0.0192413 5.13075
    endloop
  endfacet
  facet normal 0.0984989 -0.00645573 0.995116
    outer loop
      vertex -4.11101 5 5.59776
      vertex -4.90398 5 5.67625
      vertex -4.14428 4.49238 5.59776
    endloop
  endfacet
  facet normal 0.0934713 0.0317302 0.995116
    outer loop
      vertex -4.40704 6.48825 5.59776
      vertex -5.00947 5.80131 5.67625
      vertex -4.24352 6.00655 5.59776
    endloop
  endfacet
  facet normal 0.0435368 0.0147791 0.998943
    outer loop
      vertex -5.9212 5.86107 5.73632
      vertex -6.73832 5.5226 5.77694
      vertex -6.6809 5.35345 5.77694
    endloop
  endfacet
  facet normal 0.0590193 0.0394362 0.997478
    outer loop
      vertex -5.31877 6.54801 5.67625
      vertex -6.2149 6.36976 5.73632
      vertex -6.05138 6.12504 5.73632
    endloop
  endfacet
  facet normal 0.123751 -0.0420081 0.991424
    outer loop
      vertex -3.54185 3.80544 5.50221
      vertex -4.24352 3.99345 5.59776
      vertex -3.73591 3.23376 5.50221
    endloop
  endfacet
  facet normal 0.130406 -0.00854693 0.991424
    outer loop
      vertex -4.11101 5 5.59776
      vertex -4.14428 4.49238 5.59776
      vertex -3.38458 5 5.50221
    endloop
  endfacet
  facet normal 0.0885303 -0.0436595 0.995116
    outer loop
      vertex -5.13965 3.8152 5.67625
      vertex -5.31877 3.45199 5.67625
      vertex -4.40704 3.51175 5.59776
    endloop
  endfacet
  facet normal 0.0934716 -0.03173 0.995116
    outer loop
      vertex -5.00947 4.19869 5.67625
      vertex -5.13965 3.8152 5.67625
      vertex -4.40704 3.51175 5.59776
    endloop
  endfacet
  facet normal 0.0885303 -0.0436588 0.995116
    outer loop
      vertex -4.40704 3.51175 5.59776
      vertex -5.31877 3.45199 5.67625
      vertex -4.63204 3.0555 5.59776
    endloop
  endfacet
  facet normal 0.0450935 -0.00896964 0.998943
    outer loop
      vertex -5.76917 4.70631 5.73632
      vertex -6.6809 4.64655 5.77694
      vertex -5.82659 4.41764 5.73632
    endloop
  endfacet
  facet normal -0.00441447 0.0221781 0.999744
    outer loop
      vertex -8.05976 5.45391 5.79743
      vertex -8.35345 6.3191 5.77694
      vertex -8.11849 5.44222 5.79743
    endloop
  endfacet
  facet normal 0.0064567 0.0984983 0.995116
    outer loop
      vertex -7.49238 8.85572 5.59776
      vertex -8 8.09602 5.67625
      vertex -7.59589 8.06953 5.67625
    endloop
  endfacet
  facet normal 0.0352948 0.538567 0.841843
    outer loop
      vertex -8 11.8655 4.83411
      vertex -8 11.6285 4.98573
      vertex -7.13481 11.5718 4.98573
    endloop
  endfacet
  facet normal 0.025052 0.382292 0.923702
    outer loop
      vertex -8 11.6285 4.98573
      vertex -8 11.2781 5.13075
      vertex -7.18054 11.2244 5.13075
    endloop
  endfacet
  facet normal 0.299871 0.448798 0.841818
    outer loop
      vertex -3.82055 10.4468 4.83411
      vertex -4.68575 10.7405 4.98573
      vertex -3.96482 10.2588 4.98573
    endloop
  endfacet
  facet normal 0.238744 0.484124 0.841799
    outer loop
      vertex -4.56725 10.9457 4.83411
      vertex -5.37269 11.3429 4.83411
      vertex -4.68575 10.7405 4.98573
    endloop
  endfacet
  facet normal 0.214281 0.042621 0.975842
    outer loop
      vertex -2.37803 6.5064 5.26668
      vertex -2.78215 5.68694 5.39121
      vertex -2.22951 5.7597 5.26668
    endloop
  endfacet
  facet normal 0.151862 0.0748906 0.98556
    outer loop
      vertex -3.44221 7.63144 5.39121
      vertex -3.73591 6.76624 5.50221
      vertex -3.13773 7.01402 5.39121
    endloop
  endfacet
  facet normal 0.0861687 0.098254 0.991424
    outer loop
      vertex -5.19031 8.66166 5.50221
      vertex -5.25007 7.74993 5.59776
      vertex -4.73641 8.26359 5.50221
    endloop
  endfacet
  facet normal 0.188038 0.214413 0.958472
    outer loop
      vertex -4.17813 9.98076 5.13075
      vertex -4.45683 9.61754 5.26668
      vertex -3.88444 9.11556 5.26668
    endloop
  endfacet
  facet normal 0.343601 0.169449 0.923702
    outer loop
      vertex -1.87605 7.53662 4.98573
      vertex -2.563 8.13905 5.13075
      vertex -2.19978 7.40253 5.13075
    endloop
  endfacet
  facet normal 0.288038 0.252606 0.923701
    outer loop
      vertex -2.74125 9.03518 4.98573
      vertex -3.56071 9.43929 5.13075
      vertex -3.01924 8.82187 5.13075
    endloop
  endfacet
  facet normal -0.144042 0.164249 0.975845
    outer loop
      vertex -11.5432 9.61754 5.26668
      vertex -12.1156 9.11556 5.26668
      vertex -11.2038 9.17532 5.39121
    endloop
  endfacet
  facet normal 0.212822 0.318517 0.923717
    outer loop
      vertex -3.96482 10.2588 4.98573
      vertex -4.68575 10.7405 4.98573
      vertex -4.17813 9.98076 5.13075
    endloop
  endfacet
  facet normal 0.126125 0.255765 0.958476
    outer loop
      vertex -5.59747 10.8002 5.13075
      vertex -5.77267 10.3772 5.26668
      vertex -4.86095 10.437 5.13075
    endloop
  endfacet
  facet normal 0.0650847 0.0742145 0.995116
    outer loop
      vertex -5.63253 8.08534 5.59776
      vertex -6.11526 7.45624 5.67625
      vertex -5.25007 7.74993 5.59776
    endloop
  endfacet
  facet normal 0.0436588 0.0885303 0.995116
    outer loop
      vertex -6.0555 8.36796 5.59776
      vertex -6.51175 8.59296 5.59776
      vertex -6.45199 7.68123 5.67625
    endloop
  endfacet
  facet normal 0.0672151 0.0228169 0.997478
    outer loop
      vertex -5.13965 6.1848 5.67625
      vertex -5.9212 5.86107 5.73632
      vertex -5.00947 5.80131 5.67625
    endloop
  endfacet
  facet normal 0.0708308 0.00464306 0.997478
    outer loop
      vertex -4.93047 5.40411 5.67625
      vertex -5.76917 5.29369 5.73632
      vertex -4.90398 5 5.67625
    endloop
  endfacet
  facet normal 0.980785 0.195091 -4.25432e-17
    outer loop
      vertex -1.07475 5.91173 4.67848
      vertex -1.253 6.80785 4.6
      vertex -1.253 6.80785 4.67848
    endloop
  endfacet
  facet normal 0.980785 0.195091 -4.25432e-17
    outer loop
      vertex -1.253 6.80785 4.6
      vertex -1.07475 5.91173 4.67848
      vertex -1.07475 5.91173 4.6
    endloop
  endfacet
  facet normal 0.448782 0.299867 0.841828
    outer loop
      vertex -2.05431 8.43275 4.83411
      vertex -2.55324 9.17945 4.83411
      vertex -2.25954 8.31425 4.98573
    endloop
  endfacet
  facet normal 0.659966 0.440979 0.608261
    outer loop
      vertex -2.45842 9.25221 4.67848
      vertex -2.55324 9.17945 4.83411
      vertex -1.9508 8.49251 4.67848
    endloop
  endfacet
  facet normal 0.538586 0.0353035 0.841831
    outer loop
      vertex -1.19324 5.89613 4.83411
      vertex -1.4282 5.86519 4.98573
      vertex -1.1345 5 4.83411
    endloop
  endfacet
  facet normal 0.792054 0.0519179 0.60824
    outer loop
      vertex -1.07475 5.91173 4.67848
      vertex -1.19324 5.89613 4.83411
      vertex -1.1345 5 4.83411
    endloop
  endfacet
  facet normal 0.154849 0.778478 0.608271
    outer loop
      vertex -7.08827 11.9253 4.67848
      vertex -7.10387 11.8068 4.83411
      vertex -6.22308 11.6316 4.83411
    endloop
  endfacet
  facet normal -0.06534 0.997863 0
    outer loop
      vertex -8 11.985 4.6
      vertex -8.91173 11.9253 4.67848
      vertex -8 11.985 4.67848
    endloop
  endfacet
  facet normal -0.06534 0.997863 0
    outer loop
      vertex -8.91173 11.9253 4.67848
      vertex -8 11.985 4.6
      vertex -8.91173 11.9253 4.6
    endloop
  endfacet
  facet normal 0.659358 0.751829 -0
    outer loop
      vertex -3.06085 9.93915 4.6
      vertex -3.74779 10.5416 4.67848
      vertex -3.06085 9.93915 4.67848
    endloop
  endfacet
  facet normal 0.659358 0.751829 0
    outer loop
      vertex -3.74779 10.5416 4.67848
      vertex -3.06085 9.93915 4.6
      vertex -3.74779 10.5416 4.6
    endloop
  endfacet
  facet normal -0.382292 0.025052 0.923702
    outer loop
      vertex -14.2244 5.81946 5.13075
      vertex -14.6285 5 4.98573
      vertex -14.2781 5 5.13075
    endloop
  endfacet
  facet normal -0.75165 -0.255179 0.608199
    outer loop
      vertex -14.3429 2.37269 4.83411
      vertex -14.6316 3.22308 4.83411
      vertex -14.4533 2.32695 4.67848
    endloop
  endfacet
  facet normal -0.284588 -0.0186554 0.958468
    outer loop
      vertex -13.8203 5 5.26668
      vertex -14.2781 5 5.13075
      vertex -13.7705 4.2403 5.26668
    endloop
  endfacet
  facet normal -0.168953 -0.0110678 0.985562
    outer loop
      vertex -12.6154 5 5.50221
      vertex -13.2629 5 5.39121
      vertex -13.2179 4.31306 5.39121
    endloop
  endfacet
  facet normal -0.0861656 0.0982505 0.991424
    outer loop
      vertex -10.8097 8.66166 5.50221
      vertex -11.2636 8.26359 5.50221
      vertex -10.7499 7.74993 5.59776
    endloop
  endfacet
  facet normal -0.279711 0.0556275 0.958471
    outer loop
      vertex -13.622 6.5064 5.26668
      vertex -14.2244 5.81946 5.13075
      vertex -13.7705 5.7597 5.26668
    endloop
  endfacet
  facet normal 0.0382284 0.0255439 0.998942
    outer loop
      vertex -6.2149 6.36976 5.73632
      vertex -6.81733 5.68282 5.77694
      vertex -6.05138 6.12504 5.73632
    endloop
  endfacet
  facet normal 0.0330588 0.166079 0.985558
    outer loop
      vertex -6.63787 10.0835 5.39121
      vertex -7.31306 10.2179 5.39121
      vertex -6.80544 9.45815 5.50221
    endloop
  endfacet
  facet normal -0.538524 0.0352754 0.841871
    outer loop
      vertex -14.8068 5.89613 4.83411
      vertex -14.8655 5 4.83411
      vertex -14.5718 5.86519 4.98573
    endloop
  endfacet
  facet normal -0.529307 0.105286 0.841872
    outer loop
      vertex -14.6316 6.77692 4.83411
      vertex -14.8068 5.89613 4.83411
      vertex -14.5718 5.86519 4.98573
    endloop
  endfacet
  facet normal -0.375807 0.0747479 0.923679
    outer loop
      vertex -14.0642 6.62489 5.13075
      vertex -14.4026 6.71558 4.98573
      vertex -14.2244 5.81946 5.13075
    endloop
  endfacet
  facet normal -0.538524 -0.0352754 0.841871
    outer loop
      vertex -14.5718 4.13481 4.98573
      vertex -14.8655 5 4.83411
      vertex -14.8068 4.10387 4.83411
    endloop
  endfacet
  facet normal -0.0519161 -0.79206 0.608232
    outer loop
      vertex -8 -1.8655 4.83411
      vertex -8.91173 -1.92525 4.67848
      vertex -8 -1.98501 4.67848
    endloop
  endfacet
  facet normal -0.405865 -0.355942 0.841771
    outer loop
      vertex -12.6871 0.312936 4.98573
      vertex -13.2588 0.964819 4.98573
      vertex -12.8546 0.145361 4.83411
    endloop
  endfacet
  facet normal -0.299907 -0.448826 0.84179
    outer loop
      vertex -12.0352 -0.258751 4.98573
      vertex -12.1794 -0.446765 4.83411
      vertex -11.3143 -0.740458 4.98573
    endloop
  endfacet
  facet normal -0.510971 -0.173448 0.841917
    outer loop
      vertex -14.4026 3.28442 4.98573
      vertex -14.6316 3.22308 4.83411
      vertex -14.1239 2.46338 4.98573
    endloop
  endfacet
  facet normal -0.166056 -0.0330076 0.985564
    outer loop
      vertex -12.5759 4.39757 5.50221
      vertex -13.2179 4.31306 5.39121
      vertex -12.4582 3.80544 5.50221
    endloop
  endfacet
  facet normal -0.362832 -0.123162 0.92368
    outer loop
      vertex -14.0642 3.37511 5.13075
      vertex -14.4026 3.28442 4.98573
      vertex -14.1239 2.46338 4.98573
    endloop
  endfacet
  facet normal -0.214401 -0.187996 0.958483
    outer loop
      vertex -12.6175 1.45683 5.26668
      vertex -12.9808 1.17813 5.13075
      vertex -12.1156 0.884436 5.26668
    endloop
  endfacet
  facet normal -0.00441447 -0.0221781 0.999744
    outer loop
      vertex -8.11849 4.55778 5.79743
      vertex -8.35345 3.6809 5.77694
      vertex -8.05976 4.54609 5.79743
    endloop
  endfacet
  facet normal -0.0221781 0.00441447 0.999744
    outer loop
      vertex -8.44222 5.11849 5.79743
      vertex -9.3191 5.35345 5.77694
      vertex -8.45391 5.05976 5.79743
    endloop
  endfacet
  facet normal 0.0192568 -0.0968136 0.995116
    outer loop
      vertex -7.19869 2.00947 5.67625
      vertex -7.49238 1.14428 5.59776
      vertex -6.99345 1.24352 5.59776
    endloop
  endfacet
  facet normal 0.0533663 -0.0468017 0.997478
    outer loop
      vertex -6.2149 3.63024 5.73632
      vertex -6.40896 3.40896 5.73632
      vertex -5.81078 2.81078 5.67625
    endloop
  endfacet
  facet normal -0.059021 -0.0394373 0.997477
    outer loop
      vertex -9.7851 3.63024 5.73632
      vertex -10.6812 3.45199 5.67625
      vertex -10.4562 3.11526 5.67625
    endloop
  endfacet
  facet normal -0.00645573 -0.0984989 0.995116
    outer loop
      vertex -8 1.90398 5.67625
      vertex -8.50762 1.14428 5.59776
      vertex -8 1.11101 5.59776
    endloop
  endfacet
  facet normal 0.0138479 -0.0696183 0.997478
    outer loop
      vertex -7.41764 2.82659 5.73632
      vertex -7.70631 2.76917 5.73632
      vertex -7.19869 2.00947 5.67625
    endloop
  endfacet
  facet normal -0.0916728 -0.27005 0.958472
    outer loop
      vertex -9.5064 -0.621965 5.26668
      vertex -10.2273 -0.377244 5.26668
      vertex -9.62489 -1.06419 5.13075
    endloop
  endfacet
  facet normal -0.105297 -0.529374 0.841828
    outer loop
      vertex -9.71558 -1.40265 4.98573
      vertex -9.77692 -1.63156 4.83411
      vertex -8.86519 -1.5718 4.98573
    endloop
  endfacet
  facet normal 0.173499 -0.51111 0.841822
    outer loop
      vertex -5.46338 -1.12395 4.98573
      vertex -6.22308 -1.63156 4.83411
      vertex -5.37269 -1.34289 4.83411
    endloop
  endfacet
  facet normal -0.164252 -0.144043 0.975845
    outer loop
      vertex -11.7214 1.27858 5.39121
      vertex -12.1753 1.79616 5.39121
      vertex -12.1156 0.884436 5.26668
    endloop
  endfacet
  facet normal -0.164276 -0.144044 0.97584
    outer loop
      vertex -12.1753 1.79616 5.39121
      vertex -12.6175 1.45683 5.26668
      vertex -12.1156 0.884436 5.26668
    endloop
  endfacet
  facet normal -0.121372 -0.181647 0.975845
    outer loop
      vertex -11.2038 0.824678 5.39121
      vertex -11.5432 0.382456 5.26668
      vertex -10.6314 0.442214 5.39121
    endloop
  endfacet
  facet normal -0.0966332 -0.195948 0.975841
    outer loop
      vertex -10.6314 0.442214 5.39121
      vertex -10.9101 -0.0405159 5.26668
      vertex -10.2273 -0.377244 5.26668
    endloop
  endfacet
  facet normal 0.140789 -0.0940717 0.98556
    outer loop
      vertex -4.00293 2.69229 5.50221
      vertex -4.33834 2.19031 5.50221
      vertex -3.44221 2.36856 5.39121
    endloop
  endfacet
  facet normal 0.0820744 -0.0548405 0.995116
    outer loop
      vertex -4.63204 3.0555 5.59776
      vertex -5.31877 3.45199 5.67625
      vertex -4.91466 2.63253 5.59776
    endloop
  endfacet
  facet normal 0.538583 0.0353021 0.841833
    outer loop
      vertex -1.1345 5 4.83411
      vertex -1.4282 5.86519 4.98573
      vertex -1.37149 5 4.98573
    endloop
  endfacet
  facet normal 0.778503 0.154854 0.608238
    outer loop
      vertex -1.253 6.80785 4.67848
      vertex -1.36844 6.77692 4.83411
      vertex -1.07475 5.91173 4.67848
    endloop
  endfacet
  facet normal 0.382292 0.0250566 0.923702
    outer loop
      vertex -1.37149 5 4.98573
      vertex -1.7756 5.81946 5.13075
      vertex -1.72189 5 5.13075
    endloop
  endfacet
  facet normal 0.382292 -0.0250566 0.923702
    outer loop
      vertex -1.72189 5 5.13075
      vertex -1.7756 4.18054 5.13075
      vertex -1.37149 5 4.98573
    endloop
  endfacet
  facet normal 0.997859 -0.0654054 2.7998e-17
    outer loop
      vertex -1.07475 4.08827 4.67848
      vertex -1.01499 5 4.6
      vertex -1.01499 5 4.67848
    endloop
  endfacet
  facet normal 0.997859 -0.0654054 2.7998e-17
    outer loop
      vertex -1.01499 5 4.6
      vertex -1.07475 4.08827 4.67848
      vertex -1.07475 4.08827 4.6
    endloop
  endfacet
  facet normal 0.79206 -0.0519161 0.608232
    outer loop
      vertex -1.01499 5 4.67848
      vertex -1.1345 5 4.83411
      vertex -1.07475 4.08827 4.67848
    endloop
  endfacet
  facet normal 0.127303 -0.111644 0.985561
    outer loop
      vertex -4.33834 2.19031 5.50221
      vertex -4.73641 1.73641 5.50221
      vertex -4.27858 1.27858 5.39121
    endloop
  endfacet
  facet normal 0.195949 -0.0966302 0.975841
    outer loop
      vertex -2.62276 2.77267 5.26668
      vertex -3.44221 2.36856 5.39121
      vertex -2.95948 2.08986 5.26668
    endloop
  endfacet
  facet normal 0.440982 -0.659972 0.608253
    outer loop
      vertex -3.82055 -0.446765 4.83411
      vertex -4.50749 -1.0492 4.67848
      vertex -3.74779 -0.541582 4.67848
    endloop
  endfacet
  facet normal 0.596772 -0.523352 0.608248
    outer loop
      vertex -2.45842 0.747794 4.67848
      vertex -3.14536 0.145361 4.83411
      vertex -3.06085 0.0608511 4.67848
    endloop
  endfacet
  facet normal 0.36278 -0.123146 0.923702
    outer loop
      vertex -1.93581 3.37511 5.13075
      vertex -2.19978 2.59747 5.13075
      vertex -1.87605 2.46338 4.98573
    endloop
  endfacet
  facet normal 0.778502 -0.154854 0.60824
    outer loop
      vertex -1.19324 4.10387 4.83411
      vertex -1.36844 3.22308 4.83411
      vertex -1.07475 4.08827 4.67848
    endloop
  endfacet
  facet normal 0.321434 -0.946932 0
    outer loop
      vertex -6.19215 -1.747 4.6
      vertex -5.32695 -1.45331 4.67848
      vertex -6.19215 -1.747 4.67848
    endloop
  endfacet
  facet normal 0.321434 -0.946932 0
    outer loop
      vertex -5.32695 -1.45331 4.67848
      vertex -6.19215 -1.747 4.6
      vertex -5.32695 -1.45331 4.6
    endloop
  endfacet
  facet normal 0.555572 -0.831468 0
    outer loop
      vertex -4.50749 -1.0492 4.6
      vertex -3.74779 -0.541582 4.67848
      vertex -4.50749 -1.0492 4.67848
    endloop
  endfacet
  facet normal 0.555572 -0.831468 0
    outer loop
      vertex -3.74779 -0.541582 4.67848
      vertex -4.50749 -1.0492 4.6
      vertex -3.74779 -0.541582 4.6
    endloop
  endfacet
  facet normal 0.355877 -0.4058 0.84183
    outer loop
      vertex -3.14536 0.145361 4.83411
      vertex -3.96482 -0.258751 4.98573
      vertex -3.82055 -0.446765 4.83411
    endloop
  endfacet
  facet normal 0.252604 -0.288038 0.923702
    outer loop
      vertex -3.56071 0.560707 5.13075
      vertex -3.96482 -0.258751 4.98573
      vertex -3.31294 0.312936 4.98573
    endloop
  endfacet
  facet normal 0.596769 -0.523347 0.608255
    outer loop
      vertex -2.55324 0.820551 4.83411
      vertex -3.14536 0.145361 4.83411
      vertex -2.45842 0.747794 4.67848
    endloop
  endfacet
  facet normal 0.778503 -0.154854 0.608238
    outer loop
      vertex -1.07475 4.08827 4.67848
      vertex -1.36844 3.22308 4.83411
      vertex -1.253 3.19215 4.67848
    endloop
  endfacet
  facet normal -0.711926 -0.351072 0.608203
    outer loop
      vertex -14.3429 2.37269 4.83411
      vertex -14.4533 2.32695 4.67848
      vertex -14.0492 1.50749 4.67848
    endloop
  endfacet
  facet normal 0.25514 -0.751614 0.608259
    outer loop
      vertex -5.37269 -1.34289 4.83411
      vertex -6.22308 -1.63156 4.83411
      vertex -5.32695 -1.45331 4.67848
    endloop
  endfacet
  facet normal 0.0748912 -0.151863 0.98556
    outer loop
      vertex -5.36856 0.442214 5.39121
      vertex -6.23376 0.735908 5.50221
      vertex -5.98598 0.137734 5.39121
    endloop
  endfacet
  facet normal -0.018652 -0.284575 0.958472
    outer loop
      vertex -8.7597 -0.770494 5.26668
      vertex -8.81946 -1.2244 5.13075
      vertex -8 -1.27811 5.13075
    endloop
  endfacet
  facet normal 0.12138 -0.181659 0.975842
    outer loop
      vertex -4.79616 0.824678 5.39121
      vertex -5.36856 0.442214 5.39121
      vertex -4.45683 0.382456 5.26668
    endloop
  endfacet
  facet normal 0.025058 -0.382295 0.923701
    outer loop
      vertex -7.18054 -1.2244 5.13075
      vertex -8 -1.62851 4.98573
      vertex -7.13481 -1.5718 4.98573
    endloop
  endfacet
  facet normal 0.123751 0.0420081 0.991424
    outer loop
      vertex -3.73591 6.76624 5.50221
      vertex -4.24352 6.00655 5.59776
      vertex -3.54185 6.19456 5.50221
    endloop
  endfacet
  facet normal 0.0968136 0.0192568 0.995116
    outer loop
      vertex -4.24352 6.00655 5.59776
      vertex -5.00947 5.80131 5.67625
      vertex -4.14428 5.50762 5.59776
    endloop
  endfacet
  facet normal 0.0225652 0.0014786 0.999744
    outer loop
      vertex -6.64605 5.17825 5.77694
      vertex -7.54609 5.05976 5.79743
      vertex -6.63437 5 5.77694
    endloop
  endfacet
  facet normal 0.0984983 -0.0064567 0.995116
    outer loop
      vertex -4.90398 5 5.67625
      vertex -4.93047 4.59589 5.67625
      vertex -4.14428 4.49238 5.59776
    endloop
  endfacet
  facet normal 0.0672151 0.0228166 0.997478
    outer loop
      vertex -5.00947 5.80131 5.67625
      vertex -5.9212 5.86107 5.73632
      vertex -5.82659 5.58236 5.73632
    endloop
  endfacet
  facet normal 0.022565 0.00147639 0.999744
    outer loop
      vertex -6.63437 5 5.77694
      vertex -7.54609 5.05976 5.79743
      vertex -7.54218 5 5.79743
    endloop
  endfacet
  facet normal 0.0696191 -0.0138467 0.997478
    outer loop
      vertex -4.93047 4.59589 5.67625
      vertex -5.76917 4.70631 5.73632
      vertex -5.00947 4.19869 5.67625
    endloop
  endfacet
  facet normal 0.0708308 -0.00464306 0.997478
    outer loop
      vertex -4.90398 5 5.67625
      vertex -5.76917 4.70631 5.73632
      vertex -4.93047 4.59589 5.67625
    endloop
  endfacet
  facet normal 0.279704 0.0556337 0.958473
    outer loop
      vertex -1.7756 5.81946 5.13075
      vertex -2.37803 6.5064 5.26668
      vertex -2.22951 5.7597 5.26668
    endloop
  endfacet
  facet normal 0.168964 0.0110758 0.98556
    outer loop
      vertex -2.78215 5.68694 5.39121
      vertex -3.42407 5.60243 5.50221
      vertex -3.38458 5 5.50221
    endloop
  endfacet
  facet normal -0.0138467 -0.0696191 0.997478
    outer loop
      vertex -8.29369 2.76917 5.73632
      vertex -8.80131 2.00947 5.67625
      vertex -8.40411 1.93047 5.67625
    endloop
  endfacet
  facet normal -0.014908 -0.0170037 0.999744
    outer loop
      vertex -8.32373 4.67627 5.79743
      vertex -8.96565 4.03435 5.77694
      vertex -8.2787 4.63679 5.79743
    endloop
  endfacet
  facet normal -0.00726869 -0.0214134 0.999744
    outer loop
      vertex -8.1752 4.57703 5.79743
      vertex -8.5226 3.73832 5.77694
      vertex -8.11849 4.55778 5.79743
    endloop
  endfacet
  facet normal -0.65999 0.440966 0.608245
    outer loop
      vertex -13.4468 9.17945 4.83411
      vertex -14.0492 8.49251 4.67848
      vertex -13.9457 8.43275 4.83411
    endloop
  endfacet
  facet normal -0.255191 0.751714 0.608115
    outer loop
      vertex -9.80785 11.747 4.67848
      vertex -10.673 11.4533 4.67848
      vertex -9.77692 11.6316 4.83411
    endloop
  endfacet
  facet normal -0.448824 0.299877 0.841802
    outer loop
      vertex -13.4468 9.17945 4.83411
      vertex -13.9457 8.43275 4.83411
      vertex -13.7405 8.31425 4.98573
    endloop
  endfacet
  facet normal 0.0186554 0.284588 0.958468
    outer loop
      vertex -8 11.2781 5.13075
      vertex -8 10.8203 5.26668
      vertex -7.2403 10.7705 5.26668
    endloop
  endfacet
  facet normal -0.00300711 0.0458783 0.998943
    outer loop
      vertex -8 7.25008 5.73632
      vertex -8.29369 7.23083 5.73632
      vertex -8 6.36563 5.77694
    endloop
  endfacet
  facet normal -0.511017 0.173486 0.841882
    outer loop
      vertex -14.3429 7.62731 4.83411
      vertex -14.6316 6.77692 4.83411
      vertex -14.1239 7.53662 4.98573
    endloop
  endfacet
  facet normal -0.212829 0.318516 0.923716
    outer loop
      vertex -11.3143 10.7405 4.98573
      vertex -11.8219 9.98076 5.13075
      vertex -11.1391 10.437 5.13075
    endloop
  endfacet
  facet normal -0.711926 0.351072 0.608203
    outer loop
      vertex -14.0492 8.49251 4.67848
      vertex -14.4533 7.67305 4.67848
      vertex -14.3429 7.62731 4.83411
    endloop
  endfacet
  facet normal -0.255191 0.751679 0.608158
    outer loop
      vertex -9.77692 11.6316 4.83411
      vertex -10.673 11.4533 4.67848
      vertex -10.6273 11.3429 4.83411
    endloop
  endfacet
  facet normal 0.169453 0.343627 0.923692
    outer loop
      vertex -5.46338 11.1239 4.98573
      vertex -5.59747 10.8002 5.13075
      vertex -4.86095 10.437 5.13075
    endloop
  endfacet
  facet normal 0.44099 0.660009 0.608207
    outer loop
      vertex -3.74779 10.5416 4.67848
      vertex -4.50749 11.0492 4.67848
      vertex -3.82055 10.4468 4.83411
    endloop
  endfacet
  facet normal 0.238645 0.484032 0.84188
    outer loop
      vertex -5.37269 11.3429 4.83411
      vertex -5.46338 11.1239 4.98573
      vertex -4.68575 10.7405 4.98573
    endloop
  endfacet
  facet normal 0.351068 0.711893 0.608243
    outer loop
      vertex -4.50749 11.0492 4.67848
      vertex -5.37269 11.3429 4.83411
      vertex -4.56725 10.9457 4.83411
    endloop
  endfacet
  facet normal 0.555559 0.831477 -0
    outer loop
      vertex -3.74779 10.5416 4.6
      vertex -4.50749 11.0492 4.67848
      vertex -3.74779 10.5416 4.67848
    endloop
  endfacet
  facet normal 0.555559 0.831477 0
    outer loop
      vertex -4.50749 11.0492 4.67848
      vertex -3.74779 10.5416 4.6
      vertex -4.50749 11.0492 4.6
    endloop
  endfacet
  facet normal 0.0352754 0.538524 0.841871
    outer loop
      vertex -7.10387 11.8068 4.83411
      vertex -8 11.8655 4.83411
      vertex -7.13481 11.5718 4.98573
    endloop
  endfacet
  facet normal 0.181659 0.121382 0.975841
    outer loop
      vertex -3.38246 8.54317 5.26668
      vertex -3.82468 8.20384 5.39121
      vertex -3.44221 7.63144 5.39121
    endloop
  endfacet
  facet normal 0.140789 0.0940717 0.98556
    outer loop
      vertex -3.44221 7.63144 5.39121
      vertex -4.33834 7.80969 5.50221
      vertex -4.00293 7.30771 5.50221
    endloop
  endfacet
  facet normal 0.16034 0.0544266 0.98556
    outer loop
      vertex -3.13773 7.01402 5.39121
      vertex -3.54185 6.19456 5.50221
      vertex -2.91645 6.36213 5.39121
    endloop
  endfacet
  facet normal 0.529374 0.105297 0.841828
    outer loop
      vertex -1.36844 6.77692 4.83411
      vertex -1.59735 6.71558 4.98573
      vertex -1.4282 5.86519 4.98573
    endloop
  endfacet
  facet normal 0.318545 0.212842 0.923703
    outer loop
      vertex -2.25954 8.31425 4.98573
      vertex -3.01924 8.82187 5.13075
      vertex -2.563 8.13905 5.13075
    endloop
  endfacet
  facet normal 0.405805 0.355878 0.841827
    outer loop
      vertex -2.55324 9.17945 4.83411
      vertex -3.14536 9.85464 4.83411
      vertex -2.74125 9.03518 4.98573
    endloop
  endfacet
  facet normal 0.288038 0.252605 0.923702
    outer loop
      vertex -3.31294 9.68706 4.98573
      vertex -3.56071 9.43929 5.13075
      vertex -2.74125 9.03518 4.98573
    endloop
  endfacet
  facet normal 0.214413 0.188037 0.958472
    outer loop
      vertex -3.56071 9.43929 5.13075
      vertex -3.88444 9.11556 5.26668
      vertex -3.01924 8.82187 5.13075
    endloop
  endfacet
  facet normal 0.0548405 0.0820744 0.995116
    outer loop
      vertex -6.0555 8.36796 5.59776
      vertex -6.45199 7.68123 5.67625
      vertex -5.63253 8.08534 5.59776
    endloop
  endfacet
  facet normal 0.214413 0.188038 0.958472
    outer loop
      vertex -3.01924 8.82187 5.13075
      vertex -3.88444 9.11556 5.26668
      vertex -3.38246 8.54317 5.26668
    endloop
  endfacet
  facet normal 0.0966287 0.195958 0.97584
    outer loop
      vertex -5.08986 10.0405 5.26668
      vertex -5.77267 10.3772 5.26668
      vertex -5.36856 9.55779 5.39121
    endloop
  endfacet
  facet normal 0.03173 0.0934716 0.995116
    outer loop
      vertex -6.51175 8.59296 5.59776
      vertex -7.19869 7.99053 5.67625
      vertex -6.8152 7.86035 5.67625
    endloop
  endfacet
  facet normal 0.0228169 0.0672151 0.997478
    outer loop
      vertex -6.8152 7.86035 5.67625
      vertex -7.19869 7.99053 5.67625
      vertex -7.13893 7.0788 5.73632
    endloop
  endfacet
  facet normal 0.0861669 0.0982541 0.991424
    outer loop
      vertex -5.19031 8.66166 5.50221
      vertex -5.63253 8.08534 5.59776
      vertex -5.25007 7.74993 5.59776
    endloop
  endfacet
  facet normal 0.0726044 0.108661 0.991424
    outer loop
      vertex -5.19031 8.66166 5.50221
      vertex -5.69229 8.99707 5.50221
      vertex -5.63253 8.08534 5.59776
    endloop
  endfacet
  facet normal 0.0820744 0.0548405 0.995116
    outer loop
      vertex -4.91466 7.36747 5.59776
      vertex -5.31877 6.54801 5.67625
      vertex -4.63204 6.9445 5.59776
    endloop
  endfacet
  facet normal 0.160338 0.0544277 0.98556
    outer loop
      vertex -3.13773 7.01402 5.39121
      vertex -3.73591 6.76624 5.50221
      vertex -3.54185 6.19456 5.50221
    endloop
  endfacet
  facet normal 0.151864 0.07489 0.98556
    outer loop
      vertex -3.44221 7.63144 5.39121
      vertex -4.00293 7.30771 5.50221
      vertex -3.73591 6.76624 5.50221
    endloop
  endfacet
  facet normal 0.195951 0.0966329 0.975841
    outer loop
      vertex -2.62276 7.22733 5.26668
      vertex -3.44221 7.63144 5.39121
      vertex -3.13773 7.01402 5.39121
    endloop
  endfacet
  facet normal 0.108661 0.072605 0.991424
    outer loop
      vertex -4.00293 7.30771 5.50221
      vertex -4.91466 7.36747 5.59776
      vertex -4.63204 6.9445 5.59776
    endloop
  endfacet
  facet normal 0.108661 0.0726044 0.991424
    outer loop
      vertex -4.33834 7.80969 5.50221
      vertex -4.91466 7.36747 5.59776
      vertex -4.00293 7.30771 5.50221
    endloop
  endfacet
  facet normal 0.831467 0.555574 9.88474e-17
    outer loop
      vertex -1.9508 8.49251 4.67848
      vertex -2.45842 9.25221 4.6
      vertex -2.45842 9.25221 4.67848
    endloop
  endfacet
  facet normal 0.831467 0.555574 9.88474e-17
    outer loop
      vertex -2.45842 9.25221 4.6
      vertex -1.9508 8.49251 4.67848
      vertex -1.9508 8.49251 4.6
    endloop
  endfacet
  facet normal 0.484085 0.238725 0.841826
    outer loop
      vertex -2.05431 8.43275 4.83411
      vertex -2.25954 8.31425 4.98573
      vertex -1.65711 7.62731 4.83411
    endloop
  endfacet
  facet normal 0.596771 0.523354 0.608248
    outer loop
      vertex -3.06085 9.93915 4.67848
      vertex -3.14536 9.85464 4.83411
      vertex -2.45842 9.25221 4.67848
    endloop
  endfacet
  facet normal -0.896878 -0.442277 4.35937e-17
    outer loop
      vertex -14.0492 1.50749 4.6
      vertex -14.4533 2.32695 4.67848
      vertex -14.4533 2.32695 4.6
    endloop
  endfacet
  facet normal -0.896878 -0.442277 4.35937e-17
    outer loop
      vertex -14.4533 2.32695 4.67848
      vertex -14.0492 1.50749 4.6
      vertex -14.0492 1.50749 4.67848
    endloop
  endfacet
  facet normal -0.831476 -0.555561 -2.61462e-16
    outer loop
      vertex -13.5416 0.747794 4.6
      vertex -14.0492 1.50749 4.67848
      vertex -14.0492 1.50749 4.6
    endloop
  endfacet
  facet normal -0.831476 -0.555561 -2.61462e-16
    outer loop
      vertex -14.0492 1.50749 4.67848
      vertex -13.5416 0.747794 4.6
      vertex -13.5416 0.747794 4.67848
    endloop
  endfacet
  facet normal -0.382295 0.0250536 0.923701
    outer loop
      vertex -14.5718 5.86519 4.98573
      vertex -14.6285 5 4.98573
      vertex -14.2244 5.81946 5.13075
    endloop
  endfacet
  facet normal -0.529307 -0.105286 0.841872
    outer loop
      vertex -14.5718 4.13481 4.98573
      vertex -14.8068 4.10387 4.83411
      vertex -14.6316 3.22308 4.83411
    endloop
  endfacet
  facet normal -0.195961 -0.0966302 0.975839
    outer loop
      vertex -12.5578 2.36856 5.39121
      vertex -13.3772 2.77267 5.26668
      vertex -13.0405 2.08986 5.26668
    endloop
  endfacet
  facet normal -0.375807 -0.0747479 0.923679
    outer loop
      vertex -14.2244 4.18054 5.13075
      vertex -14.4026 3.28442 4.98573
      vertex -14.0642 3.37511 5.13075
    endloop
  endfacet
  facet normal -0.382292 -0.025052 0.923702
    outer loop
      vertex -14.2781 5 5.13075
      vertex -14.6285 5 4.98573
      vertex -14.2244 4.18054 5.13075
    endloop
  endfacet
  facet normal -0.375751 -0.0747623 0.9237
    outer loop
      vertex -14.2244 4.18054 5.13075
      vertex -14.5718 4.13481 4.98573
      vertex -14.4026 3.28442 4.98573
    endloop
  endfacet
  facet normal -0.206903 -0.0702563 0.975836
    outer loop
      vertex -12.8623 2.98598 5.39121
      vertex -13.622 3.4936 5.26668
      vertex -13.3772 2.77267 5.26668
    endloop
  endfacet
  facet normal -0.160368 -0.0544163 0.985556
    outer loop
      vertex -12.4582 3.80544 5.50221
      vertex -13.0835 3.63787 5.39121
      vertex -12.8623 2.98598 5.39121
    endloop
  endfacet
  facet normal -0.0696191 0.0138467 0.997478
    outer loop
      vertex -10.9905 5.80131 5.67625
      vertex -11.0695 5.40411 5.67625
      vertex -10.2308 5.29369 5.73632
    endloop
  endfacet
  facet normal -0.123744 0.0420144 0.991424
    outer loop
      vertex -12.2641 6.76624 5.50221
      vertex -12.4582 6.19456 5.50221
      vertex -11.7565 6.00655 5.59776
    endloop
  endfacet
  facet normal -0.0214132 0.00726898 0.999744
    outer loop
      vertex -9.26168 5.5226 5.77694
      vertex -9.3191 5.35345 5.77694
      vertex -8.44222 5.11849 5.79743
    endloop
  endfacet
  facet normal -0.022565 -0.00147639 0.999744
    outer loop
      vertex -8.45782 5 5.79743
      vertex -9.36563 5 5.77694
      vertex -8.45391 4.94024 5.79743
    endloop
  endfacet
  facet normal -0.168943 0.0110772 0.985564
    outer loop
      vertex -12.5759 5.60243 5.50221
      vertex -13.2179 5.68694 5.39121
      vertex -12.6154 5 5.50221
    endloop
  endfacet
  facet normal -0.130411 -0.00855499 0.991423
    outer loop
      vertex -11.889 5 5.59776
      vertex -12.6154 5 5.50221
      vertex -11.8557 4.49238 5.59776
    endloop
  endfacet
  facet normal -0.255765 0.126125 0.958476
    outer loop
      vertex -13.437 8.13905 5.13075
      vertex -13.8002 7.40253 5.13075
      vertex -13.3772 7.22733 5.26668
    endloop
  endfacet
  facet normal -0.0940714 0.140794 0.98556
    outer loop
      vertex -10.6314 9.55779 5.39121
      vertex -10.8097 8.66166 5.50221
      vertex -10.3077 8.99707 5.50221
    endloop
  endfacet
  facet normal -0.105299 0.529227 0.841921
    outer loop
      vertex -8.86519 11.5718 4.98573
      vertex -9.77692 11.6316 4.83411
      vertex -9.71558 11.4026 4.98573
    endloop
  endfacet
  facet normal -0.0352754 0.538524 0.841871
    outer loop
      vertex -8 11.8655 4.83411
      vertex -8.89613 11.8068 4.83411
      vertex -8.86519 11.5718 4.98573
    endloop
  endfacet
  facet normal -0.997863 -0.06534 -4.44073e-17
    outer loop
      vertex -14.9253 4.08827 4.6
      vertex -14.985 5 4.67848
      vertex -14.985 5 4.6
    endloop
  endfacet
  facet normal -0.997863 -0.06534 -4.44073e-17
    outer loop
      vertex -14.985 5 4.67848
      vertex -14.9253 4.08827 4.6
      vertex -14.9253 4.08827 4.67848
    endloop
  endfacet
  facet normal -0.0426235 -0.214281 0.975842
    outer loop
      vertex -8.68694 -0.217854 5.39121
      vertex -9.5064 -0.621965 5.26668
      vertex -8.7597 -0.770494 5.26668
    endloop
  endfacet
  facet normal -0.0556374 -0.279706 0.958472
    outer loop
      vertex -8.7597 -0.770494 5.26668
      vertex -9.5064 -0.621965 5.26668
      vertex -8.81946 -1.2244 5.13075
    endloop
  endfacet
  facet normal -0.32145 -0.946926 0
    outer loop
      vertex -10.673 -1.45331 4.6
      vertex -9.80785 -1.747 4.67848
      vertex -10.673 -1.45331 4.67848
    endloop
  endfacet
  facet normal -0.32145 -0.946926 -0
    outer loop
      vertex -9.80785 -1.747 4.67848
      vertex -10.673 -1.45331 4.6
      vertex -9.80785 -1.747 4.6
    endloop
  endfacet
  facet normal 0.0519161 -0.79206 0.608232
    outer loop
      vertex -8 -1.8655 4.83411
      vertex -8 -1.98501 4.67848
      vertex -7.08827 -1.92525 4.67848
    endloop
  endfacet
  facet normal -0.523383 -0.596766 0.608228
    outer loop
      vertex -12.8546 0.145361 4.83411
      vertex -12.9391 0.0608511 4.67848
      vertex -12.2522 -0.541582 4.67848
    endloop
  endfacet
  facet normal -0.279711 -0.0556275 0.958471
    outer loop
      vertex -13.7705 4.2403 5.26668
      vertex -14.2244 4.18054 5.13075
      vertex -13.622 3.4936 5.26668
    endloop
  endfacet
  facet normal -0.151856 -0.0748926 0.985561
    outer loop
      vertex -12.2641 3.23376 5.50221
      vertex -12.8623 2.98598 5.39121
      vertex -12.5578 2.36856 5.39121
    endloop
  endfacet
  facet normal -0.0650892 -0.074208 0.995116
    outer loop
      vertex -9.88474 2.54376 5.67625
      vertex -10.7499 2.25007 5.59776
      vertex -10.3675 1.91466 5.59776
    endloop
  endfacet
  facet normal -0.166091 -0.0330612 0.985556
    outer loop
      vertex -12.4582 3.80544 5.50221
      vertex -13.2179 4.31306 5.39121
      vertex -13.0835 3.63787 5.39121
    endloop
  endfacet
  facet normal -0.596763 -0.523412 0.608205
    outer loop
      vertex -13.4468 0.820551 4.83411
      vertex -13.5416 0.747794 4.67848
      vertex -12.8546 0.145361 4.83411
    endloop
  endfacet
  facet normal -0.237115 -0.158444 0.958474
    outer loop
      vertex -13.0405 2.08986 5.26668
      vertex -13.437 1.86095 5.13075
      vertex -12.6175 1.45683 5.26668
    endloop
  endfacet
  facet normal -0.28802 -0.252593 0.923711
    outer loop
      vertex -12.4393 0.560707 5.13075
      vertex -13.2588 0.964819 4.98573
      vertex -12.6871 0.312936 4.98573
    endloop
  endfacet
  facet normal -0.405793 -0.355916 0.841817
    outer loop
      vertex -13.2588 0.964819 4.98573
      vertex -13.4468 0.820551 4.83411
      vertex -12.8546 0.145361 4.83411
    endloop
  endfacet
  facet normal -0.127303 -0.111653 0.98556
    outer loop
      vertex -11.6617 2.19031 5.50221
      vertex -11.7214 1.27858 5.39121
      vertex -11.2636 1.73641 5.50221
    endloop
  endfacet
  facet normal -0.212849 -0.318543 0.923702
    outer loop
      vertex -11.1391 -0.437001 5.13075
      vertex -11.8219 0.0192413 5.13075
      vertex -11.3143 -0.740458 4.98573
    endloop
  endfacet
  facet normal -0.0394346 -0.0590196 0.997478
    outer loop
      vertex -9.36976 3.2149 5.73632
      vertex -9.88474 2.54376 5.67625
      vertex -9.54801 2.31877 5.67625
    endloop
  endfacet
  facet normal 0.0426234 -0.214281 0.975842
    outer loop
      vertex -6.63787 -0.0835495 5.39121
      vertex -7.31306 -0.217854 5.39121
      vertex -6.4936 -0.621965 5.26668
    endloop
  endfacet
  facet normal 0.0650845 -0.0742151 0.995116
    outer loop
      vertex -5.81078 2.81078 5.67625
      vertex -6.11526 2.54376 5.67625
      vertex -5.25007 2.25007 5.59776
    endloop
  endfacet
  facet normal -0.0149095 -0.017002 0.999744
    outer loop
      vertex -8.2787 4.63679 5.79743
      vertex -8.96565 4.03435 5.77694
      vertex -8.83134 3.91657 5.77694
    endloop
  endfacet
  facet normal -0.0548377 -0.0820761 0.995116
    outer loop
      vertex -9.54801 2.31877 5.67625
      vertex -10.3675 1.91466 5.59776
      vertex -9.9445 1.63204 5.59776
    endloop
  endfacet
  facet normal -0.00441175 -0.022179 0.999744
    outer loop
      vertex -8.05976 4.54609 5.79743
      vertex -8.35345 3.6809 5.77694
      vertex -8.17825 3.64605 5.77694
    endloop
  endfacet
  facet normal -0.017002 -0.0149095 0.999744
    outer loop
      vertex -8.36321 4.7213 5.79743
      vertex -9.08343 4.16866 5.77694
      vertex -8.96565 4.03435 5.77694
    endloop
  endfacet
  facet normal 0.00726869 -0.0214134 0.999744
    outer loop
      vertex -7.8248 4.57703 5.79743
      vertex -7.88151 4.55778 5.79743
      vertex -7.4774 3.73832 5.77694
    endloop
  endfacet
  facet normal 0.126136 -0.255776 0.958472
    outer loop
      vertex -4.86095 -0.437001 5.13075
      vertex -5.77267 -0.377244 5.26668
      vertex -5.59747 -0.800216 5.13075
    endloop
  endfacet
  facet normal -0.0420087 -0.12375 0.991424
    outer loop
      vertex -9.48825 1.40704 5.59776
      vertex -9.76624 0.735908 5.50221
      vertex -9.00655 1.24352 5.59776
    endloop
  endfacet
  facet normal 0.0726044 -0.108661 0.991424
    outer loop
      vertex -5.63253 1.91466 5.59776
      vertex -5.69229 1.00293 5.50221
      vertex -5.19031 1.33834 5.50221
    endloop
  endfacet
  facet normal 0.0420087 -0.12375 0.991424
    outer loop
      vertex -6.51175 1.40704 5.59776
      vertex -6.99345 1.24352 5.59776
      vertex -6.23376 0.735908 5.50221
    endloop
  endfacet
  facet normal -0.0916737 -0.270051 0.958472
    outer loop
      vertex -10.2273 -0.377244 5.26668
      vertex -10.4025 -0.800216 5.13075
      vertex -9.62489 -1.06419 5.13075
    endloop
  endfacet
  facet normal -0.0250566 -0.382292 0.923702
    outer loop
      vertex -8 -1.27811 5.13075
      vertex -8.81946 -1.2244 5.13075
      vertex -8 -1.62851 4.98573
    endloop
  endfacet
  facet normal -0.025058 -0.382295 0.923701
    outer loop
      vertex -8.81946 -1.2244 5.13075
      vertex -8.86519 -1.5718 4.98573
      vertex -8 -1.62851 4.98573
    endloop
  endfacet
  facet normal -0.0747409 -0.375755 0.9237
    outer loop
      vertex -8.81946 -1.2244 5.13075
      vertex -9.71558 -1.40265 4.98573
      vertex -8.86519 -1.5718 4.98573
    endloop
  endfacet
  facet normal -0.173496 -0.5111 0.841829
    outer loop
      vertex -9.71558 -1.40265 4.98573
      vertex -10.5366 -1.12395 4.98573
      vertex -9.77692 -1.63156 4.83411
    endloop
  endfacet
  facet normal -0.173499 -0.511104 0.841826
    outer loop
      vertex -10.5366 -1.12395 4.98573
      vertex -10.6273 -1.34289 4.83411
      vertex -9.77692 -1.63156 4.83411
    endloop
  endfacet
  facet normal -0.126127 -0.255755 0.958479
    outer loop
      vertex -10.9101 -0.0405159 5.26668
      vertex -11.1391 -0.437001 5.13075
      vertex -10.2273 -0.377244 5.26668
    endloop
  endfacet
  facet normal -0.0556369 -0.279705 0.958472
    outer loop
      vertex -9.5064 -0.621965 5.26668
      vertex -9.62489 -1.06419 5.13075
      vertex -8.81946 -1.2244 5.13075
    endloop
  endfacet
  facet normal -0.0702288 -0.206884 0.975842
    outer loop
      vertex -9.36213 -0.0835495 5.39121
      vertex -10.014 0.137734 5.39121
      vertex -9.5064 -0.621965 5.26668
    endloop
  endfacet
  facet normal -0.0142891 -0.218011 0.975842
    outer loop
      vertex -8 -0.262878 5.39121
      vertex -8.7597 -0.770494 5.26668
      vertex -8 -0.820287 5.26668
    endloop
  endfacet
  facet normal -0.0861766 -0.0982497 0.991424
    outer loop
      vertex -10.7499 2.25007 5.59776
      vertex -10.8097 1.33834 5.50221
      vertex -10.3675 1.91466 5.59776
    endloop
  endfacet
  facet normal -0.0748942 -0.151864 0.98556
    outer loop
      vertex -9.76624 0.735908 5.50221
      vertex -10.6314 0.442214 5.39121
      vertex -10.014 0.137734 5.39121
    endloop
  endfacet
  facet normal -0.0940764 -0.140796 0.985559
    outer loop
      vertex -10.8097 1.33834 5.50221
      vertex -11.2038 0.824678 5.39121
      vertex -10.6314 0.442214 5.39121
    endloop
  endfacet
  facet normal -0.096635 -0.195949 0.975841
    outer loop
      vertex -10.014 0.137734 5.39121
      vertex -10.6314 0.442214 5.39121
      vertex -10.2273 -0.377244 5.26668
    endloop
  endfacet
  facet normal 0.284573 0.0186518 0.958473
    outer loop
      vertex -1.7756 5.81946 5.13075
      vertex -2.22951 5.7597 5.26668
      vertex -1.72189 5 5.13075
    endloop
  endfacet
  facet normal 0.270048 0.0916679 0.958473
    outer loop
      vertex -2.19978 7.40253 5.13075
      vertex -2.62276 7.22733 5.26668
      vertex -1.93581 6.62489 5.13075
    endloop
  endfacet
  facet normal 0.538583 -0.0353021 0.841833
    outer loop
      vertex -1.37149 5 4.98573
      vertex -1.4282 4.13481 4.98573
      vertex -1.1345 5 4.83411
    endloop
  endfacet
  facet normal 0.382295 -0.025058 0.923701
    outer loop
      vertex -1.37149 5 4.98573
      vertex -1.7756 4.18054 5.13075
      vertex -1.4282 4.13481 4.98573
    endloop
  endfacet
  facet normal 0.980785 -0.195091 4.25432e-17
    outer loop
      vertex -1.253 3.19215 4.67848
      vertex -1.07475 4.08827 4.6
      vertex -1.07475 4.08827 4.67848
    endloop
  endfacet
  facet normal 0.980785 -0.195091 4.25432e-17
    outer loop
      vertex -1.07475 4.08827 4.6
      vertex -1.253 3.19215 4.67848
      vertex -1.253 3.19215 4.6
    endloop
  endfacet
  facet normal 0.288038 -0.252604 0.923702
    outer loop
      vertex -2.74125 0.964819 4.98573
      vertex -3.56071 0.560707 5.13075
      vertex -3.31294 0.312936 4.98573
    endloop
  endfacet
  facet normal 0.164265 -0.144054 0.975841
    outer loop
      vertex -3.82468 1.79616 5.39121
      vertex -4.27858 1.27858 5.39121
      vertex -3.88444 0.884436 5.26668
    endloop
  endfacet
  facet normal 0.343601 -0.169449 0.923702
    outer loop
      vertex -2.19978 2.59747 5.13075
      vertex -2.563 1.86095 5.13075
      vertex -1.87605 2.46338 4.98573
    endloop
  endfacet
  facet normal 0.25578 -0.126135 0.958471
    outer loop
      vertex -2.62276 2.77267 5.26668
      vertex -2.95948 2.08986 5.26668
      vertex -2.563 1.86095 5.13075
    endloop
  endfacet
  facet normal 0.405806 -0.355879 0.841826
    outer loop
      vertex -2.74125 0.964819 4.98573
      vertex -3.14536 0.145361 4.83411
      vertex -2.55324 0.820551 4.83411
    endloop
  endfacet
  facet normal 0.484085 -0.238725 0.841826
    outer loop
      vertex -1.65711 2.37269 4.83411
      vertex -2.25954 1.68575 4.98573
      vertex -2.05431 1.56725 4.83411
    endloop
  endfacet
  facet normal 0.151862 -0.0748906 0.98556
    outer loop
      vertex -3.13773 2.98598 5.39121
      vertex -3.73591 3.23376 5.50221
      vertex -3.44221 2.36856 5.39121
    endloop
  endfacet
  facet normal 0.279708 -0.0556374 0.958472
    outer loop
      vertex -1.7756 4.18054 5.13075
      vertex -2.37803 3.4936 5.26668
      vertex -1.93581 3.37511 5.13075
    endloop
  endfacet
  facet normal 0.351059 -0.711883 0.60826
    outer loop
      vertex -4.50749 -1.0492 4.67848
      vertex -5.37269 -1.34289 4.83411
      vertex -5.32695 -1.45331 4.67848
    endloop
  endfacet
  facet normal 0.105297 -0.529374 0.841828
    outer loop
      vertex -6.28442 -1.40265 4.98573
      vertex -7.13481 -1.5718 4.98573
      vertex -6.22308 -1.63156 4.83411
    endloop
  endfacet
  facet normal 0.442286 -0.896874 0
    outer loop
      vertex -5.32695 -1.45331 4.6
      vertex -4.50749 -1.0492 4.67848
      vertex -5.32695 -1.45331 4.67848
    endloop
  endfacet
  facet normal 0.442286 -0.896874 0
    outer loop
      vertex -4.50749 -1.0492 4.67848
      vertex -5.32695 -1.45331 4.6
      vertex -4.50749 -1.0492 4.6
    endloop
  endfacet
  facet normal 0.405795 -0.355875 0.841834
    outer loop
      vertex -2.74125 0.964819 4.98573
      vertex -3.31294 0.312936 4.98573
      vertex -3.14536 0.145361 4.83411
    endloop
  endfacet
  facet normal 0.355875 -0.405795 0.841833
    outer loop
      vertex -3.31294 0.312936 4.98573
      vertex -3.96482 -0.258751 4.98573
      vertex -3.14536 0.145361 4.83411
    endloop
  endfacet
  facet normal 0.831466 -0.555576 1.872e-16
    outer loop
      vertex -2.45842 0.747794 4.67848
      vertex -1.9508 1.50749 4.6
      vertex -1.9508 1.50749 4.67848
    endloop
  endfacet
  facet normal 0.831466 -0.555576 1.872e-16
    outer loop
      vertex -1.9508 1.50749 4.6
      vertex -2.45842 0.747794 4.67848
      vertex -2.45842 0.747794 4.6
    endloop
  endfacet
  facet normal 0.751841 -0.659344 1.46446e-16
    outer loop
      vertex -3.06085 0.0608511 4.67848
      vertex -2.45842 0.747794 4.6
      vertex -2.45842 0.747794 4.67848
    endloop
  endfacet
  facet normal 0.751841 -0.659344 1.46446e-16
    outer loop
      vertex -2.45842 0.747794 4.6
      vertex -3.06085 0.0608511 4.67848
      vertex -3.06085 0.0608511 4.6
    endloop
  endfacet
  facet normal -0.946929 -0.321444 -1.17103e-16
    outer loop
      vertex -14.4533 2.32695 4.6
      vertex -14.747 3.19215 4.67848
      vertex -14.747 3.19215 4.6
    endloop
  endfacet
  facet normal -0.946929 -0.321444 -1.17103e-16
    outer loop
      vertex -14.747 3.19215 4.67848
      vertex -14.4533 2.32695 4.6
      vertex -14.4533 2.32695 4.67848
    endloop
  endfacet
  facet normal -0.980775 -0.195144 -1.4893e-16
    outer loop
      vertex -14.747 3.19215 4.6
      vertex -14.9253 4.08827 4.67848
      vertex -14.9253 4.08827 4.6
    endloop
  endfacet
  facet normal -0.980775 -0.195144 -1.4893e-16
    outer loop
      vertex -14.9253 4.08827 4.67848
      vertex -14.747 3.19215 4.6
      vertex -14.747 3.19215 4.67848
    endloop
  endfacet
  facet normal 0.440977 -0.659969 0.60826
    outer loop
      vertex -3.82055 -0.446765 4.83411
      vertex -4.56725 -0.945694 4.83411
      vertex -4.50749 -1.0492 4.67848
    endloop
  endfacet
  facet normal 0.238719 -0.484079 0.841832
    outer loop
      vertex -4.68575 -0.740458 4.98573
      vertex -5.37269 -1.34289 4.83411
      vertex -4.56725 -0.945694 4.83411
    endloop
  endfacet
  facet normal 0.169446 -0.343599 0.923704
    outer loop
      vertex -4.86095 -0.437001 5.13075
      vertex -5.59747 -0.800216 5.13075
      vertex -5.46338 -1.12395 4.98573
    endloop
  endfacet
  facet normal 0.0747409 -0.375755 0.9237
    outer loop
      vertex -6.28442 -1.40265 4.98573
      vertex -7.18054 -1.2244 5.13075
      vertex -7.13481 -1.5718 4.98573
    endloop
  endfacet
  facet normal 0.154854 -0.778503 0.608238
    outer loop
      vertex -6.22308 -1.63156 4.83411
      vertex -7.08827 -1.92525 4.67848
      vertex -6.19215 -1.747 4.67848
    endloop
  endfacet
  facet normal 0.105298 -0.529369 0.841832
    outer loop
      vertex -6.22308 -1.63156 4.83411
      vertex -7.13481 -1.5718 4.98573
      vertex -7.10387 -1.80676 4.83411
    endloop
  endfacet
  facet normal 0.0968132 0.0192554 0.995116
    outer loop
      vertex -4.14428 5.50762 5.59776
      vertex -5.00947 5.80131 5.67625
      vertex -4.93047 5.40411 5.67625
    endloop
  endfacet
  facet normal 0.12375 0.0420088 0.991424
    outer loop
      vertex -3.73591 6.76624 5.50221
      vertex -4.40704 6.48825 5.59776
      vertex -4.24352 6.00655 5.59776
    endloop
  endfacet
  facet normal 0.130406 0.00854693 0.991424
    outer loop
      vertex -3.38458 5 5.50221
      vertex -4.14428 5.50762 5.59776
      vertex -4.11101 5 5.59776
    endloop
  endfacet
  facet normal 0.130407 0.0085483 0.991424
    outer loop
      vertex -3.42407 5.60243 5.50221
      vertex -4.14428 5.50762 5.59776
      vertex -3.38458 5 5.50221
    endloop
  endfacet
  facet normal 0.0708306 0.00464262 0.997478
    outer loop
      vertex -4.90398 5 5.67625
      vertex -5.76917 5.29369 5.73632
      vertex -5.74992 5 5.73632
    endloop
  endfacet
  facet normal 0.0458783 0.00300711 0.998943
    outer loop
      vertex -5.76917 5.29369 5.73632
      vertex -6.63437 5 5.77694
      vertex -5.74992 5 5.73632
    endloop
  endfacet
  facet normal 0.0382284 -0.0255439 0.998942
    outer loop
      vertex -6.05138 3.87496 5.73632
      vertex -6.81733 4.31718 5.77694
      vertex -6.2149 3.63024 5.73632
    endloop
  endfacet
  facet normal 0.022565 -0.00147639 0.999744
    outer loop
      vertex -7.54218 5 5.79743
      vertex -7.54609 4.94024 5.79743
      vertex -6.63437 5 5.77694
    endloop
  endfacet
  facet normal 0.0696191 0.0138467 0.997478
    outer loop
      vertex -5.00947 5.80131 5.67625
      vertex -5.76917 5.29369 5.73632
      vertex -4.93047 5.40411 5.67625
    endloop
  endfacet
  facet normal 0.0458786 0.00300624 0.998943
    outer loop
      vertex -5.76917 5.29369 5.73632
      vertex -6.64605 5.17825 5.77694
      vertex -6.63437 5 5.77694
    endloop
  endfacet
  facet normal 0.0533663 0.0468017 0.997478
    outer loop
      vertex -5.81078 7.18922 5.67625
      vertex -6.40896 6.59104 5.73632
      vertex -6.2149 6.36976 5.73632
    endloop
  endfacet
  facet normal 0.0742151 0.0650845 0.995116
    outer loop
      vertex -5.25007 7.74993 5.59776
      vertex -5.81078 7.18922 5.67625
      vertex -5.54376 6.88474 5.67625
    endloop
  endfacet
  facet normal 0.0394346 0.0590196 0.997478
    outer loop
      vertex -6.45199 7.68123 5.67625
      vertex -6.63024 6.7851 5.73632
      vertex -6.11526 7.45624 5.67625
    endloop
  endfacet
  facet normal 0.00726869 0.0214134 0.999744
    outer loop
      vertex -7.4774 6.26168 5.77694
      vertex -7.88151 5.44222 5.79743
      vertex -7.8248 5.42297 5.79743
    endloop
  endfacet
  facet normal 0.130407 -0.0085483 0.991424
    outer loop
      vertex -3.38458 5 5.50221
      vertex -4.14428 4.49238 5.59776
      vertex -3.42407 4.39757 5.50221
    endloop
  endfacet
  facet normal 0.128176 -0.0254949 0.991424
    outer loop
      vertex -4.14428 4.49238 5.59776
      vertex -4.24352 3.99345 5.59776
      vertex -3.54185 3.80544 5.50221
    endloop
  endfacet
  facet normal 0.168964 -0.0110758 0.98556
    outer loop
      vertex -2.73712 5 5.39121
      vertex -3.38458 5 5.50221
      vertex -2.78215 4.31306 5.39121
    endloop
  endfacet
  facet normal 0.218011 -0.014291 0.975842
    outer loop
      vertex -2.73712 5 5.39121
      vertex -2.78215 4.31306 5.39121
      vertex -2.22951 4.2403 5.26668
    endloop
  endfacet
  facet normal -0.014908 0.0170037 0.999744
    outer loop
      vertex -8.2787 5.36321 5.79743
      vertex -8.96565 5.96565 5.77694
      vertex -8.32373 5.32373 5.79743
    endloop
  endfacet
  facet normal 0.0412358 0.0203348 0.998942
    outer loop
      vertex -6.05138 6.12504 5.73632
      vertex -6.81733 5.68282 5.77694
      vertex -6.73832 5.5226 5.77694
    endloop
  endfacet
  facet normal -0.0203348 0.0412358 0.998942
    outer loop
      vertex -8.5226 6.26168 5.77694
      vertex -9.12504 6.94862 5.73632
      vertex -8.68282 6.18267 5.77694
    endloop
  endfacet
  facet normal 0.0214134 0.00726869 0.999744
    outer loop
      vertex -6.73832 5.5226 5.77694
      vertex -7.57703 5.1752 5.79743
      vertex -7.55778 5.11849 5.79743
    endloop
  endfacet
  facet normal -0.00464262 0.0708306 0.997478
    outer loop
      vertex -8 8.09602 5.67625
      vertex -8.29369 7.23083 5.73632
      vertex -8 7.25008 5.73632
    endloop
  endfacet
  facet normal 0.0138479 0.0696183 0.997478
    outer loop
      vertex -7.19869 7.99053 5.67625
      vertex -7.70631 7.23083 5.73632
      vertex -7.41764 7.17341 5.73632
    endloop
  endfacet
  facet normal -0.154915 0.778588 0.608113
    outer loop
      vertex -8.91173 11.9253 4.67848
      vertex -9.80785 11.747 4.67848
      vertex -9.77692 11.6316 4.83411
    endloop
  endfacet
  facet normal -0.32146 0.946923 0
    outer loop
      vertex -9.80785 11.747 4.6
      vertex -10.673 11.4533 4.67848
      vertex -9.80785 11.747 4.67848
    endloop
  endfacet
  facet normal -0.32146 0.946923 0
    outer loop
      vertex -10.673 11.4533 4.67848
      vertex -9.80785 11.747 4.6
      vertex -10.673 11.4533 4.6
    endloop
  endfacet
  facet normal -0.362832 0.123162 0.92368
    outer loop
      vertex -14.1239 7.53662 4.98573
      vertex -14.4026 6.71558 4.98573
      vertex -14.0642 6.62489 5.13075
    endloop
  endfacet
  facet normal -0.510971 0.173448 0.841917
    outer loop
      vertex -14.1239 7.53662 4.98573
      vertex -14.6316 6.77692 4.83411
      vertex -14.4026 6.71558 4.98573
    endloop
  endfacet
  facet normal -0.660009 0.44099 0.608207
    outer loop
      vertex -13.5416 9.25221 4.67848
      vertex -14.0492 8.49251 4.67848
      vertex -13.4468 9.17945 4.83411
    endloop
  endfacet
  facet normal -0.896878 0.442277 7.31487e-17
    outer loop
      vertex -14.4533 7.67305 4.6
      vertex -14.0492 8.49251 4.67848
      vertex -14.0492 8.49251 4.6
    endloop
  endfacet
  facet normal -0.896878 0.442277 7.31487e-17
    outer loop
      vertex -14.0492 8.49251 4.67848
      vertex -14.4533 7.67305 4.6
      vertex -14.4533 7.67305 4.67848
    endloop
  endfacet
  facet normal -0.596759 0.523409 0.608212
    outer loop
      vertex -12.8546 9.85464 4.83411
      vertex -13.5416 9.25221 4.67848
      vertex -13.4468 9.17945 4.83411
    endloop
  endfacet
  facet normal -0.299927 0.448898 0.841745
    outer loop
      vertex -11.4327 10.9457 4.83411
      vertex -12.1794 10.4468 4.83411
      vertex -11.3143 10.7405 4.98573
    endloop
  endfacet
  facet normal -0.0352948 0.538567 0.841843
    outer loop
      vertex -8 11.8655 4.83411
      vertex -8.86519 11.5718 4.98573
      vertex -8 11.6285 4.98573
    endloop
  endfacet
  facet normal -0.173452 0.510969 0.841917
    outer loop
      vertex -9.77692 11.6316 4.83411
      vertex -10.5366 11.1239 4.98573
      vertex -9.71558 11.4026 4.98573
    endloop
  endfacet
  facet normal 0.06534 0.997863 -0
    outer loop
      vertex -7.08827 11.9253 4.6
      vertex -8 11.985 4.67848
      vertex -7.08827 11.9253 4.67848
    endloop
  endfacet
  facet normal 0.06534 0.997863 0
    outer loop
      vertex -8 11.985 4.67848
      vertex -7.08827 11.9253 4.6
      vertex -8 11.985 4.6
    endloop
  endfacet
  facet normal 0.173486 0.511017 0.841882
    outer loop
      vertex -5.37269 11.3429 4.83411
      vertex -6.22308 11.6316 4.83411
      vertex -5.46338 11.1239 4.98573
    endloop
  endfacet
  facet normal 0.442277 0.896878 -0
    outer loop
      vertex -4.50749 11.0492 4.6
      vertex -5.32695 11.4533 4.67848
      vertex -4.50749 11.0492 4.67848
    endloop
  endfacet
  facet normal 0.442277 0.896878 0
    outer loop
      vertex -5.32695 11.4533 4.67848
      vertex -4.50749 11.0492 4.6
      vertex -5.32695 11.4533 4.6
    endloop
  endfacet
  facet normal 0.169401 0.343586 0.923716
    outer loop
      vertex -4.68575 10.7405 4.98573
      vertex -5.46338 11.1239 4.98573
      vertex -4.86095 10.437 5.13075
    endloop
  endfacet
  facet normal 0.123162 0.362832 0.92368
    outer loop
      vertex -6.28442 11.4026 4.98573
      vertex -6.37511 11.0642 5.13075
      vertex -5.46338 11.1239 4.98573
    endloop
  endfacet
  facet normal 0.0747479 0.375807 0.923679
    outer loop
      vertex -6.28442 11.4026 4.98573
      vertex -7.18054 11.2244 5.13075
      vertex -6.37511 11.0642 5.13075
    endloop
  endfacet
  facet normal 0.173448 0.510971 0.841917
    outer loop
      vertex -6.22308 11.6316 4.83411
      vertex -6.28442 11.4026 4.98573
      vertex -5.46338 11.1239 4.98573
    endloop
  endfacet
  facet normal 0.181659 0.121382 0.975841
    outer loop
      vertex -3.38246 8.54317 5.26668
      vertex -3.44221 7.63144 5.39121
      vertex -2.95948 7.91014 5.26668
    endloop
  endfacet
  facet normal 0.14079 0.0940737 0.98556
    outer loop
      vertex -3.82468 8.20384 5.39121
      vertex -4.33834 7.80969 5.50221
      vertex -3.44221 7.63144 5.39121
    endloop
  endfacet
  facet normal 0.711874 0.351058 0.608271
    outer loop
      vertex -1.9508 8.49251 4.67848
      vertex -2.05431 8.43275 4.83411
      vertex -1.65711 7.62731 4.83411
    endloop
  endfacet
  facet normal 0.375752 0.0747416 0.923701
    outer loop
      vertex -1.59735 6.71558 4.98573
      vertex -1.93581 6.62489 5.13075
      vertex -1.7756 5.81946 5.13075
    endloop
  endfacet
  facet normal 0.40579 0.355872 0.841837
    outer loop
      vertex -3.14536 9.85464 4.83411
      vertex -3.31294 9.68706 4.98573
      vertex -2.74125 9.03518 4.98573
    endloop
  endfacet
  facet normal 0.355889 0.405774 0.841838
    outer loop
      vertex -3.14536 9.85464 4.83411
      vertex -3.96482 10.2588 4.98573
      vertex -3.31294 9.68706 4.98573
    endloop
  endfacet
  facet normal 0.237124 0.158439 0.958472
    outer loop
      vertex -3.01924 8.82187 5.13075
      vertex -3.38246 8.54317 5.26668
      vertex -2.563 8.13905 5.13075
    endloop
  endfacet
  facet normal 0.343599 0.169446 0.923703
    outer loop
      vertex -2.25954 8.31425 4.98573
      vertex -2.563 8.13905 5.13075
      vertex -1.87605 7.53662 4.98573
    endloop
  endfacet
  facet normal 0.0940737 0.14079 0.98556
    outer loop
      vertex -4.79616 9.17532 5.39121
      vertex -5.36856 9.55779 5.39121
      vertex -5.19031 8.66166 5.50221
    endloop
  endfacet
  facet normal 0.111644 0.127307 0.98556
    outer loop
      vertex -4.79616 9.17532 5.39121
      vertex -5.19031 8.66166 5.50221
      vertex -4.27858 8.72142 5.39121
    endloop
  endfacet
  facet normal 0.0578004 0.117209 0.991424
    outer loop
      vertex -6.23376 9.26409 5.50221
      vertex -6.51175 8.59296 5.59776
      vertex -5.69229 8.99707 5.50221
    endloop
  endfacet
  facet normal 0.0748906 0.151862 0.98556
    outer loop
      vertex -5.98598 9.86227 5.39121
      vertex -6.23376 9.26409 5.50221
      vertex -5.36856 9.55779 5.39121
    endloop
  endfacet
  facet normal 0.144055 0.164261 0.975841
    outer loop
      vertex -4.45683 9.61754 5.26668
      vertex -4.79616 9.17532 5.39121
      vertex -3.88444 9.11556 5.26668
    endloop
  endfacet
  facet normal 0.144055 0.164265 0.975841
    outer loop
      vertex -3.88444 9.11556 5.26668
      vertex -4.79616 9.17532 5.39121
      vertex -4.27858 8.72142 5.39121
    endloop
  endfacet
  facet normal -0.00999952 0.0202823 0.999744
    outer loop
      vertex -8.1752 5.42297 5.79743
      vertex -8.5226 6.26168 5.77694
      vertex -8.22891 5.39649 5.79743
    endloop
  endfacet
  facet normal 0.0142825 0.218027 0.975838
    outer loop
      vertex -7.2403 10.7705 5.26668
      vertex -8 10.2629 5.39121
      vertex -7.31306 10.2179 5.39121
    endloop
  endfacet
  facet normal 0.0313953 0.0636618 0.997478
    outer loop
      vertex -6.8152 7.86035 5.67625
      vertex -7.13893 7.0788 5.73632
      vertex -6.45199 7.68123 5.67625
    endloop
  endfacet
  facet normal 0.0436595 0.0885303 0.995116
    outer loop
      vertex -6.51175 8.59296 5.59776
      vertex -6.8152 7.86035 5.67625
      vertex -6.45199 7.68123 5.67625
    endloop
  endfacet
  facet normal 0.072605 0.108661 0.991424
    outer loop
      vertex -5.69229 8.99707 5.50221
      vertex -6.0555 8.36796 5.59776
      vertex -5.63253 8.08534 5.59776
    endloop
  endfacet
  facet normal 0.0578011 0.117208 0.991424
    outer loop
      vertex -5.69229 8.99707 5.50221
      vertex -6.51175 8.59296 5.59776
      vertex -6.0555 8.36796 5.59776
    endloop
  endfacet
  facet normal 0.128176 0.0254949 0.991424
    outer loop
      vertex -3.54185 6.19456 5.50221
      vertex -4.24352 6.00655 5.59776
      vertex -4.14428 5.50762 5.59776
    endloop
  endfacet
  facet normal 0.128176 0.0254953 0.991424
    outer loop
      vertex -3.54185 6.19456 5.50221
      vertex -4.14428 5.50762 5.59776
      vertex -3.42407 5.60243 5.50221
    endloop
  endfacet
  facet normal 0.098254 0.0861687 0.991424
    outer loop
      vertex -4.73641 8.26359 5.50221
      vertex -5.25007 7.74993 5.59776
      vertex -4.33834 7.80969 5.50221
    endloop
  endfacet
  facet normal 0.127303 0.111644 0.985561
    outer loop
      vertex -4.27858 8.72142 5.39121
      vertex -4.73641 8.26359 5.50221
      vertex -4.33834 7.80969 5.50221
    endloop
  endfacet
  facet normal 0.117208 0.0578011 0.991424
    outer loop
      vertex -4.00293 7.30771 5.50221
      vertex -4.63204 6.9445 5.59776
      vertex -4.40704 6.48825 5.59776
    endloop
  endfacet
  facet normal 0.0885303 0.0436588 0.995116
    outer loop
      vertex -4.63204 6.9445 5.59776
      vertex -5.31877 6.54801 5.67625
      vertex -4.40704 6.48825 5.59776
    endloop
  endfacet
  facet normal 0.0820757 0.0548398 0.995116
    outer loop
      vertex -4.91466 7.36747 5.59776
      vertex -5.54376 6.88474 5.67625
      vertex -5.31877 6.54801 5.67625
    endloop
  endfacet
  facet normal 0.0742145 0.0650847 0.995116
    outer loop
      vertex -5.25007 7.74993 5.59776
      vertex -5.54376 6.88474 5.67625
      vertex -4.91466 7.36747 5.59776
    endloop
  endfacet
  facet normal 0.946932 0.321434 -3.67343e-16
    outer loop
      vertex -1.253 6.80785 4.67848
      vertex -1.54669 7.67305 4.6
      vertex -1.54669 7.67305 4.67848
    endloop
  endfacet
  facet normal 0.946932 0.321434 -3.67343e-16
    outer loop
      vertex -1.54669 7.67305 4.6
      vertex -1.253 6.80785 4.67848
      vertex -1.253 6.80785 4.6
    endloop
  endfacet
  facet normal 0.751632 0.25514 0.608237
    outer loop
      vertex -1.253 6.80785 4.67848
      vertex -1.54669 7.67305 4.67848
      vertex -1.36844 6.77692 4.83411
    endloop
  endfacet
  facet normal 0.711883 0.351059 0.60826
    outer loop
      vertex -1.54669 7.67305 4.67848
      vertex -1.9508 8.49251 4.67848
      vertex -1.65711 7.62731 4.83411
    endloop
  endfacet
  facet normal 0.896874 0.442286 -3.23767e-16
    outer loop
      vertex -1.54669 7.67305 4.67848
      vertex -1.9508 8.49251 4.6
      vertex -1.9508 8.49251 4.67848
    endloop
  endfacet
  facet normal 0.896874 0.442286 -3.23767e-16
    outer loop
      vertex -1.9508 8.49251 4.6
      vertex -1.54669 7.67305 4.67848
      vertex -1.54669 7.67305 4.6
    endloop
  endfacet
  facet normal 0.75184 0.659346 -7.09341e-17
    outer loop
      vertex -2.45842 9.25221 4.67848
      vertex -3.06085 9.93915 4.6
      vertex -3.06085 9.93915 4.67848
    endloop
  endfacet
  facet normal 0.75184 0.659346 -7.09341e-17
    outer loop
      vertex -3.06085 9.93915 4.6
      vertex -2.45842 9.25221 4.67848
      vertex -2.45842 9.25221 4.6
    endloop
  endfacet
  facet normal -0.660011 -0.440994 0.608202
    outer loop
      vertex -13.4468 0.820551 4.83411
      vertex -14.0492 1.50749 4.67848
      vertex -13.5416 0.747794 4.67848
    endloop
  endfacet
  facet normal -0.27972 -0.0556363 0.958468
    outer loop
      vertex -13.622 3.4936 5.26668
      vertex -14.2244 4.18054 5.13075
      vertex -14.0642 3.37511 5.13075
    endloop
  endfacet
  facet normal -0.270034 -0.0916736 0.958477
    outer loop
      vertex -13.3772 2.77267 5.26668
      vertex -14.0642 3.37511 5.13075
      vertex -13.8002 2.59747 5.13075
    endloop
  endfacet
  facet normal -0.529227 -0.105299 0.841921
    outer loop
      vertex -14.5718 4.13481 4.98573
      vertex -14.6316 3.22308 4.83411
      vertex -14.4026 3.28442 4.98573
    endloop
  endfacet
  facet normal -0.792032 -0.0518812 0.608271
    outer loop
      vertex -14.8655 5 4.83411
      vertex -14.9253 4.08827 4.67848
      vertex -14.8068 4.10387 4.83411
    endloop
  endfacet
  facet normal -0.206863 -0.070193 0.975849
    outer loop
      vertex -13.0835 3.63787 5.39121
      vertex -13.622 3.4936 5.26668
      vertex -12.8623 2.98598 5.39121
    endloop
  endfacet
  facet normal -0.284579 -0.0186488 0.958471
    outer loop
      vertex -13.7705 4.2403 5.26668
      vertex -14.2781 5 5.13075
      vertex -14.2244 4.18054 5.13075
    endloop
  endfacet
  facet normal -0.0982465 -0.0861686 0.991425
    outer loop
      vertex -10.7499 2.25007 5.59776
      vertex -11.6617 2.19031 5.50221
      vertex -11.2636 1.73641 5.50221
    endloop
  endfacet
  facet normal -0.0696211 -0.0138437 0.997477
    outer loop
      vertex -10.2308 4.70631 5.73632
      vertex -10.9905 4.19869 5.67625
      vertex -10.1734 4.41764 5.73632
    endloop
  endfacet
  facet normal -0.0696211 0.0138437 0.997477
    outer loop
      vertex -10.1734 5.58236 5.73632
      vertex -10.9905 5.80131 5.67625
      vertex -10.2308 5.29369 5.73632
    endloop
  endfacet
  facet normal -0.0228166 -0.0672151 0.997478
    outer loop
      vertex -8.58236 2.82659 5.73632
      vertex -8.86107 2.9212 5.73632
      vertex -8.80131 2.00947 5.67625
    endloop
  endfacet
  facet normal 0.0125661 0.0188001 0.999744
    outer loop
      vertex -7.16866 6.08343 5.77694
      vertex -7.77109 5.39649 5.79743
      vertex -7.7213 5.36321 5.79743
    endloop
  endfacet
  facet normal -0.0394362 0.0590193 0.997478
    outer loop
      vertex -9.12504 6.94862 5.73632
      vertex -9.54801 7.68123 5.67625
      vertex -9.36976 6.7851 5.73632
    endloop
  endfacet
  facet normal -0.0982465 0.0861686 0.991425
    outer loop
      vertex -11.2636 8.26359 5.50221
      vertex -11.6617 7.80969 5.50221
      vertex -10.7499 7.74993 5.59776
    endloop
  endfacet
  facet normal -0.0544282 0.16034 0.98556
    outer loop
      vertex -9.19456 9.45815 5.50221
      vertex -10.014 9.86227 5.39121
      vertex -9.76624 9.26409 5.50221
    endloop
  endfacet
  facet normal -0.218027 -0.0142825 0.975838
    outer loop
      vertex -13.2629 5 5.39121
      vertex -13.7705 4.2403 5.26668
      vertex -13.2179 4.31306 5.39121
    endloop
  endfacet
  facet normal -0.0984952 -0.00646131 0.995117
    outer loop
      vertex -11.096 5 5.67625
      vertex -11.889 5 5.59776
      vertex -11.8557 4.49238 5.59776
    endloop
  endfacet
  facet normal -0.117215 0.0577989 0.991423
    outer loop
      vertex -11.9971 7.30771 5.50221
      vertex -12.2641 6.76624 5.50221
      vertex -11.593 6.48825 5.59776
    endloop
  endfacet
  facet normal -0.0934668 0.0317248 0.995117
    outer loop
      vertex -11.593 6.48825 5.59776
      vertex -11.7565 6.00655 5.59776
      vertex -10.9905 5.80131 5.67625
    endloop
  endfacet
  facet normal -0.214417 0.188051 0.958469
    outer loop
      vertex -12.4393 9.43929 5.13075
      vertex -12.9808 8.82187 5.13075
      vertex -12.1156 9.11556 5.26668
    endloop
  endfacet
  facet normal -0.140796 0.0940857 0.985558
    outer loop
      vertex -12.1753 8.20384 5.39121
      vertex -12.5578 7.63144 5.39121
      vertex -11.6617 7.80969 5.50221
    endloop
  endfacet
  facet normal -0.214297 0.0426182 0.975838
    outer loop
      vertex -13.622 6.5064 5.26668
      vertex -13.7705 5.7597 5.26668
      vertex -13.2179 5.68694 5.39121
    endloop
  endfacet
  facet normal -0.284579 0.0186488 0.958471
    outer loop
      vertex -14.2244 5.81946 5.13075
      vertex -14.2781 5 5.13075
      vertex -13.7705 5.7597 5.26668
    endloop
  endfacet
  facet normal -0.0064567 0.0984983 0.995116
    outer loop
      vertex -8 8.09602 5.67625
      vertex -8.50762 8.85572 5.59776
      vertex -8.40411 8.06953 5.67625
    endloop
  endfacet
  facet normal 0.0702529 0.206893 0.975838
    outer loop
      vertex -5.77267 10.3772 5.26668
      vertex -6.4936 10.622 5.26668
      vertex -5.98598 9.86227 5.39121
    endloop
  endfacet
  facet normal 0.0142913 0.218015 0.975841
    outer loop
      vertex -8 10.8203 5.26668
      vertex -8 10.2629 5.39121
      vertex -7.2403 10.7705 5.26668
    endloop
  endfacet
  facet normal 0.0426182 0.214297 0.975838
    outer loop
      vertex -7.2403 10.7705 5.26668
      vertex -7.31306 10.2179 5.39121
      vertex -6.4936 10.622 5.26668
    endloop
  endfacet
  facet normal 0.0085483 0.130407 0.991424
    outer loop
      vertex -7.39757 9.57593 5.50221
      vertex -8 9.61542 5.50221
      vertex -7.49238 8.85572 5.59776
    endloop
  endfacet
  facet normal -0.123165 0.362831 0.923679
    outer loop
      vertex -9.71558 11.4026 4.98573
      vertex -10.5366 11.1239 4.98573
      vertex -9.62489 11.0642 5.13075
    endloop
  endfacet
  facet normal -0.980775 0.195144 1.4893e-16
    outer loop
      vertex -14.9253 5.91173 4.6
      vertex -14.747 6.80785 4.67848
      vertex -14.747 6.80785 4.6
    endloop
  endfacet
  facet normal -0.980775 0.195144 1.4893e-16
    outer loop
      vertex -14.747 6.80785 4.67848
      vertex -14.9253 5.91173 4.6
      vertex -14.9253 5.91173 4.67848
    endloop
  endfacet
  facet normal -0.778588 0.154915 0.608113
    outer loop
      vertex -14.747 6.80785 4.67848
      vertex -14.9253 5.91173 4.67848
      vertex -14.6316 6.77692 4.83411
    endloop
  endfacet
  facet normal -0.440947 -0.659923 0.608332
    outer loop
      vertex -11.4327 -0.945694 4.83411
      vertex -12.1794 -0.446765 4.83411
      vertex -11.4925 -1.0492 4.67848
    endloop
  endfacet
  facet normal -0.23871 -0.484091 0.841827
    outer loop
      vertex -10.5366 -1.12395 4.98573
      vertex -11.3143 -0.740458 4.98573
      vertex -10.6273 -1.34289 4.83411
    endloop
  endfacet
  facet normal -0.169429 -0.343601 0.923706
    outer loop
      vertex -10.4025 -0.800216 5.13075
      vertex -11.1391 -0.437001 5.13075
      vertex -10.5366 -1.12395 4.98573
    endloop
  endfacet
  facet normal -0.23876 -0.484138 0.841786
    outer loop
      vertex -11.3143 -0.740458 4.98573
      vertex -11.4327 -0.945694 4.83411
      vertex -10.6273 -1.34289 4.83411
    endloop
  endfacet
  facet normal -0.255153 -0.751628 0.608237
    outer loop
      vertex -9.77692 -1.63156 4.83411
      vertex -10.673 -1.45331 4.67848
      vertex -9.80785 -1.747 4.67848
    endloop
  endfacet
  facet normal -0.659369 -0.751819 0
    outer loop
      vertex -12.9391 0.0608511 4.6
      vertex -12.2522 -0.541582 4.67848
      vertex -12.9391 0.0608511 4.67848
    endloop
  endfacet
  facet normal -0.659369 -0.751819 -0
    outer loop
      vertex -12.2522 -0.541582 4.67848
      vertex -12.9391 0.0608511 4.6
      vertex -12.2522 -0.541582 4.6
    endloop
  endfacet
  facet normal -0.299912 -0.448851 0.841775
    outer loop
      vertex -11.3143 -0.740458 4.98573
      vertex -12.1794 -0.446765 4.83411
      vertex -11.4327 -0.945694 4.83411
    endloop
  endfacet
  facet normal -0.351054 -0.711837 0.608317
    outer loop
      vertex -11.4327 -0.945694 4.83411
      vertex -11.4925 -1.0492 4.67848
      vertex -10.6273 -1.34289 4.83411
    endloop
  endfacet
  facet normal -0.154854 -0.778502 0.60824
    outer loop
      vertex -8.89613 -1.80676 4.83411
      vertex -9.77692 -1.63156 4.83411
      vertex -8.91173 -1.92525 4.67848
    endloop
  endfacet
  facet normal -0.255774 -0.126124 0.958474
    outer loop
      vertex -13.3772 2.77267 5.26668
      vertex -13.437 1.86095 5.13075
      vertex -13.0405 2.08986 5.26668
    endloop
  endfacet
  facet normal -0.255765 -0.126125 0.958476
    outer loop
      vertex -13.3772 2.77267 5.26668
      vertex -13.8002 2.59747 5.13075
      vertex -13.437 1.86095 5.13075
    endloop
  endfacet
  facet normal -0.181665 -0.121391 0.975839
    outer loop
      vertex -12.5578 2.36856 5.39121
      vertex -13.0405 2.08986 5.26668
      vertex -12.6175 1.45683 5.26668
    endloop
  endfacet
  facet normal -0.237099 -0.158409 0.958484
    outer loop
      vertex -12.6175 1.45683 5.26668
      vertex -13.437 1.86095 5.13075
      vertex -12.9808 1.17813 5.13075
    endloop
  endfacet
  facet normal -0.123744 -0.0420144 0.991424
    outer loop
      vertex -11.7565 3.99345 5.59776
      vertex -12.4582 3.80544 5.50221
      vertex -12.2641 3.23376 5.50221
    endloop
  endfacet
  facet normal -0.12818 -0.0254787 0.991424
    outer loop
      vertex -11.8557 4.49238 5.59776
      vertex -12.5759 4.39757 5.50221
      vertex -12.4582 3.80544 5.50221
    endloop
  endfacet
  facet normal -0.343586 -0.169401 0.923716
    outer loop
      vertex -13.437 1.86095 5.13075
      vertex -14.1239 2.46338 4.98573
      vertex -13.7405 1.68575 4.98573
    endloop
  endfacet
  facet normal -0.343627 -0.169453 0.923692
    outer loop
      vertex -13.8002 2.59747 5.13075
      vertex -14.1239 2.46338 4.98573
      vertex -13.437 1.86095 5.13075
    endloop
  endfacet
  facet normal -0.448824 -0.299877 0.841802
    outer loop
      vertex -13.7405 1.68575 4.98573
      vertex -13.9457 1.56725 4.83411
      vertex -13.4468 0.820551 4.83411
    endloop
  endfacet
  facet normal -0.484124 -0.238744 0.841799
    outer loop
      vertex -13.7405 1.68575 4.98573
      vertex -14.3429 2.37269 4.83411
      vertex -13.9457 1.56725 4.83411
    endloop
  endfacet
  facet normal -0.318543 -0.212839 0.923705
    outer loop
      vertex -12.9808 1.17813 5.13075
      vertex -13.7405 1.68575 4.98573
      vertex -13.2588 0.964819 4.98573
    endloop
  endfacet
  facet normal -0.4488 -0.299872 0.841817
    outer loop
      vertex -13.2588 0.964819 4.98573
      vertex -13.7405 1.68575 4.98573
      vertex -13.4468 0.820551 4.83411
    endloop
  endfacet
  facet normal -0.140794 -0.094072 0.985559
    outer loop
      vertex -11.9971 2.69229 5.50221
      vertex -12.5578 2.36856 5.39121
      vertex -11.6617 2.19031 5.50221
    endloop
  endfacet
  facet normal -0.108652 -0.0725964 0.991425
    outer loop
      vertex -11.0853 2.63253 5.59776
      vertex -11.9971 2.69229 5.50221
      vertex -11.6617 2.19031 5.50221
    endloop
  endfacet
  facet normal 0.0940722 -0.14079 0.98556
    outer loop
      vertex -5.19031 1.33834 5.50221
      vertex -5.69229 1.00293 5.50221
      vertex -5.36856 0.442214 5.39121
    endloop
  endfacet
  facet normal 0.108661 -0.0726044 0.991424
    outer loop
      vertex -4.00293 2.69229 5.50221
      vertex -4.91466 2.63253 5.59776
      vertex -4.33834 2.19031 5.50221
    endloop
  endfacet
  facet normal 0.0742151 -0.0650845 0.995116
    outer loop
      vertex -5.54376 3.11526 5.67625
      vertex -5.81078 2.81078 5.67625
      vertex -5.25007 2.25007 5.59776
    endloop
  endfacet
  facet normal 0.0345682 -0.0303138 0.998942
    outer loop
      vertex -6.91657 4.16866 5.77694
      vertex -7.03435 4.03435 5.77694
      vertex -6.2149 3.63024 5.73632
    endloop
  endfacet
  facet normal -0.00300624 -0.0458786 0.998943
    outer loop
      vertex -8.17825 3.64605 5.77694
      vertex -8.29369 2.76917 5.73632
      vertex -8 3.63437 5.77694
    endloop
  endfacet
  facet normal 0.0382284 -0.0255439 0.998942
    outer loop
      vertex -6.81733 4.31718 5.77694
      vertex -6.91657 4.16866 5.77694
      vertex -6.2149 3.63024 5.73632
    endloop
  endfacet
  facet normal 0.0303138 -0.0345682 0.998942
    outer loop
      vertex -7.03435 4.03435 5.77694
      vertex -7.16866 3.91657 5.77694
      vertex -6.63024 3.2149 5.73632
    endloop
  endfacet
  facet normal -0.0125661 -0.0188001 0.999744
    outer loop
      vertex -8.2787 4.63679 5.79743
      vertex -8.83134 3.91657 5.77694
      vertex -8.22891 4.60351 5.79743
    endloop
  endfacet
  facet normal -0.0255439 -0.0382284 0.998942
    outer loop
      vertex -8.83134 3.91657 5.77694
      vertex -9.36976 3.2149 5.73632
      vertex -8.68282 3.81733 5.77694
    endloop
  endfacet
  facet normal -0.0345682 -0.0303138 0.998942
    outer loop
      vertex -9.08343 4.16866 5.77694
      vertex -9.7851 3.63024 5.73632
      vertex -8.96565 4.03435 5.77694
    endloop
  endfacet
  facet normal 0.0188001 0.0125661 0.999744
    outer loop
      vertex -6.91657 5.83134 5.77694
      vertex -7.63679 5.2787 5.79743
      vertex -7.60351 5.22891 5.79743
    endloop
  endfacet
  facet normal 0.0214132 -0.00726898 0.999744
    outer loop
      vertex -6.6809 4.64655 5.77694
      vertex -7.55778 4.88151 5.79743
      vertex -6.73832 4.4774 5.77694
    endloop
  endfacet
  facet normal -0.0188023 -0.0125636 0.999744
    outer loop
      vertex -8.39649 4.77109 5.79743
      vertex -9.18267 4.31718 5.77694
      vertex -9.08343 4.16866 5.77694
    endloop
  endfacet
  facet normal 0.0412351 -0.0203356 0.998943
    outer loop
      vertex -5.9212 4.13893 5.73632
      vertex -6.73832 4.4774 5.77694
      vertex -6.05138 3.87496 5.73632
    endloop
  endfacet
  facet normal -0.022179 -0.00441175 0.999744
    outer loop
      vertex -8.45391 4.94024 5.79743
      vertex -9.35395 4.82175 5.77694
      vertex -9.3191 4.64655 5.77694
    endloop
  endfacet
  facet normal -0.045095 -0.00897009 0.998942
    outer loop
      vertex -9.35395 4.82175 5.77694
      vertex -10.2308 4.70631 5.73632
      vertex -9.3191 4.64655 5.77694
    endloop
  endfacet
  facet normal 0.0556369 -0.279705 0.958472
    outer loop
      vertex -6.4936 -0.621965 5.26668
      vertex -7.18054 -1.2244 5.13075
      vertex -6.37511 -1.06419 5.13075
    endloop
  endfacet
  facet normal 0.0186519 -0.284575 0.958472
    outer loop
      vertex -8 -0.820287 5.26668
      vertex -8 -1.27811 5.13075
      vertex -7.2403 -0.770494 5.26668
    endloop
  endfacet
  facet normal 0.126136 -0.255776 0.958472
    outer loop
      vertex -5.08986 -0.0405159 5.26668
      vertex -5.77267 -0.377244 5.26668
      vertex -4.86095 -0.437001 5.13075
    endloop
  endfacet
  facet normal 0.0966321 -0.195948 0.975841
    outer loop
      vertex -5.36856 0.442214 5.39121
      vertex -5.77267 -0.377244 5.26668
      vertex -5.08986 -0.0405159 5.26668
    endloop
  endfacet
  facet normal 0.111644 -0.127307 0.98556
    outer loop
      vertex -4.27858 1.27858 5.39121
      vertex -5.19031 1.33834 5.50221
      vertex -4.79616 0.824678 5.39121
    endloop
  endfacet
  facet normal 0.111644 -0.127303 0.985561
    outer loop
      vertex -4.73641 1.73641 5.50221
      vertex -5.19031 1.33834 5.50221
      vertex -4.27858 1.27858 5.39121
    endloop
  endfacet
  facet normal 0.0548405 -0.0820744 0.995116
    outer loop
      vertex -5.63253 1.91466 5.59776
      vertex -6.45199 2.31877 5.67625
      vertex -6.0555 1.63204 5.59776
    endloop
  endfacet
  facet normal -0.00464262 -0.0708306 0.997478
    outer loop
      vertex -8 2.74992 5.73632
      vertex -8.29369 2.76917 5.73632
      vertex -8 1.90398 5.67625
    endloop
  endfacet
  facet normal -0.0654054 -0.997859 0
    outer loop
      vertex -8.91173 -1.92525 4.6
      vertex -8 -1.98501 4.67848
      vertex -8.91173 -1.92525 4.67848
    endloop
  endfacet
  facet normal -0.0654054 -0.997859 -0
    outer loop
      vertex -8 -1.98501 4.67848
      vertex -8.91173 -1.92525 4.6
      vertex -8 -1.98501 4.6
    endloop
  endfacet
  facet normal -0.0353035 -0.538586 0.841831
    outer loop
      vertex -8.86519 -1.5718 4.98573
      vertex -8.89613 -1.80676 4.83411
      vertex -8 -1.8655 4.83411
    endloop
  endfacet
  facet normal -0.123149 -0.362771 0.923705
    outer loop
      vertex -10.4025 -0.800216 5.13075
      vertex -10.5366 -1.12395 4.98573
      vertex -9.62489 -1.06419 5.13075
    endloop
  endfacet
  facet normal -0.123148 -0.362781 0.923701
    outer loop
      vertex -9.62489 -1.06419 5.13075
      vertex -10.5366 -1.12395 4.98573
      vertex -9.71558 -1.40265 4.98573
    endloop
  endfacet
  facet normal 0.0544277 -0.160341 0.98556
    outer loop
      vertex -5.98598 0.137734 5.39121
      vertex -6.80544 0.541846 5.50221
      vertex -6.63787 -0.0835495 5.39121
    endloop
  endfacet
  facet normal 0.0426235 -0.214281 0.975842
    outer loop
      vertex -6.4936 -0.621965 5.26668
      vertex -7.31306 -0.217854 5.39121
      vertex -7.2403 -0.770494 5.26668
    endloop
  endfacet
  facet normal -0.0142891 -0.218012 0.975842
    outer loop
      vertex -8.68694 -0.217854 5.39121
      vertex -8.7597 -0.770494 5.26668
      vertex -8 -0.262878 5.39121
    endloop
  endfacet
  facet normal 0.0110744 -0.168964 0.98556
    outer loop
      vertex -8 0.38458 5.50221
      vertex -8 -0.262878 5.39121
      vertex -7.31306 -0.217854 5.39121
    endloop
  endfacet
  facet normal -0.0330334 -0.166073 0.98556
    outer loop
      vertex -8.60243 0.424066 5.50221
      vertex -9.19456 0.541846 5.50221
      vertex -8.68694 -0.217854 5.39121
    endloop
  endfacet
  facet normal -0.0110744 -0.168964 0.98556
    outer loop
      vertex -8 0.38458 5.50221
      vertex -8.68694 -0.217854 5.39121
      vertex -8 -0.262878 5.39121
    endloop
  endfacet
  facet normal -0.0820745 -0.0548414 0.995116
    outer loop
      vertex -10.6812 3.45199 5.67625
      vertex -11.0853 2.63253 5.59776
      vertex -10.4562 3.11526 5.67625
    endloop
  endfacet
  facet normal -0.0742184 -0.0650825 0.995116
    outer loop
      vertex -10.4562 3.11526 5.67625
      vertex -10.7499 2.25007 5.59776
      vertex -10.1892 2.81078 5.67625
    endloop
  endfacet
  facet normal -0.0544292 -0.160341 0.98556
    outer loop
      vertex -9.76624 0.735908 5.50221
      vertex -10.014 0.137734 5.39121
      vertex -9.19456 0.541846 5.50221
    endloop
  endfacet
  facet normal -0.0748934 -0.151867 0.985559
    outer loop
      vertex -10.3077 1.00293 5.50221
      vertex -10.6314 0.442214 5.39121
      vertex -9.76624 0.735908 5.50221
    endloop
  endfacet
  facet normal -0.0544292 -0.160341 0.98556
    outer loop
      vertex -9.19456 0.541846 5.50221
      vertex -10.014 0.137734 5.39121
      vertex -9.36213 -0.0835495 5.39121
    endloop
  endfacet
  facet normal -0.0702305 -0.206885 0.975841
    outer loop
      vertex -10.014 0.137734 5.39121
      vertex -10.2273 -0.377244 5.26668
      vertex -9.5064 -0.621965 5.26668
    endloop
  endfacet
  facet normal 0.206887 0.0702307 0.975841
    outer loop
      vertex -2.62276 7.22733 5.26668
      vertex -3.13773 7.01402 5.39121
      vertex -2.37803 6.5064 5.26668
    endloop
  endfacet
  facet normal 0.270053 0.0916732 0.958471
    outer loop
      vertex -1.93581 6.62489 5.13075
      vertex -2.62276 7.22733 5.26668
      vertex -2.37803 6.5064 5.26668
    endloop
  endfacet
  facet normal 0.21428 0.0426218 0.975842
    outer loop
      vertex -2.37803 6.5064 5.26668
      vertex -2.91645 6.36213 5.39121
      vertex -2.78215 5.68694 5.39121
    endloop
  endfacet
  facet normal 0.206883 0.0702253 0.975842
    outer loop
      vertex -2.37803 6.5064 5.26668
      vertex -3.13773 7.01402 5.39121
      vertex -2.91645 6.36213 5.39121
    endloop
  endfacet
  facet normal 0.218011 0.014291 0.975842
    outer loop
      vertex -2.22951 5.7597 5.26668
      vertex -2.78215 5.68694 5.39121
      vertex -2.73712 5 5.39121
    endloop
  endfacet
  facet normal 0.218011 0.0142911 0.975842
    outer loop
      vertex -2.22951 5.7597 5.26668
      vertex -2.73712 5 5.39121
      vertex -2.17971 5 5.26668
    endloop
  endfacet
  facet normal 0.362782 0.123145 0.923702
    outer loop
      vertex -1.87605 7.53662 4.98573
      vertex -1.93581 6.62489 5.13075
      vertex -1.59735 6.71558 4.98573
    endloop
  endfacet
  facet normal 0.36278 0.123146 0.923702
    outer loop
      vertex -1.87605 7.53662 4.98573
      vertex -2.19978 7.40253 5.13075
      vertex -1.93581 6.62489 5.13075
    endloop
  endfacet
  facet normal 0.529374 -0.105297 0.841828
    outer loop
      vertex -1.4282 4.13481 4.98573
      vertex -1.59735 3.28442 4.98573
      vertex -1.36844 3.22308 4.83411
    endloop
  endfacet
  facet normal 0.375755 -0.0747409 0.9237
    outer loop
      vertex -1.4282 4.13481 4.98573
      vertex -1.7756 4.18054 5.13075
      vertex -1.59735 3.28442 4.98573
    endloop
  endfacet
  facet normal 0.538586 -0.0353035 0.841831
    outer loop
      vertex -1.1345 5 4.83411
      vertex -1.4282 4.13481 4.98573
      vertex -1.19324 4.10387 4.83411
    endloop
  endfacet
  facet normal 0.529369 -0.105298 0.841832
    outer loop
      vertex -1.19324 4.10387 4.83411
      vertex -1.4282 4.13481 4.98573
      vertex -1.36844 3.22308 4.83411
    endloop
  endfacet
  facet normal 0.448786 -0.299868 0.841826
    outer loop
      vertex -2.25954 1.68575 4.98573
      vertex -2.74125 0.964819 4.98573
      vertex -2.55324 0.820551 4.83411
    endloop
  endfacet
  facet normal 0.214413 -0.188037 0.958472
    outer loop
      vertex -3.01924 1.17813 5.13075
      vertex -3.88444 0.884436 5.26668
      vertex -3.56071 0.560707 5.13075
    endloop
  endfacet
  facet normal 0.12138 -0.18166 0.975841
    outer loop
      vertex -4.45683 0.382456 5.26668
      vertex -5.36856 0.442214 5.39121
      vertex -5.08986 -0.0405159 5.26668
    endloop
  endfacet
  facet normal 0.237126 -0.158444 0.958471
    outer loop
      vertex -2.95948 2.08986 5.26668
      vertex -3.38246 1.45683 5.26668
      vertex -2.563 1.86095 5.13075
    endloop
  endfacet
  facet normal 0.14079 -0.0940737 0.98556
    outer loop
      vertex -3.44221 2.36856 5.39121
      vertex -4.33834 2.19031 5.50221
      vertex -3.82468 1.79616 5.39121
    endloop
  endfacet
  facet normal 0.127307 -0.111644 0.98556
    outer loop
      vertex -3.82468 1.79616 5.39121
      vertex -4.33834 2.19031 5.50221
      vertex -4.27858 1.27858 5.39121
    endloop
  endfacet
  facet normal 0.214281 -0.042621 0.975842
    outer loop
      vertex -2.22951 4.2403 5.26668
      vertex -2.78215 4.31306 5.39121
      vertex -2.37803 3.4936 5.26668
    endloop
  endfacet
  facet normal 0.279704 -0.0556337 0.958473
    outer loop
      vertex -2.22951 4.2403 5.26668
      vertex -2.37803 3.4936 5.26668
      vertex -1.7756 4.18054 5.13075
    endloop
  endfacet
  facet normal 0.195951 -0.0966329 0.975841
    outer loop
      vertex -3.13773 2.98598 5.39121
      vertex -3.44221 2.36856 5.39121
      vertex -2.62276 2.77267 5.26668
    endloop
  endfacet
  facet normal 0.164261 -0.144054 0.975841
    outer loop
      vertex -3.82468 1.79616 5.39121
      vertex -3.88444 0.884436 5.26668
      vertex -3.38246 1.45683 5.26668
    endloop
  endfacet
  facet normal -0.751718 -0.255178 0.608115
    outer loop
      vertex -14.6316 3.22308 4.83411
      vertex -14.747 3.19215 4.67848
      vertex -14.4533 2.32695 4.67848
    endloop
  endfacet
  facet normal -0.778588 -0.154915 0.608113
    outer loop
      vertex -14.6316 3.22308 4.83411
      vertex -14.9253 4.08827 4.67848
      vertex -14.747 3.19215 4.67848
    endloop
  endfacet
  facet normal 0.238731 -0.48409 0.841822
    outer loop
      vertex -4.68575 -0.740458 4.98573
      vertex -5.46338 -1.12395 4.98573
      vertex -5.37269 -1.34289 4.83411
    endloop
  endfacet
  facet normal 0.169448 -0.343601 0.923702
    outer loop
      vertex -4.86095 -0.437001 5.13075
      vertex -5.46338 -1.12395 4.98573
      vertex -4.68575 -0.740458 4.98573
    endloop
  endfacet
  facet normal -0.0519179 -0.792054 0.60824
    outer loop
      vertex -8.89613 -1.80676 4.83411
      vertex -8.91173 -1.92525 4.67848
      vertex -8 -1.8655 4.83411
    endloop
  endfacet
  facet normal 0.154854 -0.778502 0.60824
    outer loop
      vertex -6.22308 -1.63156 4.83411
      vertex -7.10387 -1.80676 4.83411
      vertex -7.08827 -1.92525 4.67848
    endloop
  endfacet
  facet normal 0.0435369 0.0147789 0.998943
    outer loop
      vertex -5.9212 5.86107 5.73632
      vertex -6.6809 5.35345 5.77694
      vertex -5.82659 5.58236 5.73632
    endloop
  endfacet
  facet normal 0.0636618 0.0313953 0.997478
    outer loop
      vertex -5.31877 6.54801 5.67625
      vertex -5.9212 5.86107 5.73632
      vertex -5.13965 6.1848 5.67625
    endloop
  endfacet
  facet normal 0.0214132 0.00726898 0.999744
    outer loop
      vertex -6.73832 5.5226 5.77694
      vertex -7.55778 5.11849 5.79743
      vertex -6.6809 5.35345 5.77694
    endloop
  endfacet
  facet normal 0.0221781 0.00441447 0.999744
    outer loop
      vertex -6.6809 5.35345 5.77694
      vertex -7.55778 5.11849 5.79743
      vertex -7.54609 5.05976 5.79743
    endloop
  endfacet
  facet normal 0.022179 -0.00441175 0.999744
    outer loop
      vertex -6.64605 4.82175 5.77694
      vertex -7.54609 4.94024 5.79743
      vertex -6.6809 4.64655 5.77694
    endloop
  endfacet
  facet normal 0.0696183 -0.0138479 0.997478
    outer loop
      vertex -5.76917 4.70631 5.73632
      vertex -5.82659 4.41764 5.73632
      vertex -5.00947 4.19869 5.67625
    endloop
  endfacet
  facet normal 0.0468013 0.053367 0.997478
    outer loop
      vertex -6.11526 7.45624 5.67625
      vertex -6.63024 6.7851 5.73632
      vertex -5.81078 7.18922 5.67625
    endloop
  endfacet
  facet normal 0.0650845 0.0742151 0.995116
    outer loop
      vertex -5.25007 7.74993 5.59776
      vertex -6.11526 7.45624 5.67625
      vertex -5.81078 7.18922 5.67625
    endloop
  endfacet
  facet normal 0.0394362 0.0590193 0.997478
    outer loop
      vertex -6.45199 7.68123 5.67625
      vertex -6.87496 6.94862 5.73632
      vertex -6.63024 6.7851 5.73632
    endloop
  endfacet
  facet normal 0.0313955 0.0636616 0.997478
    outer loop
      vertex -6.45199 7.68123 5.67625
      vertex -7.13893 7.0788 5.73632
      vertex -6.87496 6.94862 5.73632
    endloop
  endfacet
  facet normal 0.206887 -0.0702307 0.975841
    outer loop
      vertex -2.37803 3.4936 5.26668
      vertex -3.13773 2.98598 5.39121
      vertex -2.62276 2.77267 5.26668
    endloop
  endfacet
  facet normal 0.16034 -0.0544266 0.98556
    outer loop
      vertex -2.91645 3.63787 5.39121
      vertex -3.54185 3.80544 5.50221
      vertex -3.13773 2.98598 5.39121
    endloop
  endfacet
  facet normal 0.128176 -0.0254953 0.991424
    outer loop
      vertex -3.42407 4.39757 5.50221
      vertex -4.14428 4.49238 5.59776
      vertex -3.54185 3.80544 5.50221
    endloop
  endfacet
  facet normal 0.166073 -0.0330334 0.98556
    outer loop
      vertex -3.42407 4.39757 5.50221
      vertex -3.54185 3.80544 5.50221
      vertex -2.78215 4.31306 5.39121
    endloop
  endfacet
  facet normal -0.045095 0.00897009 0.998942
    outer loop
      vertex -9.3191 5.35345 5.77694
      vertex -10.2308 5.29369 5.73632
      vertex -9.35395 5.17825 5.77694
    endloop
  endfacet
  facet normal -0.0214134 -0.00726869 0.999744
    outer loop
      vertex -8.44222 4.88151 5.79743
      vertex -9.26168 4.4774 5.77694
      vertex -8.42297 4.8248 5.79743
    endloop
  endfacet
  facet normal 0.0303153 0.0345675 0.998942
    outer loop
      vertex -6.63024 6.7851 5.73632
      vertex -7.03435 5.96565 5.77694
      vertex -6.40896 6.59104 5.73632
    endloop
  endfacet
  facet normal 0.0345675 0.0303153 0.998942
    outer loop
      vertex -6.40896 6.59104 5.73632
      vertex -7.03435 5.96565 5.77694
      vertex -6.2149 6.36976 5.73632
    endloop
  endfacet
  facet normal 0.0255439 0.0382284 0.998942
    outer loop
      vertex -6.63024 6.7851 5.73632
      vertex -7.31718 6.18267 5.77694
      vertex -7.16866 6.08343 5.77694
    endloop
  endfacet
  facet normal 0.0125636 0.0188023 0.999744
    outer loop
      vertex -7.31718 6.18267 5.77694
      vertex -7.77109 5.39649 5.79743
      vertex -7.16866 6.08343 5.77694
    endloop
  endfacet
  facet normal -0.0125636 -0.0188023 0.999744
    outer loop
      vertex -8.22891 4.60351 5.79743
      vertex -8.83134 3.91657 5.77694
      vertex -8.68282 3.81733 5.77694
    endloop
  endfacet
  facet normal -0.025052 0.382292 0.923702
    outer loop
      vertex -8 11.6285 4.98573
      vertex -8.81946 11.2244 5.13075
      vertex -8 11.2781 5.13075
    endloop
  endfacet
  facet normal -0.105286 0.529307 0.841872
    outer loop
      vertex -8.89613 11.8068 4.83411
      vertex -9.77692 11.6316 4.83411
      vertex -8.86519 11.5718 4.98573
    endloop
  endfacet
  facet normal -0.343586 0.169401 0.923716
    outer loop
      vertex -13.7405 8.31425 4.98573
      vertex -14.1239 7.53662 4.98573
      vertex -13.437 8.13905 5.13075
    endloop
  endfacet
  facet normal -0.343627 0.169453 0.923692
    outer loop
      vertex -13.437 8.13905 5.13075
      vertex -14.1239 7.53662 4.98573
      vertex -13.8002 7.40253 5.13075
    endloop
  endfacet
  facet normal -0.440935 0.659945 0.608316
    outer loop
      vertex -11.4925 11.0492 4.67848
      vertex -12.1794 10.4468 4.83411
      vertex -11.4327 10.9457 4.83411
    endloop
  endfacet
  facet normal -0.523391 0.596758 0.608228
    outer loop
      vertex -12.2522 10.5416 4.67848
      vertex -12.9391 9.93915 4.67848
      vertex -12.8546 9.85464 4.83411
    endloop
  endfacet
  facet normal -0.44096 0.659963 0.608279
    outer loop
      vertex -11.4925 11.0492 4.67848
      vertex -12.2522 10.5416 4.67848
      vertex -12.1794 10.4468 4.83411
    endloop
  endfacet
  facet normal -0.238785 0.484183 0.841753
    outer loop
      vertex -10.6273 11.3429 4.83411
      vertex -11.4327 10.9457 4.83411
      vertex -11.3143 10.7405 4.98573
    endloop
  endfacet
  facet normal 0.0250536 0.382295 0.923701
    outer loop
      vertex -7.13481 11.5718 4.98573
      vertex -8 11.6285 4.98573
      vertex -7.18054 11.2244 5.13075
    endloop
  endfacet
  facet normal 0.154915 0.778588 0.608113
    outer loop
      vertex -6.19215 11.747 4.67848
      vertex -7.08827 11.9253 4.67848
      vertex -6.22308 11.6316 4.83411
    endloop
  endfacet
  facet normal 0.351072 0.711926 0.608203
    outer loop
      vertex -5.32695 11.4533 4.67848
      vertex -5.37269 11.3429 4.83411
      vertex -4.50749 11.0492 4.67848
    endloop
  endfacet
  facet normal 0.255179 0.75165 0.608199
    outer loop
      vertex -5.32695 11.4533 4.67848
      vertex -6.22308 11.6316 4.83411
      vertex -5.37269 11.3429 4.83411
    endloop
  endfacet
  facet normal 0.158439 0.237124 0.958472
    outer loop
      vertex -4.17813 9.98076 5.13075
      vertex -4.86095 10.437 5.13075
      vertex -4.45683 9.61754 5.26668
    endloop
  endfacet
  facet normal 0.212825 0.318519 0.923716
    outer loop
      vertex -4.68575 10.7405 4.98573
      vertex -4.86095 10.437 5.13075
      vertex -4.17813 9.98076 5.13075
    endloop
  endfacet
  facet normal 0.0747623 0.375751 0.9237
    outer loop
      vertex -7.13481 11.5718 4.98573
      vertex -7.18054 11.2244 5.13075
      vertex -6.28442 11.4026 4.98573
    endloop
  endfacet
  facet normal 0.105299 0.529227 0.841921
    outer loop
      vertex -6.22308 11.6316 4.83411
      vertex -7.13481 11.5718 4.98573
      vertex -6.28442 11.4026 4.98573
    endloop
  endfacet
  facet normal 0.164261 0.144055 0.975841
    outer loop
      vertex -3.38246 8.54317 5.26668
      vertex -3.88444 9.11556 5.26668
      vertex -3.82468 8.20384 5.39121
    endloop
  endfacet
  facet normal 0.164265 0.144055 0.975841
    outer loop
      vertex -3.88444 9.11556 5.26668
      vertex -4.27858 8.72142 5.39121
      vertex -3.82468 8.20384 5.39121
    endloop
  endfacet
  facet normal 0.529369 0.105298 0.841832
    outer loop
      vertex -1.36844 6.77692 4.83411
      vertex -1.4282 5.86519 4.98573
      vertex -1.19324 5.89613 4.83411
    endloop
  endfacet
  facet normal 0.778502 0.154854 0.60824
    outer loop
      vertex -1.07475 5.91173 4.67848
      vertex -1.36844 6.77692 4.83411
      vertex -1.19324 5.89613 4.83411
    endloop
  endfacet
  facet normal 0.25578 0.126135 0.958471
    outer loop
      vertex -2.563 8.13905 5.13075
      vertex -2.95948 7.91014 5.26668
      vertex -2.62276 7.22733 5.26668
    endloop
  endfacet
  facet normal 0.255772 0.126136 0.958473
    outer loop
      vertex -2.563 8.13905 5.13075
      vertex -2.62276 7.22733 5.26668
      vertex -2.19978 7.40253 5.13075
    endloop
  endfacet
  facet normal 0.0544192 0.160355 0.985558
    outer loop
      vertex -6.63787 10.0835 5.39121
      vertex -6.80544 9.45815 5.50221
      vertex -5.98598 9.86227 5.39121
    endloop
  endfacet
  facet normal -0.0548377 0.0820761 0.995116
    outer loop
      vertex -9.9445 8.36796 5.59776
      vertex -10.3675 8.08534 5.59776
      vertex -9.54801 7.68123 5.67625
    endloop
  endfacet
  facet normal 0.0192554 0.0968132 0.995116
    outer loop
      vertex -7.49238 8.85572 5.59776
      vertex -7.59589 8.06953 5.67625
      vertex -7.19869 7.99053 5.67625
    endloop
  endfacet
  facet normal 0.0192568 0.0968136 0.995116
    outer loop
      vertex -6.99345 8.75648 5.59776
      vertex -7.49238 8.85572 5.59776
      vertex -7.19869 7.99053 5.67625
    endloop
  endfacet
  facet normal 0.053367 0.0468013 0.997478
    outer loop
      vertex -5.81078 7.18922 5.67625
      vertex -6.2149 6.36976 5.73632
      vertex -5.54376 6.88474 5.67625
    endloop
  endfacet
  facet normal 0.0590196 0.0394346 0.997478
    outer loop
      vertex -5.54376 6.88474 5.67625
      vertex -6.2149 6.36976 5.73632
      vertex -5.31877 6.54801 5.67625
    endloop
  endfacet
  facet normal -0.270056 -0.0917007 0.958468
    outer loop
      vertex -13.622 3.4936 5.26668
      vertex -14.0642 3.37511 5.13075
      vertex -13.3772 2.77267 5.26668
    endloop
  endfacet
  facet normal -0.19597 -0.0966485 0.975836
    outer loop
      vertex -12.8623 2.98598 5.39121
      vertex -13.3772 2.77267 5.26668
      vertex -12.5578 2.36856 5.39121
    endloop
  endfacet
  facet normal -0.214243 -0.0426462 0.975849
    outer loop
      vertex -13.2179 4.31306 5.39121
      vertex -13.622 3.4936 5.26668
      vertex -13.0835 3.63787 5.39121
    endloop
  endfacet
  facet normal -0.214297 -0.0426182 0.975838
    outer loop
      vertex -13.2179 4.31306 5.39121
      vertex -13.7705 4.2403 5.26668
      vertex -13.622 3.4936 5.26668
    endloop
  endfacet
  facet normal -0.382295 -0.0250536 0.923701
    outer loop
      vertex -14.2244 4.18054 5.13075
      vertex -14.6285 5 4.98573
      vertex -14.5718 4.13481 4.98573
    endloop
  endfacet
  facet normal -0.538567 -0.0352948 0.841843
    outer loop
      vertex -14.6285 5 4.98573
      vertex -14.8655 5 4.83411
      vertex -14.5718 4.13481 4.98573
    endloop
  endfacet
  facet normal -0.123757 -0.0420059 0.991423
    outer loop
      vertex -11.7565 3.99345 5.59776
      vertex -12.2641 3.23376 5.50221
      vertex -11.593 3.51175 5.59776
    endloop
  endfacet
  facet normal -0.0934598 -0.0317309 0.995117
    outer loop
      vertex -10.9905 4.19869 5.67625
      vertex -11.593 3.51175 5.59776
      vertex -10.8603 3.8152 5.67625
    endloop
  endfacet
  facet normal -0.0382284 -0.0255439 0.998942
    outer loop
      vertex -9.18267 4.31718 5.77694
      vertex -9.94862 3.87496 5.73632
      vertex -9.7851 3.63024 5.73632
    endloop
  endfacet
  facet normal -0.0885231 -0.043651 0.995117
    outer loop
      vertex -10.8603 3.8152 5.67625
      vertex -11.593 3.51175 5.59776
      vertex -10.6812 3.45199 5.67625
    endloop
  endfacet
  facet normal -0.0435368 -0.0147791 0.998943
    outer loop
      vertex -9.3191 4.64655 5.77694
      vertex -10.0788 4.13893 5.73632
      vertex -9.26168 4.4774 5.77694
    endloop
  endfacet
  facet normal -0.0672172 -0.0228149 0.997477
    outer loop
      vertex -10.1734 4.41764 5.73632
      vertex -10.9905 4.19869 5.67625
      vertex -10.0788 4.13893 5.73632
    endloop
  endfacet
  facet normal -0.0468024 0.0533672 0.997478
    outer loop
      vertex -9.36976 6.7851 5.73632
      vertex -10.1892 7.18922 5.67625
      vertex -9.59104 6.59104 5.73632
    endloop
  endfacet
  facet normal -0.059021 0.0394373 0.997477
    outer loop
      vertex -10.4562 6.88474 5.67625
      vertex -10.6812 6.54801 5.67625
      vertex -9.7851 6.36976 5.73632
    endloop
  endfacet
  facet normal -0.022179 0.00441175 0.999744
    outer loop
      vertex -9.3191 5.35345 5.77694
      vertex -9.35395 5.17825 5.77694
      vertex -8.45391 5.05976 5.79743
    endloop
  endfacet
  facet normal -0.0225652 0.0014786 0.999744
    outer loop
      vertex -9.35395 5.17825 5.77694
      vertex -9.36563 5 5.77694
      vertex -8.45391 5.05976 5.79743
    endloop
  endfacet
  facet normal -0.0968097 0.0192482 0.995117
    outer loop
      vertex -11.7565 6.00655 5.59776
      vertex -11.8557 5.50762 5.59776
      vertex -10.9905 5.80131 5.67625
    endloop
  endfacet
  facet normal -0.070834 -0.00465489 0.997477
    outer loop
      vertex -10.2501 5 5.73632
      vertex -11.096 5 5.67625
      vertex -10.2308 4.70631 5.73632
    endloop
  endfacet
  facet normal -0.00464306 0.0708308 0.997478
    outer loop
      vertex -8 8.09602 5.67625
      vertex -8.40411 8.06953 5.67625
      vertex -8.29369 7.23083 5.73632
    endloop
  endfacet
  facet normal 0.00464306 0.0708308 0.997478
    outer loop
      vertex -7.59589 8.06953 5.67625
      vertex -8 8.09602 5.67625
      vertex -7.70631 7.23083 5.73632
    endloop
  endfacet
  facet normal -0.0214132 -0.00726898 0.999744
    outer loop
      vertex -8.44222 4.88151 5.79743
      vertex -9.3191 4.64655 5.77694
      vertex -9.26168 4.4774 5.77694
    endloop
  endfacet
  facet normal -0.0450948 0.00896678 0.998942
    outer loop
      vertex -10.1734 5.58236 5.73632
      vertex -10.2308 5.29369 5.73632
      vertex -9.3191 5.35345 5.77694
    endloop
  endfacet
  facet normal -0.0147791 0.0435368 0.998943
    outer loop
      vertex -8.35345 6.3191 5.77694
      vertex -8.86107 7.0788 5.73632
      vertex -8.5226 6.26168 5.77694
    endloop
  endfacet
  facet normal -0.0650892 0.074208 0.995116
    outer loop
      vertex -10.3675 8.08534 5.59776
      vertex -10.7499 7.74993 5.59776
      vertex -9.88474 7.45624 5.67625
    endloop
  endfacet
  facet normal -0.0748936 0.151863 0.98556
    outer loop
      vertex -10.014 9.86227 5.39121
      vertex -10.6314 9.55779 5.39121
      vertex -9.76624 9.26409 5.50221
    endloop
  endfacet
  facet normal -0.484124 0.238744 0.841799
    outer loop
      vertex -13.9457 8.43275 4.83411
      vertex -14.3429 7.62731 4.83411
      vertex -13.7405 8.31425 4.98573
    endloop
  endfacet
  facet normal -0.166056 0.0330076 0.985564
    outer loop
      vertex -12.4582 6.19456 5.50221
      vertex -13.2179 5.68694 5.39121
      vertex -12.5759 5.60243 5.50221
    endloop
  endfacet
  facet normal -0.168943 -0.0110772 0.985564
    outer loop
      vertex -12.6154 5 5.50221
      vertex -13.2179 4.31306 5.39121
      vertex -12.5759 4.39757 5.50221
    endloop
  endfacet
  facet normal -0.166091 0.0330612 0.985556
    outer loop
      vertex -13.0835 6.36213 5.39121
      vertex -13.2179 5.68694 5.39121
      vertex -12.4582 6.19456 5.50221
    endloop
  endfacet
  facet normal -0.12818 0.0254787 0.991424
    outer loop
      vertex -12.4582 6.19456 5.50221
      vertex -12.5759 5.60243 5.50221
      vertex -11.8557 5.50762 5.59776
    endloop
  endfacet
  facet normal -0.0548387 0.082074 0.995116
    outer loop
      vertex -9.54801 7.68123 5.67625
      vertex -10.3675 8.08534 5.59776
      vertex -9.88474 7.45624 5.67625
    endloop
  endfacet
  facet normal -0.108652 0.0725964 0.991425
    outer loop
      vertex -11.6617 7.80969 5.50221
      vertex -11.9971 7.30771 5.50221
      vertex -11.0853 7.36747 5.59776
    endloop
  endfacet
  facet normal -0.270034 0.0916736 0.958477
    outer loop
      vertex -13.8002 7.40253 5.13075
      vertex -14.0642 6.62489 5.13075
      vertex -13.3772 7.22733 5.26668
    endloop
  endfacet
  facet normal -0.255774 0.126124 0.958474
    outer loop
      vertex -13.0405 7.91014 5.26668
      vertex -13.437 8.13905 5.13075
      vertex -13.3772 7.22733 5.26668
    endloop
  endfacet
  facet normal -0.206863 0.070193 0.975849
    outer loop
      vertex -12.8623 7.01402 5.39121
      vertex -13.622 6.5064 5.26668
      vertex -13.0835 6.36213 5.39121
    endloop
  endfacet
  facet normal -0.160368 0.0544163 0.985556
    outer loop
      vertex -12.8623 7.01402 5.39121
      vertex -13.0835 6.36213 5.39121
      vertex -12.4582 6.19456 5.50221
    endloop
  endfacet
  facet normal -0.40586 0.35594 0.841775
    outer loop
      vertex -12.8546 9.85464 4.83411
      vertex -13.2588 9.03518 4.98573
      vertex -12.6871 9.68706 4.98573
    endloop
  endfacet
  facet normal -0.318543 0.212839 0.923704
    outer loop
      vertex -13.2588 9.03518 4.98573
      vertex -13.7405 8.31425 4.98573
      vertex -12.9808 8.82187 5.13075
    endloop
  endfacet
  facet normal 0.0556363 0.27972 0.958468
    outer loop
      vertex -6.37511 11.0642 5.13075
      vertex -7.18054 11.2244 5.13075
      vertex -6.4936 10.622 5.26668
    endloop
  endfacet
  facet normal 0.0917007 0.270056 0.958468
    outer loop
      vertex -6.37511 11.0642 5.13075
      vertex -6.4936 10.622 5.26668
      vertex -5.77267 10.3772 5.26668
    endloop
  endfacet
  facet normal -0.00854693 0.130406 0.991424
    outer loop
      vertex -8 9.61542 5.50221
      vertex -8.50762 8.85572 5.59776
      vertex -8 8.88899 5.59776
    endloop
  endfacet
  facet normal -0.0110681 0.168959 0.985561
    outer loop
      vertex -8 10.2629 5.39121
      vertex -8.68694 10.2179 5.39121
      vertex -8 9.61542 5.50221
    endloop
  endfacet
  facet normal 0.0556275 0.279711 0.958471
    outer loop
      vertex -7.18054 11.2244 5.13075
      vertex -7.2403 10.7705 5.26668
      vertex -6.4936 10.622 5.26668
    endloop
  endfacet
  facet normal 0.0186488 0.284579 0.958471
    outer loop
      vertex -7.18054 11.2244 5.13075
      vertex -8 11.2781 5.13075
      vertex -7.2403 10.7705 5.26668
    endloop
  endfacet
  facet normal -0.0556363 0.27972 0.958468
    outer loop
      vertex -8.81946 11.2244 5.13075
      vertex -9.62489 11.0642 5.13075
      vertex -9.5064 10.622 5.26668
    endloop
  endfacet
  facet normal -0.0747479 0.375807 0.923679
    outer loop
      vertex -8.81946 11.2244 5.13075
      vertex -9.71558 11.4026 4.98573
      vertex -9.62489 11.0642 5.13075
    endloop
  endfacet
  facet normal -0.0966298 0.195957 0.97584
    outer loop
      vertex -10.2273 10.3772 5.26668
      vertex -10.9101 10.0405 5.26668
      vertex -10.6314 9.55779 5.39121
    endloop
  endfacet
  facet normal -0.0748925 0.151866 0.98556
    outer loop
      vertex -9.76624 9.26409 5.50221
      vertex -10.6314 9.55779 5.39121
      vertex -10.3077 8.99707 5.50221
    endloop
  endfacet
  facet normal -0.523303 -0.596722 0.608339
    outer loop
      vertex -12.1794 -0.446765 4.83411
      vertex -12.8546 0.145361 4.83411
      vertex -12.2522 -0.541582 4.67848
    endloop
  endfacet
  facet normal -0.355923 -0.405858 0.841783
    outer loop
      vertex -12.0352 -0.258751 4.98573
      vertex -12.8546 0.145361 4.83411
      vertex -12.1794 -0.446765 4.83411
    endloop
  endfacet
  facet normal -0.169436 -0.343607 0.923702
    outer loop
      vertex -11.1391 -0.437001 5.13075
      vertex -11.3143 -0.740458 4.98573
      vertex -10.5366 -1.12395 4.98573
    endloop
  endfacet
  facet normal -0.158411 -0.237109 0.958481
    outer loop
      vertex -10.9101 -0.0405159 5.26668
      vertex -11.5432 0.382456 5.26668
      vertex -11.1391 -0.437001 5.13075
    endloop
  endfacet
  facet normal -0.442269 -0.896883 0
    outer loop
      vertex -11.4925 -1.0492 4.6
      vertex -10.673 -1.45331 4.67848
      vertex -11.4925 -1.0492 4.67848
    endloop
  endfacet
  facet normal -0.442269 -0.896883 -0
    outer loop
      vertex -10.673 -1.45331 4.67848
      vertex -11.4925 -1.0492 4.6
      vertex -10.673 -1.45331 4.6
    endloop
  endfacet
  facet normal 0.0519179 -0.792054 0.60824
    outer loop
      vertex -7.10387 -1.80676 4.83411
      vertex -8 -1.8655 4.83411
      vertex -7.08827 -1.92525 4.67848
    endloop
  endfacet
  facet normal -0.144042 -0.164256 0.975844
    outer loop
      vertex -11.7214 1.27858 5.39121
      vertex -12.1156 0.884436 5.26668
      vertex -11.2038 0.824678 5.39121
    endloop
  endfacet
  facet normal -0.12137 -0.181666 0.975842
    outer loop
      vertex -10.6314 0.442214 5.39121
      vertex -11.5432 0.382456 5.26668
      vertex -10.9101 -0.0405159 5.26668
    endloop
  endfacet
  facet normal -0.127316 -0.111652 0.985558
    outer loop
      vertex -11.6617 2.19031 5.50221
      vertex -12.1753 1.79616 5.39121
      vertex -11.7214 1.27858 5.39121
    endloop
  endfacet
  facet normal -0.140796 -0.0940857 0.985558
    outer loop
      vertex -11.6617 2.19031 5.50221
      vertex -12.5578 2.36856 5.39121
      vertex -12.1753 1.79616 5.39121
    endloop
  endfacet
  facet normal -0.117215 -0.0577989 0.991423
    outer loop
      vertex -11.593 3.51175 5.59776
      vertex -12.2641 3.23376 5.50221
      vertex -11.9971 2.69229 5.50221
    endloop
  endfacet
  facet normal -0.15187 -0.0748876 0.985559
    outer loop
      vertex -12.2641 3.23376 5.50221
      vertex -12.5578 2.36856 5.39121
      vertex -11.9971 2.69229 5.50221
    endloop
  endfacet
  facet normal 0.0742145 -0.0650847 0.995116
    outer loop
      vertex -4.91466 2.63253 5.59776
      vertex -5.54376 3.11526 5.67625
      vertex -5.25007 2.25007 5.59776
    endloop
  endfacet
  facet normal 0.0820757 -0.0548398 0.995116
    outer loop
      vertex -5.31877 3.45199 5.67625
      vertex -5.54376 3.11526 5.67625
      vertex -4.91466 2.63253 5.59776
    endloop
  endfacet
  facet normal 0.0203348 -0.0412358 0.998942
    outer loop
      vertex -7.31718 3.81733 5.77694
      vertex -7.4774 3.73832 5.77694
      vertex -6.87496 3.05138 5.73632
    endloop
  endfacet
  facet normal 0.00464306 -0.0708308 0.997478
    outer loop
      vertex -7.70631 2.76917 5.73632
      vertex -8 1.90398 5.67625
      vertex -7.59589 1.93047 5.67625
    endloop
  endfacet
  facet normal 0.0636618 -0.0313953 0.997478
    outer loop
      vertex -5.13965 3.8152 5.67625
      vertex -5.9212 4.13893 5.73632
      vertex -5.31877 3.45199 5.67625
    endloop
  endfacet
  facet normal 0.0672151 -0.0228169 0.997478
    outer loop
      vertex -5.00947 4.19869 5.67625
      vertex -5.9212 4.13893 5.73632
      vertex -5.13965 3.8152 5.67625
    endloop
  endfacet
  facet normal 0.017002 0.0149095 0.999744
    outer loop
      vertex -7.03435 5.96565 5.77694
      vertex -7.63679 5.2787 5.79743
      vertex -6.91657 5.83134 5.77694
    endloop
  endfacet
  facet normal -0.00896979 -0.0450935 0.998943
    outer loop
      vertex -8.17825 3.64605 5.77694
      vertex -8.35345 3.6809 5.77694
      vertex -8.29369 2.76917 5.73632
    endloop
  endfacet
  facet normal 0.0014786 -0.0225652 0.999744
    outer loop
      vertex -7.94024 4.54609 5.79743
      vertex -8 3.63437 5.77694
      vertex -7.82175 3.64605 5.77694
    endloop
  endfacet
  facet normal 0.0225652 -0.0014786 0.999744
    outer loop
      vertex -6.63437 5 5.77694
      vertex -7.54609 4.94024 5.79743
      vertex -6.64605 4.82175 5.77694
    endloop
  endfacet
  facet normal 0.0221781 -0.00441447 0.999744
    outer loop
      vertex -7.54609 4.94024 5.79743
      vertex -7.55778 4.88151 5.79743
      vertex -6.6809 4.64655 5.77694
    endloop
  endfacet
  facet normal 0.0255439 -0.0382284 0.998942
    outer loop
      vertex -6.63024 3.2149 5.73632
      vertex -7.31718 3.81733 5.77694
      vertex -6.87496 3.05138 5.73632
    endloop
  endfacet
  facet normal 0.0228166 -0.0672151 0.997478
    outer loop
      vertex -7.13893 2.9212 5.73632
      vertex -7.41764 2.82659 5.73632
      vertex -7.19869 2.00947 5.67625
    endloop
  endfacet
  facet normal -0.0394362 -0.0590193 0.997478
    outer loop
      vertex -9.36976 3.2149 5.73632
      vertex -9.54801 2.31877 5.67625
      vertex -9.12504 3.05138 5.73632
    endloop
  endfacet
  facet normal 0.00441447 0.0221781 0.999744
    outer loop
      vertex -7.64655 6.3191 5.77694
      vertex -7.94024 5.45391 5.79743
      vertex -7.88151 5.44222 5.79743
    endloop
  endfacet
  facet normal -0.0303138 -0.0345682 0.998942
    outer loop
      vertex -8.96565 4.03435 5.77694
      vertex -9.36976 3.2149 5.73632
      vertex -8.83134 3.91657 5.77694
    endloop
  endfacet
  facet normal -0.0533673 -0.0468025 0.997478
    outer loop
      vertex -9.7851 3.63024 5.73632
      vertex -10.1892 2.81078 5.67625
      vertex -9.59104 3.40896 5.73632
    endloop
  endfacet
  facet normal -0.0412351 -0.0203356 0.998943
    outer loop
      vertex -9.26168 4.4774 5.77694
      vertex -10.0788 4.13893 5.73632
      vertex -9.94862 3.87496 5.73632
    endloop
  endfacet
  facet normal -0.0412358 -0.0203348 0.998942
    outer loop
      vertex -9.26168 4.4774 5.77694
      vertex -9.94862 3.87496 5.73632
      vertex -9.18267 4.31718 5.77694
    endloop
  endfacet
  facet normal 0.0188023 -0.0125636 0.999744
    outer loop
      vertex -6.81733 4.31718 5.77694
      vertex -7.60351 4.77109 5.79743
      vertex -6.91657 4.16866 5.77694
    endloop
  endfacet
  facet normal 0.0100015 0.0202816 0.999744
    outer loop
      vertex -7.4774 6.26168 5.77694
      vertex -7.77109 5.39649 5.79743
      vertex -7.31718 6.18267 5.77694
    endloop
  endfacet
  facet normal 0.0250566 -0.382292 0.923702
    outer loop
      vertex -8 -1.27811 5.13075
      vertex -8 -1.62851 4.98573
      vertex -7.18054 -1.2244 5.13075
    endloop
  endfacet
  facet normal 0.018652 -0.284575 0.958472
    outer loop
      vertex -7.2403 -0.770494 5.26668
      vertex -8 -1.27811 5.13075
      vertex -7.18054 -1.2244 5.13075
    endloop
  endfacet
  facet normal 0.0142891 -0.218012 0.975842
    outer loop
      vertex -7.31306 -0.217854 5.39121
      vertex -8 -0.262878 5.39121
      vertex -7.2403 -0.770494 5.26668
    endloop
  endfacet
  facet normal 0.0142891 -0.218011 0.975842
    outer loop
      vertex -8 -0.262878 5.39121
      vertex -8 -0.820287 5.26668
      vertex -7.2403 -0.770494 5.26668
    endloop
  endfacet
  facet normal 0.0702275 -0.206885 0.975841
    outer loop
      vertex -5.98598 0.137734 5.39121
      vertex -6.4936 -0.621965 5.26668
      vertex -5.77267 -0.377244 5.26668
    endloop
  endfacet
  facet normal 0.0966317 -0.195948 0.975841
    outer loop
      vertex -5.36856 0.442214 5.39121
      vertex -5.98598 0.137734 5.39121
      vertex -5.77267 -0.377244 5.26668
    endloop
  endfacet
  facet normal 0.072605 -0.108661 0.991424
    outer loop
      vertex -5.63253 1.91466 5.59776
      vertex -6.0555 1.63204 5.59776
      vertex -5.69229 1.00293 5.50221
    endloop
  endfacet
  facet normal 0.0861669 -0.0982541 0.991424
    outer loop
      vertex -5.25007 2.25007 5.59776
      vertex -5.63253 1.91466 5.59776
      vertex -5.19031 1.33834 5.50221
    endloop
  endfacet
  facet normal 0.0064567 -0.0984983 0.995116
    outer loop
      vertex -7.59589 1.93047 5.67625
      vertex -8 1.90398 5.67625
      vertex -7.49238 1.14428 5.59776
    endloop
  endfacet
  facet normal 0.0192554 -0.0968132 0.995116
    outer loop
      vertex -7.19869 2.00947 5.67625
      vertex -7.59589 1.93047 5.67625
      vertex -7.49238 1.14428 5.59776
    endloop
  endfacet
  facet normal -0.154854 -0.778503 0.608238
    outer loop
      vertex -9.77692 -1.63156 4.83411
      vertex -9.80785 -1.747 4.67848
      vertex -8.91173 -1.92525 4.67848
    endloop
  endfacet
  facet normal -0.195091 -0.980785 0
    outer loop
      vertex -9.80785 -1.747 4.6
      vertex -8.91173 -1.92525 4.67848
      vertex -9.80785 -1.747 4.67848
    endloop
  endfacet
  facet normal -0.195091 -0.980785 -0
    outer loop
      vertex -8.91173 -1.92525 4.67848
      vertex -9.80785 -1.747 4.6
      vertex -8.91173 -1.92525 4.6
    endloop
  endfacet
  facet normal -0.0313955 -0.0636616 0.997478
    outer loop
      vertex -9.12504 3.05138 5.73632
      vertex -9.54801 2.31877 5.67625
      vertex -8.86107 2.9212 5.73632
    endloop
  endfacet
  facet normal -0.0742154 -0.0650835 0.995116
    outer loop
      vertex -10.4562 3.11526 5.67625
      vertex -11.0853 2.63253 5.59776
      vertex -10.7499 2.25007 5.59776
    endloop
  endfacet
  facet normal -0.0726036 -0.108664 0.991424
    outer loop
      vertex -10.3675 1.91466 5.59776
      vertex -10.8097 1.33834 5.50221
      vertex -10.3077 1.00293 5.50221
    endloop
  endfacet
  facet normal -0.0726019 -0.108664 0.991424
    outer loop
      vertex -9.9445 1.63204 5.59776
      vertex -10.3675 1.91466 5.59776
      vertex -10.3077 1.00293 5.50221
    endloop
  endfacet
  facet normal -0.0426234 -0.214281 0.975842
    outer loop
      vertex -9.36213 -0.0835495 5.39121
      vertex -9.5064 -0.621965 5.26668
      vertex -8.68694 -0.217854 5.39121
    endloop
  endfacet
  facet normal -0.0330343 -0.166073 0.98556
    outer loop
      vertex -9.19456 0.541846 5.50221
      vertex -9.36213 -0.0835495 5.39121
      vertex -8.68694 -0.217854 5.39121
    endloop
  endfacet
  facet normal 0.711874 -0.351058 0.608271
    outer loop
      vertex -1.65711 2.37269 4.83411
      vertex -2.05431 1.56725 4.83411
      vertex -1.9508 1.50749 4.67848
    endloop
  endfacet
  facet normal 0.51111 -0.173499 0.841822
    outer loop
      vertex -1.36844 3.22308 4.83411
      vertex -1.87605 2.46338 4.98573
      vertex -1.65711 2.37269 4.83411
    endloop
  endfacet
  facet normal 0.997859 0.0654054 -2.7998e-17
    outer loop
      vertex -1.01499 5 4.67848
      vertex -1.07475 5.91173 4.6
      vertex -1.07475 5.91173 4.67848
    endloop
  endfacet
  facet normal 0.997859 0.0654054 -2.7998e-17
    outer loop
      vertex -1.07475 5.91173 4.6
      vertex -1.01499 5 4.67848
      vertex -1.01499 5 4.6
    endloop
  endfacet
  facet normal 0.946932 -0.321434 3.67343e-16
    outer loop
      vertex -1.54669 2.32695 4.67848
      vertex -1.253 3.19215 4.6
      vertex -1.253 3.19215 4.67848
    endloop
  endfacet
  facet normal 0.946932 -0.321434 3.67343e-16
    outer loop
      vertex -1.253 3.19215 4.6
      vertex -1.54669 2.32695 4.67848
      vertex -1.54669 2.32695 4.6
    endloop
  endfacet
  facet normal 0.252604 -0.288038 0.923702
    outer loop
      vertex -3.56071 0.560707 5.13075
      vertex -4.17813 0.0192413 5.13075
      vertex -3.96482 -0.258751 4.98573
    endloop
  endfacet
  facet normal 0.188039 -0.214414 0.958472
    outer loop
      vertex -3.88444 0.884436 5.26668
      vertex -4.45683 0.382456 5.26668
      vertex -4.17813 0.0192413 5.13075
    endloop
  endfacet
  facet normal 0.188037 -0.214414 0.958472
    outer loop
      vertex -3.88444 0.884436 5.26668
      vertex -4.17813 0.0192413 5.13075
      vertex -3.56071 0.560707 5.13075
    endloop
  endfacet
  facet normal 0.144055 -0.16426 0.975842
    outer loop
      vertex -3.88444 0.884436 5.26668
      vertex -4.79616 0.824678 5.39121
      vertex -4.45683 0.382456 5.26668
    endloop
  endfacet
  facet normal 0.0982541 -0.0861669 0.991424
    outer loop
      vertex -4.91466 2.63253 5.59776
      vertex -5.25007 2.25007 5.59776
      vertex -4.33834 2.19031 5.50221
    endloop
  endfacet
  facet normal 0.098254 -0.0861687 0.991424
    outer loop
      vertex -4.33834 2.19031 5.50221
      vertex -5.25007 2.25007 5.59776
      vertex -4.73641 1.73641 5.50221
    endloop
  endfacet
  facet normal 0.181659 -0.121382 0.975841
    outer loop
      vertex -3.44221 2.36856 5.39121
      vertex -3.82468 1.79616 5.39121
      vertex -3.38246 1.45683 5.26668
    endloop
  endfacet
  facet normal 0.288038 -0.252605 0.923702
    outer loop
      vertex -3.01924 1.17813 5.13075
      vertex -3.56071 0.560707 5.13075
      vertex -2.74125 0.964819 4.98573
    endloop
  endfacet
  facet normal 0.270048 -0.0916679 0.958473
    outer loop
      vertex -1.93581 3.37511 5.13075
      vertex -2.62276 2.77267 5.26668
      vertex -2.19978 2.59747 5.13075
    endloop
  endfacet
  facet normal 0.255772 -0.126136 0.958473
    outer loop
      vertex -2.19978 2.59747 5.13075
      vertex -2.62276 2.77267 5.26668
      vertex -2.563 1.86095 5.13075
    endloop
  endfacet
  facet normal 0.299863 -0.448776 0.841833
    outer loop
      vertex -3.82055 -0.446765 4.83411
      vertex -4.68575 -0.740458 4.98573
      vertex -4.56725 -0.945694 4.83411
    endloop
  endfacet
  facet normal 0.299864 -0.44878 0.84183
    outer loop
      vertex -3.96482 -0.258751 4.98573
      vertex -4.68575 -0.740458 4.98573
      vertex -3.82055 -0.446765 4.83411
    endloop
  endfacet
  facet normal 0.173492 -0.511101 0.841829
    outer loop
      vertex -5.46338 -1.12395 4.98573
      vertex -6.28442 -1.40265 4.98573
      vertex -6.22308 -1.63156 4.83411
    endloop
  endfacet
  facet normal 0.0916693 -0.270051 0.958472
    outer loop
      vertex -5.77267 -0.377244 5.26668
      vertex -6.4936 -0.621965 5.26668
      vertex -6.37511 -1.06419 5.13075
    endloop
  endfacet
  facet normal 0.195091 -0.980785 0
    outer loop
      vertex -7.08827 -1.92525 4.6
      vertex -6.19215 -1.747 4.67848
      vertex -7.08827 -1.92525 4.67848
    endloop
  endfacet
  facet normal 0.195091 -0.980785 0
    outer loop
      vertex -6.19215 -1.747 4.67848
      vertex -7.08827 -1.92525 4.6
      vertex -6.19215 -1.747 4.6
    endloop
  endfacet
  facet normal 0.0353035 -0.538586 0.841831
    outer loop
      vertex -7.13481 -1.5718 4.98573
      vertex -8 -1.8655 4.83411
      vertex -7.10387 -1.80676 4.83411
    endloop
  endfacet
  facet normal 0.0353021 -0.538583 0.841833
    outer loop
      vertex -8 -1.62851 4.98573
      vertex -8 -1.8655 4.83411
      vertex -7.13481 -1.5718 4.98573
    endloop
  endfacet
  facet normal 0.0412351 0.0203356 0.998943
    outer loop
      vertex -6.05138 6.12504 5.73632
      vertex -6.73832 5.5226 5.77694
      vertex -5.9212 5.86107 5.73632
    endloop
  endfacet
  facet normal 0.0636616 0.0313955 0.997478
    outer loop
      vertex -5.31877 6.54801 5.67625
      vertex -6.05138 6.12504 5.73632
      vertex -5.9212 5.86107 5.73632
    endloop
  endfacet
  facet normal 0.0934716 0.03173 0.995116
    outer loop
      vertex -4.40704 6.48825 5.59776
      vertex -5.13965 6.1848 5.67625
      vertex -5.00947 5.80131 5.67625
    endloop
  endfacet
  facet normal 0.0885303 0.0436595 0.995116
    outer loop
      vertex -4.40704 6.48825 5.59776
      vertex -5.31877 6.54801 5.67625
      vertex -5.13965 6.1848 5.67625
    endloop
  endfacet
  facet normal 0.0450935 0.00896979 0.998943
    outer loop
      vertex -5.76917 5.29369 5.73632
      vertex -6.6809 5.35345 5.77694
      vertex -6.64605 5.17825 5.77694
    endloop
  endfacet
  facet normal 0.022179 0.00441175 0.999744
    outer loop
      vertex -6.6809 5.35345 5.77694
      vertex -7.54609 5.05976 5.79743
      vertex -6.64605 5.17825 5.77694
    endloop
  endfacet
  facet normal 0.0450935 0.00896964 0.998943
    outer loop
      vertex -5.82659 5.58236 5.73632
      vertex -6.6809 5.35345 5.77694
      vertex -5.76917 5.29369 5.73632
    endloop
  endfacet
  facet normal 0.0696183 0.0138479 0.997478
    outer loop
      vertex -5.00947 5.80131 5.67625
      vertex -5.82659 5.58236 5.73632
      vertex -5.76917 5.29369 5.73632
    endloop
  endfacet
  facet normal 0.0458783 -0.00300711 0.998943
    outer loop
      vertex -5.74992 5 5.73632
      vertex -6.63437 5 5.77694
      vertex -5.76917 4.70631 5.73632
    endloop
  endfacet
  facet normal 0.0708306 -0.00464262 0.997478
    outer loop
      vertex -5.74992 5 5.73632
      vertex -5.76917 4.70631 5.73632
      vertex -4.90398 5 5.67625
    endloop
  endfacet
  facet normal 0.206883 -0.0702253 0.975842
    outer loop
      vertex -2.91645 3.63787 5.39121
      vertex -3.13773 2.98598 5.39121
      vertex -2.37803 3.4936 5.26668
    endloop
  endfacet
  facet normal 0.21428 -0.0426218 0.975842
    outer loop
      vertex -2.78215 4.31306 5.39121
      vertex -2.91645 3.63787 5.39121
      vertex -2.37803 3.4936 5.26668
    endloop
  endfacet
  facet normal 0.0202823 -0.00999952 0.999744
    outer loop
      vertex -7.57703 4.8248 5.79743
      vertex -7.60351 4.77109 5.79743
      vertex -6.73832 4.4774 5.77694
    endloop
  endfacet
  facet normal 0.0149095 -0.017002 0.999744
    outer loop
      vertex -7.03435 4.03435 5.77694
      vertex -7.7213 4.63679 5.79743
      vertex -7.16866 3.91657 5.77694
    endloop
  endfacet
  facet normal 0.0382284 0.0255439 0.998942
    outer loop
      vertex -6.2149 6.36976 5.73632
      vertex -6.91657 5.83134 5.77694
      vertex -6.81733 5.68282 5.77694
    endloop
  endfacet
  facet normal -0.0458801 0.00300634 0.998942
    outer loop
      vertex -9.35395 5.17825 5.77694
      vertex -10.2308 5.29369 5.73632
      vertex -9.36563 5 5.77694
    endloop
  endfacet
  facet normal 0.0100015 -0.0202816 0.999744
    outer loop
      vertex -7.31718 3.81733 5.77694
      vertex -7.77109 4.60351 5.79743
      vertex -7.4774 3.73832 5.77694
    endloop
  endfacet
  facet normal 0.0468013 -0.053367 0.997478
    outer loop
      vertex -5.81078 2.81078 5.67625
      vertex -6.63024 3.2149 5.73632
      vertex -6.11526 2.54376 5.67625
    endloop
  endfacet
  facet normal -0.0170037 -0.014908 0.999744
    outer loop
      vertex -8.36321 4.7213 5.79743
      vertex -8.96565 4.03435 5.77694
      vertex -8.32373 4.67627 5.79743
    endloop
  endfacet
  facet normal -0.831477 0.555559 6.76146e-17
    outer loop
      vertex -14.0492 8.49251 4.6
      vertex -13.5416 9.25221 4.67848
      vertex -13.5416 9.25221 4.6
    endloop
  endfacet
  facet normal -0.831477 0.555559 6.76146e-17
    outer loop
      vertex -13.5416 9.25221 4.67848
      vertex -14.0492 8.49251 4.6
      vertex -14.0492 8.49251 4.67848
    endloop
  endfacet
  facet normal -0.299914 0.448844 0.841778
    outer loop
      vertex -11.3143 10.7405 4.98573
      vertex -12.1794 10.4468 4.83411
      vertex -12.0352 10.2588 4.98573
    endloop
  endfacet
  facet normal -0.355946 0.405861 0.841771
    outer loop
      vertex -12.1794 10.4468 4.83411
      vertex -12.8546 9.85464 4.83411
      vertex -12.0352 10.2588 4.98573
    endloop
  endfacet
  facet normal -0.351062 0.711847 0.6083
    outer loop
      vertex -10.6273 11.3429 4.83411
      vertex -11.4925 11.0492 4.67848
      vertex -11.4327 10.9457 4.83411
    endloop
  endfacet
  facet normal -0.351077 0.711971 0.608146
    outer loop
      vertex -10.673 11.4533 4.67848
      vertex -11.4925 11.0492 4.67848
      vertex -10.6273 11.3429 4.83411
    endloop
  endfacet
  facet normal -0.173486 0.511011 0.841885
    outer loop
      vertex -9.77692 11.6316 4.83411
      vertex -10.6273 11.3429 4.83411
      vertex -10.5366 11.1239 4.98573
    endloop
  endfacet
  facet normal -0.238625 0.484033 0.841885
    outer loop
      vertex -10.6273 11.3429 4.83411
      vertex -11.3143 10.7405 4.98573
      vertex -10.5366 11.1239 4.98573
    endloop
  endfacet
  facet normal -0.0518658 0.792087 0.608201
    outer loop
      vertex -8 11.985 4.67848
      vertex -8.91173 11.9253 4.67848
      vertex -8 11.8655 4.83411
    endloop
  endfacet
  facet normal 0.0518658 0.792087 0.608201
    outer loop
      vertex -8 11.985 4.67848
      vertex -8 11.8655 4.83411
      vertex -7.08827 11.9253 4.67848
    endloop
  endfacet
  facet normal -0.0747623 0.375751 0.9237
    outer loop
      vertex -8.86519 11.5718 4.98573
      vertex -9.71558 11.4026 4.98573
      vertex -8.81946 11.2244 5.13075
    endloop
  endfacet
  facet normal -0.0250536 0.382295 0.923701
    outer loop
      vertex -8 11.6285 4.98573
      vertex -8.86519 11.5718 4.98573
      vertex -8.81946 11.2244 5.13075
    endloop
  endfacet
  facet normal 0.188037 0.214413 0.958472
    outer loop
      vertex -3.56071 9.43929 5.13075
      vertex -4.17813 9.98076 5.13075
      vertex -3.88444 9.11556 5.26668
    endloop
  endfacet
  facet normal 0.252583 0.288012 0.923716
    outer loop
      vertex -3.96482 10.2588 4.98573
      vertex -4.17813 9.98076 5.13075
      vertex -3.56071 9.43929 5.13075
    endloop
  endfacet
  facet normal 0.158433 0.237121 0.958474
    outer loop
      vertex -4.86095 10.437 5.13075
      vertex -5.08986 10.0405 5.26668
      vertex -4.45683 9.61754 5.26668
    endloop
  endfacet
  facet normal 0.126124 0.255774 0.958474
    outer loop
      vertex -4.86095 10.437 5.13075
      vertex -5.77267 10.3772 5.26668
      vertex -5.08986 10.0405 5.26668
    endloop
  endfacet
  facet normal 0.51111 0.173499 0.841822
    outer loop
      vertex -1.65711 7.62731 4.83411
      vertex -1.87605 7.53662 4.98573
      vertex -1.36844 6.77692 4.83411
    endloop
  endfacet
  facet normal 0.751614 0.25514 0.608259
    outer loop
      vertex -1.54669 7.67305 4.67848
      vertex -1.65711 7.62731 4.83411
      vertex -1.36844 6.77692 4.83411
    endloop
  endfacet
  facet normal -0.00645573 0.0984989 0.995116
    outer loop
      vertex -8 8.88899 5.59776
      vertex -8.50762 8.85572 5.59776
      vertex -8 8.09602 5.67625
    endloop
  endfacet
  facet normal 0.0420081 0.123751 0.991424
    outer loop
      vertex -6.80544 9.45815 5.50221
      vertex -6.99345 8.75648 5.59776
      vertex -6.23376 9.26409 5.50221
    endloop
  endfacet
  facet normal 0.00645573 0.0984989 0.995116
    outer loop
      vertex -8 8.88899 5.59776
      vertex -8 8.09602 5.67625
      vertex -7.49238 8.85572 5.59776
    endloop
  endfacet
  facet normal 0.0110749 0.168951 0.985562
    outer loop
      vertex -7.31306 10.2179 5.39121
      vertex -8 9.61542 5.50221
      vertex -7.39757 9.57593 5.50221
    endloop
  endfacet
  facet normal 0.00464262 0.0708306 0.997478
    outer loop
      vertex -8 8.09602 5.67625
      vertex -8 7.25008 5.73632
      vertex -7.70631 7.23083 5.73632
    endloop
  endfacet
  facet normal 0.0138467 0.0696191 0.997478
    outer loop
      vertex -7.59589 8.06953 5.67625
      vertex -7.70631 7.23083 5.73632
      vertex -7.19869 7.99053 5.67625
    endloop
  endfacet
  facet normal -0.195144 0.980775 0
    outer loop
      vertex -8.91173 11.9253 4.6
      vertex -9.80785 11.747 4.67848
      vertex -8.91173 11.9253 4.67848
    endloop
  endfacet
  facet normal -0.195144 0.980775 0
    outer loop
      vertex -9.80785 11.747 4.67848
      vertex -8.91173 11.9253 4.6
      vertex -9.80785 11.747 4.6
    endloop
  endfacet
  facet normal -0.0934668 -0.0317248 0.995117
    outer loop
      vertex -10.9905 4.19869 5.67625
      vertex -11.7565 3.99345 5.59776
      vertex -11.593 3.51175 5.59776
    endloop
  endfacet
  facet normal -0.0968097 -0.0192482 0.995117
    outer loop
      vertex -10.9905 4.19869 5.67625
      vertex -11.8557 4.49238 5.59776
      vertex -11.7565 3.99345 5.59776
    endloop
  endfacet
  facet normal -0.117209 -0.0578018 0.991424
    outer loop
      vertex -11.593 3.51175 5.59776
      vertex -11.9971 2.69229 5.50221
      vertex -11.368 3.0555 5.59776
    endloop
  endfacet
  facet normal -0.108654 -0.0726207 0.991424
    outer loop
      vertex -11.368 3.0555 5.59776
      vertex -11.9971 2.69229 5.50221
      vertex -11.0853 2.63253 5.59776
    endloop
  endfacet
  facet normal -0.0435377 -0.0147776 0.998942
    outer loop
      vertex -9.3191 4.64655 5.77694
      vertex -10.1734 4.41764 5.73632
      vertex -10.0788 4.13893 5.73632
    endloop
  endfacet
  facet normal -0.0450948 -0.00896678 0.998942
    outer loop
      vertex -9.3191 4.64655 5.77694
      vertex -10.2308 4.70631 5.73632
      vertex -10.1734 4.41764 5.73632
    endloop
  endfacet
  facet normal -0.0885233 -0.0436553 0.995117
    outer loop
      vertex -10.6812 3.45199 5.67625
      vertex -11.593 3.51175 5.59776
      vertex -11.368 3.0555 5.59776
    endloop
  endfacet
  facet normal -0.082062 -0.0548477 0.995117
    outer loop
      vertex -10.6812 3.45199 5.67625
      vertex -11.368 3.0555 5.59776
      vertex -11.0853 2.63253 5.59776
    endloop
  endfacet
  facet normal -0.070834 0.00465489 0.997477
    outer loop
      vertex -10.2308 5.29369 5.73632
      vertex -11.096 5 5.67625
      vertex -10.2501 5 5.73632
    endloop
  endfacet
  facet normal -0.0708306 0.0046448 0.997478
    outer loop
      vertex -11.0695 5.40411 5.67625
      vertex -11.096 5 5.67625
      vertex -10.2308 5.29369 5.73632
    endloop
  endfacet
  facet normal -0.022565 0.00147639 0.999744
    outer loop
      vertex -8.45391 5.05976 5.79743
      vertex -9.36563 5 5.77694
      vertex -8.45782 5 5.79743
    endloop
  endfacet
  facet normal -0.0225652 -0.0014786 0.999744
    outer loop
      vertex -8.45391 4.94024 5.79743
      vertex -9.36563 5 5.77694
      vertex -9.35395 4.82175 5.77694
    endloop
  endfacet
  facet normal -0.0100015 -0.0202816 0.999744
    outer loop
      vertex -8.22891 4.60351 5.79743
      vertex -8.68282 3.81733 5.77694
      vertex -8.5226 3.73832 5.77694
    endloop
  endfacet
  facet normal -0.00726869 0.0214134 0.999744
    outer loop
      vertex -8.11849 5.44222 5.79743
      vertex -8.5226 6.26168 5.77694
      vertex -8.1752 5.42297 5.79743
    endloop
  endfacet
  facet normal -0.0255439 0.0382284 0.998942
    outer loop
      vertex -8.68282 6.18267 5.77694
      vertex -9.36976 6.7851 5.73632
      vertex -8.83134 6.08343 5.77694
    endloop
  endfacet
  facet normal -0.0188023 0.0125636 0.999744
    outer loop
      vertex -9.08343 5.83134 5.77694
      vertex -9.18267 5.68282 5.77694
      vertex -8.39649 5.22891 5.79743
    endloop
  endfacet
  facet normal -0.0382284 0.0255439 0.998942
    outer loop
      vertex -9.08343 5.83134 5.77694
      vertex -9.7851 6.36976 5.73632
      vertex -9.18267 5.68282 5.77694
    endloop
  endfacet
  facet normal -0.130408 0.00855056 0.991424
    outer loop
      vertex -12.5759 5.60243 5.50221
      vertex -12.6154 5 5.50221
      vertex -11.8557 5.50762 5.59776
    endloop
  endfacet
  facet normal -0.128173 0.0254842 0.991424
    outer loop
      vertex -11.7565 6.00655 5.59776
      vertex -12.4582 6.19456 5.50221
      vertex -11.8557 5.50762 5.59776
    endloop
  endfacet
  facet normal 0.00300711 0.0458783 0.998943
    outer loop
      vertex -8 7.25008 5.73632
      vertex -8 6.36563 5.77694
      vertex -7.70631 7.23083 5.73632
    endloop
  endfacet
  facet normal 0.00726898 0.0214132 0.999744
    outer loop
      vertex -7.64655 6.3191 5.77694
      vertex -7.88151 5.44222 5.79743
      vertex -7.4774 6.26168 5.77694
    endloop
  endfacet
  facet normal 0.0147791 0.0435368 0.998943
    outer loop
      vertex -7.13893 7.0788 5.73632
      vertex -7.64655 6.3191 5.77694
      vertex -7.4774 6.26168 5.77694
    endloop
  endfacet
  facet normal -0.0533705 0.0468009 0.997477
    outer loop
      vertex -10.1892 7.18922 5.67625
      vertex -10.4562 6.88474 5.67625
      vertex -9.7851 6.36976 5.73632
    endloop
  endfacet
  facet normal -0.0650873 0.0742134 0.995116
    outer loop
      vertex -9.88474 7.45624 5.67625
      vertex -10.7499 7.74993 5.59776
      vertex -10.1892 7.18922 5.67625
    endloop
  endfacet
  facet normal -0.0468031 0.0533656 0.997478
    outer loop
      vertex -9.88474 7.45624 5.67625
      vertex -10.1892 7.18922 5.67625
      vertex -9.36976 6.7851 5.73632
    endloop
  endfacet
  facet normal -0.0394346 0.0590196 0.997478
    outer loop
      vertex -9.54801 7.68123 5.67625
      vertex -9.88474 7.45624 5.67625
      vertex -9.36976 6.7851 5.73632
    endloop
  endfacet
  facet normal -0.111648 0.127307 0.98556
    outer loop
      vertex -10.8097 8.66166 5.50221
      vertex -11.7214 8.72142 5.39121
      vertex -11.2636 8.26359 5.50221
    endloop
  endfacet
  facet normal -0.111647 0.127316 0.985559
    outer loop
      vertex -11.2038 9.17532 5.39121
      vertex -11.7214 8.72142 5.39121
      vertex -10.8097 8.66166 5.50221
    endloop
  endfacet
  facet normal -0.0420088 0.12375 0.991424
    outer loop
      vertex -9.00655 8.75648 5.59776
      vertex -9.76624 9.26409 5.50221
      vertex -9.48825 8.59296 5.59776
    endloop
  endfacet
  facet normal -0.121371 0.181673 0.97584
    outer loop
      vertex -10.9101 10.0405 5.26668
      vertex -11.5432 9.61754 5.26668
      vertex -10.6314 9.55779 5.39121
    endloop
  endfacet
  facet normal -0.214243 0.0426462 0.975849
    outer loop
      vertex -13.0835 6.36213 5.39121
      vertex -13.622 6.5064 5.26668
      vertex -13.2179 5.68694 5.39121
    endloop
  endfacet
  facet normal -0.168953 0.0110678 0.985562
    outer loop
      vertex -13.2179 5.68694 5.39121
      vertex -13.2629 5 5.39121
      vertex -12.6154 5 5.50221
    endloop
  endfacet
  facet normal -0.117209 0.0578018 0.991424
    outer loop
      vertex -11.368 6.9445 5.59776
      vertex -11.9971 7.30771 5.50221
      vertex -11.593 6.48825 5.59776
    endloop
  endfacet
  facet normal -0.123757 0.0420059 0.991423
    outer loop
      vertex -11.593 6.48825 5.59776
      vertex -12.2641 6.76624 5.50221
      vertex -11.7565 6.00655 5.59776
    endloop
  endfacet
  facet normal -0.0742184 0.0650825 0.995116
    outer loop
      vertex -10.1892 7.18922 5.67625
      vertex -10.7499 7.74993 5.59776
      vertex -10.4562 6.88474 5.67625
    endloop
  endfacet
  facet normal -0.0885231 0.043651 0.995117
    outer loop
      vertex -10.6812 6.54801 5.67625
      vertex -11.593 6.48825 5.59776
      vertex -10.8603 6.1848 5.67625
    endloop
  endfacet
  facet normal -0.195961 0.0966302 0.975839
    outer loop
      vertex -13.0405 7.91014 5.26668
      vertex -13.3772 7.22733 5.26668
      vertex -12.5578 7.63144 5.39121
    endloop
  endfacet
  facet normal -0.270056 0.0917007 0.958468
    outer loop
      vertex -13.3772 7.22733 5.26668
      vertex -14.0642 6.62489 5.13075
      vertex -13.622 6.5064 5.26668
    endloop
  endfacet
  facet normal -0.16033 0.054436 0.985561
    outer loop
      vertex -12.2641 6.76624 5.50221
      vertex -12.8623 7.01402 5.39121
      vertex -12.4582 6.19456 5.50221
    endloop
  endfacet
  facet normal -0.181665 0.121391 0.975839
    outer loop
      vertex -12.6175 8.54317 5.26668
      vertex -13.0405 7.91014 5.26668
      vertex -12.5578 7.63144 5.39121
    endloop
  endfacet
  facet normal -0.484032 0.238645 0.84188
    outer loop
      vertex -13.7405 8.31425 4.98573
      vertex -14.3429 7.62731 4.83411
      vertex -14.1239 7.53662 4.98573
    endloop
  endfacet
  facet normal -0.3628 0.123167 0.923692
    outer loop
      vertex -13.8002 7.40253 5.13075
      vertex -14.1239 7.53662 4.98573
      vertex -14.0642 6.62489 5.13075
    endloop
  endfacet
  facet normal -0.355939 0.405843 0.841783
    outer loop
      vertex -12.0352 10.2588 4.98573
      vertex -12.8546 9.85464 4.83411
      vertex -12.6871 9.68706 4.98573
    endloop
  endfacet
  facet normal -0.405791 0.355914 0.841819
    outer loop
      vertex -12.8546 9.85464 4.83411
      vertex -13.4468 9.17945 4.83411
      vertex -13.2588 9.03518 4.98573
    endloop
  endfacet
  facet normal -0.19597 0.0966485 0.975836
    outer loop
      vertex -12.5578 7.63144 5.39121
      vertex -13.3772 7.22733 5.26668
      vertex -12.8623 7.01402 5.39121
    endloop
  endfacet
  facet normal -0.144042 0.164257 0.975844
    outer loop
      vertex -11.2038 9.17532 5.39121
      vertex -12.1156 9.11556 5.26668
      vertex -11.7214 8.72142 5.39121
    endloop
  endfacet
  facet normal -0.0966421 0.195963 0.975837
    outer loop
      vertex -10.2273 10.3772 5.26668
      vertex -10.6314 9.55779 5.39121
      vertex -10.014 9.86227 5.39121
    endloop
  endfacet
  facet normal -0.0916767 0.270033 0.958477
    outer loop
      vertex -9.62489 11.0642 5.13075
      vertex -10.4025 10.8002 5.13075
      vertex -10.2273 10.3772 5.26668
    endloop
  endfacet
  facet normal 0.123167 0.3628 0.923692
    outer loop
      vertex -5.46338 11.1239 4.98573
      vertex -6.37511 11.0642 5.13075
      vertex -5.59747 10.8002 5.13075
    endloop
  endfacet
  facet normal 0.0916736 0.270034 0.958477
    outer loop
      vertex -5.59747 10.8002 5.13075
      vertex -6.37511 11.0642 5.13075
      vertex -5.77267 10.3772 5.26668
    endloop
  endfacet
  facet normal 0.0110681 0.168959 0.985561
    outer loop
      vertex -8 10.2629 5.39121
      vertex -8 9.61542 5.50221
      vertex -7.31306 10.2179 5.39121
    endloop
  endfacet
  facet normal -0.0142825 0.218027 0.975838
    outer loop
      vertex -8 10.2629 5.39121
      vertex -8.7597 10.7705 5.26668
      vertex -8.68694 10.2179 5.39121
    endloop
  endfacet
  facet normal -0.0142913 0.218015 0.975841
    outer loop
      vertex -8 10.8203 5.26668
      vertex -8.7597 10.7705 5.26668
      vertex -8 10.2629 5.39121
    endloop
  endfacet
  facet normal -0.0544207 0.160354 0.985558
    outer loop
      vertex -9.36213 10.0835 5.39121
      vertex -10.014 9.86227 5.39121
      vertex -9.19456 9.45815 5.50221
    endloop
  endfacet
  facet normal -0.596755 -0.523398 0.608225
    outer loop
      vertex -12.8546 0.145361 4.83411
      vertex -13.5416 0.747794 4.67848
      vertex -12.9391 0.0608511 4.67848
    endloop
  endfacet
  facet normal -0.751803 -0.659387 3.82621e-16
    outer loop
      vertex -12.9391 0.0608511 4.6
      vertex -13.5416 0.747794 4.67848
      vertex -13.5416 0.747794 4.6
    endloop
  endfacet
  facet normal -0.751803 -0.659387 3.82621e-16
    outer loop
      vertex -13.5416 0.747794 4.67848
      vertex -12.9391 0.0608511 4.6
      vertex -12.9391 0.0608511 4.67848
    endloop
  endfacet
  facet normal -0.188048 -0.214419 0.958469
    outer loop
      vertex -12.1156 0.884436 5.26668
      vertex -12.4393 0.560707 5.13075
      vertex -11.8219 0.0192413 5.13075
    endloop
  endfacet
  facet normal -0.158444 -0.237123 0.958472
    outer loop
      vertex -11.5432 0.382456 5.26668
      vertex -11.8219 0.0192413 5.13075
      vertex -11.1391 -0.437001 5.13075
    endloop
  endfacet
  facet normal 0.0412358 -0.0203348 0.998942
    outer loop
      vertex -6.73832 4.4774 5.77694
      vertex -6.81733 4.31718 5.77694
      vertex -6.05138 3.87496 5.73632
    endloop
  endfacet
  facet normal 0.0435369 -0.0147789 0.998943
    outer loop
      vertex -5.82659 4.41764 5.73632
      vertex -6.6809 4.64655 5.77694
      vertex -5.9212 4.13893 5.73632
    endloop
  endfacet
  facet normal 0.0138467 -0.0696191 0.997478
    outer loop
      vertex -7.19869 2.00947 5.67625
      vertex -7.70631 2.76917 5.73632
      vertex -7.59589 1.93047 5.67625
    endloop
  endfacet
  facet normal 0.014908 0.0170037 0.999744
    outer loop
      vertex -7.03435 5.96565 5.77694
      vertex -7.7213 5.36321 5.79743
      vertex -7.67627 5.32373 5.79743
    endloop
  endfacet
  facet normal 0.0125661 -0.0188001 0.999744
    outer loop
      vertex -7.7213 4.63679 5.79743
      vertex -7.77109 4.60351 5.79743
      vertex -7.16866 3.91657 5.77694
    endloop
  endfacet
  facet normal -0.0436595 0.0885303 0.995116
    outer loop
      vertex -9.48825 8.59296 5.59776
      vertex -9.54801 7.68123 5.67625
      vertex -9.1848 7.86035 5.67625
    endloop
  endfacet
  facet normal 0.0228169 -0.0672151 0.997478
    outer loop
      vertex -7.13893 2.9212 5.73632
      vertex -7.19869 2.00947 5.67625
      vertex -6.8152 2.13965 5.67625
    endloop
  endfacet
  facet normal 0.053367 -0.0468013 0.997478
    outer loop
      vertex -5.54376 3.11526 5.67625
      vertex -6.2149 3.63024 5.73632
      vertex -5.81078 2.81078 5.67625
    endloop
  endfacet
  facet normal 0.0590196 -0.0394346 0.997478
    outer loop
      vertex -5.31877 3.45199 5.67625
      vertex -6.2149 3.63024 5.73632
      vertex -5.54376 3.11526 5.67625
    endloop
  endfacet
  facet normal 0.03173 -0.0934716 0.995116
    outer loop
      vertex -6.8152 2.13965 5.67625
      vertex -7.19869 2.00947 5.67625
      vertex -6.51175 1.40704 5.59776
    endloop
  endfacet
  facet normal 0.0317302 -0.0934713 0.995116
    outer loop
      vertex -6.51175 1.40704 5.59776
      vertex -7.19869 2.00947 5.67625
      vertex -6.99345 1.24352 5.59776
    endloop
  endfacet
  facet normal -0.0254948 -0.128175 0.991424
    outer loop
      vertex -9.00655 1.24352 5.59776
      vertex -9.19456 0.541846 5.50221
      vertex -8.50762 1.14428 5.59776
    endloop
  endfacet
  facet normal -0.0317302 -0.0934713 0.995116
    outer loop
      vertex -8.80131 2.00947 5.67625
      vertex -9.48825 1.40704 5.59776
      vertex -9.00655 1.24352 5.59776
    endloop
  endfacet
  facet normal 0.00441175 0.022179 0.999744
    outer loop
      vertex -7.82175 6.35395 5.77694
      vertex -7.94024 5.45391 5.79743
      vertex -7.64655 6.3191 5.77694
    endloop
  endfacet
  facet normal -0.0255439 -0.0382284 0.998942
    outer loop
      vertex -8.68282 3.81733 5.77694
      vertex -9.36976 3.2149 5.73632
      vertex -9.12504 3.05138 5.73632
    endloop
  endfacet
  facet normal -0.0203356 -0.0412351 0.998943
    outer loop
      vertex -8.5226 3.73832 5.77694
      vertex -9.12504 3.05138 5.73632
      vertex -8.86107 2.9212 5.73632
    endloop
  endfacet
  facet normal -0.0533705 -0.0468009 0.997477
    outer loop
      vertex -9.7851 3.63024 5.73632
      vertex -10.4562 3.11526 5.67625
      vertex -10.1892 2.81078 5.67625
    endloop
  endfacet
  facet normal 0.0188001 -0.0125661 0.999744
    outer loop
      vertex -7.60351 4.77109 5.79743
      vertex -7.63679 4.7213 5.79743
      vertex -6.91657 4.16866 5.77694
    endloop
  endfacet
  facet normal 0.00999952 0.0202823 0.999744
    outer loop
      vertex -7.4774 6.26168 5.77694
      vertex -7.8248 5.42297 5.79743
      vertex -7.77109 5.39649 5.79743
    endloop
  endfacet
  facet normal -0.0436588 -0.0885303 0.995116
    outer loop
      vertex -9.54801 2.31877 5.67625
      vertex -9.9445 1.63204 5.59776
      vertex -9.48825 1.40704 5.59776
    endloop
  endfacet
  facet normal -0.0203348 -0.0412358 0.998942
    outer loop
      vertex -8.68282 3.81733 5.77694
      vertex -9.12504 3.05138 5.73632
      vertex -8.5226 3.73832 5.77694
    endloop
  endfacet
  facet normal 0.0578006 -0.117209 0.991424
    outer loop
      vertex -5.69229 1.00293 5.50221
      vertex -6.51175 1.40704 5.59776
      vertex -6.23376 0.735908 5.50221
    endloop
  endfacet
  facet normal 0.0748908 -0.151864 0.98556
    outer loop
      vertex -5.69229 1.00293 5.50221
      vertex -6.23376 0.735908 5.50221
      vertex -5.36856 0.442214 5.39121
    endloop
  endfacet
  facet normal 0.0650847 -0.0742145 0.995116
    outer loop
      vertex -5.25007 2.25007 5.59776
      vertex -6.11526 2.54376 5.67625
      vertex -5.63253 1.91466 5.59776
    endloop
  endfacet
  facet normal 0.0548398 -0.0820757 0.995116
    outer loop
      vertex -6.11526 2.54376 5.67625
      vertex -6.45199 2.31877 5.67625
      vertex -5.63253 1.91466 5.59776
    endloop
  endfacet
  facet normal 0.0254948 -0.128175 0.991424
    outer loop
      vertex -6.99345 1.24352 5.59776
      vertex -7.49238 1.14428 5.59776
      vertex -6.80544 0.541846 5.50221
    endloop
  endfacet
  facet normal -0.0420083 -0.123751 0.991424
    outer loop
      vertex -9.00655 1.24352 5.59776
      vertex -9.76624 0.735908 5.50221
      vertex -9.19456 0.541846 5.50221
    endloop
  endfacet
  facet normal 0.0394346 -0.0590196 0.997478
    outer loop
      vertex -6.11526 2.54376 5.67625
      vertex -6.63024 3.2149 5.73632
      vertex -6.45199 2.31877 5.67625
    endloop
  endfacet
  facet normal -0.00464306 -0.0708308 0.997478
    outer loop
      vertex -8.29369 2.76917 5.73632
      vertex -8.40411 1.93047 5.67625
      vertex -8 1.90398 5.67625
    endloop
  endfacet
  facet normal -0.111648 -0.127307 0.98556
    outer loop
      vertex -11.2636 1.73641 5.50221
      vertex -11.7214 1.27858 5.39121
      vertex -10.8097 1.33834 5.50221
    endloop
  endfacet
  facet normal -0.111647 -0.127315 0.985559
    outer loop
      vertex -10.8097 1.33834 5.50221
      vertex -11.7214 1.27858 5.39121
      vertex -11.2038 0.824678 5.39121
    endloop
  endfacet
  facet normal 0.48409 -0.23873 0.841822
    outer loop
      vertex -1.87605 2.46338 4.98573
      vertex -2.25954 1.68575 4.98573
      vertex -1.65711 2.37269 4.83411
    endloop
  endfacet
  facet normal 0.343599 -0.169446 0.923703
    outer loop
      vertex -1.87605 2.46338 4.98573
      vertex -2.563 1.86095 5.13075
      vertex -2.25954 1.68575 4.98573
    endloop
  endfacet
  facet normal 0.318547 -0.212846 0.923702
    outer loop
      vertex -2.25954 1.68575 4.98573
      vertex -3.01924 1.17813 5.13075
      vertex -2.74125 0.964819 4.98573
    endloop
  endfacet
  facet normal 0.318545 -0.212842 0.923703
    outer loop
      vertex -2.563 1.86095 5.13075
      vertex -3.01924 1.17813 5.13075
      vertex -2.25954 1.68575 4.98573
    endloop
  endfacet
  facet normal 0.212844 -0.318546 0.923702
    outer loop
      vertex -4.17813 0.0192413 5.13075
      vertex -4.86095 -0.437001 5.13075
      vertex -4.68575 -0.740458 4.98573
    endloop
  endfacet
  facet normal 0.212844 -0.318546 0.923702
    outer loop
      vertex -4.17813 0.0192413 5.13075
      vertex -4.68575 -0.740458 4.98573
      vertex -3.96482 -0.258751 4.98573
    endloop
  endfacet
  facet normal 0.151864 -0.07489 0.98556
    outer loop
      vertex -3.73591 3.23376 5.50221
      vertex -4.00293 2.69229 5.50221
      vertex -3.44221 2.36856 5.39121
    endloop
  endfacet
  facet normal 0.117209 -0.0578004 0.991424
    outer loop
      vertex -3.73591 3.23376 5.50221
      vertex -4.40704 3.51175 5.59776
      vertex -4.00293 2.69229 5.50221
    endloop
  endfacet
  facet normal 0.123145 -0.362782 0.923702
    outer loop
      vertex -5.46338 -1.12395 4.98573
      vertex -6.37511 -1.06419 5.13075
      vertex -6.28442 -1.40265 4.98573
    endloop
  endfacet
  facet normal 0.123146 -0.362776 0.923704
    outer loop
      vertex -5.59747 -0.800216 5.13075
      vertex -6.37511 -1.06419 5.13075
      vertex -5.46338 -1.12395 4.98573
    endloop
  endfacet
  facet normal 0.0188023 0.0125636 0.999744
    outer loop
      vertex -6.91657 5.83134 5.77694
      vertex -7.60351 5.22891 5.79743
      vertex -6.81733 5.68282 5.77694
    endloop
  endfacet
  facet normal 0.0202816 0.0100015 0.999744
    outer loop
      vertex -6.81733 5.68282 5.77694
      vertex -7.60351 5.22891 5.79743
      vertex -6.73832 5.5226 5.77694
    endloop
  endfacet
  facet normal -0.059021 0.0394374 0.997477
    outer loop
      vertex -9.7851 6.36976 5.73632
      vertex -10.6812 6.54801 5.67625
      vertex -9.94862 6.12504 5.73632
    endloop
  endfacet
  facet normal -0.0202823 0.00999952 0.999744
    outer loop
      vertex -8.39649 5.22891 5.79743
      vertex -9.26168 5.5226 5.77694
      vertex -8.42297 5.1752 5.79743
    endloop
  endfacet
  facet normal 0.0255439 0.0382284 0.998942
    outer loop
      vertex -6.87496 6.94862 5.73632
      vertex -7.31718 6.18267 5.77694
      vertex -6.63024 6.7851 5.73632
    endloop
  endfacet
  facet normal 0.0203348 0.0412358 0.998942
    outer loop
      vertex -6.87496 6.94862 5.73632
      vertex -7.4774 6.26168 5.77694
      vertex -7.31718 6.18267 5.77694
    endloop
  endfacet
  facet normal 0.0170037 -0.014908 0.999744
    outer loop
      vertex -7.63679 4.7213 5.79743
      vertex -7.67627 4.67627 5.79743
      vertex -7.03435 4.03435 5.77694
    endloop
  endfacet
  facet normal 0.00726898 -0.0214132 0.999744
    outer loop
      vertex -7.4774 3.73832 5.77694
      vertex -7.88151 4.55778 5.79743
      vertex -7.64655 3.6809 5.77694
    endloop
  endfacet
  facet normal -0.751718 0.255178 0.608115
    outer loop
      vertex -14.4533 7.67305 4.67848
      vertex -14.747 6.80785 4.67848
      vertex -14.6316 6.77692 4.83411
    endloop
  endfacet
  facet normal -0.252592 0.288013 0.923713
    outer loop
      vertex -12.0352 10.2588 4.98573
      vertex -12.4393 9.43929 5.13075
      vertex -11.8219 9.98076 5.13075
    endloop
  endfacet
  facet normal -0.121374 0.181646 0.975845
    outer loop
      vertex -10.6314 9.55779 5.39121
      vertex -11.5432 9.61754 5.26668
      vertex -11.2038 9.17532 5.39121
    endloop
  endfacet
  facet normal -0.65938 0.75181 0
    outer loop
      vertex -12.2522 10.5416 4.6
      vertex -12.9391 9.93915 4.67848
      vertex -12.2522 10.5416 4.67848
    endloop
  endfacet
  facet normal -0.65938 0.75181 0
    outer loop
      vertex -12.9391 9.93915 4.67848
      vertex -12.2522 10.5416 4.6
      vertex -12.9391 9.93915 4.6
    endloop
  endfacet
  facet normal -0.12317 0.362795 0.923693
    outer loop
      vertex -9.62489 11.0642 5.13075
      vertex -10.5366 11.1239 4.98573
      vertex -10.4025 10.8002 5.13075
    endloop
  endfacet
  facet normal -0.158404 0.237105 0.958483
    outer loop
      vertex -11.1391 10.437 5.13075
      vertex -11.5432 9.61754 5.26668
      vertex -10.9101 10.0405 5.26668
    endloop
  endfacet
  facet normal -0.751802 0.659389 -3.78789e-16
    outer loop
      vertex -13.5416 9.25221 4.6
      vertex -12.9391 9.93915 4.67848
      vertex -12.9391 9.93915 4.6
    endloop
  endfacet
  facet normal -0.751802 0.659389 -3.78789e-16
    outer loop
      vertex -12.9391 9.93915 4.67848
      vertex -13.5416 9.25221 4.6
      vertex -13.5416 9.25221 4.67848
    endloop
  endfacet
  facet normal -0.596753 0.523399 0.608226
    outer loop
      vertex -12.9391 9.93915 4.67848
      vertex -13.5416 9.25221 4.67848
      vertex -12.8546 9.85464 4.83411
    endloop
  endfacet
  facet normal -0.0518812 0.792032 0.608271
    outer loop
      vertex -8 11.8655 4.83411
      vertex -8.91173 11.9253 4.67848
      vertex -8.89613 11.8068 4.83411
    endloop
  endfacet
  facet normal -0.154849 0.778478 0.608271
    outer loop
      vertex -8.91173 11.9253 4.67848
      vertex -9.77692 11.6316 4.83411
      vertex -8.89613 11.8068 4.83411
    endloop
  endfacet
  facet normal -0.0917042 0.270055 0.958468
    outer loop
      vertex -9.62489 11.0642 5.13075
      vertex -10.2273 10.3772 5.26668
      vertex -9.5064 10.622 5.26668
    endloop
  endfacet
  facet normal -0.0702559 0.206893 0.975838
    outer loop
      vertex -9.5064 10.622 5.26668
      vertex -10.2273 10.3772 5.26668
      vertex -10.014 9.86227 5.39121
    endloop
  endfacet
  facet normal 0.0544277 0.160338 0.98556
    outer loop
      vertex -5.98598 9.86227 5.39121
      vertex -6.80544 9.45815 5.50221
      vertex -6.23376 9.26409 5.50221
    endloop
  endfacet
  facet normal 0.0254949 0.128176 0.991424
    outer loop
      vertex -6.80544 9.45815 5.50221
      vertex -7.49238 8.85572 5.59776
      vertex -6.99345 8.75648 5.59776
    endloop
  endfacet
  facet normal 0.0702017 0.206861 0.975849
    outer loop
      vertex -6.4936 10.622 5.26668
      vertex -6.63787 10.0835 5.39121
      vertex -5.98598 9.86227 5.39121
    endloop
  endfacet
  facet normal 0.0426462 0.214243 0.975849
    outer loop
      vertex -6.4936 10.622 5.26668
      vertex -7.31306 10.2179 5.39121
      vertex -6.63787 10.0835 5.39121
    endloop
  endfacet
  facet normal 0.0317302 0.0934713 0.995116
    outer loop
      vertex -6.99345 8.75648 5.59776
      vertex -7.19869 7.99053 5.67625
      vertex -6.51175 8.59296 5.59776
    endloop
  endfacet
  facet normal 0.0420088 0.12375 0.991424
    outer loop
      vertex -6.23376 9.26409 5.50221
      vertex -6.99345 8.75648 5.59776
      vertex -6.51175 8.59296 5.59776
    endloop
  endfacet
  facet normal -0.0636636 -0.0313965 0.997477
    outer loop
      vertex -10.0788 4.13893 5.73632
      vertex -10.6812 3.45199 5.67625
      vertex -9.94862 3.87496 5.73632
    endloop
  endfacet
  facet normal -0.059021 -0.0394374 0.997477
    outer loop
      vertex -9.94862 3.87496 5.73632
      vertex -10.6812 3.45199 5.67625
      vertex -9.7851 3.63024 5.73632
    endloop
  endfacet
  facet normal -0.0636664 -0.0313941 0.997477
    outer loop
      vertex -10.0788 4.13893 5.73632
      vertex -10.8603 3.8152 5.67625
      vertex -10.6812 3.45199 5.67625
    endloop
  endfacet
  facet normal -0.0672176 -0.0228213 0.997477
    outer loop
      vertex -10.0788 4.13893 5.73632
      vertex -10.9905 4.19869 5.67625
      vertex -10.8603 3.8152 5.67625
    endloop
  endfacet
  facet normal -0.0458772 0.00301485 0.998943
    outer loop
      vertex -10.2308 5.29369 5.73632
      vertex -10.2501 5 5.73632
      vertex -9.36563 5 5.77694
    endloop
  endfacet
  facet normal -0.0458772 -0.00301485 0.998943
    outer loop
      vertex -9.36563 5 5.77694
      vertex -10.2501 5 5.73632
      vertex -10.2308 4.70631 5.73632
    endloop
  endfacet
  facet normal -0.0984967 -0.00645904 0.995116
    outer loop
      vertex -11.096 5 5.67625
      vertex -11.8557 4.49238 5.59776
      vertex -11.0695 4.59589 5.67625
    endloop
  endfacet
  facet normal -0.096812 -0.0192552 0.995116
    outer loop
      vertex -11.0695 4.59589 5.67625
      vertex -11.8557 4.49238 5.59776
      vertex -10.9905 4.19869 5.67625
    endloop
  endfacet
  facet normal -0.0435368 0.0147791 0.998943
    outer loop
      vertex -9.26168 5.5226 5.77694
      vertex -10.0788 5.86107 5.73632
      vertex -9.3191 5.35345 5.77694
    endloop
  endfacet
  facet normal -0.0435377 0.0147776 0.998942
    outer loop
      vertex -10.0788 5.86107 5.73632
      vertex -10.1734 5.58236 5.73632
      vertex -9.3191 5.35345 5.77694
    endloop
  endfacet
  facet normal 0.00441447 -0.0221781 0.999744
    outer loop
      vertex -7.88151 4.55778 5.79743
      vertex -7.94024 4.54609 5.79743
      vertex -7.64655 3.6809 5.77694
    endloop
  endfacet
  facet normal -0.0125661 0.0188001 0.999744
    outer loop
      vertex -8.22891 5.39649 5.79743
      vertex -8.83134 6.08343 5.77694
      vertex -8.2787 5.36321 5.79743
    endloop
  endfacet
  facet normal -0.0014786 -0.0225652 0.999744
    outer loop
      vertex -8.05976 4.54609 5.79743
      vertex -8.17825 3.64605 5.77694
      vertex -8 3.63437 5.77694
    endloop
  endfacet
  facet normal -0.0636636 0.0313965 0.997477
    outer loop
      vertex -9.94862 6.12504 5.73632
      vertex -10.6812 6.54801 5.67625
      vertex -10.0788 5.86107 5.73632
    endloop
  endfacet
  facet normal -0.0202816 0.0100015 0.999744
    outer loop
      vertex -9.18267 5.68282 5.77694
      vertex -9.26168 5.5226 5.77694
      vertex -8.39649 5.22891 5.79743
    endloop
  endfacet
  facet normal -0.130411 0.00855499 0.991423
    outer loop
      vertex -11.8557 5.50762 5.59776
      vertex -12.6154 5 5.50221
      vertex -11.889 5 5.59776
    endloop
  endfacet
  facet normal -0.0984952 0.00646131 0.995117
    outer loop
      vertex -11.8557 5.50762 5.59776
      vertex -11.889 5 5.59776
      vertex -11.096 5 5.67625
    endloop
  endfacet
  facet normal 0.00896964 0.0450935 0.998943
    outer loop
      vertex -7.41764 7.17341 5.73632
      vertex -7.70631 7.23083 5.73632
      vertex -7.64655 6.3191 5.77694
    endloop
  endfacet
  facet normal 0.0147789 0.0435369 0.998943
    outer loop
      vertex -7.41764 7.17341 5.73632
      vertex -7.64655 6.3191 5.77694
      vertex -7.13893 7.0788 5.73632
    endloop
  endfacet
  facet normal -0.00441175 0.022179 0.999744
    outer loop
      vertex -8.17825 6.35395 5.77694
      vertex -8.35345 6.3191 5.77694
      vertex -8.05976 5.45391 5.79743
    endloop
  endfacet
  facet normal 0.0202816 -0.0100015 0.999744
    outer loop
      vertex -6.73832 4.4774 5.77694
      vertex -7.60351 4.77109 5.79743
      vertex -6.81733 4.31718 5.77694
    endloop
  endfacet
  facet normal -0.0188001 0.0125661 0.999744
    outer loop
      vertex -8.36321 5.2787 5.79743
      vertex -9.08343 5.83134 5.77694
      vertex -8.39649 5.22891 5.79743
    endloop
  endfacet
  facet normal -0.00726898 0.0214132 0.999744
    outer loop
      vertex -8.35345 6.3191 5.77694
      vertex -8.5226 6.26168 5.77694
      vertex -8.11849 5.44222 5.79743
    endloop
  endfacet
  facet normal -0.0254953 0.128176 0.991424
    outer loop
      vertex -8.60243 9.57593 5.50221
      vertex -9.19456 9.45815 5.50221
      vertex -8.50762 8.85572 5.59776
    endloop
  endfacet
  facet normal -0.188048 0.214418 0.958469
    outer loop
      vertex -11.8219 9.98076 5.13075
      vertex -12.4393 9.43929 5.13075
      vertex -12.1156 9.11556 5.26668
    endloop
  endfacet
  facet normal -0.127316 0.111652 0.985558
    outer loop
      vertex -11.7214 8.72142 5.39121
      vertex -12.1753 8.20384 5.39121
      vertex -11.6617 7.80969 5.50221
    endloop
  endfacet
  facet normal -0.0317302 0.0934713 0.995116
    outer loop
      vertex -9.00655 8.75648 5.59776
      vertex -9.48825 8.59296 5.59776
      vertex -8.80131 7.99053 5.67625
    endloop
  endfacet
  facet normal -0.0420081 0.123751 0.991424
    outer loop
      vertex -9.19456 9.45815 5.50221
      vertex -9.76624 9.26409 5.50221
      vertex -9.00655 8.75648 5.59776
    endloop
  endfacet
  facet normal -0.0726036 0.108664 0.991424
    outer loop
      vertex -10.3077 8.99707 5.50221
      vertex -10.8097 8.66166 5.50221
      vertex -10.3675 8.08534 5.59776
    endloop
  endfacet
  facet normal -0.0861766 0.0982497 0.991424
    outer loop
      vertex -10.3675 8.08534 5.59776
      vertex -10.8097 8.66166 5.50221
      vertex -10.7499 7.74993 5.59776
    endloop
  endfacet
  facet normal -0.218015 0.0142913 0.975841
    outer loop
      vertex -13.7705 5.7597 5.26668
      vertex -13.8203 5 5.26668
      vertex -13.2629 5 5.39121
    endloop
  endfacet
  facet normal -0.218015 -0.0142913 0.975841
    outer loop
      vertex -13.2629 5 5.39121
      vertex -13.8203 5 5.26668
      vertex -13.7705 4.2403 5.26668
    endloop
  endfacet
  facet normal -0.0934598 0.0317309 0.995117
    outer loop
      vertex -10.8603 6.1848 5.67625
      vertex -11.593 6.48825 5.59776
      vertex -10.9905 5.80131 5.67625
    endloop
  endfacet
  facet normal -0.0382284 0.0255439 0.998942
    outer loop
      vertex -9.7851 6.36976 5.73632
      vertex -9.94862 6.12504 5.73632
      vertex -9.18267 5.68282 5.77694
    endloop
  endfacet
  facet normal -0.151856 0.0748926 0.985561
    outer loop
      vertex -12.5578 7.63144 5.39121
      vertex -12.8623 7.01402 5.39121
      vertex -12.2641 6.76624 5.50221
    endloop
  endfacet
  facet normal -0.15187 0.0748876 0.985559
    outer loop
      vertex -11.9971 7.30771 5.50221
      vertex -12.5578 7.63144 5.39121
      vertex -12.2641 6.76624 5.50221
    endloop
  endfacet
  facet normal -0.237115 0.158444 0.958474
    outer loop
      vertex -12.6175 8.54317 5.26668
      vertex -13.437 8.13905 5.13075
      vertex -13.0405 7.91014 5.26668
    endloop
  endfacet
  facet normal -0.448798 0.299871 0.841818
    outer loop
      vertex -13.4468 9.17945 4.83411
      vertex -13.7405 8.31425 4.98573
      vertex -13.2588 9.03518 4.98573
    endloop
  endfacet
  facet normal -0.0940777 0.140795 0.985559
    outer loop
      vertex -10.6314 9.55779 5.39121
      vertex -11.2038 9.17532 5.39121
      vertex -10.8097 8.66166 5.50221
    endloop
  endfacet
  facet normal -0.0578013 0.117209 0.991424
    outer loop
      vertex -9.76624 9.26409 5.50221
      vertex -10.3077 8.99707 5.50221
      vertex -9.48825 8.59296 5.59776
    endloop
  endfacet
  facet normal -0.0110749 0.168951 0.985562
    outer loop
      vertex -8 9.61542 5.50221
      vertex -8.68694 10.2179 5.39121
      vertex -8.60243 9.57593 5.50221
    endloop
  endfacet
  facet normal -0.033031 0.166061 0.985562
    outer loop
      vertex -8.68694 10.2179 5.39121
      vertex -9.19456 9.45815 5.50221
      vertex -8.60243 9.57593 5.50221
    endloop
  endfacet
  facet normal 0.00854693 0.130406 0.991424
    outer loop
      vertex -8 9.61542 5.50221
      vertex -8 8.88899 5.59776
      vertex -7.49238 8.85572 5.59776
    endloop
  endfacet
  facet normal -0.0085483 0.130407 0.991424
    outer loop
      vertex -8 9.61542 5.50221
      vertex -8.60243 9.57593 5.50221
      vertex -8.50762 8.85572 5.59776
    endloop
  endfacet
  facet normal 0.0254953 0.128176 0.991424
    outer loop
      vertex -7.39757 9.57593 5.50221
      vertex -7.49238 8.85572 5.59776
      vertex -6.80544 9.45815 5.50221
    endloop
  endfacet
  facet normal 0.033031 0.166061 0.985562
    outer loop
      vertex -7.31306 10.2179 5.39121
      vertex -7.39757 9.57593 5.50221
      vertex -6.80544 9.45815 5.50221
    endloop
  endfacet
  facet normal -0.0186554 0.284588 0.958468
    outer loop
      vertex -8 11.2781 5.13075
      vertex -8.7597 10.7705 5.26668
      vertex -8 10.8203 5.26668
    endloop
  endfacet
  facet normal -0.0186488 0.284579 0.958471
    outer loop
      vertex -8 11.2781 5.13075
      vertex -8.81946 11.2244 5.13075
      vertex -8.7597 10.7705 5.26668
    endloop
  endfacet
  facet normal -0.555572 -0.831468 0
    outer loop
      vertex -12.2522 -0.541582 4.6
      vertex -11.4925 -1.0492 4.67848
      vertex -12.2522 -0.541582 4.67848
    endloop
  endfacet
  facet normal -0.555572 -0.831468 -0
    outer loop
      vertex -11.4925 -1.0492 4.67848
      vertex -12.2522 -0.541582 4.6
      vertex -11.4925 -1.0492 4.6
    endloop
  endfacet
  facet normal -0.214418 -0.188051 0.958468
    outer loop
      vertex -12.1156 0.884436 5.26668
      vertex -12.9808 1.17813 5.13075
      vertex -12.4393 0.560707 5.13075
    endloop
  endfacet
  facet normal -0.288027 -0.252609 0.923704
    outer loop
      vertex -12.9808 1.17813 5.13075
      vertex -13.2588 0.964819 4.98573
      vertex -12.4393 0.560707 5.13075
    endloop
  endfacet
  facet normal 0.0450935 -0.00896979 0.998943
    outer loop
      vertex -6.64605 4.82175 5.77694
      vertex -6.6809 4.64655 5.77694
      vertex -5.76917 4.70631 5.73632
    endloop
  endfacet
  facet normal 0.0458786 -0.00300624 0.998943
    outer loop
      vertex -6.63437 5 5.77694
      vertex -6.64605 4.82175 5.77694
      vertex -5.76917 4.70631 5.73632
    endloop
  endfacet
  facet normal 0.0255439 -0.0382284 0.998942
    outer loop
      vertex -7.16866 3.91657 5.77694
      vertex -7.31718 3.81733 5.77694
      vertex -6.63024 3.2149 5.73632
    endloop
  endfacet
  facet normal 0.0313953 -0.0636618 0.997478
    outer loop
      vertex -6.45199 2.31877 5.67625
      vertex -7.13893 2.9212 5.73632
      vertex -6.8152 2.13965 5.67625
    endloop
  endfacet
  facet normal 0.0170037 0.014908 0.999744
    outer loop
      vertex -7.03435 5.96565 5.77694
      vertex -7.67627 5.32373 5.79743
      vertex -7.63679 5.2787 5.79743
    endloop
  endfacet
  facet normal -0.0170037 0.014908 0.999744
    outer loop
      vertex -8.32373 5.32373 5.79743
      vertex -8.96565 5.96565 5.77694
      vertex -8.36321 5.2787 5.79743
    endloop
  endfacet
  facet normal 0.00147639 -0.022565 0.999744
    outer loop
      vertex -8 4.54218 5.79743
      vertex -8 3.63437 5.77694
      vertex -7.94024 4.54609 5.79743
    endloop
  endfacet
  facet normal -0.00147639 0.022565 0.999744
    outer loop
      vertex -8 6.36563 5.77694
      vertex -8.05976 5.45391 5.79743
      vertex -8 5.45782 5.79743
    endloop
  endfacet
  facet normal 0.0345675 -0.0303153 0.998942
    outer loop
      vertex -6.2149 3.63024 5.73632
      vertex -7.03435 4.03435 5.77694
      vertex -6.40896 3.40896 5.73632
    endloop
  endfacet
  facet normal 0.0203356 -0.0412351 0.998943
    outer loop
      vertex -6.87496 3.05138 5.73632
      vertex -7.4774 3.73832 5.77694
      vertex -7.13893 2.9212 5.73632
    endloop
  endfacet
  facet normal 0.0147791 -0.0435368 0.998943
    outer loop
      vertex -7.4774 3.73832 5.77694
      vertex -7.64655 3.6809 5.77694
      vertex -7.13893 2.9212 5.73632
    endloop
  endfacet
  facet normal 0.0578011 -0.117208 0.991424
    outer loop
      vertex -6.0555 1.63204 5.59776
      vertex -6.51175 1.40704 5.59776
      vertex -5.69229 1.00293 5.50221
    endloop
  endfacet
  facet normal 0.0436588 -0.0885303 0.995116
    outer loop
      vertex -6.45199 2.31877 5.67625
      vertex -6.51175 1.40704 5.59776
      vertex -6.0555 1.63204 5.59776
    endloop
  endfacet
  facet normal -0.0548387 -0.082074 0.995116
    outer loop
      vertex -9.88474 2.54376 5.67625
      vertex -10.3675 1.91466 5.59776
      vertex -9.54801 2.31877 5.67625
    endloop
  endfacet
  facet normal -0.0138479 -0.0696183 0.997478
    outer loop
      vertex -8.58236 2.82659 5.73632
      vertex -8.80131 2.00947 5.67625
      vertex -8.29369 2.76917 5.73632
    endloop
  endfacet
  facet normal -0.0110747 -0.168964 0.98556
    outer loop
      vertex -8.60243 0.424066 5.50221
      vertex -8.68694 -0.217854 5.39121
      vertex -8 0.38458 5.50221
    endloop
  endfacet
  facet normal -0.0254951 -0.128175 0.991424
    outer loop
      vertex -8.50762 1.14428 5.59776
      vertex -9.19456 0.541846 5.50221
      vertex -8.60243 0.424066 5.50221
    endloop
  endfacet
  facet normal -0.0202816 -0.0100015 0.999744
    outer loop
      vertex -8.39649 4.77109 5.79743
      vertex -9.26168 4.4774 5.77694
      vertex -9.18267 4.31718 5.77694
    endloop
  endfacet
  facet normal -0.00726898 -0.0214132 0.999744
    outer loop
      vertex -8.11849 4.55778 5.79743
      vertex -8.5226 3.73832 5.77694
      vertex -8.35345 3.6809 5.77694
    endloop
  endfacet
  facet normal -0.0147791 -0.0435368 0.998943
    outer loop
      vertex -8.5226 3.73832 5.77694
      vertex -8.86107 2.9212 5.73632
      vertex -8.35345 3.6809 5.77694
    endloop
  endfacet
  facet normal -0.017002 0.0149095 0.999744
    outer loop
      vertex -8.96565 5.96565 5.77694
      vertex -9.08343 5.83134 5.77694
      vertex -8.36321 5.2787 5.79743
    endloop
  endfacet
  facet normal -0.0313953 -0.0636618 0.997478
    outer loop
      vertex -8.86107 2.9212 5.73632
      vertex -9.54801 2.31877 5.67625
      vertex -9.1848 2.13965 5.67625
    endloop
  endfacet
  facet normal -0.0436595 -0.0885303 0.995116
    outer loop
      vertex -9.1848 2.13965 5.67625
      vertex -9.54801 2.31877 5.67625
      vertex -9.48825 1.40704 5.59776
    endloop
  endfacet
  facet normal 0.0149095 0.017002 0.999744
    outer loop
      vertex -7.16866 6.08343 5.77694
      vertex -7.7213 5.36321 5.79743
      vertex -7.03435 5.96565 5.77694
    endloop
  endfacet
  facet normal -0.0303153 -0.0345675 0.998942
    outer loop
      vertex -8.96565 4.03435 5.77694
      vertex -9.59104 3.40896 5.73632
      vertex -9.36976 3.2149 5.73632
    endloop
  endfacet
  facet normal -0.0345675 -0.0303153 0.998942
    outer loop
      vertex -8.96565 4.03435 5.77694
      vertex -9.7851 3.63024 5.73632
      vertex -9.59104 3.40896 5.73632
    endloop
  endfacet
  facet normal -0.0064567 -0.0984983 0.995116
    outer loop
      vertex -8.40411 1.93047 5.67625
      vertex -8.50762 1.14428 5.59776
      vertex -8 1.90398 5.67625
    endloop
  endfacet
  facet normal -0.0085474 -0.130406 0.991424
    outer loop
      vertex -8.50762 1.14428 5.59776
      vertex -8.60243 0.424066 5.50221
      vertex -8 0.38458 5.50221
    endloop
  endfacet
  facet normal 0.0085474 -0.130406 0.991424
    outer loop
      vertex -7.49238 1.14428 5.59776
      vertex -8 0.38458 5.50221
      vertex -7.39757 0.424066 5.50221
    endloop
  endfacet
  facet normal 0.0330343 -0.166073 0.98556
    outer loop
      vertex -6.80544 0.541846 5.50221
      vertex -7.31306 -0.217854 5.39121
      vertex -6.63787 -0.0835495 5.39121
    endloop
  endfacet
  facet normal 0.00854693 -0.130406 0.991424
    outer loop
      vertex -8 1.11101 5.59776
      vertex -8 0.38458 5.50221
      vertex -7.49238 1.14428 5.59776
    endloop
  endfacet
  facet normal 0.0254951 -0.128175 0.991424
    outer loop
      vertex -6.80544 0.541846 5.50221
      vertex -7.49238 1.14428 5.59776
      vertex -7.39757 0.424066 5.50221
    endloop
  endfacet
  facet normal -0.00854693 -0.130406 0.991424
    outer loop
      vertex -8 1.11101 5.59776
      vertex -8.50762 1.14428 5.59776
      vertex -8 0.38458 5.50221
    endloop
  endfacet
  facet normal 0.00645573 -0.0984989 0.995116
    outer loop
      vertex -8 1.90398 5.67625
      vertex -8 1.11101 5.59776
      vertex -7.49238 1.14428 5.59776
    endloop
  endfacet
  facet normal -0.0578015 -0.117208 0.991424
    outer loop
      vertex -9.48825 1.40704 5.59776
      vertex -10.3077 1.00293 5.50221
      vertex -9.76624 0.735908 5.50221
    endloop
  endfacet
  facet normal -0.0578015 -0.117209 0.991424
    outer loop
      vertex -9.9445 1.63204 5.59776
      vertex -10.3077 1.00293 5.50221
      vertex -9.48825 1.40704 5.59776
    endloop
  endfacet
  facet normal 0.448782 -0.299868 0.841828
    outer loop
      vertex -2.25954 1.68575 4.98573
      vertex -2.55324 0.820551 4.83411
      vertex -2.05431 1.56725 4.83411
    endloop
  endfacet
  facet normal 0.659961 -0.440974 0.608271
    outer loop
      vertex -2.05431 1.56725 4.83411
      vertex -2.55324 0.820551 4.83411
      vertex -1.9508 1.50749 4.67848
    endloop
  endfacet
  facet normal 0.214413 -0.188037 0.958472
    outer loop
      vertex -3.38246 1.45683 5.26668
      vertex -3.88444 0.884436 5.26668
      vertex -3.01924 1.17813 5.13075
    endloop
  endfacet
  facet normal 0.237124 -0.158439 0.958472
    outer loop
      vertex -2.563 1.86095 5.13075
      vertex -3.38246 1.45683 5.26668
      vertex -3.01924 1.17813 5.13075
    endloop
  endfacet
  facet normal 0.0014786 0.0225652 0.999744
    outer loop
      vertex -7.82175 6.35395 5.77694
      vertex -8 6.36563 5.77694
      vertex -7.94024 5.45391 5.79743
    endloop
  endfacet
  facet normal 0.00999952 -0.0202823 0.999744
    outer loop
      vertex -7.77109 4.60351 5.79743
      vertex -7.8248 4.57703 5.79743
      vertex -7.4774 3.73832 5.77694
    endloop
  endfacet
  facet normal 0.0125636 -0.0188023 0.999744
    outer loop
      vertex -7.16866 3.91657 5.77694
      vertex -7.77109 4.60351 5.79743
      vertex -7.31718 3.81733 5.77694
    endloop
  endfacet
  facet normal -0.28802 0.252594 0.92371
    outer loop
      vertex -12.6871 9.68706 4.98573
      vertex -13.2588 9.03518 4.98573
      vertex -12.4393 9.43929 5.13075
    endloop
  endfacet
  facet normal -0.252601 0.288016 0.92371
    outer loop
      vertex -12.0352 10.2588 4.98573
      vertex -12.6871 9.68706 4.98573
      vertex -12.4393 9.43929 5.13075
    endloop
  endfacet
  facet normal -0.169389 0.343593 0.923716
    outer loop
      vertex -10.5366 11.1239 4.98573
      vertex -11.3143 10.7405 4.98573
      vertex -11.1391 10.437 5.13075
    endloop
  endfacet
  facet normal -0.212831 0.318517 0.923715
    outer loop
      vertex -11.3143 10.7405 4.98573
      vertex -12.0352 10.2588 4.98573
      vertex -11.8219 9.98076 5.13075
    endloop
  endfacet
  facet normal -0.555559 0.831477 0
    outer loop
      vertex -11.4925 11.0492 4.6
      vertex -12.2522 10.5416 4.67848
      vertex -11.4925 11.0492 4.67848
    endloop
  endfacet
  facet normal -0.555559 0.831477 0
    outer loop
      vertex -12.2522 10.5416 4.67848
      vertex -11.4925 11.0492 4.6
      vertex -12.2522 10.5416 4.6
    endloop
  endfacet
  facet normal -0.096812 0.0192552 0.995116
    outer loop
      vertex -10.9905 5.80131 5.67625
      vertex -11.8557 5.50762 5.59776
      vertex -11.0695 5.40411 5.67625
    endloop
  endfacet
  facet normal -0.0984967 0.00645904 0.995116
    outer loop
      vertex -11.0695 5.40411 5.67625
      vertex -11.8557 5.50762 5.59776
      vertex -11.096 5 5.67625
    endloop
  endfacet
  facet normal -0.0696191 -0.0138467 0.997478
    outer loop
      vertex -10.2308 4.70631 5.73632
      vertex -11.0695 4.59589 5.67625
      vertex -10.9905 4.19869 5.67625
    endloop
  endfacet
  facet normal -0.0708306 -0.0046448 0.997478
    outer loop
      vertex -10.2308 4.70631 5.73632
      vertex -11.096 5 5.67625
      vertex -11.0695 4.59589 5.67625
    endloop
  endfacet
  facet normal -0.0147789 0.0435369 0.998943
    outer loop
      vertex -8.58236 7.17341 5.73632
      vertex -8.86107 7.0788 5.73632
      vertex -8.35345 6.3191 5.77694
    endloop
  endfacet
  facet normal -0.0255439 0.0382284 0.998942
    outer loop
      vertex -9.12504 6.94862 5.73632
      vertex -9.36976 6.7851 5.73632
      vertex -8.68282 6.18267 5.77694
    endloop
  endfacet
  facet normal -0.0533673 0.0468025 0.997478
    outer loop
      vertex -9.59104 6.59104 5.73632
      vertex -10.1892 7.18922 5.67625
      vertex -9.7851 6.36976 5.73632
    endloop
  endfacet
  facet normal -0.0303153 0.0345675 0.998942
    outer loop
      vertex -9.36976 6.7851 5.73632
      vertex -9.59104 6.59104 5.73632
      vertex -8.96565 5.96565 5.77694
    endloop
  endfacet
  facet normal -0.0188001 -0.0125661 0.999744
    outer loop
      vertex -8.39649 4.77109 5.79743
      vertex -9.08343 4.16866 5.77694
      vertex -8.36321 4.7213 5.79743
    endloop
  endfacet
  facet normal 0.00441175 -0.022179 0.999744
    outer loop
      vertex -7.64655 3.6809 5.77694
      vertex -7.94024 4.54609 5.79743
      vertex -7.82175 3.64605 5.77694
    endloop
  endfacet
  facet normal 0.00896979 0.0450935 0.998943
    outer loop
      vertex -7.70631 7.23083 5.73632
      vertex -7.82175 6.35395 5.77694
      vertex -7.64655 6.3191 5.77694
    endloop
  endfacet
  facet normal 0.00300624 0.0458786 0.998943
    outer loop
      vertex -7.70631 7.23083 5.73632
      vertex -8 6.36563 5.77694
      vertex -7.82175 6.35395 5.77694
    endloop
  endfacet
  facet normal -0.00896964 0.0450935 0.998943
    outer loop
      vertex -8.29369 7.23083 5.73632
      vertex -8.58236 7.17341 5.73632
      vertex -8.35345 6.3191 5.77694
    endloop
  endfacet
  facet normal -0.00896979 0.0450935 0.998943
    outer loop
      vertex -8.29369 7.23083 5.73632
      vertex -8.35345 6.3191 5.77694
      vertex -8.17825 6.35395 5.77694
    endloop
  endfacet
  facet normal -0.0228166 0.0672151 0.997478
    outer loop
      vertex -8.80131 7.99053 5.67625
      vertex -8.86107 7.0788 5.73632
      vertex -8.58236 7.17341 5.73632
    endloop
  endfacet
  facet normal -0.0138479 0.0696183 0.997478
    outer loop
      vertex -8.29369 7.23083 5.73632
      vertex -8.80131 7.99053 5.67625
      vertex -8.58236 7.17341 5.73632
    endloop
  endfacet
  facet normal -0.0313955 0.0636616 0.997478
    outer loop
      vertex -8.86107 7.0788 5.73632
      vertex -9.54801 7.68123 5.67625
      vertex -9.12504 6.94862 5.73632
    endloop
  endfacet
  facet normal -0.0203356 0.0412351 0.998943
    outer loop
      vertex -8.86107 7.0788 5.73632
      vertex -9.12504 6.94862 5.73632
      vertex -8.5226 6.26168 5.77694
    endloop
  endfacet
  facet normal -0.164276 0.144045 0.97584
    outer loop
      vertex -12.1156 9.11556 5.26668
      vertex -12.6175 8.54317 5.26668
      vertex -12.1753 8.20384 5.39121
    endloop
  endfacet
  facet normal -0.164253 0.144044 0.975844
    outer loop
      vertex -12.1156 9.11556 5.26668
      vertex -12.1753 8.20384 5.39121
      vertex -11.7214 8.72142 5.39121
    endloop
  endfacet
  facet normal -0.0436588 0.0885303 0.995116
    outer loop
      vertex -9.48825 8.59296 5.59776
      vertex -9.9445 8.36796 5.59776
      vertex -9.54801 7.68123 5.67625
    endloop
  endfacet
  facet normal -0.03173 0.0934716 0.995116
    outer loop
      vertex -8.80131 7.99053 5.67625
      vertex -9.48825 8.59296 5.59776
      vertex -9.1848 7.86035 5.67625
    endloop
  endfacet
  facet normal -0.0742154 0.0650835 0.995116
    outer loop
      vertex -10.7499 7.74993 5.59776
      vertex -11.0853 7.36747 5.59776
      vertex -10.4562 6.88474 5.67625
    endloop
  endfacet
  facet normal -0.0982473 0.0861584 0.991425
    outer loop
      vertex -10.7499 7.74993 5.59776
      vertex -11.6617 7.80969 5.50221
      vertex -11.0853 7.36747 5.59776
    endloop
  endfacet
  facet normal -0.0672176 0.0228213 0.997477
    outer loop
      vertex -10.8603 6.1848 5.67625
      vertex -10.9905 5.80131 5.67625
      vertex -10.0788 5.86107 5.73632
    endloop
  endfacet
  facet normal -0.0636664 0.0313941 0.997477
    outer loop
      vertex -10.6812 6.54801 5.67625
      vertex -10.8603 6.1848 5.67625
      vertex -10.0788 5.86107 5.73632
    endloop
  endfacet
  facet normal -0.0412351 0.0203356 0.998943
    outer loop
      vertex -9.94862 6.12504 5.73632
      vertex -10.0788 5.86107 5.73632
      vertex -9.26168 5.5226 5.77694
    endloop
  endfacet
  facet normal -0.0412358 0.0203348 0.998942
    outer loop
      vertex -9.18267 5.68282 5.77694
      vertex -9.94862 6.12504 5.73632
      vertex -9.26168 5.5226 5.77694
    endloop
  endfacet
  facet normal -0.108654 0.0726207 0.991424
    outer loop
      vertex -11.0853 7.36747 5.59776
      vertex -11.9971 7.30771 5.50221
      vertex -11.368 6.9445 5.59776
    endloop
  endfacet
  facet normal -0.140794 0.094072 0.985559
    outer loop
      vertex -11.6617 7.80969 5.50221
      vertex -12.5578 7.63144 5.39121
      vertex -11.9971 7.30771 5.50221
    endloop
  endfacet
  facet normal -0.288026 0.25261 0.923704
    outer loop
      vertex -12.4393 9.43929 5.13075
      vertex -13.2588 9.03518 4.98573
      vertex -12.9808 8.82187 5.13075
    endloop
  endfacet
  facet normal -0.318527 0.212811 0.923716
    outer loop
      vertex -12.9808 8.82187 5.13075
      vertex -13.7405 8.31425 4.98573
      vertex -13.437 8.13905 5.13075
    endloop
  endfacet
  facet normal -0.0726019 0.108664 0.991424
    outer loop
      vertex -10.3077 8.99707 5.50221
      vertex -10.3675 8.08534 5.59776
      vertex -9.9445 8.36796 5.59776
    endloop
  endfacet
  facet normal -0.0578015 0.117209 0.991424
    outer loop
      vertex -9.48825 8.59296 5.59776
      vertex -10.3077 8.99707 5.50221
      vertex -9.9445 8.36796 5.59776
    endloop
  endfacet
  facet normal -0.0254949 0.128176 0.991424
    outer loop
      vertex -8.50762 8.85572 5.59776
      vertex -9.19456 9.45815 5.50221
      vertex -9.00655 8.75648 5.59776
    endloop
  endfacet
  facet normal -0.0192568 0.0968136 0.995116
    outer loop
      vertex -8.50762 8.85572 5.59776
      vertex -9.00655 8.75648 5.59776
      vertex -8.80131 7.99053 5.67625
    endloop
  endfacet
  facet normal -0.0426182 0.214297 0.975838
    outer loop
      vertex -8.7597 10.7705 5.26668
      vertex -9.5064 10.622 5.26668
      vertex -8.68694 10.2179 5.39121
    endloop
  endfacet
  facet normal -0.0556275 0.279711 0.958471
    outer loop
      vertex -8.81946 11.2244 5.13075
      vertex -9.5064 10.622 5.26668
      vertex -8.7597 10.7705 5.26668
    endloop
  endfacet
  facet normal -0.144042 -0.164248 0.975845
    outer loop
      vertex -11.2038 0.824678 5.39121
      vertex -12.1156 0.884436 5.26668
      vertex -11.5432 0.382456 5.26668
    endloop
  endfacet
  facet normal -0.188037 -0.214416 0.958472
    outer loop
      vertex -11.5432 0.382456 5.26668
      vertex -12.1156 0.884436 5.26668
      vertex -11.8219 0.0192413 5.13075
    endloop
  endfacet
  facet normal -0.252588 -0.288028 0.923709
    outer loop
      vertex -12.4393 0.560707 5.13075
      vertex -12.6871 0.312936 4.98573
      vertex -12.0352 -0.258751 4.98573
    endloop
  endfacet
  facet normal -0.252613 -0.288039 0.923699
    outer loop
      vertex -11.8219 0.0192413 5.13075
      vertex -12.4393 0.560707 5.13075
      vertex -12.0352 -0.258751 4.98573
    endloop
  endfacet
  facet normal -0.00999952 -0.0202823 0.999744
    outer loop
      vertex -8.22891 4.60351 5.79743
      vertex -8.5226 3.73832 5.77694
      vertex -8.1752 4.57703 5.79743
    endloop
  endfacet
  facet normal -0.00147639 -0.022565 0.999744
    outer loop
      vertex -8 4.54218 5.79743
      vertex -8.05976 4.54609 5.79743
      vertex -8 3.63437 5.77694
    endloop
  endfacet
  facet normal 0.017002 -0.0149095 0.999744
    outer loop
      vertex -6.91657 4.16866 5.77694
      vertex -7.63679 4.7213 5.79743
      vertex -7.03435 4.03435 5.77694
    endloop
  endfacet
  facet normal 0 0 1
    outer loop
      vertex -7.54609 5.05976 5.79743
      vertex -7.54609 4.94024 5.79743
      vertex -7.54218 5 5.79743
    endloop
  endfacet
  facet normal 0 0 1
    outer loop
      vertex -7.55778 5.11849 5.79743
      vertex -7.54609 4.94024 5.79743
      vertex -7.54609 5.05976 5.79743
    endloop
  endfacet
  facet normal 0 0 1
    outer loop
      vertex -7.55778 5.11849 5.79743
      vertex -7.55778 4.88151 5.79743
      vertex -7.54609 4.94024 5.79743
    endloop
  endfacet
  facet normal 0 0 1
    outer loop
      vertex -7.57703 5.1752 5.79743
      vertex -7.55778 4.88151 5.79743
      vertex -7.55778 5.11849 5.79743
    endloop
  endfacet
  facet normal 0 0 1
    outer loop
      vertex -7.57703 5.1752 5.79743
      vertex -7.57703 4.8248 5.79743
      vertex -7.55778 4.88151 5.79743
    endloop
  endfacet
  facet normal 0 0 1
    outer loop
      vertex -7.60351 5.22891 5.79743
      vertex -7.57703 4.8248 5.79743
      vertex -7.57703 5.1752 5.79743
    endloop
  endfacet
  facet normal 0 0 1
    outer loop
      vertex -7.60351 5.22891 5.79743
      vertex -7.60351 4.77109 5.79743
      vertex -7.57703 4.8248 5.79743
    endloop
  endfacet
  facet normal 0 0 1
    outer loop
      vertex -7.63679 5.2787 5.79743
      vertex -7.60351 4.77109 5.79743
      vertex -7.60351 5.22891 5.79743
    endloop
  endfacet
  facet normal 0 0 1
    outer loop
      vertex -7.63679 5.2787 5.79743
      vertex -7.63679 4.7213 5.79743
      vertex -7.60351 4.77109 5.79743
    endloop
  endfacet
  facet normal 0 0 1
    outer loop
      vertex -7.67627 5.32373 5.79743
      vertex -7.63679 4.7213 5.79743
      vertex -7.63679 5.2787 5.79743
    endloop
  endfacet
  facet normal 0 0 1
    outer loop
      vertex -7.67627 5.32373 5.79743
      vertex -7.67627 4.67627 5.79743
      vertex -7.63679 4.7213 5.79743
    endloop
  endfacet
  facet normal 0 0 1
    outer loop
      vertex -7.7213 5.36321 5.79743
      vertex -7.67627 4.67627 5.79743
      vertex -7.67627 5.32373 5.79743
    endloop
  endfacet
  facet normal 0 0 1
    outer loop
      vertex -7.7213 5.36321 5.79743
      vertex -7.7213 4.63679 5.79743
      vertex -7.67627 4.67627 5.79743
    endloop
  endfacet
  facet normal 0 0 1
    outer loop
      vertex -7.77109 5.39649 5.79743
      vertex -7.7213 4.63679 5.79743
      vertex -7.7213 5.36321 5.79743
    endloop
  endfacet
  facet normal 0 0 1
    outer loop
      vertex -7.77109 5.39649 5.79743
      vertex -7.77109 4.60351 5.79743
      vertex -7.7213 4.63679 5.79743
    endloop
  endfacet
  facet normal 0 0 1
    outer loop
      vertex -7.8248 5.42297 5.79743
      vertex -7.77109 4.60351 5.79743
      vertex -7.77109 5.39649 5.79743
    endloop
  endfacet
  facet normal 0 0 1
    outer loop
      vertex -7.8248 5.42297 5.79743
      vertex -7.8248 4.57703 5.79743
      vertex -7.77109 4.60351 5.79743
    endloop
  endfacet
  facet normal 0 0 1
    outer loop
      vertex -7.88151 5.44222 5.79743
      vertex -7.8248 4.57703 5.79743
      vertex -7.8248 5.42297 5.79743
    endloop
  endfacet
  facet normal 0 0 1
    outer loop
      vertex -7.88151 5.44222 5.79743
      vertex -7.88151 4.55778 5.79743
      vertex -7.8248 4.57703 5.79743
    endloop
  endfacet
  facet normal 0 0 1
    outer loop
      vertex -7.94024 5.45391 5.79743
      vertex -7.88151 4.55778 5.79743
      vertex -7.88151 5.44222 5.79743
    endloop
  endfacet
  facet normal 0 0 1
    outer loop
      vertex -7.94024 5.45391 5.79743
      vertex -7.94024 4.54609 5.79743
      vertex -7.88151 4.55778 5.79743
    endloop
  endfacet
  facet normal 0 0 1
    outer loop
      vertex -8 5.45782 5.79743
      vertex -7.94024 4.54609 5.79743
      vertex -7.94024 5.45391 5.79743
    endloop
  endfacet
  facet normal 0 0 1
    outer loop
      vertex -8 5.45782 5.79743
      vertex -8 4.54218 5.79743
      vertex -7.94024 4.54609 5.79743
    endloop
  endfacet
  facet normal -0 0 1
    outer loop
      vertex -8.05976 5.45391 5.79743
      vertex -8 4.54218 5.79743
      vertex -8 5.45782 5.79743
    endloop
  endfacet
  facet normal 0 0 1
    outer loop
      vertex -8.05976 5.45391 5.79743
      vertex -8.05976 4.54609 5.79743
      vertex -8 4.54218 5.79743
    endloop
  endfacet
  facet normal -0 0 1
    outer loop
      vertex -8.11849 5.44222 5.79743
      vertex -8.05976 4.54609 5.79743
      vertex -8.05976 5.45391 5.79743
    endloop
  endfacet
  facet normal 0 0 1
    outer loop
      vertex -8.11849 5.44222 5.79743
      vertex -8.11849 4.55778 5.79743
      vertex -8.05976 4.54609 5.79743
    endloop
  endfacet
  facet normal -0 0 1
    outer loop
      vertex -8.1752 5.42297 5.79743
      vertex -8.11849 4.55778 5.79743
      vertex -8.11849 5.44222 5.79743
    endloop
  endfacet
  facet normal 0 0 1
    outer loop
      vertex -8.1752 5.42297 5.79743
      vertex -8.1752 4.57703 5.79743
      vertex -8.11849 4.55778 5.79743
    endloop
  endfacet
  facet normal -0 0 1
    outer loop
      vertex -8.22891 5.39649 5.79743
      vertex -8.1752 4.57703 5.79743
      vertex -8.1752 5.42297 5.79743
    endloop
  endfacet
  facet normal 0 0 1
    outer loop
      vertex -8.22891 5.39649 5.79743
      vertex -8.22891 4.60351 5.79743
      vertex -8.1752 4.57703 5.79743
    endloop
  endfacet
  facet normal -0 0 1
    outer loop
      vertex -8.2787 5.36321 5.79743
      vertex -8.22891 4.60351 5.79743
      vertex -8.22891 5.39649 5.79743
    endloop
  endfacet
  facet normal 0 0 1
    outer loop
      vertex -8.2787 5.36321 5.79743
      vertex -8.2787 4.63679 5.79743
      vertex -8.22891 4.60351 5.79743
    endloop
  endfacet
  facet normal -0 0 1
    outer loop
      vertex -8.32373 5.32373 5.79743
      vertex -8.2787 4.63679 5.79743
      vertex -8.2787 5.36321 5.79743
    endloop
  endfacet
  facet normal 0 0 1
    outer loop
      vertex -8.32373 5.32373 5.79743
      vertex -8.32373 4.67627 5.79743
      vertex -8.2787 4.63679 5.79743
    endloop
  endfacet
  facet normal -0 0 1
    outer loop
      vertex -8.36321 5.2787 5.79743
      vertex -8.32373 4.67627 5.79743
      vertex -8.32373 5.32373 5.79743
    endloop
  endfacet
  facet normal 0 0 1
    outer loop
      vertex -8.36321 5.2787 5.79743
      vertex -8.36321 4.7213 5.79743
      vertex -8.32373 4.67627 5.79743
    endloop
  endfacet
  facet normal -0 0 1
    outer loop
      vertex -8.39649 5.22891 5.79743
      vertex -8.36321 4.7213 5.79743
      vertex -8.36321 5.2787 5.79743
    endloop
  endfacet
  facet normal 0 0 1
    outer loop
      vertex -8.39649 5.22891 5.79743
      vertex -8.39649 4.77109 5.79743
      vertex -8.36321 4.7213 5.79743
    endloop
  endfacet
  facet normal -0 0 1
    outer loop
      vertex -8.42297 5.1752 5.79743
      vertex -8.39649 4.77109 5.79743
      vertex -8.39649 5.22891 5.79743
    endloop
  endfacet
  facet normal 0 0 1
    outer loop
      vertex -8.42297 5.1752 5.79743
      vertex -8.42297 4.8248 5.79743
      vertex -8.39649 4.77109 5.79743
    endloop
  endfacet
  facet normal -0 0 1
    outer loop
      vertex -8.44222 5.11849 5.79743
      vertex -8.42297 4.8248 5.79743
      vertex -8.42297 5.1752 5.79743
    endloop
  endfacet
  facet normal 0 0 1
    outer loop
      vertex -8.44222 5.11849 5.79743
      vertex -8.44222 4.88151 5.79743
      vertex -8.42297 4.8248 5.79743
    endloop
  endfacet
  facet normal -0 0 1
    outer loop
      vertex -8.45391 5.05976 5.79743
      vertex -8.44222 4.88151 5.79743
      vertex -8.44222 5.11849 5.79743
    endloop
  endfacet
  facet normal 0 0 1
    outer loop
      vertex -8.45391 5.05976 5.79743
      vertex -8.45391 4.94024 5.79743
      vertex -8.44222 4.88151 5.79743
    endloop
  endfacet
  facet normal 0 -0 1
    outer loop
      vertex -8.45391 4.94024 5.79743
      vertex -8.45391 5.05976 5.79743
      vertex -8.45782 5 5.79743
    endloop
  endfacet
  facet normal 0.00896979 -0.0450935 0.998943
    outer loop
      vertex -7.64655 3.6809 5.77694
      vertex -7.82175 3.64605 5.77694
      vertex -7.70631 2.76917 5.73632
    endloop
  endfacet
  facet normal 0.00300624 -0.0458786 0.998943
    outer loop
      vertex -7.82175 3.64605 5.77694
      vertex -8 3.63437 5.77694
      vertex -7.70631 2.76917 5.73632
    endloop
  endfacet
  facet normal 0.0468017 -0.0533663 0.997478
    outer loop
      vertex -6.40896 3.40896 5.73632
      vertex -6.63024 3.2149 5.73632
      vertex -5.81078 2.81078 5.67625
    endloop
  endfacet
  facet normal 0.0303153 -0.0345675 0.998942
    outer loop
      vertex -6.40896 3.40896 5.73632
      vertex -7.03435 4.03435 5.77694
      vertex -6.63024 3.2149 5.73632
    endloop
  endfacet
  facet normal -0.0192554 -0.0968132 0.995116
    outer loop
      vertex -8.40411 1.93047 5.67625
      vertex -8.80131 2.00947 5.67625
      vertex -8.50762 1.14428 5.59776
    endloop
  endfacet
  facet normal -0.0192568 -0.0968136 0.995116
    outer loop
      vertex -8.80131 2.00947 5.67625
      vertex -9.00655 1.24352 5.59776
      vertex -8.50762 1.14428 5.59776
    endloop
  endfacet
  facet normal -0.00896964 -0.0450935 0.998943
    outer loop
      vertex -8.35345 3.6809 5.77694
      vertex -8.58236 2.82659 5.73632
      vertex -8.29369 2.76917 5.73632
    endloop
  endfacet
  facet normal -0.0147789 -0.0435369 0.998943
    outer loop
      vertex -8.35345 3.6809 5.77694
      vertex -8.86107 2.9212 5.73632
      vertex -8.58236 2.82659 5.73632
    endloop
  endfacet
  facet normal 0.014908 -0.0170037 0.999744
    outer loop
      vertex -7.67627 4.67627 5.79743
      vertex -7.7213 4.63679 5.79743
      vertex -7.03435 4.03435 5.77694
    endloop
  endfacet
  facet normal -0.03173 -0.0934716 0.995116
    outer loop
      vertex -9.1848 2.13965 5.67625
      vertex -9.48825 1.40704 5.59776
      vertex -8.80131 2.00947 5.67625
    endloop
  endfacet
  facet normal -0.0228169 -0.0672151 0.997478
    outer loop
      vertex -8.86107 2.9212 5.73632
      vertex -9.1848 2.13965 5.67625
      vertex -8.80131 2.00947 5.67625
    endloop
  endfacet
  facet normal -0.0468031 -0.0533656 0.997478
    outer loop
      vertex -9.36976 3.2149 5.73632
      vertex -10.1892 2.81078 5.67625
      vertex -9.88474 2.54376 5.67625
    endloop
  endfacet
  facet normal -0.0468024 -0.0533672 0.997478
    outer loop
      vertex -9.59104 3.40896 5.73632
      vertex -10.1892 2.81078 5.67625
      vertex -9.36976 3.2149 5.73632
    endloop
  endfacet
  facet normal 0.0110747 -0.168964 0.98556
    outer loop
      vertex -7.39757 0.424066 5.50221
      vertex -8 0.38458 5.50221
      vertex -7.31306 -0.217854 5.39121
    endloop
  endfacet
  facet normal 0.0330334 -0.166073 0.98556
    outer loop
      vertex -6.80544 0.541846 5.50221
      vertex -7.39757 0.424066 5.50221
      vertex -7.31306 -0.217854 5.39121
    endloop
  endfacet
  facet normal -0.126116 0.255752 0.958481
    outer loop
      vertex -10.2273 10.3772 5.26668
      vertex -11.1391 10.437 5.13075
      vertex -10.9101 10.0405 5.26668
    endloop
  endfacet
  facet normal -0.126114 0.25577 0.958476
    outer loop
      vertex -10.4025 10.8002 5.13075
      vertex -11.1391 10.437 5.13075
      vertex -10.2273 10.3772 5.26668
    endloop
  endfacet
  facet normal 0.195144 0.980775 -0
    outer loop
      vertex -6.19215 11.747 4.6
      vertex -7.08827 11.9253 4.67848
      vertex -6.19215 11.747 4.67848
    endloop
  endfacet
  facet normal 0.195144 0.980775 0
    outer loop
      vertex -7.08827 11.9253 4.67848
      vertex -6.19215 11.747 4.6
      vertex -7.08827 11.9253 4.6
    endloop
  endfacet
  facet normal -0.0125636 0.0188023 0.999744
    outer loop
      vertex -8.68282 6.18267 5.77694
      vertex -8.83134 6.08343 5.77694
      vertex -8.22891 5.39649 5.79743
    endloop
  endfacet
  facet normal -0.0100015 0.0202816 0.999744
    outer loop
      vertex -8.5226 6.26168 5.77694
      vertex -8.68282 6.18267 5.77694
      vertex -8.22891 5.39649 5.79743
    endloop
  endfacet
  facet normal -0.0345675 0.0303153 0.998942
    outer loop
      vertex -9.59104 6.59104 5.73632
      vertex -9.7851 6.36976 5.73632
      vertex -8.96565 5.96565 5.77694
    endloop
  endfacet
  facet normal -0.0345682 0.0303138 0.998942
    outer loop
      vertex -8.96565 5.96565 5.77694
      vertex -9.7851 6.36976 5.73632
      vertex -9.08343 5.83134 5.77694
    endloop
  endfacet
  facet normal -0.0014786 0.0225652 0.999744
    outer loop
      vertex -8 6.36563 5.77694
      vertex -8.17825 6.35395 5.77694
      vertex -8.05976 5.45391 5.79743
    endloop
  endfacet
  facet normal -0.00300624 0.0458786 0.998943
    outer loop
      vertex -8 6.36563 5.77694
      vertex -8.29369 7.23083 5.73632
      vertex -8.17825 6.35395 5.77694
    endloop
  endfacet
  facet normal -0.0192554 0.0968132 0.995116
    outer loop
      vertex -8.50762 8.85572 5.59776
      vertex -8.80131 7.99053 5.67625
      vertex -8.40411 8.06953 5.67625
    endloop
  endfacet
  facet normal -0.0138467 0.0696191 0.997478
    outer loop
      vertex -8.40411 8.06953 5.67625
      vertex -8.80131 7.99053 5.67625
      vertex -8.29369 7.23083 5.73632
    endloop
  endfacet
  facet normal -0.158442 0.237122 0.958472
    outer loop
      vertex -11.1391 10.437 5.13075
      vertex -11.8219 9.98076 5.13075
      vertex -11.5432 9.61754 5.26668
    endloop
  endfacet
  facet normal -0.188036 0.214414 0.958472
    outer loop
      vertex -11.8219 9.98076 5.13075
      vertex -12.1156 9.11556 5.26668
      vertex -11.5432 9.61754 5.26668
    endloop
  endfacet
  facet normal -0.0313953 0.0636618 0.997478
    outer loop
      vertex -9.1848 7.86035 5.67625
      vertex -9.54801 7.68123 5.67625
      vertex -8.86107 7.0788 5.73632
    endloop
  endfacet
  facet normal -0.0228169 0.0672151 0.997478
    outer loop
      vertex -8.80131 7.99053 5.67625
      vertex -9.1848 7.86035 5.67625
      vertex -8.86107 7.0788 5.73632
    endloop
  endfacet
  facet normal -0.082062 0.0548477 0.995117
    outer loop
      vertex -11.0853 7.36747 5.59776
      vertex -11.368 6.9445 5.59776
      vertex -10.6812 6.54801 5.67625
    endloop
  endfacet
  facet normal -0.0820745 0.0548414 0.995116
    outer loop
      vertex -10.4562 6.88474 5.67625
      vertex -11.0853 7.36747 5.59776
      vertex -10.6812 6.54801 5.67625
    endloop
  endfacet
  facet normal -0.237099 0.158409 0.958484
    outer loop
      vertex -12.9808 8.82187 5.13075
      vertex -13.437 8.13905 5.13075
      vertex -12.6175 8.54317 5.26668
    endloop
  endfacet
  facet normal -0.214401 0.187997 0.958483
    outer loop
      vertex -12.1156 9.11556 5.26668
      vertex -12.9808 8.82187 5.13075
      vertex -12.6175 8.54317 5.26668
    endloop
  endfacet
  facet normal -0.0330588 0.166079 0.985558
    outer loop
      vertex -8.68694 10.2179 5.39121
      vertex -9.36213 10.0835 5.39121
      vertex -9.19456 9.45815 5.50221
    endloop
  endfacet
  facet normal -0.0426462 0.214243 0.975849
    outer loop
      vertex -8.68694 10.2179 5.39121
      vertex -9.5064 10.622 5.26668
      vertex -9.36213 10.0835 5.39121
    endloop
  endfacet
  facet normal 0.00147639 0.022565 0.999744
    outer loop
      vertex -8 6.36563 5.77694
      vertex -8 5.45782 5.79743
      vertex -7.94024 5.45391 5.79743
    endloop
  endfacet
  facet normal 0.0214134 -0.00726869 0.999744
    outer loop
      vertex -7.55778 4.88151 5.79743
      vertex -7.57703 4.8248 5.79743
      vertex -6.73832 4.4774 5.77694
    endloop
  endfacet
  facet normal 0.00464262 -0.0708306 0.997478
    outer loop
      vertex -8 2.74992 5.73632
      vertex -8 1.90398 5.67625
      vertex -7.70631 2.76917 5.73632
    endloop
  endfacet
  facet normal 0.00300711 -0.0458783 0.998943
    outer loop
      vertex -8 3.63437 5.77694
      vertex -8 2.74992 5.73632
      vertex -7.70631 2.76917 5.73632
    endloop
  endfacet
  facet normal 0.0147789 -0.0435369 0.998943
    outer loop
      vertex -7.13893 2.9212 5.73632
      vertex -7.64655 3.6809 5.77694
      vertex -7.41764 2.82659 5.73632
    endloop
  endfacet
  facet normal 0.00896964 -0.0450935 0.998943
    outer loop
      vertex -7.64655 3.6809 5.77694
      vertex -7.70631 2.76917 5.73632
      vertex -7.41764 2.82659 5.73632
    endloop
  endfacet
  facet normal 0.0313955 -0.0636616 0.997478
    outer loop
      vertex -6.87496 3.05138 5.73632
      vertex -7.13893 2.9212 5.73632
      vertex -6.45199 2.31877 5.67625
    endloop
  endfacet
  facet normal 0.0394362 -0.0590193 0.997478
    outer loop
      vertex -6.63024 3.2149 5.73632
      vertex -6.87496 3.05138 5.73632
      vertex -6.45199 2.31877 5.67625
    endloop
  endfacet
  facet normal -0.0149095 0.017002 0.999744
    outer loop
      vertex -8.83134 6.08343 5.77694
      vertex -8.96565 5.96565 5.77694
      vertex -8.2787 5.36321 5.79743
    endloop
  endfacet
  facet normal -0.0303138 0.0345682 0.998942
    outer loop
      vertex -8.83134 6.08343 5.77694
      vertex -9.36976 6.7851 5.73632
      vertex -8.96565 5.96565 5.77694
    endloop
  endfacet
  facet normal 0.0654077 -0.997859 0
    outer loop
      vertex 8 -2 3.3
      vertex 8.91368 -1.94011 4.6
      vertex 8 -2 4.6
    endloop
  endfacet
  facet normal 0.0654077 -0.997859 0
    outer loop
      vertex 8.91368 -1.94011 4.6
      vertex 8 -2 3.3
      vertex 8.91368 -1.94011 3.3
    endloop
  endfacet
  facet normal 0.980792 0.195055 -6.93967e-18
    outer loop
      vertex 14.9401 5.91368 4.6
      vertex 14.7615 6.81173 3.3
      vertex 14.7615 6.81173 4.6
    endloop
  endfacet
  facet normal 0.980792 0.195055 -6.93967e-18
    outer loop
      vertex 14.7615 6.81173 3.3
      vertex 14.9401 5.91368 4.6
      vertex 14.9401 5.91368 3.3
    endloop
  endfacet
  facet normal 0.997858 0.0654186 -1.73328e-18
    outer loop
      vertex 15 5 4.6
      vertex 14.9401 5.91368 3.3
      vertex 14.9401 5.91368 4.6
    endloop
  endfacet
  facet normal 0.997858 0.0654186 -1.73328e-18
    outer loop
      vertex 14.9401 5.91368 3.3
      vertex 15 5 4.6
      vertex 15 5 3.3
    endloop
  endfacet
  facet normal 0.831472 -0.555567 1.64768e-17
    outer loop
      vertex 13.5535 0.73867 4.6
      vertex 14.0622 1.5 3.3
      vertex 14.0622 1.5 4.6
    endloop
  endfacet
  facet normal 0.831472 -0.555567 1.64768e-17
    outer loop
      vertex 14.0622 1.5 3.3
      vertex 13.5535 0.73867 4.6
      vertex 13.5535 0.73867 3.3
    endloop
  endfacet
  facet normal 0.997858 -0.0654186 1.73328e-18
    outer loop
      vertex 14.9401 4.08632 4.6
      vertex 15 5 3.3
      vertex 15 5 4.6
    endloop
  endfacet
  facet normal 0.997858 -0.0654186 1.73328e-18
    outer loop
      vertex 15 5 3.3
      vertex 14.9401 4.08632 4.6
      vertex 14.9401 4.08632 3.3
    endloop
  endfacet
  facet normal 0.831472 0.555567 -1.07967e-17
    outer loop
      vertex 14.0622 8.5 4.6
      vertex 13.5535 9.26133 3.3
      vertex 13.5535 9.26133 4.6
    endloop
  endfacet
  facet normal 0.831472 0.555567 -1.07967e-17
    outer loop
      vertex 13.5535 9.26133 3.3
      vertex 14.0622 8.5 4.6
      vertex 14.0622 8.5 3.3
    endloop
  endfacet
  facet normal 0.751801 0.65939 9.73047e-18
    outer loop
      vertex 13.5535 9.26133 4.6
      vertex 12.9497 9.94975 3.3
      vertex 12.9497 9.94975 4.6
    endloop
  endfacet
  facet normal 0.751801 0.65939 9.73047e-18
    outer loop
      vertex 12.9497 9.94975 3.3
      vertex 13.5535 9.26133 4.6
      vertex 13.5535 9.26133 3.3
    endloop
  endfacet
  facet normal 0.896864 -0.442305 1.39691e-17
    outer loop
      vertex 14.0622 1.5 4.6
      vertex 14.4672 2.32122 3.3
      vertex 14.4672 2.32122 4.6
    endloop
  endfacet
  facet normal 0.896864 -0.442305 1.39691e-17
    outer loop
      vertex 14.4672 2.32122 3.3
      vertex 14.0622 1.5 4.6
      vertex 14.0622 1.5 3.3
    endloop
  endfacet
  facet normal 0.65937 0.751818 -0
    outer loop
      vertex 12.9497 9.94975 3.3
      vertex 12.2613 10.5535 4.6
      vertex 12.9497 9.94975 4.6
    endloop
  endfacet
  facet normal 0.65937 0.751818 0
    outer loop
      vertex 12.2613 10.5535 4.6
      vertex 12.9497 9.94975 3.3
      vertex 12.2613 10.5535 3.3
    endloop
  endfacet
  facet normal 0.442297 -0.896869 0
    outer loop
      vertex 10.6788 -1.46716 3.3
      vertex 11.5 -1.06218 4.6
      vertex 10.6788 -1.46716 4.6
    endloop
  endfacet
  facet normal 0.442297 -0.896869 0
    outer loop
      vertex 11.5 -1.06218 4.6
      vertex 10.6788 -1.46716 3.3
      vertex 11.5 -1.06218 3.3
    endloop
  endfacet
  facet normal -0.659359 0.751828 0
    outer loop
      vertex 3.73867 10.5535 3.3
      vertex 3.05025 9.94975 4.6
      vertex 3.73867 10.5535 4.6
    endloop
  endfacet
  facet normal -0.659359 0.751828 0
    outer loop
      vertex 3.05025 9.94975 4.6
      vertex 3.73867 10.5535 3.3
      vertex 3.05025 9.94975 3.3
    endloop
  endfacet
  facet normal 0.659355 -0.751832 0
    outer loop
      vertex 12.2613 -0.553473 3.3
      vertex 12.9497 0.0502529 4.6
      vertex 12.2613 -0.553473 4.6
    endloop
  endfacet
  facet normal 0.659355 -0.751832 0
    outer loop
      vertex 12.9497 0.0502529 4.6
      vertex 12.2613 -0.553473 3.3
      vertex 12.9497 0.0502529 3.3
    endloop
  endfacet
  facet normal -0.555567 0.831472 0
    outer loop
      vertex 4.5 11.0622 3.3
      vertex 3.73867 10.5535 4.6
      vertex 4.5 11.0622 4.6
    endloop
  endfacet
  facet normal -0.555567 0.831472 0
    outer loop
      vertex 3.73867 10.5535 4.6
      vertex 4.5 11.0622 3.3
      vertex 3.73867 10.5535 3.3
    endloop
  endfacet
  facet normal -0.321436 -0.946931 0
    outer loop
      vertex 5.32122 -1.46716 3.3
      vertex 6.18827 -1.76148 4.6
      vertex 5.32122 -1.46716 4.6
    endloop
  endfacet
  facet normal -0.321436 -0.946931 -0
    outer loop
      vertex 6.18827 -1.76148 4.6
      vertex 5.32122 -1.46716 3.3
      vertex 6.18827 -1.76148 3.3
    endloop
  endfacet
  facet normal -0.997859 0.0654077 2.7831e-18
    outer loop
      vertex 1 5 3.3
      vertex 1.05989 5.91368 4.6
      vertex 1.05989 5.91368 3.3
    endloop
  endfacet
  facet normal -0.997859 0.0654077 2.7831e-18
    outer loop
      vertex 1.05989 5.91368 4.6
      vertex 1 5 3.3
      vertex 1 5 4.6
    endloop
  endfacet
  facet normal 0.442314 0.89686 -0
    outer loop
      vertex 11.5 11.0622 3.3
      vertex 10.6788 11.4672 4.6
      vertex 11.5 11.0622 4.6
    endloop
  endfacet
  facet normal 0.442314 0.89686 0
    outer loop
      vertex 10.6788 11.4672 4.6
      vertex 11.5 11.0622 3.3
      vertex 10.6788 11.4672 3.3
    endloop
  endfacet
  facet normal 0.195087 -0.980786 0
    outer loop
      vertex 8.91368 -1.94011 3.3
      vertex 9.81173 -1.76148 4.6
      vertex 8.91368 -1.94011 4.6
    endloop
  endfacet
  facet normal 0.195087 -0.980786 0
    outer loop
      vertex 9.81173 -1.76148 4.6
      vertex 8.91368 -1.94011 3.3
      vertex 9.81173 -1.76148 3.3
    endloop
  endfacet
  facet normal -0.751844 0.659341 2.3247e-17
    outer loop
      vertex 2.44653 9.26133 3.3
      vertex 3.05025 9.94975 4.6
      vertex 3.05025 9.94975 3.3
    endloop
  endfacet
  facet normal -0.751844 0.659341 2.3247e-17
    outer loop
      vertex 3.05025 9.94975 4.6
      vertex 2.44653 9.26133 3.3
      vertex 2.44653 9.26133 4.6
    endloop
  endfacet
  facet normal 0.0654186 0.997858 -0
    outer loop
      vertex 8.91368 11.9401 3.3
      vertex 8 12 4.6
      vertex 8.91368 11.9401 4.6
    endloop
  endfacet
  facet normal 0.0654186 0.997858 0
    outer loop
      vertex 8 12 4.6
      vertex 8.91368 11.9401 3.3
      vertex 8 12 3.3
    endloop
  endfacet
  facet normal -0.831467 -0.555574 -1.23296e-17
    outer loop
      vertex 2.44653 0.73867 3.3
      vertex 1.93782 1.5 4.6
      vertex 1.93782 1.5 3.3
    endloop
  endfacet
  facet normal -0.831467 -0.555574 -1.23296e-17
    outer loop
      vertex 1.93782 1.5 4.6
      vertex 2.44653 0.73867 3.3
      vertex 2.44653 0.73867 4.6
    endloop
  endfacet
  facet normal -0.442305 0.896864 0
    outer loop
      vertex 5.32122 11.4672 3.3
      vertex 4.5 11.0622 4.6
      vertex 5.32122 11.4672 4.6
    endloop
  endfacet
  facet normal -0.442305 0.896864 0
    outer loop
      vertex 4.5 11.0622 4.6
      vertex 5.32122 11.4672 3.3
      vertex 4.5 11.0622 3.3
    endloop
  endfacet
  facet normal 0.946938 -0.321416 1.74479e-17
    outer loop
      vertex 14.4672 2.32122 4.6
      vertex 14.7615 3.18827 3.3
      vertex 14.7615 3.18827 4.6
    endloop
  endfacet
  facet normal 0.946938 -0.321416 1.74479e-17
    outer loop
      vertex 14.7615 3.18827 3.3
      vertex 14.4672 2.32122 4.6
      vertex 14.4672 2.32122 3.3
    endloop
  endfacet
  facet normal -0.442288 -0.896873 0
    outer loop
      vertex 4.5 -1.06218 3.3
      vertex 5.32122 -1.46716 4.6
      vertex 4.5 -1.06218 4.6
    endloop
  endfacet
  facet normal -0.442288 -0.896873 -0
    outer loop
      vertex 5.32122 -1.46716 4.6
      vertex 4.5 -1.06218 3.3
      vertex 5.32122 -1.46716 3.3
    endloop
  endfacet
  facet normal -0.980786 0.195087 1.03238e-17
    outer loop
      vertex 1.05989 5.91368 3.3
      vertex 1.23852 6.81173 4.6
      vertex 1.23852 6.81173 3.3
    endloop
  endfacet
  facet normal -0.980786 0.195087 1.03238e-17
    outer loop
      vertex 1.23852 6.81173 4.6
      vertex 1.05989 5.91368 3.3
      vertex 1.05989 5.91368 4.6
    endloop
  endfacet
  facet normal -0.659344 -0.751841 0
    outer loop
      vertex 3.05025 0.0502529 3.3
      vertex 3.73867 -0.553473 4.6
      vertex 3.05025 0.0502529 4.6
    endloop
  endfacet
  facet normal -0.659344 -0.751841 -0
    outer loop
      vertex 3.73867 -0.553473 4.6
      vertex 3.05025 0.0502529 3.3
      vertex 3.73867 -0.553473 3.3
    endloop
  endfacet
  facet normal 0.321429 -0.946934 0
    outer loop
      vertex 9.81173 -1.76148 3.3
      vertex 10.6788 -1.46716 4.6
      vertex 9.81173 -1.76148 4.6
    endloop
  endfacet
  facet normal 0.321429 -0.946934 0
    outer loop
      vertex 10.6788 -1.46716 4.6
      vertex 9.81173 -1.76148 3.3
      vertex 10.6788 -1.46716 3.3
    endloop
  endfacet
  facet normal 0 0 1
    outer loop
      vertex 14.9401 5.91368 4.6
      vertex 14.985 5 4.6
      vertex 15 5 4.6
    endloop
  endfacet
  facet normal 0 0 1
    outer loop
      vertex 14.9401 5.91368 4.6
      vertex 14.9253 5.91173 4.6
      vertex 14.985 5 4.6
    endloop
  endfacet
  facet normal 0 0 1
    outer loop
      vertex 14.7615 6.81173 4.6
      vertex 14.9253 5.91173 4.6
      vertex 14.9401 5.91368 4.6
    endloop
  endfacet
  facet normal 0 0 1
    outer loop
      vertex 14.7615 6.81173 4.6
      vertex 14.747 6.80785 4.6
      vertex 14.9253 5.91173 4.6
    endloop
  endfacet
  facet normal 0 0 1
    outer loop
      vertex 14.4672 7.67878 4.6
      vertex 14.747 6.80785 4.6
      vertex 14.7615 6.81173 4.6
    endloop
  endfacet
  facet normal 0 0 1
    outer loop
      vertex 14.4672 7.67878 4.6
      vertex 14.4533 7.67305 4.6
      vertex 14.747 6.80785 4.6
    endloop
  endfacet
  facet normal 0 0 1
    outer loop
      vertex 14.0622 8.5 4.6
      vertex 14.4533 7.67305 4.6
      vertex 14.4672 7.67878 4.6
    endloop
  endfacet
  facet normal 0 0 1
    outer loop
      vertex 14.0622 8.5 4.6
      vertex 14.0492 8.49251 4.6
      vertex 14.4533 7.67305 4.6
    endloop
  endfacet
  facet normal 0 0 1
    outer loop
      vertex 13.5535 9.26133 4.6
      vertex 14.0492 8.49251 4.6
      vertex 14.0622 8.5 4.6
    endloop
  endfacet
  facet normal 0 0 1
    outer loop
      vertex 13.5535 9.26133 4.6
      vertex 13.5416 9.25221 4.6
      vertex 14.0492 8.49251 4.6
    endloop
  endfacet
  facet normal 0 0 1
    outer loop
      vertex 12.9497 9.94975 4.6
      vertex 13.5416 9.25221 4.6
      vertex 13.5535 9.26133 4.6
    endloop
  endfacet
  facet normal 0 0 1
    outer loop
      vertex 12.9497 9.94975 4.6
      vertex 12.9391 9.93915 4.6
      vertex 13.5416 9.25221 4.6
    endloop
  endfacet
  facet normal 0 0 1
    outer loop
      vertex 12.2613 10.5535 4.6
      vertex 12.9391 9.93915 4.6
      vertex 12.9497 9.94975 4.6
    endloop
  endfacet
  facet normal 0 0 1
    outer loop
      vertex 12.2613 10.5535 4.6
      vertex 12.2522 10.5416 4.6
      vertex 12.9391 9.93915 4.6
    endloop
  endfacet
  facet normal 0 0 1
    outer loop
      vertex 11.5 11.0622 4.6
      vertex 12.2522 10.5416 4.6
      vertex 12.2613 10.5535 4.6
    endloop
  endfacet
  facet normal 0 0 1
    outer loop
      vertex 11.5 11.0622 4.6
      vertex 11.4925 11.0492 4.6
      vertex 12.2522 10.5416 4.6
    endloop
  endfacet
  facet normal 0 0 1
    outer loop
      vertex 10.6788 11.4672 4.6
      vertex 11.4925 11.0492 4.6
      vertex 11.5 11.0622 4.6
    endloop
  endfacet
  facet normal 0 0 1
    outer loop
      vertex 10.6788 11.4672 4.6
      vertex 10.673 11.4533 4.6
      vertex 11.4925 11.0492 4.6
    endloop
  endfacet
  facet normal 0 0 1
    outer loop
      vertex 9.81173 11.7615 4.6
      vertex 10.673 11.4533 4.6
      vertex 10.6788 11.4672 4.6
    endloop
  endfacet
  facet normal 0 0 1
    outer loop
      vertex 9.81173 11.7615 4.6
      vertex 9.80785 11.747 4.6
      vertex 10.673 11.4533 4.6
    endloop
  endfacet
  facet normal 0 0 1
    outer loop
      vertex 8.91368 11.9401 4.6
      vertex 9.80785 11.747 4.6
      vertex 9.81173 11.7615 4.6
    endloop
  endfacet
  facet normal 0 0 1
    outer loop
      vertex 8.91368 11.9401 4.6
      vertex 8.91173 11.9253 4.6
      vertex 9.80785 11.747 4.6
    endloop
  endfacet
  facet normal 0 0 1
    outer loop
      vertex 8 12 4.6
      vertex 8.91173 11.9253 4.6
      vertex 8.91368 11.9401 4.6
    endloop
  endfacet
  facet normal 0 0 1
    outer loop
      vertex 8 12 4.6
      vertex 8 11.985 4.6
      vertex 8.91173 11.9253 4.6
    endloop
  endfacet
  facet normal 0 0 1
    outer loop
      vertex 8 12 4.6
      vertex 7.08827 11.9253 4.6
      vertex 8 11.985 4.6
    endloop
  endfacet
  facet normal -0 0 1
    outer loop
      vertex 7.08632 11.9401 4.6
      vertex 7.08827 11.9253 4.6
      vertex 8 12 4.6
    endloop
  endfacet
  facet normal 0 0 1
    outer loop
      vertex 7.08632 11.9401 4.6
      vertex 6.19215 11.747 4.6
      vertex 7.08827 11.9253 4.6
    endloop
  endfacet
  facet normal -0 0 1
    outer loop
      vertex 6.18827 11.7615 4.6
      vertex 6.19215 11.747 4.6
      vertex 7.08632 11.9401 4.6
    endloop
  endfacet
  facet normal 0 0 1
    outer loop
      vertex 6.18827 11.7615 4.6
      vertex 5.32695 11.4533 4.6
      vertex 6.19215 11.747 4.6
    endloop
  endfacet
  facet normal -0 0 1
    outer loop
      vertex 5.32122 11.4672 4.6
      vertex 5.32695 11.4533 4.6
      vertex 6.18827 11.7615 4.6
    endloop
  endfacet
  facet normal 0 0 1
    outer loop
      vertex 5.32122 11.4672 4.6
      vertex 4.50749 11.0492 4.6
      vertex 5.32695 11.4533 4.6
    endloop
  endfacet
  facet normal -0 0 1
    outer loop
      vertex 4.5 11.0622 4.6
      vertex 4.50749 11.0492 4.6
      vertex 5.32122 11.4672 4.6
    endloop
  endfacet
  facet normal 0 0 1
    outer loop
      vertex 4.5 11.0622 4.6
      vertex 3.74779 10.5416 4.6
      vertex 4.50749 11.0492 4.6
    endloop
  endfacet
  facet normal -0 0 1
    outer loop
      vertex 3.73867 10.5535 4.6
      vertex 3.74779 10.5416 4.6
      vertex 4.5 11.0622 4.6
    endloop
  endfacet
  facet normal 0 0 1
    outer loop
      vertex 3.73867 10.5535 4.6
      vertex 3.06085 9.93915 4.6
      vertex 3.74779 10.5416 4.6
    endloop
  endfacet
  facet normal -0 0 1
    outer loop
      vertex 3.05025 9.94975 4.6
      vertex 3.06085 9.93915 4.6
      vertex 3.73867 10.5535 4.6
    endloop
  endfacet
  facet normal 0 0 1
    outer loop
      vertex 3.05025 9.94975 4.6
      vertex 2.45842 9.25221 4.6
      vertex 3.06085 9.93915 4.6
    endloop
  endfacet
  facet normal -0 0 1
    outer loop
      vertex 2.44653 9.26133 4.6
      vertex 2.45842 9.25221 4.6
      vertex 3.05025 9.94975 4.6
    endloop
  endfacet
  facet normal 0 0 1
    outer loop
      vertex 2.44653 9.26133 4.6
      vertex 1.9508 8.49251 4.6
      vertex 2.45842 9.25221 4.6
    endloop
  endfacet
  facet normal -0 0 1
    outer loop
      vertex 1.93782 8.5 4.6
      vertex 1.9508 8.49251 4.6
      vertex 2.44653 9.26133 4.6
    endloop
  endfacet
  facet normal 0 0 1
    outer loop
      vertex 1.93782 8.5 4.6
      vertex 1.54669 7.67305 4.6
      vertex 1.9508 8.49251 4.6
    endloop
  endfacet
  facet normal -0 0 1
    outer loop
      vertex 1.53284 7.67878 4.6
      vertex 1.54669 7.67305 4.6
      vertex 1.93782 8.5 4.6
    endloop
  endfacet
  facet normal 0 0 1
    outer loop
      vertex 1.53284 7.67878 4.6
      vertex 1.253 6.80785 4.6
      vertex 1.54669 7.67305 4.6
    endloop
  endfacet
  facet normal -0 0 1
    outer loop
      vertex 1.23852 6.81173 4.6
      vertex 1.253 6.80785 4.6
      vertex 1.53284 7.67878 4.6
    endloop
  endfacet
  facet normal 0 0 1
    outer loop
      vertex 1.23852 6.81173 4.6
      vertex 1.07475 5.91173 4.6
      vertex 1.253 6.80785 4.6
    endloop
  endfacet
  facet normal -0 0 1
    outer loop
      vertex 1.05989 5.91368 4.6
      vertex 1.07475 5.91173 4.6
      vertex 1.23852 6.81173 4.6
    endloop
  endfacet
  facet normal 0 0 1
    outer loop
      vertex 1.05989 5.91368 4.6
      vertex 1.01499 5 4.6
      vertex 1.07475 5.91173 4.6
    endloop
  endfacet
  facet normal 0 -0 1
    outer loop
      vertex 1.01499 5 4.6
      vertex 1.05989 5.91368 4.6
      vertex 1 5 4.6
    endloop
  endfacet
  facet normal -0 0 1
    outer loop
      vertex 14.985 5 4.6
      vertex 14.9401 4.08632 4.6
      vertex 15 5 4.6
    endloop
  endfacet
  facet normal -0 0 1
    outer loop
      vertex 14.9253 4.08827 4.6
      vertex 14.9401 4.08632 4.6
      vertex 14.985 5 4.6
    endloop
  endfacet
  facet normal 0 0 1
    outer loop
      vertex 14.9253 4.08827 4.6
      vertex 14.7615 3.18827 4.6
      vertex 14.9401 4.08632 4.6
    endloop
  endfacet
  facet normal -0 0 1
    outer loop
      vertex 14.747 3.19215 4.6
      vertex 14.7615 3.18827 4.6
      vertex 14.9253 4.08827 4.6
    endloop
  endfacet
  facet normal 0 0 1
    outer loop
      vertex 14.747 3.19215 4.6
      vertex 14.4672 2.32122 4.6
      vertex 14.7615 3.18827 4.6
    endloop
  endfacet
  facet normal -0 0 1
    outer loop
      vertex 14.4533 2.32695 4.6
      vertex 14.4672 2.32122 4.6
      vertex 14.747 3.19215 4.6
    endloop
  endfacet
  facet normal 0 0 1
    outer loop
      vertex 14.4533 2.32695 4.6
      vertex 14.0622 1.5 4.6
      vertex 14.4672 2.32122 4.6
    endloop
  endfacet
  facet normal -0 0 1
    outer loop
      vertex 14.0492 1.50749 4.6
      vertex 14.0622 1.5 4.6
      vertex 14.4533 2.32695 4.6
    endloop
  endfacet
  facet normal 0 0 1
    outer loop
      vertex 14.0492 1.50749 4.6
      vertex 13.5535 0.73867 4.6
      vertex 14.0622 1.5 4.6
    endloop
  endfacet
  facet normal -0 0 1
    outer loop
      vertex 13.5416 0.747794 4.6
      vertex 13.5535 0.73867 4.6
      vertex 14.0492 1.50749 4.6
    endloop
  endfacet
  facet normal 0 0 1
    outer loop
      vertex 13.5416 0.747794 4.6
      vertex 12.9497 0.0502529 4.6
      vertex 13.5535 0.73867 4.6
    endloop
  endfacet
  facet normal -0 0 1
    outer loop
      vertex 12.9391 0.0608511 4.6
      vertex 12.9497 0.0502529 4.6
      vertex 13.5416 0.747794 4.6
    endloop
  endfacet
  facet normal 0 0 1
    outer loop
      vertex 12.9391 0.0608511 4.6
      vertex 12.2613 -0.553473 4.6
      vertex 12.9497 0.0502529 4.6
    endloop
  endfacet
  facet normal -0 0 1
    outer loop
      vertex 12.2522 -0.541582 4.6
      vertex 12.2613 -0.553473 4.6
      vertex 12.9391 0.0608511 4.6
    endloop
  endfacet
  facet normal 0 0 1
    outer loop
      vertex 12.2522 -0.541582 4.6
      vertex 11.5 -1.06218 4.6
      vertex 12.2613 -0.553473 4.6
    endloop
  endfacet
  facet normal -0 0 1
    outer loop
      vertex 11.4925 -1.0492 4.6
      vertex 11.5 -1.06218 4.6
      vertex 12.2522 -0.541582 4.6
    endloop
  endfacet
  facet normal 0 0 1
    outer loop
      vertex 11.4925 -1.0492 4.6
      vertex 10.6788 -1.46716 4.6
      vertex 11.5 -1.06218 4.6
    endloop
  endfacet
  facet normal -0 0 1
    outer loop
      vertex 10.673 -1.45331 4.6
      vertex 10.6788 -1.46716 4.6
      vertex 11.4925 -1.0492 4.6
    endloop
  endfacet
  facet normal 0 0 1
    outer loop
      vertex 10.673 -1.45331 4.6
      vertex 9.81173 -1.76148 4.6
      vertex 10.6788 -1.46716 4.6
    endloop
  endfacet
  facet normal -0 0 1
    outer loop
      vertex 9.80785 -1.747 4.6
      vertex 9.81173 -1.76148 4.6
      vertex 10.673 -1.45331 4.6
    endloop
  endfacet
  facet normal 0 0 1
    outer loop
      vertex 9.80785 -1.747 4.6
      vertex 8.91368 -1.94011 4.6
      vertex 9.81173 -1.76148 4.6
    endloop
  endfacet
  facet normal -0 0 1
    outer loop
      vertex 8.91173 -1.92525 4.6
      vertex 8.91368 -1.94011 4.6
      vertex 9.80785 -1.747 4.6
    endloop
  endfacet
  facet normal 0 0 1
    outer loop
      vertex 8 -1.98501 4.6
      vertex 8.91368 -1.94011 4.6
      vertex 8.91173 -1.92525 4.6
    endloop
  endfacet
  facet normal -0 0 1
    outer loop
      vertex 8 -1.98501 4.6
      vertex 8 -2 4.6
      vertex 8.91368 -1.94011 4.6
    endloop
  endfacet
  facet normal 0 0 1
    outer loop
      vertex 7.08827 -1.92525 4.6
      vertex 8 -2 4.6
      vertex 8 -1.98501 4.6
    endloop
  endfacet
  facet normal 0 0 1
    outer loop
      vertex 7.08827 -1.92525 4.6
      vertex 7.08632 -1.94011 4.6
      vertex 8 -2 4.6
    endloop
  endfacet
  facet normal 0 0 1
    outer loop
      vertex 6.19215 -1.747 4.6
      vertex 7.08632 -1.94011 4.6
      vertex 7.08827 -1.92525 4.6
    endloop
  endfacet
  facet normal 0 0 1
    outer loop
      vertex 6.19215 -1.747 4.6
      vertex 6.18827 -1.76148 4.6
      vertex 7.08632 -1.94011 4.6
    endloop
  endfacet
  facet normal 0 0 1
    outer loop
      vertex 5.32695 -1.45331 4.6
      vertex 6.18827 -1.76148 4.6
      vertex 6.19215 -1.747 4.6
    endloop
  endfacet
  facet normal 0 0 1
    outer loop
      vertex 5.32695 -1.45331 4.6
      vertex 5.32122 -1.46716 4.6
      vertex 6.18827 -1.76148 4.6
    endloop
  endfacet
  facet normal 0 0 1
    outer loop
      vertex 4.50749 -1.0492 4.6
      vertex 5.32122 -1.46716 4.6
      vertex 5.32695 -1.45331 4.6
    endloop
  endfacet
  facet normal 0 0 1
    outer loop
      vertex 4.50749 -1.0492 4.6
      vertex 4.5 -1.06218 4.6
      vertex 5.32122 -1.46716 4.6
    endloop
  endfacet
  facet normal 0 0 1
    outer loop
      vertex 3.74779 -0.541582 4.6
      vertex 4.5 -1.06218 4.6
      vertex 4.50749 -1.0492 4.6
    endloop
  endfacet
  facet normal 0 0 1
    outer loop
      vertex 3.74779 -0.541582 4.6
      vertex 3.73867 -0.553473 4.6
      vertex 4.5 -1.06218 4.6
    endloop
  endfacet
  facet normal 0 0 1
    outer loop
      vertex 3.06085 0.0608511 4.6
      vertex 3.73867 -0.553473 4.6
      vertex 3.74779 -0.541582 4.6
    endloop
  endfacet
  facet normal 0 0 1
    outer loop
      vertex 3.06085 0.0608511 4.6
      vertex 3.05025 0.0502529 4.6
      vertex 3.73867 -0.553473 4.6
    endloop
  endfacet
  facet normal 0 0 1
    outer loop
      vertex 2.45842 0.747794 4.6
      vertex 3.05025 0.0502529 4.6
      vertex 3.06085 0.0608511 4.6
    endloop
  endfacet
  facet normal 0 0 1
    outer loop
      vertex 2.45842 0.747794 4.6
      vertex 2.44653 0.73867 4.6
      vertex 3.05025 0.0502529 4.6
    endloop
  endfacet
  facet normal 0 0 1
    outer loop
      vertex 1.9508 1.50749 4.6
      vertex 2.44653 0.73867 4.6
      vertex 2.45842 0.747794 4.6
    endloop
  endfacet
  facet normal 0 0 1
    outer loop
      vertex 1.9508 1.50749 4.6
      vertex 1.93782 1.5 4.6
      vertex 2.44653 0.73867 4.6
    endloop
  endfacet
  facet normal 0 0 1
    outer loop
      vertex 1.54669 2.32695 4.6
      vertex 1.93782 1.5 4.6
      vertex 1.9508 1.50749 4.6
    endloop
  endfacet
  facet normal 0 0 1
    outer loop
      vertex 1.54669 2.32695 4.6
      vertex 1.53284 2.32122 4.6
      vertex 1.93782 1.5 4.6
    endloop
  endfacet
  facet normal 0 0 1
    outer loop
      vertex 1.253 3.19215 4.6
      vertex 1.53284 2.32122 4.6
      vertex 1.54669 2.32695 4.6
    endloop
  endfacet
  facet normal 0 0 1
    outer loop
      vertex 1.253 3.19215 4.6
      vertex 1.23852 3.18827 4.6
      vertex 1.53284 2.32122 4.6
    endloop
  endfacet
  facet normal 0 0 1
    outer loop
      vertex 1.07475 4.08827 4.6
      vertex 1.23852 3.18827 4.6
      vertex 1.253 3.19215 4.6
    endloop
  endfacet
  facet normal 0 0 1
    outer loop
      vertex 1.07475 4.08827 4.6
      vertex 1.05989 4.08632 4.6
      vertex 1.23852 3.18827 4.6
    endloop
  endfacet
  facet normal 0 0 1
    outer loop
      vertex 1.01499 5 4.6
      vertex 1.05989 4.08632 4.6
      vertex 1.07475 4.08827 4.6
    endloop
  endfacet
  facet normal 0 0 1
    outer loop
      vertex 1.05989 4.08632 4.6
      vertex 1.01499 5 4.6
      vertex 1 5 4.6
    endloop
  endfacet
  facet normal -0.980786 -0.195087 -1.03238e-17
    outer loop
      vertex 1.23852 3.18827 3.3
      vertex 1.05989 4.08632 4.6
      vertex 1.05989 4.08632 3.3
    endloop
  endfacet
  facet normal -0.980786 -0.195087 -1.03238e-17
    outer loop
      vertex 1.05989 4.08632 4.6
      vertex 1.23852 3.18827 3.3
      vertex 1.23852 3.18827 4.6
    endloop
  endfacet
  facet normal 0.896864 0.442305 2.14729e-17
    outer loop
      vertex 14.4672 7.67878 4.6
      vertex 14.0622 8.5 3.3
      vertex 14.0622 8.5 4.6
    endloop
  endfacet
  facet normal 0.896864 0.442305 2.14729e-17
    outer loop
      vertex 14.0622 8.5 3.3
      vertex 14.4672 7.67878 4.6
      vertex 14.4672 7.67878 3.3
    endloop
  endfacet
  facet normal 0.555587 -0.831458 0
    outer loop
      vertex 11.5 -1.06218 3.3
      vertex 12.2613 -0.553473 4.6
      vertex 11.5 -1.06218 4.6
    endloop
  endfacet
  facet normal 0.555587 -0.831458 0
    outer loop
      vertex 12.2613 -0.553473 4.6
      vertex 11.5 -1.06218 3.3
      vertex 12.2613 -0.553473 3.3
    endloop
  endfacet
  facet normal 0.7518 -0.659392 7.89734e-18
    outer loop
      vertex 12.9497 0.0502529 4.6
      vertex 13.5535 0.73867 3.3
      vertex 13.5535 0.73867 4.6
    endloop
  endfacet
  facet normal 0.7518 -0.659392 7.89734e-18
    outer loop
      vertex 13.5535 0.73867 3.3
      vertex 12.9497 0.0502529 4.6
      vertex 12.9497 0.0502529 3.3
    endloop
  endfacet
  facet normal 0.980792 -0.195055 6.93967e-18
    outer loop
      vertex 14.7615 3.18827 4.6
      vertex 14.9401 4.08632 3.3
      vertex 14.9401 4.08632 4.6
    endloop
  endfacet
  facet normal 0.980792 -0.195055 6.93967e-18
    outer loop
      vertex 14.9401 4.08632 3.3
      vertex 14.7615 3.18827 4.6
      vertex 14.7615 3.18827 3.3
    endloop
  endfacet
  facet normal -0.0654186 0.997858 0
    outer loop
      vertex 8 12 3.3
      vertex 7.08632 11.9401 4.6
      vertex 8 12 4.6
    endloop
  endfacet
  facet normal -0.0654186 0.997858 0
    outer loop
      vertex 7.08632 11.9401 4.6
      vertex 8 12 3.3
      vertex 7.08632 11.9401 3.3
    endloop
  endfacet
  facet normal 0.195055 0.980792 -0
    outer loop
      vertex 9.81173 11.7615 3.3
      vertex 8.91368 11.9401 4.6
      vertex 9.81173 11.7615 4.6
    endloop
  endfacet
  facet normal 0.195055 0.980792 0
    outer loop
      vertex 8.91368 11.9401 4.6
      vertex 9.81173 11.7615 3.3
      vertex 8.91368 11.9401 3.3
    endloop
  endfacet
  facet normal -0.896873 -0.442288 -1.70162e-17
    outer loop
      vertex 1.93782 1.5 3.3
      vertex 1.53284 2.32122 4.6
      vertex 1.53284 2.32122 3.3
    endloop
  endfacet
  facet normal -0.896873 -0.442288 -1.70162e-17
    outer loop
      vertex 1.53284 2.32122 4.6
      vertex 1.93782 1.5 3.3
      vertex 1.93782 1.5 4.6
    endloop
  endfacet
  facet normal -0.946931 -0.321436 -1.6222e-17
    outer loop
      vertex 1.53284 2.32122 3.3
      vertex 1.23852 3.18827 4.6
      vertex 1.23852 3.18827 3.3
    endloop
  endfacet
  facet normal -0.946931 -0.321436 -1.6222e-17
    outer loop
      vertex 1.23852 3.18827 4.6
      vertex 1.53284 2.32122 3.3
      vertex 1.53284 2.32122 4.6
    endloop
  endfacet
  facet normal 0.555582 0.831462 -0
    outer loop
      vertex 12.2613 10.5535 3.3
      vertex 11.5 11.0622 4.6
      vertex 12.2613 10.5535 4.6
    endloop
  endfacet
  facet normal 0.555582 0.831462 0
    outer loop
      vertex 11.5 11.0622 4.6
      vertex 12.2613 10.5535 3.3
      vertex 11.5 11.0622 3.3
    endloop
  endfacet
  facet normal -0.896873 0.442288 -1.84336e-17
    outer loop
      vertex 1.53284 7.67878 3.3
      vertex 1.93782 8.5 4.6
      vertex 1.93782 8.5 3.3
    endloop
  endfacet
  facet normal -0.896873 0.442288 -1.84336e-17
    outer loop
      vertex 1.93782 8.5 4.6
      vertex 1.53284 7.67878 3.3
      vertex 1.53284 7.67878 4.6
    endloop
  endfacet
  facet normal 0.946938 0.321416 -9.20349e-19
    outer loop
      vertex 14.7615 6.81173 4.6
      vertex 14.4672 7.67878 3.3
      vertex 14.4672 7.67878 4.6
    endloop
  endfacet
  facet normal 0.946938 0.321416 -9.20349e-19
    outer loop
      vertex 14.4672 7.67878 3.3
      vertex 14.7615 6.81173 4.6
      vertex 14.7615 6.81173 3.3
    endloop
  endfacet
  facet normal -0.997859 -0.0654077 -2.7831e-18
    outer loop
      vertex 1.05989 4.08632 3.3
      vertex 1 5 4.6
      vertex 1 5 3.3
    endloop
  endfacet
  facet normal -0.997859 -0.0654077 -2.7831e-18
    outer loop
      vertex 1 5 4.6
      vertex 1.05989 4.08632 3.3
      vertex 1.05989 4.08632 4.6
    endloop
  endfacet
  facet normal -0.321416 0.946938 0
    outer loop
      vertex 6.18827 11.7615 3.3
      vertex 5.32122 11.4672 4.6
      vertex 6.18827 11.7615 4.6
    endloop
  endfacet
  facet normal -0.321416 0.946938 0
    outer loop
      vertex 5.32122 11.4672 4.6
      vertex 6.18827 11.7615 3.3
      vertex 5.32122 11.4672 3.3
    endloop
  endfacet
  facet normal -0.946931 0.321436 -3.12897e-19
    outer loop
      vertex 1.23852 6.81173 3.3
      vertex 1.53284 7.67878 4.6
      vertex 1.53284 7.67878 3.3
    endloop
  endfacet
  facet normal -0.946931 0.321436 -3.12897e-19
    outer loop
      vertex 1.53284 7.67878 4.6
      vertex 1.23852 6.81173 3.3
      vertex 1.23852 6.81173 4.6
    endloop
  endfacet
  facet normal -0.195055 0.980792 0
    outer loop
      vertex 7.08632 11.9401 3.3
      vertex 6.18827 11.7615 4.6
      vertex 7.08632 11.9401 4.6
    endloop
  endfacet
  facet normal -0.195055 0.980792 0
    outer loop
      vertex 6.18827 11.7615 4.6
      vertex 7.08632 11.9401 3.3
      vertex 6.18827 11.7615 3.3
    endloop
  endfacet
  facet normal -0.0654077 -0.997859 0
    outer loop
      vertex 7.08632 -1.94011 3.3
      vertex 8 -2 4.6
      vertex 7.08632 -1.94011 4.6
    endloop
  endfacet
  facet normal -0.0654077 -0.997859 -0
    outer loop
      vertex 8 -2 4.6
      vertex 7.08632 -1.94011 3.3
      vertex 8 -2 3.3
    endloop
  endfacet
  facet normal -0.751843 -0.659342 -1.54683e-17
    outer loop
      vertex 3.05025 0.0502529 3.3
      vertex 2.44653 0.73867 4.6
      vertex 2.44653 0.73867 3.3
    endloop
  endfacet
  facet normal -0.751843 -0.659342 -1.54683e-17
    outer loop
      vertex 2.44653 0.73867 4.6
      vertex 3.05025 0.0502529 3.3
      vertex 3.05025 0.0502529 4.6
    endloop
  endfacet
  facet normal -0.195087 -0.980786 0
    outer loop
      vertex 6.18827 -1.76148 3.3
      vertex 7.08632 -1.94011 4.6
      vertex 6.18827 -1.76148 4.6
    endloop
  endfacet
  facet normal -0.195087 -0.980786 -0
    outer loop
      vertex 7.08632 -1.94011 4.6
      vertex 6.18827 -1.76148 3.3
      vertex 7.08632 -1.94011 3.3
    endloop
  endfacet
  facet normal -0.555572 -0.831468 0
    outer loop
      vertex 3.73867 -0.553473 3.3
      vertex 4.5 -1.06218 4.6
      vertex 3.73867 -0.553473 4.6
    endloop
  endfacet
  facet normal -0.555572 -0.831468 -0
    outer loop
      vertex 4.5 -1.06218 4.6
      vertex 3.73867 -0.553473 3.3
      vertex 4.5 -1.06218 3.3
    endloop
  endfacet
  facet normal 0.321409 0.94694 -0
    outer loop
      vertex 10.6788 11.4672 3.3
      vertex 9.81173 11.7615 4.6
      vertex 10.6788 11.4672 4.6
    endloop
  endfacet
  facet normal 0.321409 0.94694 0
    outer loop
      vertex 9.81173 11.7615 4.6
      vertex 10.6788 11.4672 3.3
      vertex 9.81173 11.7615 3.3
    endloop
  endfacet
  facet normal -0.831467 0.555574 6.64294e-18
    outer loop
      vertex 1.93782 8.5 3.3
      vertex 2.44653 9.26133 4.6
      vertex 2.44653 9.26133 3.3
    endloop
  endfacet
  facet normal -0.831467 0.555574 6.64294e-18
    outer loop
      vertex 2.44653 9.26133 4.6
      vertex 1.93782 8.5 3.3
      vertex 1.93782 8.5 4.6
    endloop
  endfacet
  facet normal 0.0940714 0.140794 0.98556
    outer loop
      vertex 10.6314 9.55779 5.39121
      vertex 10.3077 8.99707 5.50221
      vertex 10.8097 8.66166 5.50221
    endloop
  endfacet
  facet normal 0.166091 0.0330612 0.985556
    outer loop
      vertex 13.0835 6.36213 5.39121
      vertex 12.4582 6.19456 5.50221
      vertex 13.2179 5.68694 5.39121
    endloop
  endfacet
  facet normal -0.0702017 0.206861 0.975849
    outer loop
      vertex 6.4936 10.622 5.26668
      vertex 5.98598 9.86227 5.39121
      vertex 6.63787 10.0835 5.39121
    endloop
  endfacet
  facet normal -0.318545 -0.212842 0.923703
    outer loop
      vertex 2.563 1.86095 5.13075
      vertex 2.25954 1.68575 4.98573
      vertex 3.01924 1.17813 5.13075
    endloop
  endfacet
  facet normal 0.484032 0.238645 0.84188
    outer loop
      vertex 14.3429 7.62731 4.83411
      vertex 13.7405 8.31425 4.98573
      vertex 14.1239 7.53662 4.98573
    endloop
  endfacet
  facet normal 0.510971 -0.173448 0.841917
    outer loop
      vertex 14.4026 3.28442 4.98573
      vertex 14.1239 2.46338 4.98573
      vertex 14.6316 3.22308 4.83411
    endloop
  endfacet
  facet normal 0.792087 0.0518658 0.608201
    outer loop
      vertex 14.9253 5.91173 4.67848
      vertex 14.8655 5 4.83411
      vertex 14.985 5 4.67848
    endloop
  endfacet
  facet normal 0.166091 -0.0330612 0.985556
    outer loop
      vertex 13.2179 4.31306 5.39121
      vertex 12.4582 3.80544 5.50221
      vertex 13.0835 3.63787 5.39121
    endloop
  endfacet
  facet normal 0.096812 -0.0192552 0.995116
    outer loop
      vertex 11.0695 4.59589 5.67625
      vertex 10.9905 4.19869 5.67625
      vertex 11.8557 4.49238 5.59776
    endloop
  endfacet
  facet normal -0.0458786 -0.00300624 0.998943
    outer loop
      vertex 6.63437 5 5.77694
      vertex 5.76917 4.70631 5.73632
      vertex 6.64605 4.82175 5.77694
    endloop
  endfacet
  facet normal 0.0968097 -0.0192482 0.995117
    outer loop
      vertex 11.8557 4.49238 5.59776
      vertex 10.9905 4.19869 5.67625
      vertex 11.7565 3.99345 5.59776
    endloop
  endfacet
  facet normal 0.0556374 -0.279706 0.958472
    outer loop
      vertex 9.5064 -0.621965 5.26668
      vertex 8.7597 -0.770494 5.26668
      vertex 8.81946 -1.2244 5.13075
    endloop
  endfacet
  facet normal -0.375755 0.0747409 0.9237
    outer loop
      vertex 1.59735 6.71558 4.98573
      vertex 1.4282 5.86519 4.98573
      vertex 1.7756 5.81946 5.13075
    endloop
  endfacet
  facet normal 0.65999 0.440966 0.608245
    outer loop
      vertex 14.0492 8.49251 4.67848
      vertex 13.4468 9.17945 4.83411
      vertex 13.9457 8.43275 4.83411
    endloop
  endfacet
  facet normal 0.660011 -0.440994 0.608202
    outer loop
      vertex 14.0492 1.50749 4.67848
      vertex 13.4468 0.820551 4.83411
      vertex 13.5416 0.747794 4.67848
    endloop
  endfacet
  facet normal 0.448798 0.299871 0.841818
    outer loop
      vertex 13.4468 9.17945 4.83411
      vertex 13.2588 9.03518 4.98573
      vertex 13.7405 8.31425 4.98573
    endloop
  endfacet
  facet normal 0.166056 0.0330076 0.985564
    outer loop
      vertex 13.2179 5.68694 5.39121
      vertex 12.4582 6.19456 5.50221
      vertex 12.5759 5.60243 5.50221
    endloop
  endfacet
  facet normal -0.523389 0.596776 0.608213
    outer loop
      vertex 3.74779 10.5416 4.67848
      vertex 3.14536 9.85464 4.83411
      vertex 3.82055 10.4468 4.83411
    endloop
  endfacet
  facet normal 0.0345682 0.0303138 0.998942
    outer loop
      vertex 9.7851 6.36976 5.73632
      vertex 8.96565 5.96565 5.77694
      vertex 9.08343 5.83134 5.77694
    endloop
  endfacet
  facet normal -0.218011 0.014291 0.975842
    outer loop
      vertex 2.78215 5.68694 5.39121
      vertex 2.22951 5.7597 5.26668
      vertex 2.73712 5 5.39121
    endloop
  endfacet
  facet normal -0.0221781 -0.00441447 0.999744
    outer loop
      vertex 7.54609 4.94024 5.79743
      vertex 6.6809 4.64655 5.77694
      vertex 7.55778 4.88151 5.79743
    endloop
  endfacet
  facet normal -0.36278 -0.123146 0.923702
    outer loop
      vertex 1.93581 3.37511 5.13075
      vertex 1.87605 2.46338 4.98573
      vertex 2.19978 2.59747 5.13075
    endloop
  endfacet
  facet normal 0.117209 -0.0578018 0.991424
    outer loop
      vertex 11.593 3.51175 5.59776
      vertex 11.368 3.0555 5.59776
      vertex 11.9971 2.69229 5.50221
    endloop
  endfacet
  facet normal -0.0940722 -0.14079 0.98556
    outer loop
      vertex 5.69229 1.00293 5.50221
      vertex 5.19031 1.33834 5.50221
      vertex 5.36856 0.442214 5.39121
    endloop
  endfacet
  facet normal -0.105298 -0.529369 0.841832
    outer loop
      vertex 7.13481 -1.5718 4.98573
      vertex 6.22308 -1.63156 4.83411
      vertex 7.10387 -1.80676 4.83411
    endloop
  endfacet
  facet normal 0.158411 -0.237109 0.958481
    outer loop
      vertex 11.5432 0.382456 5.26668
      vertex 10.9101 -0.0405159 5.26668
      vertex 11.1391 -0.437001 5.13075
    endloop
  endfacet
  facet normal -0.659961 -0.440974 0.608271
    outer loop
      vertex 2.05431 1.56725 4.83411
      vertex 1.9508 1.50749 4.67848
      vertex 2.55324 0.820551 4.83411
    endloop
  endfacet
  facet normal -0.79206 0.0519161 0.608232
    outer loop
      vertex 1.07475 5.91173 4.67848
      vertex 1.01499 5 4.67848
      vertex 1.1345 5 4.83411
    endloop
  endfacet
  facet normal -0.0885303 0.0436588 0.995116
    outer loop
      vertex 4.63204 6.9445 5.59776
      vertex 4.40704 6.48825 5.59776
      vertex 5.31877 6.54801 5.67625
    endloop
  endfacet
  facet normal 0.059021 -0.0394374 0.997477
    outer loop
      vertex 9.94862 3.87496 5.73632
      vertex 9.7851 3.63024 5.73632
      vertex 10.6812 3.45199 5.67625
    endloop
  endfacet
  facet normal 0.32146 0.946923 -0
    outer loop
      vertex 10.673 11.4533 4.6
      vertex 9.80785 11.747 4.67848
      vertex 10.673 11.4533 4.67848
    endloop
  endfacet
  facet normal 0.32146 0.946923 0
    outer loop
      vertex 9.80785 11.747 4.67848
      vertex 10.673 11.4533 4.6
      vertex 9.80785 11.747 4.6
    endloop
  endfacet
  facet normal -0.00300711 -0.0458783 0.998943
    outer loop
      vertex 8 3.63437 5.77694
      vertex 7.70631 2.76917 5.73632
      vertex 8 2.74992 5.73632
    endloop
  endfacet
  facet normal 0.105286 0.529307 0.841872
    outer loop
      vertex 8.89613 11.8068 4.83411
      vertex 8.86519 11.5718 4.98573
      vertex 9.77692 11.6316 4.83411
    endloop
  endfacet
  facet normal 0.270056 -0.0917007 0.958468
    outer loop
      vertex 13.622 3.4936 5.26668
      vertex 13.3772 2.77267 5.26668
      vertex 14.0642 3.37511 5.13075
    endloop
  endfacet
  facet normal 0.318543 0.212839 0.923704
    outer loop
      vertex 13.2588 9.03518 4.98573
      vertex 12.9808 8.82187 5.13075
      vertex 13.7405 8.31425 4.98573
    endloop
  endfacet
  facet normal 0.144042 -0.164256 0.975844
    outer loop
      vertex 11.7214 1.27858 5.39121
      vertex 11.2038 0.824678 5.39121
      vertex 12.1156 0.884436 5.26668
    endloop
  endfacet
  facet normal -0.351059 -0.711883 0.60826
    outer loop
      vertex 5.37269 -1.34289 4.83411
      vertex 4.50749 -1.0492 4.67848
      vertex 5.32695 -1.45331 4.67848
    endloop
  endfacet
  facet normal -0.181659 -0.121382 0.975841
    outer loop
      vertex 3.44221 2.36856 5.39121
      vertex 3.38246 1.45683 5.26668
      vertex 3.82468 1.79616 5.39121
    endloop
  endfacet
  facet normal 0.0966421 0.195963 0.975837
    outer loop
      vertex 10.2273 10.3772 5.26668
      vertex 10.014 9.86227 5.39121
      vertex 10.6314 9.55779 5.39121
    endloop
  endfacet
  facet normal 0.108654 -0.0726207 0.991424
    outer loop
      vertex 11.368 3.0555 5.59776
      vertex 11.0853 2.63253 5.59776
      vertex 11.9971 2.69229 5.50221
    endloop
  endfacet
  facet normal -0.0650845 -0.0742151 0.995116
    outer loop
      vertex 5.81078 2.81078 5.67625
      vertex 5.25007 2.25007 5.59776
      vertex 6.11526 2.54376 5.67625
    endloop
  endfacet
  facet normal -0.126136 -0.255776 0.958472
    outer loop
      vertex 5.77267 -0.377244 5.26668
      vertex 4.86095 -0.437001 5.13075
      vertex 5.59747 -0.800216 5.13075
    endloop
  endfacet
  facet normal 0.0940764 -0.140796 0.985559
    outer loop
      vertex 10.8097 1.33834 5.50221
      vertex 10.6314 0.442214 5.39121
      vertex 11.2038 0.824678 5.39121
    endloop
  endfacet
  facet normal 0.375751 0.0747623 0.9237
    outer loop
      vertex 14.4026 6.71558 4.98573
      vertex 14.2244 5.81946 5.13075
      vertex 14.5718 5.86519 4.98573
    endloop
  endfacet
  facet normal 0.0544292 -0.160341 0.98556
    outer loop
      vertex 9.76624 0.735908 5.50221
      vertex 9.19456 0.541846 5.50221
      vertex 10.014 0.137734 5.39121
    endloop
  endfacet
  facet normal 0.284579 -0.0186488 0.958471
    outer loop
      vertex 14.2781 5 5.13075
      vertex 13.7705 4.2403 5.26668
      vertex 14.2244 4.18054 5.13075
    endloop
  endfacet
  facet normal 0.0436595 -0.0885303 0.995116
    outer loop
      vertex 9.54801 2.31877 5.67625
      vertex 9.1848 2.13965 5.67625
      vertex 9.48825 1.40704 5.59776
    endloop
  endfacet
  facet normal 0.0984967 0.00645904 0.995116
    outer loop
      vertex 11.8557 5.50762 5.59776
      vertex 11.0695 5.40411 5.67625
      vertex 11.096 5 5.67625
    endloop
  endfacet
  facet normal 0.0934668 -0.0317248 0.995117
    outer loop
      vertex 11.7565 3.99345 5.59776
      vertex 10.9905 4.19869 5.67625
      vertex 11.593 3.51175 5.59776
    endloop
  endfacet
  facet normal 0.0982473 0.0861584 0.991425
    outer loop
      vertex 11.6617 7.80969 5.50221
      vertex 10.7499 7.74993 5.59776
      vertex 11.0853 7.36747 5.59776
    endloop
  endfacet
  facet normal 0.0202823 0.00999952 0.999744
    outer loop
      vertex 9.26168 5.5226 5.77694
      vertex 8.39649 5.22891 5.79743
      vertex 8.42297 5.1752 5.79743
    endloop
  endfacet
  facet normal 0.0548387 0.082074 0.995116
    outer loop
      vertex 10.3675 8.08534 5.59776
      vertex 9.54801 7.68123 5.67625
      vertex 9.88474 7.45624 5.67625
    endloop
  endfacet
  facet normal 0.0748925 0.151866 0.98556
    outer loop
      vertex 10.6314 9.55779 5.39121
      vertex 9.76624 9.26409 5.50221
      vertex 10.3077 8.99707 5.50221
    endloop
  endfacet
  facet normal 0.168953 0.0110678 0.985562
    outer loop
      vertex 13.2179 5.68694 5.39121
      vertex 12.6154 5 5.50221
      vertex 13.2629 5 5.39121
    endloop
  endfacet
  facet normal 0.121371 0.181673 0.97584
    outer loop
      vertex 10.9101 10.0405 5.26668
      vertex 10.6314 9.55779 5.39121
      vertex 11.5432 9.61754 5.26668
    endloop
  endfacet
  facet normal 0.440935 0.659945 0.608316
    outer loop
      vertex 11.4925 11.0492 4.67848
      vertex 11.4327 10.9457 4.83411
      vertex 12.1794 10.4468 4.83411
    endloop
  endfacet
  facet normal 0.355946 0.405861 0.841771
    outer loop
      vertex 12.1794 10.4468 4.83411
      vertex 12.0352 10.2588 4.98573
      vertex 12.8546 9.85464 4.83411
    endloop
  endfacet
  facet normal 0.255191 0.751714 0.608115
    outer loop
      vertex 9.80785 11.747 4.67848
      vertex 9.77692 11.6316 4.83411
      vertex 10.673 11.4533 4.67848
    endloop
  endfacet
  facet normal 0.0303138 0.0345682 0.998942
    outer loop
      vertex 9.36976 6.7851 5.73632
      vertex 8.83134 6.08343 5.77694
      vertex 8.96565 5.96565 5.77694
    endloop
  endfacet
  facet normal -0.0672151 0.0228166 0.997478
    outer loop
      vertex 5.9212 5.86107 5.73632
      vertex 5.00947 5.80131 5.67625
      vertex 5.82659 5.58236 5.73632
    endloop
  endfacet
  facet normal -0.0382284 -0.0255439 0.998942
    outer loop
      vertex 6.81733 4.31718 5.77694
      vertex 6.2149 3.63024 5.73632
      vertex 6.91657 4.16866 5.77694
    endloop
  endfacet
  facet normal -0.778502 -0.154854 0.60824
    outer loop
      vertex 1.19324 4.10387 4.83411
      vertex 1.07475 4.08827 4.67848
      vertex 1.36844 3.22308 4.83411
    endloop
  endfacet
  facet normal -0.778502 0.154854 0.60824
    outer loop
      vertex 1.36844 6.77692 4.83411
      vertex 1.07475 5.91173 4.67848
      vertex 1.19324 5.89613 4.83411
    endloop
  endfacet
  facet normal -0.130407 -0.0085483 0.991424
    outer loop
      vertex 4.14428 4.49238 5.59776
      vertex 3.38458 5 5.50221
      vertex 3.42407 4.39757 5.50221
    endloop
  endfacet
  facet normal -0.529374 0.105297 0.841828
    outer loop
      vertex 1.59735 6.71558 4.98573
      vertex 1.36844 6.77692 4.83411
      vertex 1.4282 5.86519 4.98573
    endloop
  endfacet
  facet normal -0.792054 0.0519179 0.60824
    outer loop
      vertex 1.19324 5.89613 4.83411
      vertex 1.07475 5.91173 4.67848
      vertex 1.1345 5 4.83411
    endloop
  endfacet
  facet normal -0.79206 -0.0519161 0.608232
    outer loop
      vertex 1.1345 5 4.83411
      vertex 1.01499 5 4.67848
      vertex 1.07475 4.08827 4.67848
    endloop
  endfacet
  facet normal -0.25514 -0.751614 0.608259
    outer loop
      vertex 5.37269 -1.34289 4.83411
      vertex 5.32695 -1.45331 4.67848
      vertex 6.22308 -1.63156 4.83411
    endloop
  endfacet
  facet normal -0.128176 -0.0254949 0.991424
    outer loop
      vertex 4.14428 4.49238 5.59776
      vertex 3.54185 3.80544 5.50221
      vertex 4.24352 3.99345 5.59776
    endloop
  endfacet
  facet normal -0.212844 -0.318546 0.923702
    outer loop
      vertex 4.17813 0.0192413 5.13075
      vertex 3.96482 -0.258751 4.98573
      vertex 4.68575 -0.740458 4.98573
    endloop
  endfacet
  facet normal 0.0916737 -0.270051 0.958472
    outer loop
      vertex 10.2273 -0.377244 5.26668
      vertex 9.62489 -1.06419 5.13075
      vertex 10.4025 -0.800216 5.13075
    endloop
  endfacet
  facet normal 0.523303 -0.596722 0.608339
    outer loop
      vertex 12.8546 0.145361 4.83411
      vertex 12.1794 -0.446765 4.83411
      vertex 12.2522 -0.541582 4.67848
    endloop
  endfacet
  facet normal 0.237115 0.158444 0.958474
    outer loop
      vertex 13.437 8.13905 5.13075
      vertex 12.6175 8.54317 5.26668
      vertex 13.0405 7.91014 5.26668
    endloop
  endfacet
  facet normal 0.375807 -0.0747479 0.923679
    outer loop
      vertex 14.2244 4.18054 5.13075
      vertex 14.0642 3.37511 5.13075
      vertex 14.4026 3.28442 4.98573
    endloop
  endfacet
  facet normal 0.218015 -0.0142913 0.975841
    outer loop
      vertex 13.8203 5 5.26668
      vertex 13.2629 5 5.39121
      vertex 13.7705 4.2403 5.26668
    endloop
  endfacet
  facet normal 0.510971 0.173448 0.841917
    outer loop
      vertex 14.6316 6.77692 4.83411
      vertex 14.1239 7.53662 4.98573
      vertex 14.4026 6.71558 4.98573
    endloop
  endfacet
  facet normal 0.711926 -0.351072 0.608203
    outer loop
      vertex 14.3429 2.37269 4.83411
      vertex 14.0492 1.50749 4.67848
      vertex 14.4533 2.32695 4.67848
    endloop
  endfacet
  facet normal 0.181665 -0.121391 0.975839
    outer loop
      vertex 13.0405 2.08986 5.26668
      vertex 12.5578 2.36856 5.39121
      vertex 12.6175 1.45683 5.26668
    endloop
  endfacet
  facet normal 0.75165 -0.255179 0.608199
    outer loop
      vertex 14.6316 3.22308 4.83411
      vertex 14.3429 2.37269 4.83411
      vertex 14.4533 2.32695 4.67848
    endloop
  endfacet
  facet normal 0.0747416 -0.375752 0.923701
    outer loop
      vertex 9.62489 -1.06419 5.13075
      vertex 8.81946 -1.2244 5.13075
      vertex 9.71558 -1.40265 4.98573
    endloop
  endfacet
  facet normal 0.0702288 -0.206884 0.975842
    outer loop
      vertex 10.014 0.137734 5.39121
      vertex 9.36213 -0.0835495 5.39121
      vertex 9.5064 -0.621965 5.26668
    endloop
  endfacet
  facet normal 0.0435368 -0.0147791 0.998943
    outer loop
      vertex 9.3191 4.64655 5.77694
      vertex 9.26168 4.4774 5.77694
      vertex 10.0788 4.13893 5.73632
    endloop
  endfacet
  facet normal 0.0203356 0.0412351 0.998943
    outer loop
      vertex 8.86107 7.0788 5.73632
      vertex 8.5226 6.26168 5.77694
      vertex 9.12504 6.94862 5.73632
    endloop
  endfacet
  facet normal 0.0984952 0.00646131 0.995117
    outer loop
      vertex 11.8557 5.50762 5.59776
      vertex 11.096 5 5.67625
      vertex 11.889 5 5.59776
    endloop
  endfacet
  facet normal 0.0636636 -0.0313965 0.997477
    outer loop
      vertex 10.0788 4.13893 5.73632
      vertex 9.94862 3.87496 5.73632
      vertex 10.6812 3.45199 5.67625
    endloop
  endfacet
  facet normal 0.16033 -0.054436 0.985561
    outer loop
      vertex 12.4582 3.80544 5.50221
      vertex 12.2641 3.23376 5.50221
      vertex 12.8623 2.98598 5.39121
    endloop
  endfacet
  facet normal 0.0228166 0.0672151 0.997478
    outer loop
      vertex 8.80131 7.99053 5.67625
      vertex 8.58236 7.17341 5.73632
      vertex 8.86107 7.0788 5.73632
    endloop
  endfacet
  facet normal -0.0202823 -0.00999952 0.999744
    outer loop
      vertex 7.57703 4.8248 5.79743
      vertex 6.73832 4.4774 5.77694
      vertex 7.60351 4.77109 5.79743
    endloop
  endfacet
  facet normal -0.169453 0.343627 0.923692
    outer loop
      vertex 5.46338 11.1239 4.98573
      vertex 4.86095 10.437 5.13075
      vertex 5.59747 10.8002 5.13075
    endloop
  endfacet
  facet normal -0.711874 0.351058 0.608271
    outer loop
      vertex 1.9508 8.49251 4.67848
      vertex 1.65711 7.62731 4.83411
      vertex 2.05431 8.43275 4.83411
    endloop
  endfacet
  facet normal 0.523341 0.596731 0.608298
    outer loop
      vertex 12.2522 10.5416 4.67848
      vertex 12.1794 10.4468 4.83411
      vertex 12.8546 9.85464 4.83411
    endloop
  endfacet
  facet normal -0.206887 0.0702307 0.975841
    outer loop
      vertex 2.62276 7.22733 5.26668
      vertex 2.37803 6.5064 5.26668
      vertex 3.13773 7.01402 5.39121
    endloop
  endfacet
  facet normal 0.111648 0.127307 0.98556
    outer loop
      vertex 11.7214 8.72142 5.39121
      vertex 10.8097 8.66166 5.50221
      vertex 11.2636 8.26359 5.50221
    endloop
  endfacet
  facet normal 0.27972 0.0556363 0.958468
    outer loop
      vertex 14.0642 6.62489 5.13075
      vertex 13.622 6.5064 5.26668
      vertex 14.2244 5.81946 5.13075
    endloop
  endfacet
  facet normal 0.523391 0.596758 0.608228
    outer loop
      vertex 12.9391 9.93915 4.67848
      vertex 12.2522 10.5416 4.67848
      vertex 12.8546 9.85464 4.83411
    endloop
  endfacet
  facet normal 0.117215 0.0577989 0.991423
    outer loop
      vertex 11.9971 7.30771 5.50221
      vertex 11.593 6.48825 5.59776
      vertex 12.2641 6.76624 5.50221
    endloop
  endfacet
  facet normal 0.121374 0.181646 0.975845
    outer loop
      vertex 11.5432 9.61754 5.26668
      vertex 10.6314 9.55779 5.39121
      vertex 11.2038 9.17532 5.39121
    endloop
  endfacet
  facet normal 0.127316 0.111652 0.985558
    outer loop
      vertex 11.7214 8.72142 5.39121
      vertex 11.6617 7.80969 5.50221
      vertex 12.1753 8.20384 5.39121
    endloop
  endfacet
  facet normal 0.299927 0.448898 0.841745
    outer loop
      vertex 11.4327 10.9457 4.83411
      vertex 11.3143 10.7405 4.98573
      vertex 12.1794 10.4468 4.83411
    endloop
  endfacet
  facet normal 0.252601 0.288016 0.92371
    outer loop
      vertex 12.6871 9.68706 4.98573
      vertex 12.0352 10.2588 4.98573
      vertex 12.4393 9.43929 5.13075
    endloop
  endfacet
  facet normal 0.596759 0.523409 0.608212
    outer loop
      vertex 13.5416 9.25221 4.67848
      vertex 12.8546 9.85464 4.83411
      vertex 13.4468 9.17945 4.83411
    endloop
  endfacet
  facet normal 0.0518812 0.792032 0.608271
    outer loop
      vertex 8.91173 11.9253 4.67848
      vertex 8 11.8655 4.83411
      vertex 8.89613 11.8068 4.83411
    endloop
  endfacet
  facet normal -0.0214134 0.00726869 0.999744
    outer loop
      vertex 7.57703 5.1752 5.79743
      vertex 6.73832 5.5226 5.77694
      vertex 7.55778 5.11849 5.79743
    endloop
  endfacet
  facet normal 0.0468024 0.0533672 0.997478
    outer loop
      vertex 10.1892 7.18922 5.67625
      vertex 9.36976 6.7851 5.73632
      vertex 9.59104 6.59104 5.73632
    endloop
  endfacet
  facet normal -0.711874 -0.351058 0.608271
    outer loop
      vertex 2.05431 1.56725 4.83411
      vertex 1.65711 2.37269 4.83411
      vertex 1.9508 1.50749 4.67848
    endloop
  endfacet
  facet normal -0.51111 -0.173499 0.841822
    outer loop
      vertex 1.87605 2.46338 4.98573
      vertex 1.36844 3.22308 4.83411
      vertex 1.65711 2.37269 4.83411
    endloop
  endfacet
  facet normal -0.538583 0.0353021 0.841833
    outer loop
      vertex 1.4282 5.86519 4.98573
      vertex 1.1345 5 4.83411
      vertex 1.37149 5 4.98573
    endloop
  endfacet
  facet normal -0.0861687 -0.098254 0.991424
    outer loop
      vertex 5.25007 2.25007 5.59776
      vertex 4.73641 1.73641 5.50221
      vertex 5.19031 1.33834 5.50221
    endloop
  endfacet
  facet normal -0.751614 0.25514 0.608259
    outer loop
      vertex 1.54669 7.67305 4.67848
      vertex 1.36844 6.77692 4.83411
      vertex 1.65711 7.62731 4.83411
    endloop
  endfacet
  facet normal -0.284577 0.0186546 0.958472
    outer loop
      vertex 2.22951 5.7597 5.26668
      vertex 1.72189 5 5.13075
      vertex 2.17971 5 5.26668
    endloop
  endfacet
  facet normal -0.181659 0.121382 0.975841
    outer loop
      vertex 3.82468 8.20384 5.39121
      vertex 3.38246 8.54317 5.26668
      vertex 3.44221 7.63144 5.39121
    endloop
  endfacet
  facet normal -0.279708 0.0556374 0.958472
    outer loop
      vertex 1.93581 6.62489 5.13075
      vertex 1.7756 5.81946 5.13075
      vertex 2.37803 6.5064 5.26668
    endloop
  endfacet
  facet normal -0.946932 0.321434 3.67343e-16
    outer loop
      vertex 1.253 6.80785 4.6
      vertex 1.54669 7.67305 4.67848
      vertex 1.54669 7.67305 4.6
    endloop
  endfacet
  facet normal -0.946932 0.321434 3.67343e-16
    outer loop
      vertex 1.54669 7.67305 4.67848
      vertex 1.253 6.80785 4.6
      vertex 1.253 6.80785 4.67848
    endloop
  endfacet
  facet normal -0.997859 0.0654054 2.7998e-17
    outer loop
      vertex 1.01499 5 4.6
      vertex 1.07475 5.91173 4.67848
      vertex 1.07475 5.91173 4.6
    endloop
  endfacet
  facet normal -0.997859 0.0654054 2.7998e-17
    outer loop
      vertex 1.07475 5.91173 4.67848
      vertex 1.01499 5 4.6
      vertex 1.01499 5 4.67848
    endloop
  endfacet
  facet normal -0.355875 -0.405795 0.841833
    outer loop
      vertex 3.31294 0.312936 4.98573
      vertex 3.14536 0.145361 4.83411
      vertex 3.96482 -0.258751 4.98573
    endloop
  endfacet
  facet normal 0.0654054 -0.997859 0
    outer loop
      vertex 8 -1.98501 4.6
      vertex 8.91173 -1.92525 4.67848
      vertex 8 -1.98501 4.67848
    endloop
  endfacet
  facet normal 0.0654054 -0.997859 0
    outer loop
      vertex 8.91173 -1.92525 4.67848
      vertex 8 -1.98501 4.6
      vertex 8.91173 -1.92525 4.6
    endloop
  endfacet
  facet normal -0.160338 -0.0544277 0.98556
    outer loop
      vertex 3.54185 3.80544 5.50221
      vertex 3.13773 2.98598 5.39121
      vertex 3.73591 3.23376 5.50221
    endloop
  endfacet
  facet normal -0.0982541 -0.0861669 0.991424
    outer loop
      vertex 4.91466 2.63253 5.59776
      vertex 4.33834 2.19031 5.50221
      vertex 5.25007 2.25007 5.59776
    endloop
  endfacet
  facet normal -0.0186519 -0.284575 0.958472
    outer loop
      vertex 8 -0.820287 5.26668
      vertex 7.2403 -0.770494 5.26668
      vertex 8 -1.27811 5.13075
    endloop
  endfacet
  facet normal 0.0672172 -0.0228149 0.997477
    outer loop
      vertex 10.1734 4.41764 5.73632
      vertex 10.0788 4.13893 5.73632
      vertex 10.9905 4.19869 5.67625
    endloop
  endfacet
  facet normal -0.0353021 -0.538583 0.841833
    outer loop
      vertex 8 -1.62851 4.98573
      vertex 7.13481 -1.5718 4.98573
      vertex 8 -1.8655 4.83411
    endloop
  endfacet
  facet normal 0.0420083 -0.123751 0.991424
    outer loop
      vertex 9.76624 0.735908 5.50221
      vertex 9.00655 1.24352 5.59776
      vertex 9.19456 0.541846 5.50221
    endloop
  endfacet
  facet normal -0.0747416 -0.375752 0.923701
    outer loop
      vertex 6.37511 -1.06419 5.13075
      vertex 6.28442 -1.40265 4.98573
      vertex 7.18054 -1.2244 5.13075
    endloop
  endfacet
  facet normal 0.168943 -0.0110772 0.985564
    outer loop
      vertex 12.6154 5 5.50221
      vertex 12.5759 4.39757 5.50221
      vertex 13.2179 4.31306 5.39121
    endloop
  endfacet
  facet normal 0.284588 0.0186554 0.958468
    outer loop
      vertex 14.2781 5 5.13075
      vertex 13.7705 5.7597 5.26668
      vertex 13.8203 5 5.26668
    endloop
  endfacet
  facet normal 0.382295 0.0250536 0.923701
    outer loop
      vertex 14.5718 5.86519 4.98573
      vertex 14.2244 5.81946 5.13075
      vertex 14.6285 5 4.98573
    endloop
  endfacet
  facet normal 0.195961 0.0966302 0.975839
    outer loop
      vertex 13.0405 7.91014 5.26668
      vertex 12.5578 7.63144 5.39121
      vertex 13.3772 7.22733 5.26668
    endloop
  endfacet
  facet normal 0.792032 -0.0518812 0.608271
    outer loop
      vertex 14.8655 5 4.83411
      vertex 14.8068 4.10387 4.83411
      vertex 14.9253 4.08827 4.67848
    endloop
  endfacet
  facet normal 0.751718 -0.255178 0.608115
    outer loop
      vertex 14.6316 3.22308 4.83411
      vertex 14.4533 2.32695 4.67848
      vertex 14.747 3.19215 4.67848
    endloop
  endfacet
  facet normal 0.284588 -0.0186554 0.958468
    outer loop
      vertex 13.8203 5 5.26668
      vertex 13.7705 4.2403 5.26668
      vertex 14.2781 5 5.13075
    endloop
  endfacet
  facet normal 0.123757 -0.0420059 0.991423
    outer loop
      vertex 11.7565 3.99345 5.59776
      vertex 11.593 3.51175 5.59776
      vertex 12.2641 3.23376 5.50221
    endloop
  endfacet
  facet normal 0.362832 -0.123162 0.92368
    outer loop
      vertex 14.4026 3.28442 4.98573
      vertex 14.0642 3.37511 5.13075
      vertex 14.1239 2.46338 4.98573
    endloop
  endfacet
  facet normal 0.351054 -0.711837 0.608317
    outer loop
      vertex 11.4327 -0.945694 4.83411
      vertex 10.6273 -1.34289 4.83411
      vertex 11.4925 -1.0492 4.67848
    endloop
  endfacet
  facet normal 0.0861656 -0.0982505 0.991424
    outer loop
      vertex 11.2636 1.73641 5.50221
      vertex 10.7499 2.25007 5.59776
      vertex 10.8097 1.33834 5.50221
    endloop
  endfacet
  facet normal 0.896878 -0.442277 -4.35937e-17
    outer loop
      vertex 14.0492 1.50749 4.67848
      vertex 14.4533 2.32695 4.6
      vertex 14.4533 2.32695 4.67848
    endloop
  endfacet
  facet normal 0.896878 -0.442277 -4.35937e-17
    outer loop
      vertex 14.4533 2.32695 4.6
      vertex 14.0492 1.50749 4.67848
      vertex 14.0492 1.50749 4.6
    endloop
  endfacet
  facet normal 0.659369 -0.751819 0
    outer loop
      vertex 12.2522 -0.541582 4.6
      vertex 12.9391 0.0608511 4.67848
      vertex 12.2522 -0.541582 4.67848
    endloop
  endfacet
  facet normal 0.659369 -0.751819 0
    outer loop
      vertex 12.9391 0.0608511 4.67848
      vertex 12.2522 -0.541582 4.6
      vertex 12.9391 0.0608511 4.6
    endloop
  endfacet
  facet normal 0.523383 -0.596766 0.608228
    outer loop
      vertex 12.8546 0.145361 4.83411
      vertex 12.2522 -0.541582 4.67848
      vertex 12.9391 0.0608511 4.67848
    endloop
  endfacet
  facet normal -0.440982 -0.659972 0.608253
    outer loop
      vertex 3.82055 -0.446765 4.83411
      vertex 3.74779 -0.541582 4.67848
      vertex 4.50749 -1.0492 4.67848
    endloop
  endfacet
  facet normal -0.48409 -0.23873 0.841822
    outer loop
      vertex 1.87605 2.46338 4.98573
      vertex 1.65711 2.37269 4.83411
      vertex 2.25954 1.68575 4.98573
    endloop
  endfacet
  facet normal -0.127303 0.111644 0.985561
    outer loop
      vertex 4.73641 8.26359 5.50221
      vertex 4.27858 8.72142 5.39121
      vertex 4.33834 7.80969 5.50221
    endloop
  endfacet
  facet normal -0.442277 0.896878 0
    outer loop
      vertex 5.32695 11.4533 4.6
      vertex 4.50749 11.0492 4.67848
      vertex 5.32695 11.4533 4.67848
    endloop
  endfacet
  facet normal -0.442277 0.896878 0
    outer loop
      vertex 4.50749 11.0492 4.67848
      vertex 5.32695 11.4533 4.6
      vertex 4.50749 11.0492 4.6
    endloop
  endfacet
  facet normal 0.255153 -0.751628 0.608237
    outer loop
      vertex 10.673 -1.45331 4.67848
      vertex 9.77692 -1.63156 4.83411
      vertex 9.80785 -1.747 4.67848
    endloop
  endfacet
  facet normal 0.158444 -0.237123 0.958472
    outer loop
      vertex 11.5432 0.382456 5.26668
      vertex 11.1391 -0.437001 5.13075
      vertex 11.8219 0.0192413 5.13075
    endloop
  endfacet
  facet normal 0.0984952 -0.00646131 0.995117
    outer loop
      vertex 11.889 5 5.59776
      vertex 11.096 5 5.67625
      vertex 11.8557 4.49238 5.59776
    endloop
  endfacet
  facet normal 0.0934668 0.0317248 0.995117
    outer loop
      vertex 11.593 6.48825 5.59776
      vertex 10.9905 5.80131 5.67625
      vertex 11.7565 6.00655 5.59776
    endloop
  endfacet
  facet normal 0.0435368 0.0147791 0.998943
    outer loop
      vertex 10.0788 5.86107 5.73632
      vertex 9.26168 5.5226 5.77694
      vertex 9.3191 5.35345 5.77694
    endloop
  endfacet
  facet normal 0.059021 0.0394374 0.997477
    outer loop
      vertex 10.6812 6.54801 5.67625
      vertex 9.7851 6.36976 5.73632
      vertex 9.94862 6.12504 5.73632
    endloop
  endfacet
  facet normal 0.123744 -0.0420144 0.991424
    outer loop
      vertex 12.4582 3.80544 5.50221
      vertex 11.7565 3.99345 5.59776
      vertex 12.2641 3.23376 5.50221
    endloop
  endfacet
  facet normal 0.130411 -0.00855499 0.991423
    outer loop
      vertex 11.889 5 5.59776
      vertex 11.8557 4.49238 5.59776
      vertex 12.6154 5 5.50221
    endloop
  endfacet
  facet normal 0.0885231 -0.043651 0.995117
    outer loop
      vertex 10.8603 3.8152 5.67625
      vertex 10.6812 3.45199 5.67625
      vertex 11.593 3.51175 5.59776
    endloop
  endfacet
  facet normal 0.0934598 -0.0317309 0.995117
    outer loop
      vertex 10.9905 4.19869 5.67625
      vertex 10.8603 3.8152 5.67625
      vertex 11.593 3.51175 5.59776
    endloop
  endfacet
  facet normal 0.0885233 -0.0436553 0.995117
    outer loop
      vertex 11.593 3.51175 5.59776
      vertex 10.6812 3.45199 5.67625
      vertex 11.368 3.0555 5.59776
    endloop
  endfacet
  facet normal 0.0450948 -0.00896678 0.998942
    outer loop
      vertex 10.2308 4.70631 5.73632
      vertex 9.3191 4.64655 5.77694
      vertex 10.1734 4.41764 5.73632
    endloop
  endfacet
  facet normal -0.00441447 0.0221781 0.999744
    outer loop
      vertex 7.94024 5.45391 5.79743
      vertex 7.64655 6.3191 5.77694
      vertex 7.88151 5.44222 5.79743
    endloop
  endfacet
  facet normal 0.0064567 0.0984983 0.995116
    outer loop
      vertex 8.50762 8.85572 5.59776
      vertex 8 8.09602 5.67625
      vertex 8.40411 8.06953 5.67625
    endloop
  endfacet
  facet normal 0.0352948 0.538567 0.841843
    outer loop
      vertex 8 11.8655 4.83411
      vertex 8 11.6285 4.98573
      vertex 8.86519 11.5718 4.98573
    endloop
  endfacet
  facet normal 0.025052 0.382292 0.923702
    outer loop
      vertex 8 11.6285 4.98573
      vertex 8 11.2781 5.13075
      vertex 8.81946 11.2244 5.13075
    endloop
  endfacet
  facet normal 0.299914 0.448844 0.841778
    outer loop
      vertex 12.1794 10.4468 4.83411
      vertex 11.3143 10.7405 4.98573
      vertex 12.0352 10.2588 4.98573
    endloop
  endfacet
  facet normal 0.238785 0.484183 0.841753
    outer loop
      vertex 11.4327 10.9457 4.83411
      vertex 10.6273 11.3429 4.83411
      vertex 11.3143 10.7405 4.98573
    endloop
  endfacet
  facet normal 0.214297 0.0426182 0.975838
    outer loop
      vertex 13.622 6.5064 5.26668
      vertex 13.2179 5.68694 5.39121
      vertex 13.7705 5.7597 5.26668
    endloop
  endfacet
  facet normal 0.151856 0.0748926 0.985561
    outer loop
      vertex 12.5578 7.63144 5.39121
      vertex 12.2641 6.76624 5.50221
      vertex 12.8623 7.01402 5.39121
    endloop
  endfacet
  facet normal 0.0861656 0.0982505 0.991424
    outer loop
      vertex 10.8097 8.66166 5.50221
      vertex 10.7499 7.74993 5.59776
      vertex 11.2636 8.26359 5.50221
    endloop
  endfacet
  facet normal 0.188036 0.214414 0.958472
    outer loop
      vertex 11.8219 9.98076 5.13075
      vertex 11.5432 9.61754 5.26668
      vertex 12.1156 9.11556 5.26668
    endloop
  endfacet
  facet normal 0.343627 0.169453 0.923692
    outer loop
      vertex 14.1239 7.53662 4.98573
      vertex 13.437 8.13905 5.13075
      vertex 13.8002 7.40253 5.13075
    endloop
  endfacet
  facet normal 0.288026 0.25261 0.923704
    outer loop
      vertex 13.2588 9.03518 4.98573
      vertex 12.4393 9.43929 5.13075
      vertex 12.9808 8.82187 5.13075
    endloop
  endfacet
  facet normal -0.144055 0.164261 0.975841
    outer loop
      vertex 4.45683 9.61754 5.26668
      vertex 3.88444 9.11556 5.26668
      vertex 4.79616 9.17532 5.39121
    endloop
  endfacet
  facet normal 0.212831 0.318517 0.923715
    outer loop
      vertex 12.0352 10.2588 4.98573
      vertex 11.3143 10.7405 4.98573
      vertex 11.8219 9.98076 5.13075
    endloop
  endfacet
  facet normal 0.126114 0.25577 0.958476
    outer loop
      vertex 10.4025 10.8002 5.13075
      vertex 10.2273 10.3772 5.26668
      vertex 11.1391 10.437 5.13075
    endloop
  endfacet
  facet normal 0.0650892 0.074208 0.995116
    outer loop
      vertex 10.3675 8.08534 5.59776
      vertex 9.88474 7.45624 5.67625
      vertex 10.7499 7.74993 5.59776
    endloop
  endfacet
  facet normal 0.0436588 0.0885303 0.995116
    outer loop
      vertex 9.9445 8.36796 5.59776
      vertex 9.48825 8.59296 5.59776
      vertex 9.54801 7.68123 5.67625
    endloop
  endfacet
  facet normal 0.0672176 0.0228213 0.997477
    outer loop
      vertex 10.8603 6.1848 5.67625
      vertex 10.0788 5.86107 5.73632
      vertex 10.9905 5.80131 5.67625
    endloop
  endfacet
  facet normal 0.0708306 0.0046448 0.997478
    outer loop
      vertex 11.0695 5.40411 5.67625
      vertex 10.2308 5.29369 5.73632
      vertex 11.096 5 5.67625
    endloop
  endfacet
  facet normal 0.980775 0.195144 -1.4893e-16
    outer loop
      vertex 14.9253 5.91173 4.67848
      vertex 14.747 6.80785 4.6
      vertex 14.747 6.80785 4.67848
    endloop
  endfacet
  facet normal 0.980775 0.195144 -1.4893e-16
    outer loop
      vertex 14.747 6.80785 4.6
      vertex 14.9253 5.91173 4.67848
      vertex 14.9253 5.91173 4.6
    endloop
  endfacet
  facet normal 0.448824 0.299877 0.841802
    outer loop
      vertex 13.9457 8.43275 4.83411
      vertex 13.4468 9.17945 4.83411
      vertex 13.7405 8.31425 4.98573
    endloop
  endfacet
  facet normal 0.660009 0.44099 0.608207
    outer loop
      vertex 13.5416 9.25221 4.67848
      vertex 13.4468 9.17945 4.83411
      vertex 14.0492 8.49251 4.67848
    endloop
  endfacet
  facet normal 0.538524 0.0352754 0.841871
    outer loop
      vertex 14.8068 5.89613 4.83411
      vertex 14.5718 5.86519 4.98573
      vertex 14.8655 5 4.83411
    endloop
  endfacet
  facet normal 0.792032 0.0518812 0.608271
    outer loop
      vertex 14.9253 5.91173 4.67848
      vertex 14.8068 5.89613 4.83411
      vertex 14.8655 5 4.83411
    endloop
  endfacet
  facet normal 0.154849 0.778478 0.608271
    outer loop
      vertex 8.91173 11.9253 4.67848
      vertex 8.89613 11.8068 4.83411
      vertex 9.77692 11.6316 4.83411
    endloop
  endfacet
  facet normal -0.06534 0.997863 0
    outer loop
      vertex 8 11.985 4.6
      vertex 7.08827 11.9253 4.67848
      vertex 8 11.985 4.67848
    endloop
  endfacet
  facet normal -0.06534 0.997863 0
    outer loop
      vertex 7.08827 11.9253 4.67848
      vertex 8 11.985 4.6
      vertex 7.08827 11.9253 4.6
    endloop
  endfacet
  facet normal 0.65938 0.75181 -0
    outer loop
      vertex 12.9391 9.93915 4.6
      vertex 12.2522 10.5416 4.67848
      vertex 12.9391 9.93915 4.67848
    endloop
  endfacet
  facet normal 0.65938 0.75181 0
    outer loop
      vertex 12.2522 10.5416 4.67848
      vertex 12.9391 9.93915 4.6
      vertex 12.2522 10.5416 4.6
    endloop
  endfacet
  facet normal -0.382292 0.0250566 0.923702
    outer loop
      vertex 1.7756 5.81946 5.13075
      vertex 1.37149 5 4.98573
      vertex 1.72189 5 5.13075
    endloop
  endfacet
  facet normal -0.751614 -0.25514 0.608259
    outer loop
      vertex 1.65711 2.37269 4.83411
      vertex 1.36844 3.22308 4.83411
      vertex 1.54669 2.32695 4.67848
    endloop
  endfacet
  facet normal -0.284577 -0.0186546 0.958472
    outer loop
      vertex 2.17971 5 5.26668
      vertex 1.72189 5 5.13075
      vertex 2.22951 4.2403 5.26668
    endloop
  endfacet
  facet normal -0.168964 -0.0110758 0.98556
    outer loop
      vertex 3.38458 5 5.50221
      vertex 2.73712 5 5.39121
      vertex 2.78215 4.31306 5.39121
    endloop
  endfacet
  facet normal -0.0861687 0.098254 0.991424
    outer loop
      vertex 5.19031 8.66166 5.50221
      vertex 4.73641 8.26359 5.50221
      vertex 5.25007 7.74993 5.59776
    endloop
  endfacet
  facet normal -0.279704 0.0556337 0.958473
    outer loop
      vertex 2.37803 6.5064 5.26668
      vertex 1.7756 5.81946 5.13075
      vertex 2.22951 5.7597 5.26668
    endloop
  endfacet
  facet normal 0.0382284 0.0255439 0.998942
    outer loop
      vertex 9.7851 6.36976 5.73632
      vertex 9.18267 5.68282 5.77694
      vertex 9.94862 6.12504 5.73632
    endloop
  endfacet
  facet normal 0.0330588 0.166079 0.985558
    outer loop
      vertex 9.36213 10.0835 5.39121
      vertex 8.68694 10.2179 5.39121
      vertex 9.19456 9.45815 5.50221
    endloop
  endfacet
  facet normal -0.538586 0.0353035 0.841831
    outer loop
      vertex 1.19324 5.89613 4.83411
      vertex 1.1345 5 4.83411
      vertex 1.4282 5.86519 4.98573
    endloop
  endfacet
  facet normal -0.529369 0.105298 0.841832
    outer loop
      vertex 1.36844 6.77692 4.83411
      vertex 1.19324 5.89613 4.83411
      vertex 1.4282 5.86519 4.98573
    endloop
  endfacet
  facet normal -0.375752 0.0747416 0.923701
    outer loop
      vertex 1.93581 6.62489 5.13075
      vertex 1.59735 6.71558 4.98573
      vertex 1.7756 5.81946 5.13075
    endloop
  endfacet
  facet normal -0.538586 -0.0353035 0.841831
    outer loop
      vertex 1.4282 4.13481 4.98573
      vertex 1.1345 5 4.83411
      vertex 1.19324 4.10387 4.83411
    endloop
  endfacet
  facet normal -0.0519161 -0.79206 0.608232
    outer loop
      vertex 8 -1.8655 4.83411
      vertex 7.08827 -1.92525 4.67848
      vertex 8 -1.98501 4.67848
    endloop
  endfacet
  facet normal -0.405795 -0.355875 0.841834
    outer loop
      vertex 3.31294 0.312936 4.98573
      vertex 2.74125 0.964819 4.98573
      vertex 3.14536 0.145361 4.83411
    endloop
  endfacet
  facet normal -0.299864 -0.44878 0.84183
    outer loop
      vertex 3.96482 -0.258751 4.98573
      vertex 3.82055 -0.446765 4.83411
      vertex 4.68575 -0.740458 4.98573
    endloop
  endfacet
  facet normal -0.511101 -0.173492 0.841829
    outer loop
      vertex 1.59735 3.28442 4.98573
      vertex 1.36844 3.22308 4.83411
      vertex 1.87605 2.46338 4.98573
    endloop
  endfacet
  facet normal -0.166073 -0.0330334 0.98556
    outer loop
      vertex 3.42407 4.39757 5.50221
      vertex 2.78215 4.31306 5.39121
      vertex 3.54185 3.80544 5.50221
    endloop
  endfacet
  facet normal -0.362782 -0.123145 0.923702
    outer loop
      vertex 1.93581 3.37511 5.13075
      vertex 1.59735 3.28442 4.98573
      vertex 1.87605 2.46338 4.98573
    endloop
  endfacet
  facet normal -0.214413 -0.188037 0.958472
    outer loop
      vertex 3.38246 1.45683 5.26668
      vertex 3.01924 1.17813 5.13075
      vertex 3.88444 0.884436 5.26668
    endloop
  endfacet
  facet normal -0.00441447 -0.0221781 0.999744
    outer loop
      vertex 7.88151 4.55778 5.79743
      vertex 7.64655 3.6809 5.77694
      vertex 7.94024 4.54609 5.79743
    endloop
  endfacet
  facet normal -0.0221781 0.00441447 0.999744
    outer loop
      vertex 7.55778 5.11849 5.79743
      vertex 6.6809 5.35345 5.77694
      vertex 7.54609 5.05976 5.79743
    endloop
  endfacet
  facet normal 0.0192568 -0.0968136 0.995116
    outer loop
      vertex 8.80131 2.00947 5.67625
      vertex 8.50762 1.14428 5.59776
      vertex 9.00655 1.24352 5.59776
    endloop
  endfacet
  facet normal 0.0533673 -0.0468025 0.997478
    outer loop
      vertex 9.7851 3.63024 5.73632
      vertex 9.59104 3.40896 5.73632
      vertex 10.1892 2.81078 5.67625
    endloop
  endfacet
  facet normal -0.0590196 -0.0394346 0.997478
    outer loop
      vertex 6.2149 3.63024 5.73632
      vertex 5.31877 3.45199 5.67625
      vertex 5.54376 3.11526 5.67625
    endloop
  endfacet
  facet normal -0.00645573 -0.0984989 0.995116
    outer loop
      vertex 8 1.90398 5.67625
      vertex 7.49238 1.14428 5.59776
      vertex 8 1.11101 5.59776
    endloop
  endfacet
  facet normal 0.0138479 -0.0696183 0.997478
    outer loop
      vertex 8.58236 2.82659 5.73632
      vertex 8.29369 2.76917 5.73632
      vertex 8.80131 2.00947 5.67625
    endloop
  endfacet
  facet normal -0.0916693 -0.270051 0.958472
    outer loop
      vertex 6.4936 -0.621965 5.26668
      vertex 5.77267 -0.377244 5.26668
      vertex 6.37511 -1.06419 5.13075
    endloop
  endfacet
  facet normal -0.105297 -0.529374 0.841828
    outer loop
      vertex 6.28442 -1.40265 4.98573
      vertex 6.22308 -1.63156 4.83411
      vertex 7.13481 -1.5718 4.98573
    endloop
  endfacet
  facet normal 0.173499 -0.511104 0.841826
    outer loop
      vertex 10.5366 -1.12395 4.98573
      vertex 9.77692 -1.63156 4.83411
      vertex 10.6273 -1.34289 4.83411
    endloop
  endfacet
  facet normal -0.164265 -0.144054 0.975841
    outer loop
      vertex 4.27858 1.27858 5.39121
      vertex 3.82468 1.79616 5.39121
      vertex 3.88444 0.884436 5.26668
    endloop
  endfacet
  facet normal -0.164261 -0.144054 0.975841
    outer loop
      vertex 3.82468 1.79616 5.39121
      vertex 3.38246 1.45683 5.26668
      vertex 3.88444 0.884436 5.26668
    endloop
  endfacet
  facet normal -0.12138 -0.181659 0.975842
    outer loop
      vertex 4.79616 0.824678 5.39121
      vertex 4.45683 0.382456 5.26668
      vertex 5.36856 0.442214 5.39121
    endloop
  endfacet
  facet normal -0.0966321 -0.195948 0.975841
    outer loop
      vertex 5.36856 0.442214 5.39121
      vertex 5.08986 -0.0405159 5.26668
      vertex 5.77267 -0.377244 5.26668
    endloop
  endfacet
  facet normal 0.140794 -0.094072 0.985559
    outer loop
      vertex 11.9971 2.69229 5.50221
      vertex 11.6617 2.19031 5.50221
      vertex 12.5578 2.36856 5.39121
    endloop
  endfacet
  facet normal 0.082062 -0.0548477 0.995117
    outer loop
      vertex 11.368 3.0555 5.59776
      vertex 10.6812 3.45199 5.67625
      vertex 11.0853 2.63253 5.59776
    endloop
  endfacet
  facet normal 0.538567 0.0352948 0.841843
    outer loop
      vertex 14.8655 5 4.83411
      vertex 14.5718 5.86519 4.98573
      vertex 14.6285 5 4.98573
    endloop
  endfacet
  facet normal 0.778588 0.154915 0.608113
    outer loop
      vertex 14.747 6.80785 4.67848
      vertex 14.6316 6.77692 4.83411
      vertex 14.9253 5.91173 4.67848
    endloop
  endfacet
  facet normal 0.382292 0.025052 0.923702
    outer loop
      vertex 14.6285 5 4.98573
      vertex 14.2244 5.81946 5.13075
      vertex 14.2781 5 5.13075
    endloop
  endfacet
  facet normal 0.382292 -0.025052 0.923702
    outer loop
      vertex 14.2781 5 5.13075
      vertex 14.2244 4.18054 5.13075
      vertex 14.6285 5 4.98573
    endloop
  endfacet
  facet normal 0.997863 -0.06534 4.44073e-17
    outer loop
      vertex 14.9253 4.08827 4.67848
      vertex 14.985 5 4.6
      vertex 14.985 5 4.67848
    endloop
  endfacet
  facet normal 0.997863 -0.06534 4.44073e-17
    outer loop
      vertex 14.985 5 4.6
      vertex 14.9253 4.08827 4.67848
      vertex 14.9253 4.08827 4.6
    endloop
  endfacet
  facet normal 0.792087 -0.0518658 0.608201
    outer loop
      vertex 14.985 5 4.67848
      vertex 14.8655 5 4.83411
      vertex 14.9253 4.08827 4.67848
    endloop
  endfacet
  facet normal 0.127303 -0.111653 0.98556
    outer loop
      vertex 11.6617 2.19031 5.50221
      vertex 11.2636 1.73641 5.50221
      vertex 11.7214 1.27858 5.39121
    endloop
  endfacet
  facet normal 0.195961 -0.0966302 0.975839
    outer loop
      vertex 13.3772 2.77267 5.26668
      vertex 12.5578 2.36856 5.39121
      vertex 13.0405 2.08986 5.26668
    endloop
  endfacet
  facet normal 0.440951 -0.659927 0.608324
    outer loop
      vertex 12.1794 -0.446765 4.83411
      vertex 11.4925 -1.0492 4.67848
      vertex 12.2522 -0.541582 4.67848
    endloop
  endfacet
  facet normal 0.596755 -0.523398 0.608225
    outer loop
      vertex 13.5416 0.747794 4.67848
      vertex 12.8546 0.145361 4.83411
      vertex 12.9391 0.0608511 4.67848
    endloop
  endfacet
  facet normal 0.3628 -0.123167 0.923692
    outer loop
      vertex 14.0642 3.37511 5.13075
      vertex 13.8002 2.59747 5.13075
      vertex 14.1239 2.46338 4.98573
    endloop
  endfacet
  facet normal 0.778478 -0.154849 0.608271
    outer loop
      vertex 14.8068 4.10387 4.83411
      vertex 14.6316 3.22308 4.83411
      vertex 14.9253 4.08827 4.67848
    endloop
  endfacet
  facet normal 0.32145 -0.946926 0
    outer loop
      vertex 9.80785 -1.747 4.6
      vertex 10.673 -1.45331 4.67848
      vertex 9.80785 -1.747 4.67848
    endloop
  endfacet
  facet normal 0.32145 -0.946926 0
    outer loop
      vertex 10.673 -1.45331 4.67848
      vertex 9.80785 -1.747 4.6
      vertex 10.673 -1.45331 4.6
    endloop
  endfacet
  facet normal 0.555572 -0.831468 0
    outer loop
      vertex 11.4925 -1.0492 4.6
      vertex 12.2522 -0.541582 4.67848
      vertex 11.4925 -1.0492 4.67848
    endloop
  endfacet
  facet normal 0.555572 -0.831468 0
    outer loop
      vertex 12.2522 -0.541582 4.67848
      vertex 11.4925 -1.0492 4.6
      vertex 12.2522 -0.541582 4.6
    endloop
  endfacet
  facet normal 0.355923 -0.405858 0.841783
    outer loop
      vertex 12.8546 0.145361 4.83411
      vertex 12.0352 -0.258751 4.98573
      vertex 12.1794 -0.446765 4.83411
    endloop
  endfacet
  facet normal 0.252588 -0.288028 0.923709
    outer loop
      vertex 12.4393 0.560707 5.13075
      vertex 12.0352 -0.258751 4.98573
      vertex 12.6871 0.312936 4.98573
    endloop
  endfacet
  facet normal 0.596763 -0.523412 0.608205
    outer loop
      vertex 13.4468 0.820551 4.83411
      vertex 12.8546 0.145361 4.83411
      vertex 13.5416 0.747794 4.67848
    endloop
  endfacet
  facet normal 0.778588 -0.154915 0.608113
    outer loop
      vertex 14.9253 4.08827 4.67848
      vertex 14.6316 3.22308 4.83411
      vertex 14.747 3.19215 4.67848
    endloop
  endfacet
  facet normal -0.711883 -0.351059 0.60826
    outer loop
      vertex 1.65711 2.37269 4.83411
      vertex 1.54669 2.32695 4.67848
      vertex 1.9508 1.50749 4.67848
    endloop
  endfacet
  facet normal 0.255153 -0.751643 0.608218
    outer loop
      vertex 10.6273 -1.34289 4.83411
      vertex 9.77692 -1.63156 4.83411
      vertex 10.673 -1.45331 4.67848
    endloop
  endfacet
  facet normal 0.0748942 -0.151864 0.98556
    outer loop
      vertex 10.6314 0.442214 5.39121
      vertex 9.76624 0.735908 5.50221
      vertex 10.014 0.137734 5.39121
    endloop
  endfacet
  facet normal -0.018652 -0.284575 0.958472
    outer loop
      vertex 7.2403 -0.770494 5.26668
      vertex 7.18054 -1.2244 5.13075
      vertex 8 -1.27811 5.13075
    endloop
  endfacet
  facet normal 0.121372 -0.181647 0.975845
    outer loop
      vertex 11.2038 0.824678 5.39121
      vertex 10.6314 0.442214 5.39121
      vertex 11.5432 0.382456 5.26668
    endloop
  endfacet
  facet normal 0.025058 -0.382295 0.923701
    outer loop
      vertex 8.81946 -1.2244 5.13075
      vertex 8 -1.62851 4.98573
      vertex 8.86519 -1.5718 4.98573
    endloop
  endfacet
  facet normal 0.123744 0.0420144 0.991424
    outer loop
      vertex 12.2641 6.76624 5.50221
      vertex 11.7565 6.00655 5.59776
      vertex 12.4582 6.19456 5.50221
    endloop
  endfacet
  facet normal 0.0968097 0.0192482 0.995117
    outer loop
      vertex 11.7565 6.00655 5.59776
      vertex 10.9905 5.80131 5.67625
      vertex 11.8557 5.50762 5.59776
    endloop
  endfacet
  facet normal 0.0225652 0.0014786 0.999744
    outer loop
      vertex 9.35395 5.17825 5.77694
      vertex 8.45391 5.05976 5.79743
      vertex 9.36563 5 5.77694
    endloop
  endfacet
  facet normal 0.0984967 -0.00645904 0.995116
    outer loop
      vertex 11.096 5 5.67625
      vertex 11.0695 4.59589 5.67625
      vertex 11.8557 4.49238 5.59776
    endloop
  endfacet
  facet normal 0.0672172 0.0228149 0.997477
    outer loop
      vertex 10.9905 5.80131 5.67625
      vertex 10.0788 5.86107 5.73632
      vertex 10.1734 5.58236 5.73632
    endloop
  endfacet
  facet normal 0.022565 0.00147639 0.999744
    outer loop
      vertex 9.36563 5 5.77694
      vertex 8.45391 5.05976 5.79743
      vertex 8.45782 5 5.79743
    endloop
  endfacet
  facet normal 0.0696191 -0.0138467 0.997478
    outer loop
      vertex 11.0695 4.59589 5.67625
      vertex 10.2308 4.70631 5.73632
      vertex 10.9905 4.19869 5.67625
    endloop
  endfacet
  facet normal 0.0708306 -0.0046448 0.997478
    outer loop
      vertex 11.096 5 5.67625
      vertex 10.2308 4.70631 5.73632
      vertex 11.0695 4.59589 5.67625
    endloop
  endfacet
  facet normal 0.279711 0.0556275 0.958471
    outer loop
      vertex 14.2244 5.81946 5.13075
      vertex 13.622 6.5064 5.26668
      vertex 13.7705 5.7597 5.26668
    endloop
  endfacet
  facet normal 0.168943 0.0110772 0.985564
    outer loop
      vertex 13.2179 5.68694 5.39121
      vertex 12.5759 5.60243 5.50221
      vertex 12.6154 5 5.50221
    endloop
  endfacet
  facet normal -0.0138467 -0.0696191 0.997478
    outer loop
      vertex 7.70631 2.76917 5.73632
      vertex 7.19869 2.00947 5.67625
      vertex 7.59589 1.93047 5.67625
    endloop
  endfacet
  facet normal -0.014908 -0.0170037 0.999744
    outer loop
      vertex 7.67627 4.67627 5.79743
      vertex 7.03435 4.03435 5.77694
      vertex 7.7213 4.63679 5.79743
    endloop
  endfacet
  facet normal -0.00726869 -0.0214134 0.999744
    outer loop
      vertex 7.8248 4.57703 5.79743
      vertex 7.4774 3.73832 5.77694
      vertex 7.88151 4.55778 5.79743
    endloop
  endfacet
  facet normal -0.659962 0.440973 0.608271
    outer loop
      vertex 2.55324 9.17945 4.83411
      vertex 1.9508 8.49251 4.67848
      vertex 2.05431 8.43275 4.83411
    endloop
  endfacet
  facet normal -0.255178 0.751718 0.608115
    outer loop
      vertex 6.19215 11.747 4.67848
      vertex 5.32695 11.4533 4.67848
      vertex 6.22308 11.6316 4.83411
    endloop
  endfacet
  facet normal -0.448782 0.299867 0.841828
    outer loop
      vertex 2.55324 9.17945 4.83411
      vertex 2.05431 8.43275 4.83411
      vertex 2.25954 8.31425 4.98573
    endloop
  endfacet
  facet normal 0.0186554 0.284588 0.958468
    outer loop
      vertex 8 11.2781 5.13075
      vertex 8 10.8203 5.26668
      vertex 8.7597 10.7705 5.26668
    endloop
  endfacet
  facet normal -0.00300711 0.0458783 0.998943
    outer loop
      vertex 8 7.25008 5.73632
      vertex 7.70631 7.23083 5.73632
      vertex 8 6.36563 5.77694
    endloop
  endfacet
  facet normal -0.51111 0.173499 0.841822
    outer loop
      vertex 1.65711 7.62731 4.83411
      vertex 1.36844 6.77692 4.83411
      vertex 1.87605 7.53662 4.98573
    endloop
  endfacet
  facet normal -0.212825 0.318519 0.923716
    outer loop
      vertex 4.68575 10.7405 4.98573
      vertex 4.17813 9.98076 5.13075
      vertex 4.86095 10.437 5.13075
    endloop
  endfacet
  facet normal -0.711883 0.351059 0.60826
    outer loop
      vertex 1.9508 8.49251 4.67848
      vertex 1.54669 7.67305 4.67848
      vertex 1.65711 7.62731 4.83411
    endloop
  endfacet
  facet normal -0.255179 0.75165 0.608199
    outer loop
      vertex 6.22308 11.6316 4.83411
      vertex 5.32695 11.4533 4.67848
      vertex 5.37269 11.3429 4.83411
    endloop
  endfacet
  facet normal 0.169435 0.343629 0.923694
    outer loop
      vertex 10.5366 11.1239 4.98573
      vertex 10.4025 10.8002 5.13075
      vertex 11.1391 10.437 5.13075
    endloop
  endfacet
  facet normal 0.44096 0.659963 0.608279
    outer loop
      vertex 12.2522 10.5416 4.67848
      vertex 11.4925 11.0492 4.67848
      vertex 12.1794 10.4468 4.83411
    endloop
  endfacet
  facet normal 0.238625 0.484033 0.841885
    outer loop
      vertex 10.6273 11.3429 4.83411
      vertex 10.5366 11.1239 4.98573
      vertex 11.3143 10.7405 4.98573
    endloop
  endfacet
  facet normal 0.351062 0.711847 0.6083
    outer loop
      vertex 11.4925 11.0492 4.67848
      vertex 10.6273 11.3429 4.83411
      vertex 11.4327 10.9457 4.83411
    endloop
  endfacet
  facet normal 0.555559 0.831477 -0
    outer loop
      vertex 12.2522 10.5416 4.6
      vertex 11.4925 11.0492 4.67848
      vertex 12.2522 10.5416 4.67848
    endloop
  endfacet
  facet normal 0.555559 0.831477 0
    outer loop
      vertex 11.4925 11.0492 4.67848
      vertex 12.2522 10.5416 4.6
      vertex 11.4925 11.0492 4.6
    endloop
  endfacet
  facet normal 0.0352754 0.538524 0.841871
    outer loop
      vertex 8.89613 11.8068 4.83411
      vertex 8 11.8655 4.83411
      vertex 8.86519 11.5718 4.98573
    endloop
  endfacet
  facet normal 0.181659 0.121392 0.97584
    outer loop
      vertex 12.6175 8.54317 5.26668
      vertex 12.1753 8.20384 5.39121
      vertex 12.5578 7.63144 5.39121
    endloop
  endfacet
  facet normal 0.140794 0.094072 0.985559
    outer loop
      vertex 12.5578 7.63144 5.39121
      vertex 11.6617 7.80969 5.50221
      vertex 11.9971 7.30771 5.50221
    endloop
  endfacet
  facet normal 0.160368 0.0544163 0.985556
    outer loop
      vertex 12.8623 7.01402 5.39121
      vertex 12.4582 6.19456 5.50221
      vertex 13.0835 6.36213 5.39121
    endloop
  endfacet
  facet normal 0.529227 0.105299 0.841921
    outer loop
      vertex 14.6316 6.77692 4.83411
      vertex 14.4026 6.71558 4.98573
      vertex 14.5718 5.86519 4.98573
    endloop
  endfacet
  facet normal 0.318527 0.212811 0.923716
    outer loop
      vertex 13.7405 8.31425 4.98573
      vertex 12.9808 8.82187 5.13075
      vertex 13.437 8.13905 5.13075
    endloop
  endfacet
  facet normal 0.405791 0.355914 0.841819
    outer loop
      vertex 13.4468 9.17945 4.83411
      vertex 12.8546 9.85464 4.83411
      vertex 13.2588 9.03518 4.98573
    endloop
  endfacet
  facet normal 0.28802 0.252594 0.92371
    outer loop
      vertex 12.6871 9.68706 4.98573
      vertex 12.4393 9.43929 5.13075
      vertex 13.2588 9.03518 4.98573
    endloop
  endfacet
  facet normal 0.214417 0.188051 0.958469
    outer loop
      vertex 12.4393 9.43929 5.13075
      vertex 12.1156 9.11556 5.26668
      vertex 12.9808 8.82187 5.13075
    endloop
  endfacet
  facet normal 0.0548377 0.0820761 0.995116
    outer loop
      vertex 9.9445 8.36796 5.59776
      vertex 9.54801 7.68123 5.67625
      vertex 10.3675 8.08534 5.59776
    endloop
  endfacet
  facet normal 0.214401 0.187997 0.958483
    outer loop
      vertex 12.9808 8.82187 5.13075
      vertex 12.1156 9.11556 5.26668
      vertex 12.6175 8.54317 5.26668
    endloop
  endfacet
  facet normal 0.0966298 0.195957 0.97584
    outer loop
      vertex 10.9101 10.0405 5.26668
      vertex 10.2273 10.3772 5.26668
      vertex 10.6314 9.55779 5.39121
    endloop
  endfacet
  facet normal 0.03173 0.0934716 0.995116
    outer loop
      vertex 9.48825 8.59296 5.59776
      vertex 8.80131 7.99053 5.67625
      vertex 9.1848 7.86035 5.67625
    endloop
  endfacet
  facet normal 0.0228169 0.0672151 0.997478
    outer loop
      vertex 9.1848 7.86035 5.67625
      vertex 8.80131 7.99053 5.67625
      vertex 8.86107 7.0788 5.73632
    endloop
  endfacet
  facet normal 0.0861766 0.0982497 0.991424
    outer loop
      vertex 10.8097 8.66166 5.50221
      vertex 10.3675 8.08534 5.59776
      vertex 10.7499 7.74993 5.59776
    endloop
  endfacet
  facet normal 0.0726036 0.108664 0.991424
    outer loop
      vertex 10.8097 8.66166 5.50221
      vertex 10.3077 8.99707 5.50221
      vertex 10.3675 8.08534 5.59776
    endloop
  endfacet
  facet normal 0.082062 0.0548477 0.995117
    outer loop
      vertex 11.0853 7.36747 5.59776
      vertex 10.6812 6.54801 5.67625
      vertex 11.368 6.9445 5.59776
    endloop
  endfacet
  facet normal 0.16033 0.054436 0.985561
    outer loop
      vertex 12.8623 7.01402 5.39121
      vertex 12.2641 6.76624 5.50221
      vertex 12.4582 6.19456 5.50221
    endloop
  endfacet
  facet normal 0.15187 0.0748876 0.985559
    outer loop
      vertex 12.5578 7.63144 5.39121
      vertex 11.9971 7.30771 5.50221
      vertex 12.2641 6.76624 5.50221
    endloop
  endfacet
  facet normal 0.19597 0.0966485 0.975836
    outer loop
      vertex 13.3772 7.22733 5.26668
      vertex 12.5578 7.63144 5.39121
      vertex 12.8623 7.01402 5.39121
    endloop
  endfacet
  facet normal 0.108654 0.0726207 0.991424
    outer loop
      vertex 11.9971 7.30771 5.50221
      vertex 11.0853 7.36747 5.59776
      vertex 11.368 6.9445 5.59776
    endloop
  endfacet
  facet normal 0.108652 0.0725964 0.991425
    outer loop
      vertex 11.6617 7.80969 5.50221
      vertex 11.0853 7.36747 5.59776
      vertex 11.9971 7.30771 5.50221
    endloop
  endfacet
  facet normal 0.831477 0.555559 -6.76146e-17
    outer loop
      vertex 14.0492 8.49251 4.67848
      vertex 13.5416 9.25221 4.6
      vertex 13.5416 9.25221 4.67848
    endloop
  endfacet
  facet normal 0.831477 0.555559 -6.76146e-17
    outer loop
      vertex 13.5416 9.25221 4.6
      vertex 14.0492 8.49251 4.67848
      vertex 14.0492 8.49251 4.6
    endloop
  endfacet
  facet normal 0.484124 0.238744 0.841799
    outer loop
      vertex 13.9457 8.43275 4.83411
      vertex 13.7405 8.31425 4.98573
      vertex 14.3429 7.62731 4.83411
    endloop
  endfacet
  facet normal 0.596753 0.523399 0.608226
    outer loop
      vertex 12.9391 9.93915 4.67848
      vertex 12.8546 9.85464 4.83411
      vertex 13.5416 9.25221 4.67848
    endloop
  endfacet
  facet normal -0.896874 -0.442286 -2.07118e-16
    outer loop
      vertex 1.9508 1.50749 4.6
      vertex 1.54669 2.32695 4.67848
      vertex 1.54669 2.32695 4.6
    endloop
  endfacet
  facet normal -0.896874 -0.442286 -2.07118e-16
    outer loop
      vertex 1.54669 2.32695 4.67848
      vertex 1.9508 1.50749 4.6
      vertex 1.9508 1.50749 4.67848
    endloop
  endfacet
  facet normal -0.831466 -0.555576 -1.872e-16
    outer loop
      vertex 2.45842 0.747794 4.6
      vertex 1.9508 1.50749 4.67848
      vertex 1.9508 1.50749 4.6
    endloop
  endfacet
  facet normal -0.831466 -0.555576 -1.872e-16
    outer loop
      vertex 1.9508 1.50749 4.67848
      vertex 2.45842 0.747794 4.6
      vertex 2.45842 0.747794 4.67848
    endloop
  endfacet
  facet normal -0.382295 0.025058 0.923701
    outer loop
      vertex 1.4282 5.86519 4.98573
      vertex 1.37149 5 4.98573
      vertex 1.7756 5.81946 5.13075
    endloop
  endfacet
  facet normal -0.529369 -0.105298 0.841832
    outer loop
      vertex 1.4282 4.13481 4.98573
      vertex 1.19324 4.10387 4.83411
      vertex 1.36844 3.22308 4.83411
    endloop
  endfacet
  facet normal -0.195949 -0.0966302 0.975841
    outer loop
      vertex 3.44221 2.36856 5.39121
      vertex 2.62276 2.77267 5.26668
      vertex 2.95948 2.08986 5.26668
    endloop
  endfacet
  facet normal -0.375752 -0.0747416 0.923701
    outer loop
      vertex 1.7756 4.18054 5.13075
      vertex 1.59735 3.28442 4.98573
      vertex 1.93581 3.37511 5.13075
    endloop
  endfacet
  facet normal -0.382292 -0.0250566 0.923702
    outer loop
      vertex 1.72189 5 5.13075
      vertex 1.37149 5 4.98573
      vertex 1.7756 4.18054 5.13075
    endloop
  endfacet
  facet normal -0.375755 -0.0747409 0.9237
    outer loop
      vertex 1.7756 4.18054 5.13075
      vertex 1.4282 4.13481 4.98573
      vertex 1.59735 3.28442 4.98573
    endloop
  endfacet
  facet normal -0.206887 -0.0702307 0.975841
    outer loop
      vertex 3.13773 2.98598 5.39121
      vertex 2.37803 3.4936 5.26668
      vertex 2.62276 2.77267 5.26668
    endloop
  endfacet
  facet normal -0.16034 -0.0544266 0.98556
    outer loop
      vertex 3.54185 3.80544 5.50221
      vertex 2.91645 3.63787 5.39121
      vertex 3.13773 2.98598 5.39121
    endloop
  endfacet
  facet normal -0.0696191 0.0138467 0.997478
    outer loop
      vertex 5.00947 5.80131 5.67625
      vertex 4.93047 5.40411 5.67625
      vertex 5.76917 5.29369 5.73632
    endloop
  endfacet
  facet normal -0.123751 0.0420081 0.991424
    outer loop
      vertex 3.73591 6.76624 5.50221
      vertex 3.54185 6.19456 5.50221
      vertex 4.24352 6.00655 5.59776
    endloop
  endfacet
  facet normal -0.0214132 0.00726898 0.999744
    outer loop
      vertex 6.73832 5.5226 5.77694
      vertex 6.6809 5.35345 5.77694
      vertex 7.55778 5.11849 5.79743
    endloop
  endfacet
  facet normal -0.022565 -0.00147639 0.999744
    outer loop
      vertex 7.54218 5 5.79743
      vertex 6.63437 5 5.77694
      vertex 7.54609 4.94024 5.79743
    endloop
  endfacet
  facet normal -0.168964 0.0110758 0.98556
    outer loop
      vertex 3.42407 5.60243 5.50221
      vertex 2.78215 5.68694 5.39121
      vertex 3.38458 5 5.50221
    endloop
  endfacet
  facet normal -0.130406 -0.00854693 0.991424
    outer loop
      vertex 4.11101 5 5.59776
      vertex 3.38458 5 5.50221
      vertex 4.14428 4.49238 5.59776
    endloop
  endfacet
  facet normal -0.255772 0.126136 0.958473
    outer loop
      vertex 2.563 8.13905 5.13075
      vertex 2.19978 7.40253 5.13075
      vertex 2.62276 7.22733 5.26668
    endloop
  endfacet
  facet normal -0.0940717 0.140789 0.98556
    outer loop
      vertex 5.36856 9.55779 5.39121
      vertex 5.19031 8.66166 5.50221
      vertex 5.69229 8.99707 5.50221
    endloop
  endfacet
  facet normal -0.105299 0.529227 0.841921
    outer loop
      vertex 7.13481 11.5718 4.98573
      vertex 6.22308 11.6316 4.83411
      vertex 6.28442 11.4026 4.98573
    endloop
  endfacet
  facet normal -0.0352754 0.538524 0.841871
    outer loop
      vertex 8 11.8655 4.83411
      vertex 7.10387 11.8068 4.83411
      vertex 7.13481 11.5718 4.98573
    endloop
  endfacet
  facet normal -0.997859 -0.0654054 -2.7998e-17
    outer loop
      vertex 1.07475 4.08827 4.6
      vertex 1.01499 5 4.67848
      vertex 1.01499 5 4.6
    endloop
  endfacet
  facet normal -0.997859 -0.0654054 -2.7998e-17
    outer loop
      vertex 1.01499 5 4.67848
      vertex 1.07475 4.08827 4.6
      vertex 1.07475 4.08827 4.67848
    endloop
  endfacet
  facet normal -0.0426235 -0.214281 0.975842
    outer loop
      vertex 7.31306 -0.217854 5.39121
      vertex 6.4936 -0.621965 5.26668
      vertex 7.2403 -0.770494 5.26668
    endloop
  endfacet
  facet normal -0.0556374 -0.279706 0.958472
    outer loop
      vertex 7.2403 -0.770494 5.26668
      vertex 6.4936 -0.621965 5.26668
      vertex 7.18054 -1.2244 5.13075
    endloop
  endfacet
  facet normal -0.321434 -0.946932 0
    outer loop
      vertex 5.32695 -1.45331 4.6
      vertex 6.19215 -1.747 4.67848
      vertex 5.32695 -1.45331 4.67848
    endloop
  endfacet
  facet normal -0.321434 -0.946932 -0
    outer loop
      vertex 6.19215 -1.747 4.67848
      vertex 5.32695 -1.45331 4.6
      vertex 6.19215 -1.747 4.6
    endloop
  endfacet
  facet normal 0.0519161 -0.79206 0.608232
    outer loop
      vertex 8 -1.8655 4.83411
      vertex 8 -1.98501 4.67848
      vertex 8.91173 -1.92525 4.67848
    endloop
  endfacet
  facet normal -0.523355 -0.596769 0.608248
    outer loop
      vertex 3.14536 0.145361 4.83411
      vertex 3.06085 0.0608511 4.67848
      vertex 3.74779 -0.541582 4.67848
    endloop
  endfacet
  facet normal -0.279704 -0.0556337 0.958473
    outer loop
      vertex 2.22951 4.2403 5.26668
      vertex 1.7756 4.18054 5.13075
      vertex 2.37803 3.4936 5.26668
    endloop
  endfacet
  facet normal -0.151862 -0.0748906 0.98556
    outer loop
      vertex 3.73591 3.23376 5.50221
      vertex 3.13773 2.98598 5.39121
      vertex 3.44221 2.36856 5.39121
    endloop
  endfacet
  facet normal -0.0650847 -0.0742145 0.995116
    outer loop
      vertex 6.11526 2.54376 5.67625
      vertex 5.25007 2.25007 5.59776
      vertex 5.63253 1.91466 5.59776
    endloop
  endfacet
  facet normal -0.166073 -0.033033 0.98556
    outer loop
      vertex 3.54185 3.80544 5.50221
      vertex 2.78215 4.31306 5.39121
      vertex 2.91645 3.63787 5.39121
    endloop
  endfacet
  facet normal -0.596769 -0.523347 0.608255
    outer loop
      vertex 2.55324 0.820551 4.83411
      vertex 2.45842 0.747794 4.67848
      vertex 3.14536 0.145361 4.83411
    endloop
  endfacet
  facet normal -0.237126 -0.158444 0.958471
    outer loop
      vertex 2.95948 2.08986 5.26668
      vertex 2.563 1.86095 5.13075
      vertex 3.38246 1.45683 5.26668
    endloop
  endfacet
  facet normal -0.288038 -0.252604 0.923702
    outer loop
      vertex 3.56071 0.560707 5.13075
      vertex 2.74125 0.964819 4.98573
      vertex 3.31294 0.312936 4.98573
    endloop
  endfacet
  facet normal -0.405806 -0.355879 0.841826
    outer loop
      vertex 2.74125 0.964819 4.98573
      vertex 2.55324 0.820551 4.83411
      vertex 3.14536 0.145361 4.83411
    endloop
  endfacet
  facet normal -0.127303 -0.111644 0.985561
    outer loop
      vertex 4.33834 2.19031 5.50221
      vertex 4.27858 1.27858 5.39121
      vertex 4.73641 1.73641 5.50221
    endloop
  endfacet
  facet normal -0.212844 -0.318546 0.923702
    outer loop
      vertex 4.86095 -0.437001 5.13075
      vertex 4.17813 0.0192413 5.13075
      vertex 4.68575 -0.740458 4.98573
    endloop
  endfacet
  facet normal -0.0394346 -0.0590196 0.997478
    outer loop
      vertex 6.63024 3.2149 5.73632
      vertex 6.11526 2.54376 5.67625
      vertex 6.45199 2.31877 5.67625
    endloop
  endfacet
  facet normal 0.0426234 -0.214281 0.975842
    outer loop
      vertex 9.36213 -0.0835495 5.39121
      vertex 8.68694 -0.217854 5.39121
      vertex 9.5064 -0.621965 5.26668
    endloop
  endfacet
  facet normal 0.0650873 -0.0742134 0.995116
    outer loop
      vertex 10.1892 2.81078 5.67625
      vertex 9.88474 2.54376 5.67625
      vertex 10.7499 2.25007 5.59776
    endloop
  endfacet
  facet normal -0.0149095 -0.017002 0.999744
    outer loop
      vertex 7.7213 4.63679 5.79743
      vertex 7.03435 4.03435 5.77694
      vertex 7.16866 3.91657 5.77694
    endloop
  endfacet
  facet normal -0.0548405 -0.0820744 0.995116
    outer loop
      vertex 6.45199 2.31877 5.67625
      vertex 5.63253 1.91466 5.59776
      vertex 6.0555 1.63204 5.59776
    endloop
  endfacet
  facet normal -0.00441175 -0.022179 0.999744
    outer loop
      vertex 7.94024 4.54609 5.79743
      vertex 7.64655 3.6809 5.77694
      vertex 7.82175 3.64605 5.77694
    endloop
  endfacet
  facet normal -0.017002 -0.0149095 0.999744
    outer loop
      vertex 7.63679 4.7213 5.79743
      vertex 6.91657 4.16866 5.77694
      vertex 7.03435 4.03435 5.77694
    endloop
  endfacet
  facet normal 0.00726869 -0.0214134 0.999744
    outer loop
      vertex 8.1752 4.57703 5.79743
      vertex 8.11849 4.55778 5.79743
      vertex 8.5226 3.73832 5.77694
    endloop
  endfacet
  facet normal 0.126125 -0.255781 0.958472
    outer loop
      vertex 11.1391 -0.437001 5.13075
      vertex 10.2273 -0.377244 5.26668
      vertex 10.4025 -0.800216 5.13075
    endloop
  endfacet
  facet normal -0.0420087 -0.12375 0.991424
    outer loop
      vertex 6.51175 1.40704 5.59776
      vertex 6.23376 0.735908 5.50221
      vertex 6.99345 1.24352 5.59776
    endloop
  endfacet
  facet normal 0.0726036 -0.108664 0.991424
    outer loop
      vertex 10.3675 1.91466 5.59776
      vertex 10.3077 1.00293 5.50221
      vertex 10.8097 1.33834 5.50221
    endloop
  endfacet
  facet normal 0.0420087 -0.12375 0.991424
    outer loop
      vertex 9.48825 1.40704 5.59776
      vertex 9.00655 1.24352 5.59776
      vertex 9.76624 0.735908 5.50221
    endloop
  endfacet
  facet normal -0.0916706 -0.270052 0.958472
    outer loop
      vertex 5.77267 -0.377244 5.26668
      vertex 5.59747 -0.800216 5.13075
      vertex 6.37511 -1.06419 5.13075
    endloop
  endfacet
  facet normal -0.0250566 -0.382292 0.923702
    outer loop
      vertex 8 -1.27811 5.13075
      vertex 7.18054 -1.2244 5.13075
      vertex 8 -1.62851 4.98573
    endloop
  endfacet
  facet normal -0.025058 -0.382295 0.923701
    outer loop
      vertex 7.18054 -1.2244 5.13075
      vertex 7.13481 -1.5718 4.98573
      vertex 8 -1.62851 4.98573
    endloop
  endfacet
  facet normal -0.0747409 -0.375755 0.9237
    outer loop
      vertex 7.18054 -1.2244 5.13075
      vertex 6.28442 -1.40265 4.98573
      vertex 7.13481 -1.5718 4.98573
    endloop
  endfacet
  facet normal -0.173492 -0.511101 0.841829
    outer loop
      vertex 6.28442 -1.40265 4.98573
      vertex 5.46338 -1.12395 4.98573
      vertex 6.22308 -1.63156 4.83411
    endloop
  endfacet
  facet normal -0.173499 -0.51111 0.841822
    outer loop
      vertex 5.46338 -1.12395 4.98573
      vertex 5.37269 -1.34289 4.83411
      vertex 6.22308 -1.63156 4.83411
    endloop
  endfacet
  facet normal -0.126136 -0.255776 0.958472
    outer loop
      vertex 5.08986 -0.0405159 5.26668
      vertex 4.86095 -0.437001 5.13075
      vertex 5.77267 -0.377244 5.26668
    endloop
  endfacet
  facet normal -0.0556369 -0.279705 0.958472
    outer loop
      vertex 6.4936 -0.621965 5.26668
      vertex 6.37511 -1.06419 5.13075
      vertex 7.18054 -1.2244 5.13075
    endloop
  endfacet
  facet normal -0.0702268 -0.206885 0.975842
    outer loop
      vertex 6.63787 -0.0835495 5.39121
      vertex 5.98598 0.137734 5.39121
      vertex 6.4936 -0.621965 5.26668
    endloop
  endfacet
  facet normal -0.0142891 -0.218011 0.975842
    outer loop
      vertex 8 -0.262878 5.39121
      vertex 7.2403 -0.770494 5.26668
      vertex 8 -0.820287 5.26668
    endloop
  endfacet
  facet normal -0.0861669 -0.0982541 0.991424
    outer loop
      vertex 5.25007 2.25007 5.59776
      vertex 5.19031 1.33834 5.50221
      vertex 5.63253 1.91466 5.59776
    endloop
  endfacet
  facet normal -0.0748912 -0.151863 0.98556
    outer loop
      vertex 6.23376 0.735908 5.50221
      vertex 5.36856 0.442214 5.39121
      vertex 5.98598 0.137734 5.39121
    endloop
  endfacet
  facet normal -0.0940725 -0.14079 0.98556
    outer loop
      vertex 5.19031 1.33834 5.50221
      vertex 4.79616 0.824678 5.39121
      vertex 5.36856 0.442214 5.39121
    endloop
  endfacet
  facet normal -0.0966317 -0.195948 0.975841
    outer loop
      vertex 5.98598 0.137734 5.39121
      vertex 5.36856 0.442214 5.39121
      vertex 5.77267 -0.377244 5.26668
    endloop
  endfacet
  facet normal 0.284579 0.0186488 0.958471
    outer loop
      vertex 14.2244 5.81946 5.13075
      vertex 13.7705 5.7597 5.26668
      vertex 14.2781 5 5.13075
    endloop
  endfacet
  facet normal 0.270034 0.0916736 0.958477
    outer loop
      vertex 13.8002 7.40253 5.13075
      vertex 13.3772 7.22733 5.26668
      vertex 14.0642 6.62489 5.13075
    endloop
  endfacet
  facet normal 0.538567 -0.0352948 0.841843
    outer loop
      vertex 14.6285 5 4.98573
      vertex 14.5718 4.13481 4.98573
      vertex 14.8655 5 4.83411
    endloop
  endfacet
  facet normal 0.382295 -0.0250536 0.923701
    outer loop
      vertex 14.6285 5 4.98573
      vertex 14.2244 4.18054 5.13075
      vertex 14.5718 4.13481 4.98573
    endloop
  endfacet
  facet normal 0.980775 -0.195144 1.4893e-16
    outer loop
      vertex 14.747 3.19215 4.67848
      vertex 14.9253 4.08827 4.6
      vertex 14.9253 4.08827 4.67848
    endloop
  endfacet
  facet normal 0.980775 -0.195144 1.4893e-16
    outer loop
      vertex 14.9253 4.08827 4.6
      vertex 14.747 3.19215 4.67848
      vertex 14.747 3.19215 4.6
    endloop
  endfacet
  facet normal 0.28802 -0.252593 0.923711
    outer loop
      vertex 13.2588 0.964819 4.98573
      vertex 12.4393 0.560707 5.13075
      vertex 12.6871 0.312936 4.98573
    endloop
  endfacet
  facet normal 0.164252 -0.144043 0.975845
    outer loop
      vertex 12.1753 1.79616 5.39121
      vertex 11.7214 1.27858 5.39121
      vertex 12.1156 0.884436 5.26668
    endloop
  endfacet
  facet normal 0.343627 -0.169453 0.923692
    outer loop
      vertex 13.8002 2.59747 5.13075
      vertex 13.437 1.86095 5.13075
      vertex 14.1239 2.46338 4.98573
    endloop
  endfacet
  facet normal 0.255774 -0.126124 0.958474
    outer loop
      vertex 13.3772 2.77267 5.26668
      vertex 13.0405 2.08986 5.26668
      vertex 13.437 1.86095 5.13075
    endloop
  endfacet
  facet normal 0.405793 -0.355916 0.841817
    outer loop
      vertex 13.2588 0.964819 4.98573
      vertex 12.8546 0.145361 4.83411
      vertex 13.4468 0.820551 4.83411
    endloop
  endfacet
  facet normal 0.484124 -0.238744 0.841799
    outer loop
      vertex 14.3429 2.37269 4.83411
      vertex 13.7405 1.68575 4.98573
      vertex 13.9457 1.56725 4.83411
    endloop
  endfacet
  facet normal 0.151856 -0.0748926 0.985561
    outer loop
      vertex 12.8623 2.98598 5.39121
      vertex 12.2641 3.23376 5.50221
      vertex 12.5578 2.36856 5.39121
    endloop
  endfacet
  facet normal 0.27972 -0.0556363 0.958468
    outer loop
      vertex 14.2244 4.18054 5.13075
      vertex 13.622 3.4936 5.26668
      vertex 14.0642 3.37511 5.13075
    endloop
  endfacet
  facet normal 0.351064 -0.711928 0.608204
    outer loop
      vertex 11.4925 -1.0492 4.67848
      vertex 10.6273 -1.34289 4.83411
      vertex 10.673 -1.45331 4.67848
    endloop
  endfacet
  facet normal 0.105297 -0.529374 0.841828
    outer loop
      vertex 9.71558 -1.40265 4.98573
      vertex 8.86519 -1.5718 4.98573
      vertex 9.77692 -1.63156 4.83411
    endloop
  endfacet
  facet normal 0.442269 -0.896883 0
    outer loop
      vertex 10.673 -1.45331 4.6
      vertex 11.4925 -1.0492 4.67848
      vertex 10.673 -1.45331 4.67848
    endloop
  endfacet
  facet normal 0.442269 -0.896883 0
    outer loop
      vertex 11.4925 -1.0492 4.67848
      vertex 10.673 -1.45331 4.6
      vertex 11.4925 -1.0492 4.6
    endloop
  endfacet
  facet normal 0.405865 -0.355942 0.841771
    outer loop
      vertex 13.2588 0.964819 4.98573
      vertex 12.6871 0.312936 4.98573
      vertex 12.8546 0.145361 4.83411
    endloop
  endfacet
  facet normal 0.355926 -0.405865 0.841778
    outer loop
      vertex 12.6871 0.312936 4.98573
      vertex 12.0352 -0.258751 4.98573
      vertex 12.8546 0.145361 4.83411
    endloop
  endfacet
  facet normal 0.831476 -0.555561 2.61462e-16
    outer loop
      vertex 13.5416 0.747794 4.67848
      vertex 14.0492 1.50749 4.6
      vertex 14.0492 1.50749 4.67848
    endloop
  endfacet
  facet normal 0.831476 -0.555561 2.61462e-16
    outer loop
      vertex 14.0492 1.50749 4.6
      vertex 13.5416 0.747794 4.67848
      vertex 13.5416 0.747794 4.6
    endloop
  endfacet
  facet normal 0.751803 -0.659387 -3.82621e-16
    outer loop
      vertex 12.9391 0.0608511 4.67848
      vertex 13.5416 0.747794 4.6
      vertex 13.5416 0.747794 4.67848
    endloop
  endfacet
  facet normal 0.751803 -0.659387 -3.82621e-16
    outer loop
      vertex 13.5416 0.747794 4.6
      vertex 12.9391 0.0608511 4.67848
      vertex 12.9391 0.0608511 4.6
    endloop
  endfacet
  facet normal -0.946932 -0.321434 -3.67343e-16
    outer loop
      vertex 1.54669 2.32695 4.6
      vertex 1.253 3.19215 4.67848
      vertex 1.253 3.19215 4.6
    endloop
  endfacet
  facet normal -0.946932 -0.321434 -3.67343e-16
    outer loop
      vertex 1.253 3.19215 4.67848
      vertex 1.54669 2.32695 4.6
      vertex 1.54669 2.32695 4.67848
    endloop
  endfacet
  facet normal -0.980785 -0.195091 -4.25432e-17
    outer loop
      vertex 1.253 3.19215 4.6
      vertex 1.07475 4.08827 4.67848
      vertex 1.07475 4.08827 4.6
    endloop
  endfacet
  facet normal -0.980785 -0.195091 -4.25432e-17
    outer loop
      vertex 1.07475 4.08827 4.67848
      vertex 1.253 3.19215 4.6
      vertex 1.253 3.19215 4.67848
    endloop
  endfacet
  facet normal 0.440947 -0.659923 0.608332
    outer loop
      vertex 12.1794 -0.446765 4.83411
      vertex 11.4327 -0.945694 4.83411
      vertex 11.4925 -1.0492 4.67848
    endloop
  endfacet
  facet normal 0.23876 -0.484138 0.841786
    outer loop
      vertex 11.3143 -0.740458 4.98573
      vertex 10.6273 -1.34289 4.83411
      vertex 11.4327 -0.945694 4.83411
    endloop
  endfacet
  facet normal 0.169429 -0.343601 0.923706
    outer loop
      vertex 11.1391 -0.437001 5.13075
      vertex 10.4025 -0.800216 5.13075
      vertex 10.5366 -1.12395 4.98573
    endloop
  endfacet
  facet normal 0.0747409 -0.375755 0.9237
    outer loop
      vertex 9.71558 -1.40265 4.98573
      vertex 8.81946 -1.2244 5.13075
      vertex 8.86519 -1.5718 4.98573
    endloop
  endfacet
  facet normal 0.154854 -0.778503 0.608238
    outer loop
      vertex 9.77692 -1.63156 4.83411
      vertex 8.91173 -1.92525 4.67848
      vertex 9.80785 -1.747 4.67848
    endloop
  endfacet
  facet normal 0.105298 -0.529369 0.841832
    outer loop
      vertex 9.77692 -1.63156 4.83411
      vertex 8.86519 -1.5718 4.98573
      vertex 8.89613 -1.80676 4.83411
    endloop
  endfacet
  facet normal 0.096812 0.0192552 0.995116
    outer loop
      vertex 11.8557 5.50762 5.59776
      vertex 10.9905 5.80131 5.67625
      vertex 11.0695 5.40411 5.67625
    endloop
  endfacet
  facet normal 0.123757 0.0420059 0.991423
    outer loop
      vertex 12.2641 6.76624 5.50221
      vertex 11.593 6.48825 5.59776
      vertex 11.7565 6.00655 5.59776
    endloop
  endfacet
  facet normal 0.130411 0.00855499 0.991423
    outer loop
      vertex 12.6154 5 5.50221
      vertex 11.8557 5.50762 5.59776
      vertex 11.889 5 5.59776
    endloop
  endfacet
  facet normal 0.130408 0.00855056 0.991424
    outer loop
      vertex 12.5759 5.60243 5.50221
      vertex 11.8557 5.50762 5.59776
      vertex 12.6154 5 5.50221
    endloop
  endfacet
  facet normal 0.070834 0.00465489 0.997477
    outer loop
      vertex 11.096 5 5.67625
      vertex 10.2308 5.29369 5.73632
      vertex 10.2501 5 5.73632
    endloop
  endfacet
  facet normal 0.0458772 0.00301485 0.998943
    outer loop
      vertex 10.2308 5.29369 5.73632
      vertex 9.36563 5 5.77694
      vertex 10.2501 5 5.73632
    endloop
  endfacet
  facet normal 0.0382284 -0.0255439 0.998942
    outer loop
      vertex 9.94862 3.87496 5.73632
      vertex 9.18267 4.31718 5.77694
      vertex 9.7851 3.63024 5.73632
    endloop
  endfacet
  facet normal 0.022565 -0.00147639 0.999744
    outer loop
      vertex 8.45782 5 5.79743
      vertex 8.45391 4.94024 5.79743
      vertex 9.36563 5 5.77694
    endloop
  endfacet
  facet normal 0.0696191 0.0138467 0.997478
    outer loop
      vertex 10.9905 5.80131 5.67625
      vertex 10.2308 5.29369 5.73632
      vertex 11.0695 5.40411 5.67625
    endloop
  endfacet
  facet normal 0.0458801 0.00300634 0.998942
    outer loop
      vertex 10.2308 5.29369 5.73632
      vertex 9.35395 5.17825 5.77694
      vertex 9.36563 5 5.77694
    endloop
  endfacet
  facet normal 0.0533673 0.0468025 0.997478
    outer loop
      vertex 10.1892 7.18922 5.67625
      vertex 9.59104 6.59104 5.73632
      vertex 9.7851 6.36976 5.73632
    endloop
  endfacet
  facet normal 0.0742184 0.0650825 0.995116
    outer loop
      vertex 10.7499 7.74993 5.59776
      vertex 10.1892 7.18922 5.67625
      vertex 10.4562 6.88474 5.67625
    endloop
  endfacet
  facet normal 0.0394346 0.0590196 0.997478
    outer loop
      vertex 9.54801 7.68123 5.67625
      vertex 9.36976 6.7851 5.73632
      vertex 9.88474 7.45624 5.67625
    endloop
  endfacet
  facet normal 0.00726869 0.0214134 0.999744
    outer loop
      vertex 8.5226 6.26168 5.77694
      vertex 8.11849 5.44222 5.79743
      vertex 8.1752 5.42297 5.79743
    endloop
  endfacet
  facet normal 0.130408 -0.00855056 0.991424
    outer loop
      vertex 12.6154 5 5.50221
      vertex 11.8557 4.49238 5.59776
      vertex 12.5759 4.39757 5.50221
    endloop
  endfacet
  facet normal 0.128173 -0.0254842 0.991424
    outer loop
      vertex 11.8557 4.49238 5.59776
      vertex 11.7565 3.99345 5.59776
      vertex 12.4582 3.80544 5.50221
    endloop
  endfacet
  facet normal 0.168953 -0.0110678 0.985562
    outer loop
      vertex 13.2629 5 5.39121
      vertex 12.6154 5 5.50221
      vertex 13.2179 4.31306 5.39121
    endloop
  endfacet
  facet normal 0.218027 -0.0142825 0.975838
    outer loop
      vertex 13.2629 5 5.39121
      vertex 13.2179 4.31306 5.39121
      vertex 13.7705 4.2403 5.26668
    endloop
  endfacet
  facet normal -0.014908 0.0170037 0.999744
    outer loop
      vertex 7.7213 5.36321 5.79743
      vertex 7.03435 5.96565 5.77694
      vertex 7.67627 5.32373 5.79743
    endloop
  endfacet
  facet normal 0.0412358 0.0203348 0.998942
    outer loop
      vertex 9.94862 6.12504 5.73632
      vertex 9.18267 5.68282 5.77694
      vertex 9.26168 5.5226 5.77694
    endloop
  endfacet
  facet normal -0.0203348 0.0412358 0.998942
    outer loop
      vertex 7.4774 6.26168 5.77694
      vertex 6.87496 6.94862 5.73632
      vertex 7.31718 6.18267 5.77694
    endloop
  endfacet
  facet normal 0.0214134 0.00726869 0.999744
    outer loop
      vertex 9.26168 5.5226 5.77694
      vertex 8.42297 5.1752 5.79743
      vertex 8.44222 5.11849 5.79743
    endloop
  endfacet
  facet normal -0.00464262 0.0708306 0.997478
    outer loop
      vertex 8 8.09602 5.67625
      vertex 7.70631 7.23083 5.73632
      vertex 8 7.25008 5.73632
    endloop
  endfacet
  facet normal 0.0138479 0.0696183 0.997478
    outer loop
      vertex 8.80131 7.99053 5.67625
      vertex 8.29369 7.23083 5.73632
      vertex 8.58236 7.17341 5.73632
    endloop
  endfacet
  facet normal -0.154915 0.778588 0.608113
    outer loop
      vertex 7.08827 11.9253 4.67848
      vertex 6.19215 11.747 4.67848
      vertex 6.22308 11.6316 4.83411
    endloop
  endfacet
  facet normal -0.321444 0.946929 0
    outer loop
      vertex 6.19215 11.747 4.6
      vertex 5.32695 11.4533 4.67848
      vertex 6.19215 11.747 4.67848
    endloop
  endfacet
  facet normal -0.321444 0.946929 0
    outer loop
      vertex 5.32695 11.4533 4.67848
      vertex 6.19215 11.747 4.6
      vertex 5.32695 11.4533 4.6
    endloop
  endfacet
  facet normal -0.362782 0.123145 0.923702
    outer loop
      vertex 1.87605 7.53662 4.98573
      vertex 1.59735 6.71558 4.98573
      vertex 1.93581 6.62489 5.13075
    endloop
  endfacet
  facet normal -0.511101 0.173492 0.841829
    outer loop
      vertex 1.87605 7.53662 4.98573
      vertex 1.36844 6.77692 4.83411
      vertex 1.59735 6.71558 4.98573
    endloop
  endfacet
  facet normal -0.659966 0.440979 0.608261
    outer loop
      vertex 2.45842 9.25221 4.67848
      vertex 1.9508 8.49251 4.67848
      vertex 2.55324 9.17945 4.83411
    endloop
  endfacet
  facet normal -0.896874 0.442286 3.23767e-16
    outer loop
      vertex 1.54669 7.67305 4.6
      vertex 1.9508 8.49251 4.67848
      vertex 1.9508 8.49251 4.6
    endloop
  endfacet
  facet normal -0.896874 0.442286 3.23767e-16
    outer loop
      vertex 1.9508 8.49251 4.67848
      vertex 1.54669 7.67305 4.6
      vertex 1.54669 7.67305 4.67848
    endloop
  endfacet
  facet normal -0.596765 0.523344 0.608262
    outer loop
      vertex 3.14536 9.85464 4.83411
      vertex 2.45842 9.25221 4.67848
      vertex 2.55324 9.17945 4.83411
    endloop
  endfacet
  facet normal -0.299877 0.448824 0.841802
    outer loop
      vertex 4.56725 10.9457 4.83411
      vertex 3.82055 10.4468 4.83411
      vertex 4.68575 10.7405 4.98573
    endloop
  endfacet
  facet normal -0.0352948 0.538567 0.841843
    outer loop
      vertex 8 11.8655 4.83411
      vertex 7.13481 11.5718 4.98573
      vertex 8 11.6285 4.98573
    endloop
  endfacet
  facet normal -0.173448 0.510971 0.841917
    outer loop
      vertex 6.22308 11.6316 4.83411
      vertex 5.46338 11.1239 4.98573
      vertex 6.28442 11.4026 4.98573
    endloop
  endfacet
  facet normal 0.06534 0.997863 -0
    outer loop
      vertex 8.91173 11.9253 4.6
      vertex 8 11.985 4.67848
      vertex 8.91173 11.9253 4.67848
    endloop
  endfacet
  facet normal 0.06534 0.997863 0
    outer loop
      vertex 8 11.985 4.67848
      vertex 8.91173 11.9253 4.6
      vertex 8 11.985 4.6
    endloop
  endfacet
  facet normal 0.173486 0.511011 0.841885
    outer loop
      vertex 10.6273 11.3429 4.83411
      vertex 9.77692 11.6316 4.83411
      vertex 10.5366 11.1239 4.98573
    endloop
  endfacet
  facet normal 0.44226 0.896887 -0
    outer loop
      vertex 11.4925 11.0492 4.6
      vertex 10.673 11.4533 4.67848
      vertex 11.4925 11.0492 4.67848
    endloop
  endfacet
  facet normal 0.44226 0.896887 0
    outer loop
      vertex 10.673 11.4533 4.67848
      vertex 11.4925 11.0492 4.6
      vertex 10.673 11.4533 4.6
    endloop
  endfacet
  facet normal 0.169389 0.343593 0.923716
    outer loop
      vertex 11.3143 10.7405 4.98573
      vertex 10.5366 11.1239 4.98573
      vertex 11.1391 10.437 5.13075
    endloop
  endfacet
  facet normal 0.123165 0.362831 0.923679
    outer loop
      vertex 9.71558 11.4026 4.98573
      vertex 9.62489 11.0642 5.13075
      vertex 10.5366 11.1239 4.98573
    endloop
  endfacet
  facet normal 0.0747479 0.375807 0.923679
    outer loop
      vertex 9.71558 11.4026 4.98573
      vertex 8.81946 11.2244 5.13075
      vertex 9.62489 11.0642 5.13075
    endloop
  endfacet
  facet normal 0.173452 0.510969 0.841917
    outer loop
      vertex 9.77692 11.6316 4.83411
      vertex 9.71558 11.4026 4.98573
      vertex 10.5366 11.1239 4.98573
    endloop
  endfacet
  facet normal 0.181665 0.121391 0.975839
    outer loop
      vertex 12.6175 8.54317 5.26668
      vertex 12.5578 7.63144 5.39121
      vertex 13.0405 7.91014 5.26668
    endloop
  endfacet
  facet normal 0.140796 0.0940857 0.985558
    outer loop
      vertex 12.1753 8.20384 5.39121
      vertex 11.6617 7.80969 5.50221
      vertex 12.5578 7.63144 5.39121
    endloop
  endfacet
  facet normal 0.711893 0.351068 0.608243
    outer loop
      vertex 14.0492 8.49251 4.67848
      vertex 13.9457 8.43275 4.83411
      vertex 14.3429 7.62731 4.83411
    endloop
  endfacet
  facet normal 0.375807 0.0747479 0.923679
    outer loop
      vertex 14.4026 6.71558 4.98573
      vertex 14.0642 6.62489 5.13075
      vertex 14.2244 5.81946 5.13075
    endloop
  endfacet
  facet normal 0.40586 0.35594 0.841775
    outer loop
      vertex 12.8546 9.85464 4.83411
      vertex 12.6871 9.68706 4.98573
      vertex 13.2588 9.03518 4.98573
    endloop
  endfacet
  facet normal 0.355939 0.405843 0.841783
    outer loop
      vertex 12.8546 9.85464 4.83411
      vertex 12.0352 10.2588 4.98573
      vertex 12.6871 9.68706 4.98573
    endloop
  endfacet
  facet normal 0.237099 0.158409 0.958484
    outer loop
      vertex 12.9808 8.82187 5.13075
      vertex 12.6175 8.54317 5.26668
      vertex 13.437 8.13905 5.13075
    endloop
  endfacet
  facet normal 0.343586 0.169401 0.923716
    outer loop
      vertex 13.7405 8.31425 4.98573
      vertex 13.437 8.13905 5.13075
      vertex 14.1239 7.53662 4.98573
    endloop
  endfacet
  facet normal 0.0940777 0.140795 0.985559
    outer loop
      vertex 11.2038 9.17532 5.39121
      vertex 10.6314 9.55779 5.39121
      vertex 10.8097 8.66166 5.50221
    endloop
  endfacet
  facet normal 0.111647 0.127316 0.985559
    outer loop
      vertex 11.2038 9.17532 5.39121
      vertex 10.8097 8.66166 5.50221
      vertex 11.7214 8.72142 5.39121
    endloop
  endfacet
  facet normal 0.0578013 0.117209 0.991424
    outer loop
      vertex 9.76624 9.26409 5.50221
      vertex 9.48825 8.59296 5.59776
      vertex 10.3077 8.99707 5.50221
    endloop
  endfacet
  facet normal 0.0748936 0.151863 0.98556
    outer loop
      vertex 10.014 9.86227 5.39121
      vertex 9.76624 9.26409 5.50221
      vertex 10.6314 9.55779 5.39121
    endloop
  endfacet
  facet normal 0.144042 0.164249 0.975845
    outer loop
      vertex 11.5432 9.61754 5.26668
      vertex 11.2038 9.17532 5.39121
      vertex 12.1156 9.11556 5.26668
    endloop
  endfacet
  facet normal 0.144042 0.164257 0.975844
    outer loop
      vertex 12.1156 9.11556 5.26668
      vertex 11.2038 9.17532 5.39121
      vertex 11.7214 8.72142 5.39121
    endloop
  endfacet
  facet normal -0.00999952 0.0202823 0.999744
    outer loop
      vertex 7.8248 5.42297 5.79743
      vertex 7.4774 6.26168 5.77694
      vertex 7.77109 5.39649 5.79743
    endloop
  endfacet
  facet normal 0.0142825 0.218027 0.975838
    outer loop
      vertex 8.7597 10.7705 5.26668
      vertex 8 10.2629 5.39121
      vertex 8.68694 10.2179 5.39121
    endloop
  endfacet
  facet normal 0.0313953 0.0636618 0.997478
    outer loop
      vertex 9.1848 7.86035 5.67625
      vertex 8.86107 7.0788 5.73632
      vertex 9.54801 7.68123 5.67625
    endloop
  endfacet
  facet normal 0.0436595 0.0885303 0.995116
    outer loop
      vertex 9.48825 8.59296 5.59776
      vertex 9.1848 7.86035 5.67625
      vertex 9.54801 7.68123 5.67625
    endloop
  endfacet
  facet normal 0.0726019 0.108664 0.991424
    outer loop
      vertex 10.3077 8.99707 5.50221
      vertex 9.9445 8.36796 5.59776
      vertex 10.3675 8.08534 5.59776
    endloop
  endfacet
  facet normal 0.0578015 0.117209 0.991424
    outer loop
      vertex 10.3077 8.99707 5.50221
      vertex 9.48825 8.59296 5.59776
      vertex 9.9445 8.36796 5.59776
    endloop
  endfacet
  facet normal 0.128173 0.0254842 0.991424
    outer loop
      vertex 12.4582 6.19456 5.50221
      vertex 11.7565 6.00655 5.59776
      vertex 11.8557 5.50762 5.59776
    endloop
  endfacet
  facet normal 0.12818 0.0254787 0.991424
    outer loop
      vertex 12.4582 6.19456 5.50221
      vertex 11.8557 5.50762 5.59776
      vertex 12.5759 5.60243 5.50221
    endloop
  endfacet
  facet normal 0.0982465 0.0861686 0.991425
    outer loop
      vertex 11.2636 8.26359 5.50221
      vertex 10.7499 7.74993 5.59776
      vertex 11.6617 7.80969 5.50221
    endloop
  endfacet
  facet normal 0.127303 0.111653 0.98556
    outer loop
      vertex 11.7214 8.72142 5.39121
      vertex 11.2636 8.26359 5.50221
      vertex 11.6617 7.80969 5.50221
    endloop
  endfacet
  facet normal 0.117209 0.0578018 0.991424
    outer loop
      vertex 11.9971 7.30771 5.50221
      vertex 11.368 6.9445 5.59776
      vertex 11.593 6.48825 5.59776
    endloop
  endfacet
  facet normal 0.0885233 0.0436553 0.995117
    outer loop
      vertex 11.368 6.9445 5.59776
      vertex 10.6812 6.54801 5.67625
      vertex 11.593 6.48825 5.59776
    endloop
  endfacet
  facet normal 0.0820745 0.0548414 0.995116
    outer loop
      vertex 11.0853 7.36747 5.59776
      vertex 10.4562 6.88474 5.67625
      vertex 10.6812 6.54801 5.67625
    endloop
  endfacet
  facet normal 0.0742154 0.0650835 0.995116
    outer loop
      vertex 10.7499 7.74993 5.59776
      vertex 10.4562 6.88474 5.67625
      vertex 11.0853 7.36747 5.59776
    endloop
  endfacet
  facet normal 0.946929 0.321444 -1.17103e-16
    outer loop
      vertex 14.747 6.80785 4.67848
      vertex 14.4533 7.67305 4.6
      vertex 14.4533 7.67305 4.67848
    endloop
  endfacet
  facet normal 0.946929 0.321444 -1.17103e-16
    outer loop
      vertex 14.4533 7.67305 4.6
      vertex 14.747 6.80785 4.67848
      vertex 14.747 6.80785 4.6
    endloop
  endfacet
  facet normal 0.751718 0.255178 0.608115
    outer loop
      vertex 14.747 6.80785 4.67848
      vertex 14.4533 7.67305 4.67848
      vertex 14.6316 6.77692 4.83411
    endloop
  endfacet
  facet normal 0.711926 0.351072 0.608203
    outer loop
      vertex 14.4533 7.67305 4.67848
      vertex 14.0492 8.49251 4.67848
      vertex 14.3429 7.62731 4.83411
    endloop
  endfacet
  facet normal 0.896878 0.442277 -7.31487e-17
    outer loop
      vertex 14.4533 7.67305 4.67848
      vertex 14.0492 8.49251 4.6
      vertex 14.0492 8.49251 4.67848
    endloop
  endfacet
  facet normal 0.896878 0.442277 -7.31487e-17
    outer loop
      vertex 14.0492 8.49251 4.6
      vertex 14.4533 7.67305 4.67848
      vertex 14.4533 7.67305 4.6
    endloop
  endfacet
  facet normal 0.751802 0.659389 3.78789e-16
    outer loop
      vertex 13.5416 9.25221 4.67848
      vertex 12.9391 9.93915 4.6
      vertex 12.9391 9.93915 4.67848
    endloop
  endfacet
  facet normal 0.751802 0.659389 3.78789e-16
    outer loop
      vertex 12.9391 9.93915 4.6
      vertex 13.5416 9.25221 4.67848
      vertex 13.5416 9.25221 4.6
    endloop
  endfacet
  facet normal -0.659969 -0.440983 0.608256
    outer loop
      vertex 2.55324 0.820551 4.83411
      vertex 1.9508 1.50749 4.67848
      vertex 2.45842 0.747794 4.67848
    endloop
  endfacet
  facet normal -0.279708 -0.0556374 0.958472
    outer loop
      vertex 2.37803 3.4936 5.26668
      vertex 1.7756 4.18054 5.13075
      vertex 1.93581 3.37511 5.13075
    endloop
  endfacet
  facet normal -0.270048 -0.0916679 0.958473
    outer loop
      vertex 2.62276 2.77267 5.26668
      vertex 1.93581 3.37511 5.13075
      vertex 2.19978 2.59747 5.13075
    endloop
  endfacet
  facet normal -0.529374 -0.105297 0.841828
    outer loop
      vertex 1.4282 4.13481 4.98573
      vertex 1.36844 3.22308 4.83411
      vertex 1.59735 3.28442 4.98573
    endloop
  endfacet
  facet normal -0.792054 -0.0519179 0.60824
    outer loop
      vertex 1.1345 5 4.83411
      vertex 1.07475 4.08827 4.67848
      vertex 1.19324 4.10387 4.83411
    endloop
  endfacet
  facet normal -0.206883 -0.0702253 0.975842
    outer loop
      vertex 2.91645 3.63787 5.39121
      vertex 2.37803 3.4936 5.26668
      vertex 3.13773 2.98598 5.39121
    endloop
  endfacet
  facet normal -0.284573 -0.0186518 0.958473
    outer loop
      vertex 2.22951 4.2403 5.26668
      vertex 1.72189 5 5.13075
      vertex 1.7756 4.18054 5.13075
    endloop
  endfacet
  facet normal -0.098254 -0.0861687 0.991424
    outer loop
      vertex 5.25007 2.25007 5.59776
      vertex 4.33834 2.19031 5.50221
      vertex 4.73641 1.73641 5.50221
    endloop
  endfacet
  facet normal -0.0696183 -0.0138479 0.997478
    outer loop
      vertex 5.76917 4.70631 5.73632
      vertex 5.00947 4.19869 5.67625
      vertex 5.82659 4.41764 5.73632
    endloop
  endfacet
  facet normal -0.0696183 0.0138479 0.997478
    outer loop
      vertex 5.82659 5.58236 5.73632
      vertex 5.00947 5.80131 5.67625
      vertex 5.76917 5.29369 5.73632
    endloop
  endfacet
  facet normal -0.0228166 -0.0672151 0.997478
    outer loop
      vertex 7.41764 2.82659 5.73632
      vertex 7.13893 2.9212 5.73632
      vertex 7.19869 2.00947 5.67625
    endloop
  endfacet
  facet normal 0.0125661 0.0188001 0.999744
    outer loop
      vertex 8.83134 6.08343 5.77694
      vertex 8.22891 5.39649 5.79743
      vertex 8.2787 5.36321 5.79743
    endloop
  endfacet
  facet normal -0.0394362 0.0590193 0.997478
    outer loop
      vertex 6.87496 6.94862 5.73632
      vertex 6.45199 7.68123 5.67625
      vertex 6.63024 6.7851 5.73632
    endloop
  endfacet
  facet normal -0.098254 0.0861687 0.991424
    outer loop
      vertex 4.73641 8.26359 5.50221
      vertex 4.33834 7.80969 5.50221
      vertex 5.25007 7.74993 5.59776
    endloop
  endfacet
  facet normal -0.0544277 0.160338 0.98556
    outer loop
      vertex 6.80544 9.45815 5.50221
      vertex 5.98598 9.86227 5.39121
      vertex 6.23376 9.26409 5.50221
    endloop
  endfacet
  facet normal -0.218011 -0.014291 0.975842
    outer loop
      vertex 2.73712 5 5.39121
      vertex 2.22951 4.2403 5.26668
      vertex 2.78215 4.31306 5.39121
    endloop
  endfacet
  facet normal -0.0984989 -0.00645573 0.995116
    outer loop
      vertex 4.90398 5 5.67625
      vertex 4.11101 5 5.59776
      vertex 4.14428 4.49238 5.59776
    endloop
  endfacet
  facet normal -0.117209 0.0578004 0.991424
    outer loop
      vertex 4.00293 7.30771 5.50221
      vertex 3.73591 6.76624 5.50221
      vertex 4.40704 6.48825 5.59776
    endloop
  endfacet
  facet normal -0.0934713 0.0317302 0.995116
    outer loop
      vertex 4.40704 6.48825 5.59776
      vertex 4.24352 6.00655 5.59776
      vertex 5.00947 5.80131 5.67625
    endloop
  endfacet
  facet normal -0.214413 0.188037 0.958472
    outer loop
      vertex 3.56071 9.43929 5.13075
      vertex 3.01924 8.82187 5.13075
      vertex 3.88444 9.11556 5.26668
    endloop
  endfacet
  facet normal -0.14079 0.0940737 0.98556
    outer loop
      vertex 3.82468 8.20384 5.39121
      vertex 3.44221 7.63144 5.39121
      vertex 4.33834 7.80969 5.50221
    endloop
  endfacet
  facet normal -0.214281 0.042621 0.975842
    outer loop
      vertex 2.37803 6.5064 5.26668
      vertex 2.22951 5.7597 5.26668
      vertex 2.78215 5.68694 5.39121
    endloop
  endfacet
  facet normal -0.284573 0.0186518 0.958473
    outer loop
      vertex 1.7756 5.81946 5.13075
      vertex 1.72189 5 5.13075
      vertex 2.22951 5.7597 5.26668
    endloop
  endfacet
  facet normal -0.0064567 0.0984983 0.995116
    outer loop
      vertex 8 8.09602 5.67625
      vertex 7.49238 8.85572 5.59776
      vertex 7.59589 8.06953 5.67625
    endloop
  endfacet
  facet normal 0.0702559 0.206893 0.975838
    outer loop
      vertex 10.2273 10.3772 5.26668
      vertex 9.5064 10.622 5.26668
      vertex 10.014 9.86227 5.39121
    endloop
  endfacet
  facet normal 0.0142913 0.218015 0.975841
    outer loop
      vertex 8 10.8203 5.26668
      vertex 8 10.2629 5.39121
      vertex 8.7597 10.7705 5.26668
    endloop
  endfacet
  facet normal 0.0426182 0.214297 0.975838
    outer loop
      vertex 8.7597 10.7705 5.26668
      vertex 8.68694 10.2179 5.39121
      vertex 9.5064 10.622 5.26668
    endloop
  endfacet
  facet normal 0.0085483 0.130407 0.991424
    outer loop
      vertex 8.60243 9.57593 5.50221
      vertex 8 9.61542 5.50221
      vertex 8.50762 8.85572 5.59776
    endloop
  endfacet
  facet normal -0.123162 0.362832 0.92368
    outer loop
      vertex 6.28442 11.4026 4.98573
      vertex 5.46338 11.1239 4.98573
      vertex 6.37511 11.0642 5.13075
    endloop
  endfacet
  facet normal -0.980785 0.195091 4.25432e-17
    outer loop
      vertex 1.07475 5.91173 4.6
      vertex 1.253 6.80785 4.67848
      vertex 1.253 6.80785 4.6
    endloop
  endfacet
  facet normal -0.980785 0.195091 4.25432e-17
    outer loop
      vertex 1.253 6.80785 4.67848
      vertex 1.07475 5.91173 4.6
      vertex 1.07475 5.91173 4.67848
    endloop
  endfacet
  facet normal -0.778503 0.154854 0.608238
    outer loop
      vertex 1.253 6.80785 4.67848
      vertex 1.07475 5.91173 4.67848
      vertex 1.36844 6.77692 4.83411
    endloop
  endfacet
  facet normal -0.440977 -0.659969 0.60826
    outer loop
      vertex 4.56725 -0.945694 4.83411
      vertex 3.82055 -0.446765 4.83411
      vertex 4.50749 -1.0492 4.67848
    endloop
  endfacet
  facet normal -0.238731 -0.48409 0.841822
    outer loop
      vertex 5.46338 -1.12395 4.98573
      vertex 4.68575 -0.740458 4.98573
      vertex 5.37269 -1.34289 4.83411
    endloop
  endfacet
  facet normal -0.169446 -0.343599 0.923704
    outer loop
      vertex 5.59747 -0.800216 5.13075
      vertex 4.86095 -0.437001 5.13075
      vertex 5.46338 -1.12395 4.98573
    endloop
  endfacet
  facet normal -0.238719 -0.484079 0.841832
    outer loop
      vertex 4.68575 -0.740458 4.98573
      vertex 4.56725 -0.945694 4.83411
      vertex 5.37269 -1.34289 4.83411
    endloop
  endfacet
  facet normal -0.25514 -0.751632 0.608237
    outer loop
      vertex 6.22308 -1.63156 4.83411
      vertex 5.32695 -1.45331 4.67848
      vertex 6.19215 -1.747 4.67848
    endloop
  endfacet
  facet normal -0.659348 -0.751838 0
    outer loop
      vertex 3.06085 0.0608511 4.6
      vertex 3.74779 -0.541582 4.67848
      vertex 3.06085 0.0608511 4.67848
    endloop
  endfacet
  facet normal -0.659348 -0.751838 -0
    outer loop
      vertex 3.74779 -0.541582 4.67848
      vertex 3.06085 0.0608511 4.6
      vertex 3.74779 -0.541582 4.6
    endloop
  endfacet
  facet normal -0.299863 -0.448776 0.841833
    outer loop
      vertex 4.68575 -0.740458 4.98573
      vertex 3.82055 -0.446765 4.83411
      vertex 4.56725 -0.945694 4.83411
    endloop
  endfacet
  facet normal -0.351059 -0.711883 0.60826
    outer loop
      vertex 4.56725 -0.945694 4.83411
      vertex 4.50749 -1.0492 4.67848
      vertex 5.37269 -1.34289 4.83411
    endloop
  endfacet
  facet normal -0.154854 -0.778502 0.60824
    outer loop
      vertex 7.10387 -1.80676 4.83411
      vertex 6.22308 -1.63156 4.83411
      vertex 7.08827 -1.92525 4.67848
    endloop
  endfacet
  facet normal -0.25578 -0.126135 0.958471
    outer loop
      vertex 2.62276 2.77267 5.26668
      vertex 2.563 1.86095 5.13075
      vertex 2.95948 2.08986 5.26668
    endloop
  endfacet
  facet normal -0.255772 -0.126136 0.958473
    outer loop
      vertex 2.62276 2.77267 5.26668
      vertex 2.19978 2.59747 5.13075
      vertex 2.563 1.86095 5.13075
    endloop
  endfacet
  facet normal -0.181659 -0.121382 0.975841
    outer loop
      vertex 3.44221 2.36856 5.39121
      vertex 2.95948 2.08986 5.26668
      vertex 3.38246 1.45683 5.26668
    endloop
  endfacet
  facet normal -0.237124 -0.158439 0.958472
    outer loop
      vertex 3.38246 1.45683 5.26668
      vertex 2.563 1.86095 5.13075
      vertex 3.01924 1.17813 5.13075
    endloop
  endfacet
  facet normal -0.123751 -0.0420081 0.991424
    outer loop
      vertex 4.24352 3.99345 5.59776
      vertex 3.54185 3.80544 5.50221
      vertex 3.73591 3.23376 5.50221
    endloop
  endfacet
  facet normal -0.128176 -0.0254953 0.991424
    outer loop
      vertex 4.14428 4.49238 5.59776
      vertex 3.42407 4.39757 5.50221
      vertex 3.54185 3.80544 5.50221
    endloop
  endfacet
  facet normal -0.343599 -0.169446 0.923703
    outer loop
      vertex 2.563 1.86095 5.13075
      vertex 1.87605 2.46338 4.98573
      vertex 2.25954 1.68575 4.98573
    endloop
  endfacet
  facet normal -0.343601 -0.169449 0.923702
    outer loop
      vertex 2.19978 2.59747 5.13075
      vertex 1.87605 2.46338 4.98573
      vertex 2.563 1.86095 5.13075
    endloop
  endfacet
  facet normal -0.448782 -0.299868 0.841828
    outer loop
      vertex 2.25954 1.68575 4.98573
      vertex 2.05431 1.56725 4.83411
      vertex 2.55324 0.820551 4.83411
    endloop
  endfacet
  facet normal -0.484085 -0.238725 0.841826
    outer loop
      vertex 2.25954 1.68575 4.98573
      vertex 1.65711 2.37269 4.83411
      vertex 2.05431 1.56725 4.83411
    endloop
  endfacet
  facet normal -0.318547 -0.212846 0.923702
    outer loop
      vertex 3.01924 1.17813 5.13075
      vertex 2.25954 1.68575 4.98573
      vertex 2.74125 0.964819 4.98573
    endloop
  endfacet
  facet normal -0.448786 -0.299868 0.841826
    outer loop
      vertex 2.74125 0.964819 4.98573
      vertex 2.25954 1.68575 4.98573
      vertex 2.55324 0.820551 4.83411
    endloop
  endfacet
  facet normal -0.140789 -0.0940717 0.98556
    outer loop
      vertex 4.00293 2.69229 5.50221
      vertex 3.44221 2.36856 5.39121
      vertex 4.33834 2.19031 5.50221
    endloop
  endfacet
  facet normal -0.108661 -0.0726044 0.991424
    outer loop
      vertex 4.91466 2.63253 5.59776
      vertex 4.00293 2.69229 5.50221
      vertex 4.33834 2.19031 5.50221
    endloop
  endfacet
  facet normal 0.0940718 -0.140795 0.985559
    outer loop
      vertex 10.8097 1.33834 5.50221
      vertex 10.3077 1.00293 5.50221
      vertex 10.6314 0.442214 5.39121
    endloop
  endfacet
  facet normal 0.108652 -0.0725964 0.991425
    outer loop
      vertex 11.9971 2.69229 5.50221
      vertex 11.0853 2.63253 5.59776
      vertex 11.6617 2.19031 5.50221
    endloop
  endfacet
  facet normal 0.0742184 -0.0650825 0.995116
    outer loop
      vertex 10.4562 3.11526 5.67625
      vertex 10.1892 2.81078 5.67625
      vertex 10.7499 2.25007 5.59776
    endloop
  endfacet
  facet normal 0.0345682 -0.0303138 0.998942
    outer loop
      vertex 9.08343 4.16866 5.77694
      vertex 8.96565 4.03435 5.77694
      vertex 9.7851 3.63024 5.73632
    endloop
  endfacet
  facet normal -0.00300624 -0.0458786 0.998943
    outer loop
      vertex 7.82175 3.64605 5.77694
      vertex 7.70631 2.76917 5.73632
      vertex 8 3.63437 5.77694
    endloop
  endfacet
  facet normal 0.0382284 -0.0255439 0.998942
    outer loop
      vertex 9.18267 4.31718 5.77694
      vertex 9.08343 4.16866 5.77694
      vertex 9.7851 3.63024 5.73632
    endloop
  endfacet
  facet normal 0.0303138 -0.0345682 0.998942
    outer loop
      vertex 8.96565 4.03435 5.77694
      vertex 8.83134 3.91657 5.77694
      vertex 9.36976 3.2149 5.73632
    endloop
  endfacet
  facet normal -0.0125661 -0.0188001 0.999744
    outer loop
      vertex 7.7213 4.63679 5.79743
      vertex 7.16866 3.91657 5.77694
      vertex 7.77109 4.60351 5.79743
    endloop
  endfacet
  facet normal -0.0255439 -0.0382284 0.998942
    outer loop
      vertex 7.16866 3.91657 5.77694
      vertex 6.63024 3.2149 5.73632
      vertex 7.31718 3.81733 5.77694
    endloop
  endfacet
  facet normal -0.0345682 -0.0303138 0.998942
    outer loop
      vertex 6.91657 4.16866 5.77694
      vertex 6.2149 3.63024 5.73632
      vertex 7.03435 4.03435 5.77694
    endloop
  endfacet
  facet normal 0.0188001 0.0125661 0.999744
    outer loop
      vertex 9.08343 5.83134 5.77694
      vertex 8.36321 5.2787 5.79743
      vertex 8.39649 5.22891 5.79743
    endloop
  endfacet
  facet normal 0.0214132 -0.00726898 0.999744
    outer loop
      vertex 9.3191 4.64655 5.77694
      vertex 8.44222 4.88151 5.79743
      vertex 9.26168 4.4774 5.77694
    endloop
  endfacet
  facet normal -0.0188023 -0.0125636 0.999744
    outer loop
      vertex 7.60351 4.77109 5.79743
      vertex 6.81733 4.31718 5.77694
      vertex 6.91657 4.16866 5.77694
    endloop
  endfacet
  facet normal 0.0412351 -0.0203356 0.998943
    outer loop
      vertex 10.0788 4.13893 5.73632
      vertex 9.26168 4.4774 5.77694
      vertex 9.94862 3.87496 5.73632
    endloop
  endfacet
  facet normal -0.022179 -0.00441175 0.999744
    outer loop
      vertex 7.54609 4.94024 5.79743
      vertex 6.64605 4.82175 5.77694
      vertex 6.6809 4.64655 5.77694
    endloop
  endfacet
  facet normal -0.0450935 -0.00896979 0.998943
    outer loop
      vertex 6.64605 4.82175 5.77694
      vertex 5.76917 4.70631 5.73632
      vertex 6.6809 4.64655 5.77694
    endloop
  endfacet
  facet normal 0.0556369 -0.279705 0.958472
    outer loop
      vertex 9.5064 -0.621965 5.26668
      vertex 8.81946 -1.2244 5.13075
      vertex 9.62489 -1.06419 5.13075
    endloop
  endfacet
  facet normal 0.0186519 -0.284575 0.958472
    outer loop
      vertex 8 -0.820287 5.26668
      vertex 8 -1.27811 5.13075
      vertex 8.7597 -0.770494 5.26668
    endloop
  endfacet
  facet normal 0.126127 -0.255755 0.958479
    outer loop
      vertex 10.9101 -0.0405159 5.26668
      vertex 10.2273 -0.377244 5.26668
      vertex 11.1391 -0.437001 5.13075
    endloop
  endfacet
  facet normal 0.0966332 -0.195948 0.975841
    outer loop
      vertex 10.6314 0.442214 5.39121
      vertex 10.2273 -0.377244 5.26668
      vertex 10.9101 -0.0405159 5.26668
    endloop
  endfacet
  facet normal 0.111647 -0.127315 0.985559
    outer loop
      vertex 11.7214 1.27858 5.39121
      vertex 10.8097 1.33834 5.50221
      vertex 11.2038 0.824678 5.39121
    endloop
  endfacet
  facet normal 0.111648 -0.127307 0.98556
    outer loop
      vertex 11.2636 1.73641 5.50221
      vertex 10.8097 1.33834 5.50221
      vertex 11.7214 1.27858 5.39121
    endloop
  endfacet
  facet normal 0.0548377 -0.0820761 0.995116
    outer loop
      vertex 10.3675 1.91466 5.59776
      vertex 9.54801 2.31877 5.67625
      vertex 9.9445 1.63204 5.59776
    endloop
  endfacet
  facet normal -0.00464262 -0.0708306 0.997478
    outer loop
      vertex 8 2.74992 5.73632
      vertex 7.70631 2.76917 5.73632
      vertex 8 1.90398 5.67625
    endloop
  endfacet
  facet normal -0.0654054 -0.997859 0
    outer loop
      vertex 7.08827 -1.92525 4.6
      vertex 8 -1.98501 4.67848
      vertex 7.08827 -1.92525 4.67848
    endloop
  endfacet
  facet normal -0.0654054 -0.997859 -0
    outer loop
      vertex 8 -1.98501 4.67848
      vertex 7.08827 -1.92525 4.6
      vertex 8 -1.98501 4.6
    endloop
  endfacet
  facet normal -0.0353035 -0.538586 0.841831
    outer loop
      vertex 7.13481 -1.5718 4.98573
      vertex 7.10387 -1.80676 4.83411
      vertex 8 -1.8655 4.83411
    endloop
  endfacet
  facet normal -0.123146 -0.362776 0.923704
    outer loop
      vertex 5.59747 -0.800216 5.13075
      vertex 5.46338 -1.12395 4.98573
      vertex 6.37511 -1.06419 5.13075
    endloop
  endfacet
  facet normal -0.123145 -0.362782 0.923702
    outer loop
      vertex 6.37511 -1.06419 5.13075
      vertex 5.46338 -1.12395 4.98573
      vertex 6.28442 -1.40265 4.98573
    endloop
  endfacet
  facet normal 0.0544292 -0.160341 0.98556
    outer loop
      vertex 10.014 0.137734 5.39121
      vertex 9.19456 0.541846 5.50221
      vertex 9.36213 -0.0835495 5.39121
    endloop
  endfacet
  facet normal 0.0426235 -0.214281 0.975842
    outer loop
      vertex 9.5064 -0.621965 5.26668
      vertex 8.68694 -0.217854 5.39121
      vertex 8.7597 -0.770494 5.26668
    endloop
  endfacet
  facet normal -0.0142891 -0.218012 0.975842
    outer loop
      vertex 7.31306 -0.217854 5.39121
      vertex 7.2403 -0.770494 5.26668
      vertex 8 -0.262878 5.39121
    endloop
  endfacet
  facet normal 0.0110744 -0.168964 0.98556
    outer loop
      vertex 8 0.38458 5.50221
      vertex 8 -0.262878 5.39121
      vertex 8.68694 -0.217854 5.39121
    endloop
  endfacet
  facet normal -0.0330334 -0.166073 0.98556
    outer loop
      vertex 7.39757 0.424066 5.50221
      vertex 6.80544 0.541846 5.50221
      vertex 7.31306 -0.217854 5.39121
    endloop
  endfacet
  facet normal -0.0110744 -0.168964 0.98556
    outer loop
      vertex 8 0.38458 5.50221
      vertex 7.31306 -0.217854 5.39121
      vertex 8 -0.262878 5.39121
    endloop
  endfacet
  facet normal -0.0820757 -0.0548398 0.995116
    outer loop
      vertex 5.31877 3.45199 5.67625
      vertex 4.91466 2.63253 5.59776
      vertex 5.54376 3.11526 5.67625
    endloop
  endfacet
  facet normal -0.0742151 -0.0650845 0.995116
    outer loop
      vertex 5.54376 3.11526 5.67625
      vertex 5.25007 2.25007 5.59776
      vertex 5.81078 2.81078 5.67625
    endloop
  endfacet
  facet normal -0.0544287 -0.160339 0.98556
    outer loop
      vertex 6.23376 0.735908 5.50221
      vertex 5.98598 0.137734 5.39121
      vertex 6.80544 0.541846 5.50221
    endloop
  endfacet
  facet normal -0.0748908 -0.151864 0.98556
    outer loop
      vertex 5.69229 1.00293 5.50221
      vertex 5.36856 0.442214 5.39121
      vertex 6.23376 0.735908 5.50221
    endloop
  endfacet
  facet normal -0.0544277 -0.160341 0.98556
    outer loop
      vertex 6.80544 0.541846 5.50221
      vertex 5.98598 0.137734 5.39121
      vertex 6.63787 -0.0835495 5.39121
    endloop
  endfacet
  facet normal -0.0702275 -0.206885 0.975841
    outer loop
      vertex 5.98598 0.137734 5.39121
      vertex 5.77267 -0.377244 5.26668
      vertex 6.4936 -0.621965 5.26668
    endloop
  endfacet
  facet normal 0.206903 0.0702563 0.975836
    outer loop
      vertex 13.3772 7.22733 5.26668
      vertex 12.8623 7.01402 5.39121
      vertex 13.622 6.5064 5.26668
    endloop
  endfacet
  facet normal 0.270056 0.0917007 0.958468
    outer loop
      vertex 14.0642 6.62489 5.13075
      vertex 13.3772 7.22733 5.26668
      vertex 13.622 6.5064 5.26668
    endloop
  endfacet
  facet normal 0.214243 0.0426462 0.975849
    outer loop
      vertex 13.622 6.5064 5.26668
      vertex 13.0835 6.36213 5.39121
      vertex 13.2179 5.68694 5.39121
    endloop
  endfacet
  facet normal 0.206863 0.070193 0.975849
    outer loop
      vertex 13.622 6.5064 5.26668
      vertex 12.8623 7.01402 5.39121
      vertex 13.0835 6.36213 5.39121
    endloop
  endfacet
  facet normal 0.218027 0.0142825 0.975838
    outer loop
      vertex 13.7705 5.7597 5.26668
      vertex 13.2179 5.68694 5.39121
      vertex 13.2629 5 5.39121
    endloop
  endfacet
  facet normal 0.218015 0.0142913 0.975841
    outer loop
      vertex 13.7705 5.7597 5.26668
      vertex 13.2629 5 5.39121
      vertex 13.8203 5 5.26668
    endloop
  endfacet
  facet normal 0.362832 0.123162 0.92368
    outer loop
      vertex 14.1239 7.53662 4.98573
      vertex 14.0642 6.62489 5.13075
      vertex 14.4026 6.71558 4.98573
    endloop
  endfacet
  facet normal 0.3628 0.123167 0.923692
    outer loop
      vertex 14.1239 7.53662 4.98573
      vertex 13.8002 7.40253 5.13075
      vertex 14.0642 6.62489 5.13075
    endloop
  endfacet
  facet normal 0.529227 -0.105299 0.841921
    outer loop
      vertex 14.5718 4.13481 4.98573
      vertex 14.4026 3.28442 4.98573
      vertex 14.6316 3.22308 4.83411
    endloop
  endfacet
  facet normal 0.375751 -0.0747623 0.9237
    outer loop
      vertex 14.5718 4.13481 4.98573
      vertex 14.2244 4.18054 5.13075
      vertex 14.4026 3.28442 4.98573
    endloop
  endfacet
  facet normal 0.538524 -0.0352754 0.841871
    outer loop
      vertex 14.8655 5 4.83411
      vertex 14.5718 4.13481 4.98573
      vertex 14.8068 4.10387 4.83411
    endloop
  endfacet
  facet normal 0.529307 -0.105286 0.841872
    outer loop
      vertex 14.8068 4.10387 4.83411
      vertex 14.5718 4.13481 4.98573
      vertex 14.6316 3.22308 4.83411
    endloop
  endfacet
  facet normal 0.4488 -0.299872 0.841817
    outer loop
      vertex 13.7405 1.68575 4.98573
      vertex 13.2588 0.964819 4.98573
      vertex 13.4468 0.820551 4.83411
    endloop
  endfacet
  facet normal 0.214418 -0.188051 0.958468
    outer loop
      vertex 12.9808 1.17813 5.13075
      vertex 12.1156 0.884436 5.26668
      vertex 12.4393 0.560707 5.13075
    endloop
  endfacet
  facet normal 0.12137 -0.181666 0.975842
    outer loop
      vertex 11.5432 0.382456 5.26668
      vertex 10.6314 0.442214 5.39121
      vertex 10.9101 -0.0405159 5.26668
    endloop
  endfacet
  facet normal 0.237115 -0.158444 0.958474
    outer loop
      vertex 13.0405 2.08986 5.26668
      vertex 12.6175 1.45683 5.26668
      vertex 13.437 1.86095 5.13075
    endloop
  endfacet
  facet normal 0.140796 -0.0940857 0.985558
    outer loop
      vertex 12.5578 2.36856 5.39121
      vertex 11.6617 2.19031 5.50221
      vertex 12.1753 1.79616 5.39121
    endloop
  endfacet
  facet normal 0.127316 -0.111652 0.985558
    outer loop
      vertex 12.1753 1.79616 5.39121
      vertex 11.6617 2.19031 5.50221
      vertex 11.7214 1.27858 5.39121
    endloop
  endfacet
  facet normal 0.214297 -0.0426182 0.975838
    outer loop
      vertex 13.7705 4.2403 5.26668
      vertex 13.2179 4.31306 5.39121
      vertex 13.622 3.4936 5.26668
    endloop
  endfacet
  facet normal 0.279711 -0.0556275 0.958471
    outer loop
      vertex 13.7705 4.2403 5.26668
      vertex 13.622 3.4936 5.26668
      vertex 14.2244 4.18054 5.13075
    endloop
  endfacet
  facet normal 0.19597 -0.0966485 0.975836
    outer loop
      vertex 12.8623 2.98598 5.39121
      vertex 12.5578 2.36856 5.39121
      vertex 13.3772 2.77267 5.26668
    endloop
  endfacet
  facet normal 0.164276 -0.144044 0.97584
    outer loop
      vertex 12.1753 1.79616 5.39121
      vertex 12.1156 0.884436 5.26668
      vertex 12.6175 1.45683 5.26668
    endloop
  endfacet
  facet normal -0.751632 -0.25514 0.608237
    outer loop
      vertex 1.36844 3.22308 4.83411
      vertex 1.253 3.19215 4.67848
      vertex 1.54669 2.32695 4.67848
    endloop
  endfacet
  facet normal -0.778503 -0.154854 0.608238
    outer loop
      vertex 1.36844 3.22308 4.83411
      vertex 1.07475 4.08827 4.67848
      vertex 1.253 3.19215 4.67848
    endloop
  endfacet
  facet normal 0.23871 -0.484091 0.841827
    outer loop
      vertex 11.3143 -0.740458 4.98573
      vertex 10.5366 -1.12395 4.98573
      vertex 10.6273 -1.34289 4.83411
    endloop
  endfacet
  facet normal 0.169436 -0.343607 0.923702
    outer loop
      vertex 11.1391 -0.437001 5.13075
      vertex 10.5366 -1.12395 4.98573
      vertex 11.3143 -0.740458 4.98573
    endloop
  endfacet
  facet normal -0.0519179 -0.792054 0.60824
    outer loop
      vertex 7.10387 -1.80676 4.83411
      vertex 7.08827 -1.92525 4.67848
      vertex 8 -1.8655 4.83411
    endloop
  endfacet
  facet normal 0.154854 -0.778502 0.60824
    outer loop
      vertex 9.77692 -1.63156 4.83411
      vertex 8.89613 -1.80676 4.83411
      vertex 8.91173 -1.92525 4.67848
    endloop
  endfacet
  facet normal 0.0435377 0.0147776 0.998942
    outer loop
      vertex 10.0788 5.86107 5.73632
      vertex 9.3191 5.35345 5.77694
      vertex 10.1734 5.58236 5.73632
    endloop
  endfacet
  facet normal 0.0636664 0.0313941 0.997477
    outer loop
      vertex 10.6812 6.54801 5.67625
      vertex 10.0788 5.86107 5.73632
      vertex 10.8603 6.1848 5.67625
    endloop
  endfacet
  facet normal 0.0214132 0.00726898 0.999744
    outer loop
      vertex 9.26168 5.5226 5.77694
      vertex 8.44222 5.11849 5.79743
      vertex 9.3191 5.35345 5.77694
    endloop
  endfacet
  facet normal 0.0221781 0.00441447 0.999744
    outer loop
      vertex 9.3191 5.35345 5.77694
      vertex 8.44222 5.11849 5.79743
      vertex 8.45391 5.05976 5.79743
    endloop
  endfacet
  facet normal 0.022179 -0.00441175 0.999744
    outer loop
      vertex 9.35395 4.82175 5.77694
      vertex 8.45391 4.94024 5.79743
      vertex 9.3191 4.64655 5.77694
    endloop
  endfacet
  facet normal 0.0696211 -0.0138437 0.997477
    outer loop
      vertex 10.2308 4.70631 5.73632
      vertex 10.1734 4.41764 5.73632
      vertex 10.9905 4.19869 5.67625
    endloop
  endfacet
  facet normal 0.0468031 0.0533656 0.997478
    outer loop
      vertex 9.88474 7.45624 5.67625
      vertex 9.36976 6.7851 5.73632
      vertex 10.1892 7.18922 5.67625
    endloop
  endfacet
  facet normal 0.0650873 0.0742134 0.995116
    outer loop
      vertex 10.7499 7.74993 5.59776
      vertex 9.88474 7.45624 5.67625
      vertex 10.1892 7.18922 5.67625
    endloop
  endfacet
  facet normal 0.0394362 0.0590193 0.997478
    outer loop
      vertex 9.54801 7.68123 5.67625
      vertex 9.12504 6.94862 5.73632
      vertex 9.36976 6.7851 5.73632
    endloop
  endfacet
  facet normal 0.0313955 0.0636616 0.997478
    outer loop
      vertex 9.54801 7.68123 5.67625
      vertex 8.86107 7.0788 5.73632
      vertex 9.12504 6.94862 5.73632
    endloop
  endfacet
  facet normal 0.206903 -0.0702563 0.975836
    outer loop
      vertex 13.622 3.4936 5.26668
      vertex 12.8623 2.98598 5.39121
      vertex 13.3772 2.77267 5.26668
    endloop
  endfacet
  facet normal 0.160368 -0.0544163 0.985556
    outer loop
      vertex 13.0835 3.63787 5.39121
      vertex 12.4582 3.80544 5.50221
      vertex 12.8623 2.98598 5.39121
    endloop
  endfacet
  facet normal 0.12818 -0.0254787 0.991424
    outer loop
      vertex 12.5759 4.39757 5.50221
      vertex 11.8557 4.49238 5.59776
      vertex 12.4582 3.80544 5.50221
    endloop
  endfacet
  facet normal 0.166056 -0.0330076 0.985564
    outer loop
      vertex 12.5759 4.39757 5.50221
      vertex 12.4582 3.80544 5.50221
      vertex 13.2179 4.31306 5.39121
    endloop
  endfacet
  facet normal -0.0450935 0.00896979 0.998943
    outer loop
      vertex 6.6809 5.35345 5.77694
      vertex 5.76917 5.29369 5.73632
      vertex 6.64605 5.17825 5.77694
    endloop
  endfacet
  facet normal -0.0214134 -0.00726869 0.999744
    outer loop
      vertex 7.55778 4.88151 5.79743
      vertex 6.73832 4.4774 5.77694
      vertex 7.57703 4.8248 5.79743
    endloop
  endfacet
  facet normal 0.0303153 0.0345675 0.998942
    outer loop
      vertex 9.36976 6.7851 5.73632
      vertex 8.96565 5.96565 5.77694
      vertex 9.59104 6.59104 5.73632
    endloop
  endfacet
  facet normal 0.0345675 0.0303153 0.998942
    outer loop
      vertex 9.59104 6.59104 5.73632
      vertex 8.96565 5.96565 5.77694
      vertex 9.7851 6.36976 5.73632
    endloop
  endfacet
  facet normal 0.0255439 0.0382284 0.998942
    outer loop
      vertex 9.36976 6.7851 5.73632
      vertex 8.68282 6.18267 5.77694
      vertex 8.83134 6.08343 5.77694
    endloop
  endfacet
  facet normal 0.0125636 0.0188023 0.999744
    outer loop
      vertex 8.68282 6.18267 5.77694
      vertex 8.22891 5.39649 5.79743
      vertex 8.83134 6.08343 5.77694
    endloop
  endfacet
  facet normal -0.0125636 -0.0188023 0.999744
    outer loop
      vertex 7.77109 4.60351 5.79743
      vertex 7.16866 3.91657 5.77694
      vertex 7.31718 3.81733 5.77694
    endloop
  endfacet
  facet normal -0.025052 0.382292 0.923702
    outer loop
      vertex 8 11.6285 4.98573
      vertex 7.18054 11.2244 5.13075
      vertex 8 11.2781 5.13075
    endloop
  endfacet
  facet normal -0.105286 0.529307 0.841872
    outer loop
      vertex 7.10387 11.8068 4.83411
      vertex 6.22308 11.6316 4.83411
      vertex 7.13481 11.5718 4.98573
    endloop
  endfacet
  facet normal -0.343599 0.169446 0.923703
    outer loop
      vertex 2.25954 8.31425 4.98573
      vertex 1.87605 7.53662 4.98573
      vertex 2.563 8.13905 5.13075
    endloop
  endfacet
  facet normal -0.343601 0.169449 0.923702
    outer loop
      vertex 2.563 8.13905 5.13075
      vertex 1.87605 7.53662 4.98573
      vertex 2.19978 7.40253 5.13075
    endloop
  endfacet
  facet normal -0.440966 0.65999 0.608245
    outer loop
      vertex 4.50749 11.0492 4.67848
      vertex 3.82055 10.4468 4.83411
      vertex 4.56725 10.9457 4.83411
    endloop
  endfacet
  facet normal -0.523363 0.596762 0.608249
    outer loop
      vertex 3.74779 10.5416 4.67848
      vertex 3.06085 9.93915 4.67848
      vertex 3.14536 9.85464 4.83411
    endloop
  endfacet
  facet normal -0.44099 0.660009 0.608207
    outer loop
      vertex 4.50749 11.0492 4.67848
      vertex 3.74779 10.5416 4.67848
      vertex 3.82055 10.4468 4.83411
    endloop
  endfacet
  facet normal -0.238744 0.484124 0.841799
    outer loop
      vertex 5.37269 11.3429 4.83411
      vertex 4.56725 10.9457 4.83411
      vertex 4.68575 10.7405 4.98573
    endloop
  endfacet
  facet normal 0.0250536 0.382295 0.923701
    outer loop
      vertex 8.86519 11.5718 4.98573
      vertex 8 11.6285 4.98573
      vertex 8.81946 11.2244 5.13075
    endloop
  endfacet
  facet normal 0.154915 0.778588 0.608113
    outer loop
      vertex 9.80785 11.747 4.67848
      vertex 8.91173 11.9253 4.67848
      vertex 9.77692 11.6316 4.83411
    endloop
  endfacet
  facet normal 0.351077 0.711971 0.608146
    outer loop
      vertex 10.673 11.4533 4.67848
      vertex 10.6273 11.3429 4.83411
      vertex 11.4925 11.0492 4.67848
    endloop
  endfacet
  facet normal 0.255191 0.751679 0.608158
    outer loop
      vertex 10.673 11.4533 4.67848
      vertex 9.77692 11.6316 4.83411
      vertex 10.6273 11.3429 4.83411
    endloop
  endfacet
  facet normal 0.158442 0.237122 0.958472
    outer loop
      vertex 11.8219 9.98076 5.13075
      vertex 11.1391 10.437 5.13075
      vertex 11.5432 9.61754 5.26668
    endloop
  endfacet
  facet normal 0.212829 0.318516 0.923716
    outer loop
      vertex 11.3143 10.7405 4.98573
      vertex 11.1391 10.437 5.13075
      vertex 11.8219 9.98076 5.13075
    endloop
  endfacet
  facet normal 0.0747623 0.375751 0.9237
    outer loop
      vertex 8.86519 11.5718 4.98573
      vertex 8.81946 11.2244 5.13075
      vertex 9.71558 11.4026 4.98573
    endloop
  endfacet
  facet normal 0.105299 0.529227 0.841921
    outer loop
      vertex 9.77692 11.6316 4.83411
      vertex 8.86519 11.5718 4.98573
      vertex 9.71558 11.4026 4.98573
    endloop
  endfacet
  facet normal 0.164276 0.144045 0.97584
    outer loop
      vertex 12.6175 8.54317 5.26668
      vertex 12.1156 9.11556 5.26668
      vertex 12.1753 8.20384 5.39121
    endloop
  endfacet
  facet normal 0.164253 0.144044 0.975844
    outer loop
      vertex 12.1156 9.11556 5.26668
      vertex 11.7214 8.72142 5.39121
      vertex 12.1753 8.20384 5.39121
    endloop
  endfacet
  facet normal 0.529307 0.105286 0.841872
    outer loop
      vertex 14.6316 6.77692 4.83411
      vertex 14.5718 5.86519 4.98573
      vertex 14.8068 5.89613 4.83411
    endloop
  endfacet
  facet normal 0.778478 0.154849 0.608271
    outer loop
      vertex 14.9253 5.91173 4.67848
      vertex 14.6316 6.77692 4.83411
      vertex 14.8068 5.89613 4.83411
    endloop
  endfacet
  facet normal 0.255774 0.126124 0.958474
    outer loop
      vertex 13.437 8.13905 5.13075
      vertex 13.0405 7.91014 5.26668
      vertex 13.3772 7.22733 5.26668
    endloop
  endfacet
  facet normal 0.255765 0.126125 0.958476
    outer loop
      vertex 13.437 8.13905 5.13075
      vertex 13.3772 7.22733 5.26668
      vertex 13.8002 7.40253 5.13075
    endloop
  endfacet
  facet normal 0.0544207 0.160354 0.985558
    outer loop
      vertex 9.36213 10.0835 5.39121
      vertex 9.19456 9.45815 5.50221
      vertex 10.014 9.86227 5.39121
    endloop
  endfacet
  facet normal -0.0548405 0.0820744 0.995116
    outer loop
      vertex 6.0555 8.36796 5.59776
      vertex 5.63253 8.08534 5.59776
      vertex 6.45199 7.68123 5.67625
    endloop
  endfacet
  facet normal 0.0192554 0.0968132 0.995116
    outer loop
      vertex 8.50762 8.85572 5.59776
      vertex 8.40411 8.06953 5.67625
      vertex 8.80131 7.99053 5.67625
    endloop
  endfacet
  facet normal 0.0192568 0.0968136 0.995116
    outer loop
      vertex 9.00655 8.75648 5.59776
      vertex 8.50762 8.85572 5.59776
      vertex 8.80131 7.99053 5.67625
    endloop
  endfacet
  facet normal 0.0533705 0.0468009 0.997477
    outer loop
      vertex 10.1892 7.18922 5.67625
      vertex 9.7851 6.36976 5.73632
      vertex 10.4562 6.88474 5.67625
    endloop
  endfacet
  facet normal 0.059021 0.0394373 0.997477
    outer loop
      vertex 10.4562 6.88474 5.67625
      vertex 9.7851 6.36976 5.73632
      vertex 10.6812 6.54801 5.67625
    endloop
  endfacet
  facet normal -0.270053 -0.0916732 0.958471
    outer loop
      vertex 2.37803 3.4936 5.26668
      vertex 1.93581 3.37511 5.13075
      vertex 2.62276 2.77267 5.26668
    endloop
  endfacet
  facet normal -0.195951 -0.0966329 0.975841
    outer loop
      vertex 3.13773 2.98598 5.39121
      vertex 2.62276 2.77267 5.26668
      vertex 3.44221 2.36856 5.39121
    endloop
  endfacet
  facet normal -0.21428 -0.0426218 0.975842
    outer loop
      vertex 2.78215 4.31306 5.39121
      vertex 2.37803 3.4936 5.26668
      vertex 2.91645 3.63787 5.39121
    endloop
  endfacet
  facet normal -0.214281 -0.042621 0.975842
    outer loop
      vertex 2.78215 4.31306 5.39121
      vertex 2.22951 4.2403 5.26668
      vertex 2.37803 3.4936 5.26668
    endloop
  endfacet
  facet normal -0.382295 -0.025058 0.923701
    outer loop
      vertex 1.7756 4.18054 5.13075
      vertex 1.37149 5 4.98573
      vertex 1.4282 4.13481 4.98573
    endloop
  endfacet
  facet normal -0.538583 -0.0353021 0.841833
    outer loop
      vertex 1.37149 5 4.98573
      vertex 1.1345 5 4.83411
      vertex 1.4282 4.13481 4.98573
    endloop
  endfacet
  facet normal -0.12375 -0.0420088 0.991424
    outer loop
      vertex 4.24352 3.99345 5.59776
      vertex 3.73591 3.23376 5.50221
      vertex 4.40704 3.51175 5.59776
    endloop
  endfacet
  facet normal -0.0934716 -0.03173 0.995116
    outer loop
      vertex 5.00947 4.19869 5.67625
      vertex 4.40704 3.51175 5.59776
      vertex 5.13965 3.8152 5.67625
    endloop
  endfacet
  facet normal -0.0382284 -0.0255439 0.998942
    outer loop
      vertex 6.81733 4.31718 5.77694
      vertex 6.05138 3.87496 5.73632
      vertex 6.2149 3.63024 5.73632
    endloop
  endfacet
  facet normal -0.0885303 -0.0436595 0.995116
    outer loop
      vertex 5.13965 3.8152 5.67625
      vertex 4.40704 3.51175 5.59776
      vertex 5.31877 3.45199 5.67625
    endloop
  endfacet
  facet normal -0.0435368 -0.0147791 0.998943
    outer loop
      vertex 6.6809 4.64655 5.77694
      vertex 5.9212 4.13893 5.73632
      vertex 6.73832 4.4774 5.77694
    endloop
  endfacet
  facet normal -0.0672151 -0.0228166 0.997478
    outer loop
      vertex 5.82659 4.41764 5.73632
      vertex 5.00947 4.19869 5.67625
      vertex 5.9212 4.13893 5.73632
    endloop
  endfacet
  facet normal -0.0468017 0.0533663 0.997478
    outer loop
      vertex 6.63024 6.7851 5.73632
      vertex 5.81078 7.18922 5.67625
      vertex 6.40896 6.59104 5.73632
    endloop
  endfacet
  facet normal -0.0590196 0.0394346 0.997478
    outer loop
      vertex 5.54376 6.88474 5.67625
      vertex 5.31877 6.54801 5.67625
      vertex 6.2149 6.36976 5.73632
    endloop
  endfacet
  facet normal -0.022179 0.00441175 0.999744
    outer loop
      vertex 6.6809 5.35345 5.77694
      vertex 6.64605 5.17825 5.77694
      vertex 7.54609 5.05976 5.79743
    endloop
  endfacet
  facet normal -0.0225652 0.0014786 0.999744
    outer loop
      vertex 6.64605 5.17825 5.77694
      vertex 6.63437 5 5.77694
      vertex 7.54609 5.05976 5.79743
    endloop
  endfacet
  facet normal -0.0968136 0.0192568 0.995116
    outer loop
      vertex 4.24352 6.00655 5.59776
      vertex 4.14428 5.50762 5.59776
      vertex 5.00947 5.80131 5.67625
    endloop
  endfacet
  facet normal -0.0708306 -0.00464262 0.997478
    outer loop
      vertex 5.74992 5 5.73632
      vertex 4.90398 5 5.67625
      vertex 5.76917 4.70631 5.73632
    endloop
  endfacet
  facet normal -0.00464306 0.0708308 0.997478
    outer loop
      vertex 8 8.09602 5.67625
      vertex 7.59589 8.06953 5.67625
      vertex 7.70631 7.23083 5.73632
    endloop
  endfacet
  facet normal 0.00464306 0.0708308 0.997478
    outer loop
      vertex 8.40411 8.06953 5.67625
      vertex 8 8.09602 5.67625
      vertex 8.29369 7.23083 5.73632
    endloop
  endfacet
  facet normal -0.0214132 -0.00726898 0.999744
    outer loop
      vertex 7.55778 4.88151 5.79743
      vertex 6.6809 4.64655 5.77694
      vertex 6.73832 4.4774 5.77694
    endloop
  endfacet
  facet normal -0.0450935 0.00896964 0.998943
    outer loop
      vertex 5.82659 5.58236 5.73632
      vertex 5.76917 5.29369 5.73632
      vertex 6.6809 5.35345 5.77694
    endloop
  endfacet
  facet normal -0.0147791 0.0435368 0.998943
    outer loop
      vertex 7.64655 6.3191 5.77694
      vertex 7.13893 7.0788 5.73632
      vertex 7.4774 6.26168 5.77694
    endloop
  endfacet
  facet normal -0.0650847 0.0742145 0.995116
    outer loop
      vertex 5.63253 8.08534 5.59776
      vertex 5.25007 7.74993 5.59776
      vertex 6.11526 7.45624 5.67625
    endloop
  endfacet
  facet normal -0.0748906 0.151862 0.98556
    outer loop
      vertex 5.98598 9.86227 5.39121
      vertex 5.36856 9.55779 5.39121
      vertex 6.23376 9.26409 5.50221
    endloop
  endfacet
  facet normal -0.484085 0.238725 0.841826
    outer loop
      vertex 2.05431 8.43275 4.83411
      vertex 1.65711 7.62731 4.83411
      vertex 2.25954 8.31425 4.98573
    endloop
  endfacet
  facet normal -0.166073 0.0330334 0.98556
    outer loop
      vertex 3.54185 6.19456 5.50221
      vertex 2.78215 5.68694 5.39121
      vertex 3.42407 5.60243 5.50221
    endloop
  endfacet
  facet normal -0.168964 -0.0110758 0.98556
    outer loop
      vertex 3.38458 5 5.50221
      vertex 2.78215 4.31306 5.39121
      vertex 3.42407 4.39757 5.50221
    endloop
  endfacet
  facet normal -0.166073 0.033033 0.98556
    outer loop
      vertex 2.91645 6.36213 5.39121
      vertex 2.78215 5.68694 5.39121
      vertex 3.54185 6.19456 5.50221
    endloop
  endfacet
  facet normal -0.128176 0.0254953 0.991424
    outer loop
      vertex 3.54185 6.19456 5.50221
      vertex 3.42407 5.60243 5.50221
      vertex 4.14428 5.50762 5.59776
    endloop
  endfacet
  facet normal -0.0548398 0.0820757 0.995116
    outer loop
      vertex 6.45199 7.68123 5.67625
      vertex 5.63253 8.08534 5.59776
      vertex 6.11526 7.45624 5.67625
    endloop
  endfacet
  facet normal -0.108661 0.0726044 0.991424
    outer loop
      vertex 4.33834 7.80969 5.50221
      vertex 4.00293 7.30771 5.50221
      vertex 4.91466 7.36747 5.59776
    endloop
  endfacet
  facet normal -0.270048 0.0916679 0.958473
    outer loop
      vertex 2.19978 7.40253 5.13075
      vertex 1.93581 6.62489 5.13075
      vertex 2.62276 7.22733 5.26668
    endloop
  endfacet
  facet normal -0.25578 0.126135 0.958471
    outer loop
      vertex 2.95948 7.91014 5.26668
      vertex 2.563 8.13905 5.13075
      vertex 2.62276 7.22733 5.26668
    endloop
  endfacet
  facet normal -0.206883 0.0702253 0.975842
    outer loop
      vertex 3.13773 7.01402 5.39121
      vertex 2.37803 6.5064 5.26668
      vertex 2.91645 6.36213 5.39121
    endloop
  endfacet
  facet normal -0.16034 0.0544266 0.98556
    outer loop
      vertex 3.13773 7.01402 5.39121
      vertex 2.91645 6.36213 5.39121
      vertex 3.54185 6.19456 5.50221
    endloop
  endfacet
  facet normal -0.40579 0.355872 0.841837
    outer loop
      vertex 3.14536 9.85464 4.83411
      vertex 2.74125 9.03518 4.98573
      vertex 3.31294 9.68706 4.98573
    endloop
  endfacet
  facet normal -0.318547 0.212846 0.923701
    outer loop
      vertex 2.74125 9.03518 4.98573
      vertex 2.25954 8.31425 4.98573
      vertex 3.01924 8.82187 5.13075
    endloop
  endfacet
  facet normal 0.0556363 0.27972 0.958468
    outer loop
      vertex 9.62489 11.0642 5.13075
      vertex 8.81946 11.2244 5.13075
      vertex 9.5064 10.622 5.26668
    endloop
  endfacet
  facet normal 0.0917042 0.270055 0.958468
    outer loop
      vertex 9.62489 11.0642 5.13075
      vertex 9.5064 10.622 5.26668
      vertex 10.2273 10.3772 5.26668
    endloop
  endfacet
  facet normal -0.00854693 0.130406 0.991424
    outer loop
      vertex 8 9.61542 5.50221
      vertex 7.49238 8.85572 5.59776
      vertex 8 8.88899 5.59776
    endloop
  endfacet
  facet normal -0.0110681 0.168959 0.985561
    outer loop
      vertex 8 10.2629 5.39121
      vertex 7.31306 10.2179 5.39121
      vertex 8 9.61542 5.50221
    endloop
  endfacet
  facet normal 0.0556275 0.279711 0.958471
    outer loop
      vertex 8.81946 11.2244 5.13075
      vertex 8.7597 10.7705 5.26668
      vertex 9.5064 10.622 5.26668
    endloop
  endfacet
  facet normal 0.0186488 0.284579 0.958471
    outer loop
      vertex 8.81946 11.2244 5.13075
      vertex 8 11.2781 5.13075
      vertex 8.7597 10.7705 5.26668
    endloop
  endfacet
  facet normal -0.0556363 0.27972 0.958468
    outer loop
      vertex 7.18054 11.2244 5.13075
      vertex 6.37511 11.0642 5.13075
      vertex 6.4936 10.622 5.26668
    endloop
  endfacet
  facet normal -0.0747479 0.375807 0.923679
    outer loop
      vertex 7.18054 11.2244 5.13075
      vertex 6.28442 11.4026 4.98573
      vertex 6.37511 11.0642 5.13075
    endloop
  endfacet
  facet normal -0.0966287 0.195958 0.97584
    outer loop
      vertex 5.77267 10.3772 5.26668
      vertex 5.08986 10.0405 5.26668
      vertex 5.36856 9.55779 5.39121
    endloop
  endfacet
  facet normal -0.07489 0.151864 0.98556
    outer loop
      vertex 6.23376 9.26409 5.50221
      vertex 5.36856 9.55779 5.39121
      vertex 5.69229 8.99707 5.50221
    endloop
  endfacet
  facet normal -0.523351 -0.596767 0.608254
    outer loop
      vertex 3.82055 -0.446765 4.83411
      vertex 3.14536 0.145361 4.83411
      vertex 3.74779 -0.541582 4.67848
    endloop
  endfacet
  facet normal -0.355877 -0.4058 0.84183
    outer loop
      vertex 3.96482 -0.258751 4.98573
      vertex 3.14536 0.145361 4.83411
      vertex 3.82055 -0.446765 4.83411
    endloop
  endfacet
  facet normal -0.169448 -0.343601 0.923702
    outer loop
      vertex 4.86095 -0.437001 5.13075
      vertex 4.68575 -0.740458 4.98573
      vertex 5.46338 -1.12395 4.98573
    endloop
  endfacet
  facet normal -0.15844 -0.237125 0.958472
    outer loop
      vertex 5.08986 -0.0405159 5.26668
      vertex 4.45683 0.382456 5.26668
      vertex 4.86095 -0.437001 5.13075
    endloop
  endfacet
  facet normal -0.442286 -0.896874 0
    outer loop
      vertex 4.50749 -1.0492 4.6
      vertex 5.32695 -1.45331 4.67848
      vertex 4.50749 -1.0492 4.67848
    endloop
  endfacet
  facet normal -0.442286 -0.896874 -0
    outer loop
      vertex 5.32695 -1.45331 4.67848
      vertex 4.50749 -1.0492 4.6
      vertex 5.32695 -1.45331 4.6
    endloop
  endfacet
  facet normal 0.0519179 -0.792054 0.60824
    outer loop
      vertex 8.89613 -1.80676 4.83411
      vertex 8 -1.8655 4.83411
      vertex 8.91173 -1.92525 4.67848
    endloop
  endfacet
  facet normal -0.144055 -0.164264 0.975841
    outer loop
      vertex 4.27858 1.27858 5.39121
      vertex 3.88444 0.884436 5.26668
      vertex 4.79616 0.824678 5.39121
    endloop
  endfacet
  facet normal -0.12138 -0.18166 0.975841
    outer loop
      vertex 5.36856 0.442214 5.39121
      vertex 4.45683 0.382456 5.26668
      vertex 5.08986 -0.0405159 5.26668
    endloop
  endfacet
  facet normal -0.127307 -0.111644 0.98556
    outer loop
      vertex 4.33834 2.19031 5.50221
      vertex 3.82468 1.79616 5.39121
      vertex 4.27858 1.27858 5.39121
    endloop
  endfacet
  facet normal -0.14079 -0.0940737 0.98556
    outer loop
      vertex 4.33834 2.19031 5.50221
      vertex 3.44221 2.36856 5.39121
      vertex 3.82468 1.79616 5.39121
    endloop
  endfacet
  facet normal -0.117209 -0.0578004 0.991424
    outer loop
      vertex 4.40704 3.51175 5.59776
      vertex 3.73591 3.23376 5.50221
      vertex 4.00293 2.69229 5.50221
    endloop
  endfacet
  facet normal -0.151864 -0.07489 0.98556
    outer loop
      vertex 3.73591 3.23376 5.50221
      vertex 3.44221 2.36856 5.39121
      vertex 4.00293 2.69229 5.50221
    endloop
  endfacet
  facet normal 0.0742154 -0.0650835 0.995116
    outer loop
      vertex 11.0853 2.63253 5.59776
      vertex 10.4562 3.11526 5.67625
      vertex 10.7499 2.25007 5.59776
    endloop
  endfacet
  facet normal 0.0820745 -0.0548414 0.995116
    outer loop
      vertex 10.6812 3.45199 5.67625
      vertex 10.4562 3.11526 5.67625
      vertex 11.0853 2.63253 5.59776
    endloop
  endfacet
  facet normal 0.0203348 -0.0412358 0.998942
    outer loop
      vertex 8.68282 3.81733 5.77694
      vertex 8.5226 3.73832 5.77694
      vertex 9.12504 3.05138 5.73632
    endloop
  endfacet
  facet normal 0.00464306 -0.0708308 0.997478
    outer loop
      vertex 8.29369 2.76917 5.73632
      vertex 8 1.90398 5.67625
      vertex 8.40411 1.93047 5.67625
    endloop
  endfacet
  facet normal 0.0636664 -0.0313941 0.997477
    outer loop
      vertex 10.8603 3.8152 5.67625
      vertex 10.0788 4.13893 5.73632
      vertex 10.6812 3.45199 5.67625
    endloop
  endfacet
  facet normal 0.0672176 -0.0228213 0.997477
    outer loop
      vertex 10.9905 4.19869 5.67625
      vertex 10.0788 4.13893 5.73632
      vertex 10.8603 3.8152 5.67625
    endloop
  endfacet
  facet normal 0.017002 0.0149095 0.999744
    outer loop
      vertex 8.96565 5.96565 5.77694
      vertex 8.36321 5.2787 5.79743
      vertex 9.08343 5.83134 5.77694
    endloop
  endfacet
  facet normal -0.00896979 -0.0450935 0.998943
    outer loop
      vertex 7.82175 3.64605 5.77694
      vertex 7.64655 3.6809 5.77694
      vertex 7.70631 2.76917 5.73632
    endloop
  endfacet
  facet normal 0.0014786 -0.0225652 0.999744
    outer loop
      vertex 8.05976 4.54609 5.79743
      vertex 8 3.63437 5.77694
      vertex 8.17825 3.64605 5.77694
    endloop
  endfacet
  facet normal 0.0225652 -0.0014786 0.999744
    outer loop
      vertex 9.36563 5 5.77694
      vertex 8.45391 4.94024 5.79743
      vertex 9.35395 4.82175 5.77694
    endloop
  endfacet
  facet normal 0.0221781 -0.00441447 0.999744
    outer loop
      vertex 8.45391 4.94024 5.79743
      vertex 8.44222 4.88151 5.79743
      vertex 9.3191 4.64655 5.77694
    endloop
  endfacet
  facet normal 0.0255439 -0.0382284 0.998942
    outer loop
      vertex 9.36976 3.2149 5.73632
      vertex 8.68282 3.81733 5.77694
      vertex 9.12504 3.05138 5.73632
    endloop
  endfacet
  facet normal 0.0228166 -0.0672151 0.997478
    outer loop
      vertex 8.86107 2.9212 5.73632
      vertex 8.58236 2.82659 5.73632
      vertex 8.80131 2.00947 5.67625
    endloop
  endfacet
  facet normal -0.0394362 -0.0590193 0.997478
    outer loop
      vertex 6.63024 3.2149 5.73632
      vertex 6.45199 2.31877 5.67625
      vertex 6.87496 3.05138 5.73632
    endloop
  endfacet
  facet normal 0.00441447 0.0221781 0.999744
    outer loop
      vertex 8.35345 6.3191 5.77694
      vertex 8.05976 5.45391 5.79743
      vertex 8.11849 5.44222 5.79743
    endloop
  endfacet
  facet normal -0.0303138 -0.0345682 0.998942
    outer loop
      vertex 7.03435 4.03435 5.77694
      vertex 6.63024 3.2149 5.73632
      vertex 7.16866 3.91657 5.77694
    endloop
  endfacet
  facet normal -0.0533663 -0.0468017 0.997478
    outer loop
      vertex 6.2149 3.63024 5.73632
      vertex 5.81078 2.81078 5.67625
      vertex 6.40896 3.40896 5.73632
    endloop
  endfacet
  facet normal -0.0412351 -0.0203356 0.998943
    outer loop
      vertex 6.73832 4.4774 5.77694
      vertex 5.9212 4.13893 5.73632
      vertex 6.05138 3.87496 5.73632
    endloop
  endfacet
  facet normal -0.0412358 -0.0203348 0.998942
    outer loop
      vertex 6.73832 4.4774 5.77694
      vertex 6.05138 3.87496 5.73632
      vertex 6.81733 4.31718 5.77694
    endloop
  endfacet
  facet normal 0.0188023 -0.0125636 0.999744
    outer loop
      vertex 9.18267 4.31718 5.77694
      vertex 8.39649 4.77109 5.79743
      vertex 9.08343 4.16866 5.77694
    endloop
  endfacet
  facet normal 0.0100015 0.0202816 0.999744
    outer loop
      vertex 8.5226 6.26168 5.77694
      vertex 8.22891 5.39649 5.79743
      vertex 8.68282 6.18267 5.77694
    endloop
  endfacet
  facet normal 0.0250566 -0.382292 0.923702
    outer loop
      vertex 8 -1.27811 5.13075
      vertex 8 -1.62851 4.98573
      vertex 8.81946 -1.2244 5.13075
    endloop
  endfacet
  facet normal 0.018652 -0.284575 0.958472
    outer loop
      vertex 8.7597 -0.770494 5.26668
      vertex 8 -1.27811 5.13075
      vertex 8.81946 -1.2244 5.13075
    endloop
  endfacet
  facet normal 0.0142891 -0.218012 0.975842
    outer loop
      vertex 8.68694 -0.217854 5.39121
      vertex 8 -0.262878 5.39121
      vertex 8.7597 -0.770494 5.26668
    endloop
  endfacet
  facet normal 0.0142891 -0.218011 0.975842
    outer loop
      vertex 8 -0.262878 5.39121
      vertex 8 -0.820287 5.26668
      vertex 8.7597 -0.770494 5.26668
    endloop
  endfacet
  facet normal 0.0702305 -0.206885 0.975841
    outer loop
      vertex 10.014 0.137734 5.39121
      vertex 9.5064 -0.621965 5.26668
      vertex 10.2273 -0.377244 5.26668
    endloop
  endfacet
  facet normal 0.096635 -0.195949 0.975841
    outer loop
      vertex 10.6314 0.442214 5.39121
      vertex 10.014 0.137734 5.39121
      vertex 10.2273 -0.377244 5.26668
    endloop
  endfacet
  facet normal 0.0726019 -0.108664 0.991424
    outer loop
      vertex 10.3675 1.91466 5.59776
      vertex 9.9445 1.63204 5.59776
      vertex 10.3077 1.00293 5.50221
    endloop
  endfacet
  facet normal 0.0861766 -0.0982497 0.991424
    outer loop
      vertex 10.7499 2.25007 5.59776
      vertex 10.3675 1.91466 5.59776
      vertex 10.8097 1.33834 5.50221
    endloop
  endfacet
  facet normal 0.0064567 -0.0984983 0.995116
    outer loop
      vertex 8.40411 1.93047 5.67625
      vertex 8 1.90398 5.67625
      vertex 8.50762 1.14428 5.59776
    endloop
  endfacet
  facet normal 0.0192554 -0.0968132 0.995116
    outer loop
      vertex 8.80131 2.00947 5.67625
      vertex 8.40411 1.93047 5.67625
      vertex 8.50762 1.14428 5.59776
    endloop
  endfacet
  facet normal -0.154854 -0.778503 0.608238
    outer loop
      vertex 6.22308 -1.63156 4.83411
      vertex 6.19215 -1.747 4.67848
      vertex 7.08827 -1.92525 4.67848
    endloop
  endfacet
  facet normal -0.195091 -0.980785 0
    outer loop
      vertex 6.19215 -1.747 4.6
      vertex 7.08827 -1.92525 4.67848
      vertex 6.19215 -1.747 4.67848
    endloop
  endfacet
  facet normal -0.195091 -0.980785 -0
    outer loop
      vertex 7.08827 -1.92525 4.67848
      vertex 6.19215 -1.747 4.6
      vertex 7.08827 -1.92525 4.6
    endloop
  endfacet
  facet normal -0.0313955 -0.0636616 0.997478
    outer loop
      vertex 6.87496 3.05138 5.73632
      vertex 6.45199 2.31877 5.67625
      vertex 7.13893 2.9212 5.73632
    endloop
  endfacet
  facet normal -0.0742145 -0.0650847 0.995116
    outer loop
      vertex 5.54376 3.11526 5.67625
      vertex 4.91466 2.63253 5.59776
      vertex 5.25007 2.25007 5.59776
    endloop
  endfacet
  facet normal -0.0726044 -0.108661 0.991424
    outer loop
      vertex 5.63253 1.91466 5.59776
      vertex 5.19031 1.33834 5.50221
      vertex 5.69229 1.00293 5.50221
    endloop
  endfacet
  facet normal -0.072605 -0.108661 0.991424
    outer loop
      vertex 6.0555 1.63204 5.59776
      vertex 5.63253 1.91466 5.59776
      vertex 5.69229 1.00293 5.50221
    endloop
  endfacet
  facet normal -0.0426234 -0.214281 0.975842
    outer loop
      vertex 6.63787 -0.0835495 5.39121
      vertex 6.4936 -0.621965 5.26668
      vertex 7.31306 -0.217854 5.39121
    endloop
  endfacet
  facet normal -0.0330343 -0.166073 0.98556
    outer loop
      vertex 6.80544 0.541846 5.50221
      vertex 6.63787 -0.0835495 5.39121
      vertex 7.31306 -0.217854 5.39121
    endloop
  endfacet
  facet normal 0.711893 -0.351068 0.608243
    outer loop
      vertex 14.3429 2.37269 4.83411
      vertex 13.9457 1.56725 4.83411
      vertex 14.0492 1.50749 4.67848
    endloop
  endfacet
  facet normal 0.511017 -0.173486 0.841882
    outer loop
      vertex 14.6316 3.22308 4.83411
      vertex 14.1239 2.46338 4.98573
      vertex 14.3429 2.37269 4.83411
    endloop
  endfacet
  facet normal 0.997863 0.06534 -4.44073e-17
    outer loop
      vertex 14.985 5 4.67848
      vertex 14.9253 5.91173 4.6
      vertex 14.9253 5.91173 4.67848
    endloop
  endfacet
  facet normal 0.997863 0.06534 -4.44073e-17
    outer loop
      vertex 14.9253 5.91173 4.6
      vertex 14.985 5 4.67848
      vertex 14.985 5 4.6
    endloop
  endfacet
  facet normal 0.946929 -0.321444 1.17103e-16
    outer loop
      vertex 14.4533 2.32695 4.67848
      vertex 14.747 3.19215 4.6
      vertex 14.747 3.19215 4.67848
    endloop
  endfacet
  facet normal 0.946929 -0.321444 1.17103e-16
    outer loop
      vertex 14.747 3.19215 4.6
      vertex 14.4533 2.32695 4.67848
      vertex 14.4533 2.32695 4.6
    endloop
  endfacet
  facet normal 0.252613 -0.288039 0.923699
    outer loop
      vertex 12.4393 0.560707 5.13075
      vertex 11.8219 0.0192413 5.13075
      vertex 12.0352 -0.258751 4.98573
    endloop
  endfacet
  facet normal 0.188037 -0.214416 0.958472
    outer loop
      vertex 12.1156 0.884436 5.26668
      vertex 11.5432 0.382456 5.26668
      vertex 11.8219 0.0192413 5.13075
    endloop
  endfacet
  facet normal 0.188048 -0.214419 0.958469
    outer loop
      vertex 12.1156 0.884436 5.26668
      vertex 11.8219 0.0192413 5.13075
      vertex 12.4393 0.560707 5.13075
    endloop
  endfacet
  facet normal 0.144042 -0.164248 0.975845
    outer loop
      vertex 12.1156 0.884436 5.26668
      vertex 11.2038 0.824678 5.39121
      vertex 11.5432 0.382456 5.26668
    endloop
  endfacet
  facet normal 0.0982473 -0.0861584 0.991425
    outer loop
      vertex 11.0853 2.63253 5.59776
      vertex 10.7499 2.25007 5.59776
      vertex 11.6617 2.19031 5.50221
    endloop
  endfacet
  facet normal 0.0982465 -0.0861686 0.991425
    outer loop
      vertex 11.6617 2.19031 5.50221
      vertex 10.7499 2.25007 5.59776
      vertex 11.2636 1.73641 5.50221
    endloop
  endfacet
  facet normal 0.181659 -0.121392 0.97584
    outer loop
      vertex 12.5578 2.36856 5.39121
      vertex 12.1753 1.79616 5.39121
      vertex 12.6175 1.45683 5.26668
    endloop
  endfacet
  facet normal 0.288027 -0.252609 0.923704
    outer loop
      vertex 12.9808 1.17813 5.13075
      vertex 12.4393 0.560707 5.13075
      vertex 13.2588 0.964819 4.98573
    endloop
  endfacet
  facet normal 0.270034 -0.0916736 0.958477
    outer loop
      vertex 14.0642 3.37511 5.13075
      vertex 13.3772 2.77267 5.26668
      vertex 13.8002 2.59747 5.13075
    endloop
  endfacet
  facet normal 0.255765 -0.126125 0.958476
    outer loop
      vertex 13.8002 2.59747 5.13075
      vertex 13.3772 2.77267 5.26668
      vertex 13.437 1.86095 5.13075
    endloop
  endfacet
  facet normal 0.299912 -0.448851 0.841775
    outer loop
      vertex 12.1794 -0.446765 4.83411
      vertex 11.3143 -0.740458 4.98573
      vertex 11.4327 -0.945694 4.83411
    endloop
  endfacet
  facet normal 0.299907 -0.448826 0.84179
    outer loop
      vertex 12.0352 -0.258751 4.98573
      vertex 11.3143 -0.740458 4.98573
      vertex 12.1794 -0.446765 4.83411
    endloop
  endfacet
  facet normal 0.173496 -0.5111 0.841829
    outer loop
      vertex 10.5366 -1.12395 4.98573
      vertex 9.71558 -1.40265 4.98573
      vertex 9.77692 -1.63156 4.83411
    endloop
  endfacet
  facet normal 0.0916728 -0.27005 0.958472
    outer loop
      vertex 10.2273 -0.377244 5.26668
      vertex 9.5064 -0.621965 5.26668
      vertex 9.62489 -1.06419 5.13075
    endloop
  endfacet
  facet normal 0.195091 -0.980785 0
    outer loop
      vertex 8.91173 -1.92525 4.6
      vertex 9.80785 -1.747 4.67848
      vertex 8.91173 -1.92525 4.67848
    endloop
  endfacet
  facet normal 0.195091 -0.980785 0
    outer loop
      vertex 9.80785 -1.747 4.67848
      vertex 8.91173 -1.92525 4.6
      vertex 9.80785 -1.747 4.6
    endloop
  endfacet
  facet normal 0.0353035 -0.538586 0.841831
    outer loop
      vertex 8.86519 -1.5718 4.98573
      vertex 8 -1.8655 4.83411
      vertex 8.89613 -1.80676 4.83411
    endloop
  endfacet
  facet normal 0.0353021 -0.538583 0.841833
    outer loop
      vertex 8 -1.62851 4.98573
      vertex 8 -1.8655 4.83411
      vertex 8.86519 -1.5718 4.98573
    endloop
  endfacet
  facet normal 0.0412351 0.0203356 0.998943
    outer loop
      vertex 9.94862 6.12504 5.73632
      vertex 9.26168 5.5226 5.77694
      vertex 10.0788 5.86107 5.73632
    endloop
  endfacet
  facet normal 0.0636636 0.0313965 0.997477
    outer loop
      vertex 10.6812 6.54801 5.67625
      vertex 9.94862 6.12504 5.73632
      vertex 10.0788 5.86107 5.73632
    endloop
  endfacet
  facet normal 0.0934598 0.0317309 0.995117
    outer loop
      vertex 11.593 6.48825 5.59776
      vertex 10.8603 6.1848 5.67625
      vertex 10.9905 5.80131 5.67625
    endloop
  endfacet
  facet normal 0.0885231 0.043651 0.995117
    outer loop
      vertex 11.593 6.48825 5.59776
      vertex 10.6812 6.54801 5.67625
      vertex 10.8603 6.1848 5.67625
    endloop
  endfacet
  facet normal 0.045095 0.00897009 0.998942
    outer loop
      vertex 10.2308 5.29369 5.73632
      vertex 9.3191 5.35345 5.77694
      vertex 9.35395 5.17825 5.77694
    endloop
  endfacet
  facet normal 0.022179 0.00441175 0.999744
    outer loop
      vertex 9.3191 5.35345 5.77694
      vertex 8.45391 5.05976 5.79743
      vertex 9.35395 5.17825 5.77694
    endloop
  endfacet
  facet normal 0.0450948 0.00896678 0.998942
    outer loop
      vertex 10.1734 5.58236 5.73632
      vertex 9.3191 5.35345 5.77694
      vertex 10.2308 5.29369 5.73632
    endloop
  endfacet
  facet normal 0.0696211 0.0138437 0.997477
    outer loop
      vertex 10.9905 5.80131 5.67625
      vertex 10.1734 5.58236 5.73632
      vertex 10.2308 5.29369 5.73632
    endloop
  endfacet
  facet normal 0.0458772 -0.00301485 0.998943
    outer loop
      vertex 10.2501 5 5.73632
      vertex 9.36563 5 5.77694
      vertex 10.2308 4.70631 5.73632
    endloop
  endfacet
  facet normal 0.070834 -0.00465489 0.997477
    outer loop
      vertex 10.2501 5 5.73632
      vertex 10.2308 4.70631 5.73632
      vertex 11.096 5 5.67625
    endloop
  endfacet
  facet normal 0.206863 -0.070193 0.975849
    outer loop
      vertex 13.0835 3.63787 5.39121
      vertex 12.8623 2.98598 5.39121
      vertex 13.622 3.4936 5.26668
    endloop
  endfacet
  facet normal 0.214243 -0.0426462 0.975849
    outer loop
      vertex 13.2179 4.31306 5.39121
      vertex 13.0835 3.63787 5.39121
      vertex 13.622 3.4936 5.26668
    endloop
  endfacet
  facet normal 0.0202823 -0.00999952 0.999744
    outer loop
      vertex 8.42297 4.8248 5.79743
      vertex 8.39649 4.77109 5.79743
      vertex 9.26168 4.4774 5.77694
    endloop
  endfacet
  facet normal 0.0149095 -0.017002 0.999744
    outer loop
      vertex 8.96565 4.03435 5.77694
      vertex 8.2787 4.63679 5.79743
      vertex 8.83134 3.91657 5.77694
    endloop
  endfacet
  facet normal 0.0382284 0.0255439 0.998942
    outer loop
      vertex 9.7851 6.36976 5.73632
      vertex 9.08343 5.83134 5.77694
      vertex 9.18267 5.68282 5.77694
    endloop
  endfacet
  facet normal -0.0458786 0.00300624 0.998943
    outer loop
      vertex 6.64605 5.17825 5.77694
      vertex 5.76917 5.29369 5.73632
      vertex 6.63437 5 5.77694
    endloop
  endfacet
  facet normal 0.0100015 -0.0202816 0.999744
    outer loop
      vertex 8.68282 3.81733 5.77694
      vertex 8.22891 4.60351 5.79743
      vertex 8.5226 3.73832 5.77694
    endloop
  endfacet
  facet normal 0.0468031 -0.0533656 0.997478
    outer loop
      vertex 10.1892 2.81078 5.67625
      vertex 9.36976 3.2149 5.73632
      vertex 9.88474 2.54376 5.67625
    endloop
  endfacet
  facet normal -0.0170037 -0.014908 0.999744
    outer loop
      vertex 7.63679 4.7213 5.79743
      vertex 7.03435 4.03435 5.77694
      vertex 7.67627 4.67627 5.79743
    endloop
  endfacet
  facet normal -0.831467 0.555574 -9.88474e-17
    outer loop
      vertex 1.9508 8.49251 4.6
      vertex 2.45842 9.25221 4.67848
      vertex 2.45842 9.25221 4.6
    endloop
  endfacet
  facet normal -0.831467 0.555574 -9.88474e-17
    outer loop
      vertex 2.45842 9.25221 4.67848
      vertex 1.9508 8.49251 4.6
      vertex 1.9508 8.49251 4.67848
    endloop
  endfacet
  facet normal -0.299871 0.448798 0.841818
    outer loop
      vertex 4.68575 10.7405 4.98573
      vertex 3.82055 10.4468 4.83411
      vertex 3.96482 10.2588 4.98573
    endloop
  endfacet
  facet normal -0.3559 0.405803 0.841819
    outer loop
      vertex 3.82055 10.4468 4.83411
      vertex 3.14536 9.85464 4.83411
      vertex 3.96482 10.2588 4.98573
    endloop
  endfacet
  facet normal -0.351068 0.711893 0.608243
    outer loop
      vertex 5.37269 11.3429 4.83411
      vertex 4.50749 11.0492 4.67848
      vertex 4.56725 10.9457 4.83411
    endloop
  endfacet
  facet normal -0.351072 0.711926 0.608203
    outer loop
      vertex 5.32695 11.4533 4.67848
      vertex 4.50749 11.0492 4.67848
      vertex 5.37269 11.3429 4.83411
    endloop
  endfacet
  facet normal -0.173486 0.511017 0.841882
    outer loop
      vertex 6.22308 11.6316 4.83411
      vertex 5.37269 11.3429 4.83411
      vertex 5.46338 11.1239 4.98573
    endloop
  endfacet
  facet normal -0.238645 0.484032 0.84188
    outer loop
      vertex 5.37269 11.3429 4.83411
      vertex 4.68575 10.7405 4.98573
      vertex 5.46338 11.1239 4.98573
    endloop
  endfacet
  facet normal -0.0518658 0.792087 0.608201
    outer loop
      vertex 8 11.985 4.67848
      vertex 7.08827 11.9253 4.67848
      vertex 8 11.8655 4.83411
    endloop
  endfacet
  facet normal 0.0518658 0.792087 0.608201
    outer loop
      vertex 8 11.985 4.67848
      vertex 8 11.8655 4.83411
      vertex 8.91173 11.9253 4.67848
    endloop
  endfacet
  facet normal -0.0747623 0.375751 0.9237
    outer loop
      vertex 7.13481 11.5718 4.98573
      vertex 6.28442 11.4026 4.98573
      vertex 7.18054 11.2244 5.13075
    endloop
  endfacet
  facet normal -0.0250536 0.382295 0.923701
    outer loop
      vertex 8 11.6285 4.98573
      vertex 7.13481 11.5718 4.98573
      vertex 7.18054 11.2244 5.13075
    endloop
  endfacet
  facet normal 0.188048 0.214418 0.958469
    outer loop
      vertex 12.4393 9.43929 5.13075
      vertex 11.8219 9.98076 5.13075
      vertex 12.1156 9.11556 5.26668
    endloop
  endfacet
  facet normal 0.252592 0.288013 0.923713
    outer loop
      vertex 12.0352 10.2588 4.98573
      vertex 11.8219 9.98076 5.13075
      vertex 12.4393 9.43929 5.13075
    endloop
  endfacet
  facet normal 0.158404 0.237105 0.958483
    outer loop
      vertex 11.1391 10.437 5.13075
      vertex 10.9101 10.0405 5.26668
      vertex 11.5432 9.61754 5.26668
    endloop
  endfacet
  facet normal 0.126116 0.255752 0.958481
    outer loop
      vertex 11.1391 10.437 5.13075
      vertex 10.2273 10.3772 5.26668
      vertex 10.9101 10.0405 5.26668
    endloop
  endfacet
  facet normal 0.511017 0.173486 0.841882
    outer loop
      vertex 14.3429 7.62731 4.83411
      vertex 14.1239 7.53662 4.98573
      vertex 14.6316 6.77692 4.83411
    endloop
  endfacet
  facet normal 0.75165 0.255179 0.608199
    outer loop
      vertex 14.4533 7.67305 4.67848
      vertex 14.3429 7.62731 4.83411
      vertex 14.6316 6.77692 4.83411
    endloop
  endfacet
  facet normal -0.00645573 0.0984989 0.995116
    outer loop
      vertex 8 8.88899 5.59776
      vertex 7.49238 8.85572 5.59776
      vertex 8 8.09602 5.67625
    endloop
  endfacet
  facet normal 0.0420081 0.123751 0.991424
    outer loop
      vertex 9.19456 9.45815 5.50221
      vertex 9.00655 8.75648 5.59776
      vertex 9.76624 9.26409 5.50221
    endloop
  endfacet
  facet normal 0.00645573 0.0984989 0.995116
    outer loop
      vertex 8 8.88899 5.59776
      vertex 8 8.09602 5.67625
      vertex 8.50762 8.85572 5.59776
    endloop
  endfacet
  facet normal 0.0110749 0.168951 0.985562
    outer loop
      vertex 8.68694 10.2179 5.39121
      vertex 8 9.61542 5.50221
      vertex 8.60243 9.57593 5.50221
    endloop
  endfacet
  facet normal 0.00464262 0.0708306 0.997478
    outer loop
      vertex 8 8.09602 5.67625
      vertex 8 7.25008 5.73632
      vertex 8.29369 7.23083 5.73632
    endloop
  endfacet
  facet normal 0.0138467 0.0696191 0.997478
    outer loop
      vertex 8.40411 8.06953 5.67625
      vertex 8.29369 7.23083 5.73632
      vertex 8.80131 7.99053 5.67625
    endloop
  endfacet
  facet normal -0.195144 0.980775 0
    outer loop
      vertex 7.08827 11.9253 4.6
      vertex 6.19215 11.747 4.67848
      vertex 7.08827 11.9253 4.67848
    endloop
  endfacet
  facet normal -0.195144 0.980775 0
    outer loop
      vertex 6.19215 11.747 4.67848
      vertex 7.08827 11.9253 4.6
      vertex 6.19215 11.747 4.6
    endloop
  endfacet
  facet normal -0.0934713 -0.0317302 0.995116
    outer loop
      vertex 5.00947 4.19869 5.67625
      vertex 4.24352 3.99345 5.59776
      vertex 4.40704 3.51175 5.59776
    endloop
  endfacet
  facet normal -0.0968136 -0.0192568 0.995116
    outer loop
      vertex 5.00947 4.19869 5.67625
      vertex 4.14428 4.49238 5.59776
      vertex 4.24352 3.99345 5.59776
    endloop
  endfacet
  facet normal -0.117208 -0.0578011 0.991424
    outer loop
      vertex 4.40704 3.51175 5.59776
      vertex 4.00293 2.69229 5.50221
      vertex 4.63204 3.0555 5.59776
    endloop
  endfacet
  facet normal -0.108661 -0.072605 0.991424
    outer loop
      vertex 4.63204 3.0555 5.59776
      vertex 4.00293 2.69229 5.50221
      vertex 4.91466 2.63253 5.59776
    endloop
  endfacet
  facet normal -0.0435369 -0.0147789 0.998943
    outer loop
      vertex 6.6809 4.64655 5.77694
      vertex 5.82659 4.41764 5.73632
      vertex 5.9212 4.13893 5.73632
    endloop
  endfacet
  facet normal -0.0450935 -0.00896964 0.998943
    outer loop
      vertex 6.6809 4.64655 5.77694
      vertex 5.76917 4.70631 5.73632
      vertex 5.82659 4.41764 5.73632
    endloop
  endfacet
  facet normal -0.0885303 -0.0436588 0.995116
    outer loop
      vertex 5.31877 3.45199 5.67625
      vertex 4.40704 3.51175 5.59776
      vertex 4.63204 3.0555 5.59776
    endloop
  endfacet
  facet normal -0.0820744 -0.0548405 0.995116
    outer loop
      vertex 5.31877 3.45199 5.67625
      vertex 4.63204 3.0555 5.59776
      vertex 4.91466 2.63253 5.59776
    endloop
  endfacet
  facet normal -0.0708306 0.00464262 0.997478
    outer loop
      vertex 5.76917 5.29369 5.73632
      vertex 4.90398 5 5.67625
      vertex 5.74992 5 5.73632
    endloop
  endfacet
  facet normal -0.0708308 0.00464306 0.997478
    outer loop
      vertex 4.93047 5.40411 5.67625
      vertex 4.90398 5 5.67625
      vertex 5.76917 5.29369 5.73632
    endloop
  endfacet
  facet normal -0.022565 0.00147639 0.999744
    outer loop
      vertex 7.54609 5.05976 5.79743
      vertex 6.63437 5 5.77694
      vertex 7.54218 5 5.79743
    endloop
  endfacet
  facet normal -0.0225652 -0.0014786 0.999744
    outer loop
      vertex 7.54609 4.94024 5.79743
      vertex 6.63437 5 5.77694
      vertex 6.64605 4.82175 5.77694
    endloop
  endfacet
  facet normal -0.0100015 -0.0202816 0.999744
    outer loop
      vertex 7.77109 4.60351 5.79743
      vertex 7.31718 3.81733 5.77694
      vertex 7.4774 3.73832 5.77694
    endloop
  endfacet
  facet normal -0.00726869 0.0214134 0.999744
    outer loop
      vertex 7.88151 5.44222 5.79743
      vertex 7.4774 6.26168 5.77694
      vertex 7.8248 5.42297 5.79743
    endloop
  endfacet
  facet normal -0.0255439 0.0382284 0.998942
    outer loop
      vertex 7.31718 6.18267 5.77694
      vertex 6.63024 6.7851 5.73632
      vertex 7.16866 6.08343 5.77694
    endloop
  endfacet
  facet normal -0.0188023 0.0125636 0.999744
    outer loop
      vertex 6.91657 5.83134 5.77694
      vertex 6.81733 5.68282 5.77694
      vertex 7.60351 5.22891 5.79743
    endloop
  endfacet
  facet normal -0.0382284 0.0255439 0.998942
    outer loop
      vertex 6.91657 5.83134 5.77694
      vertex 6.2149 6.36976 5.73632
      vertex 6.81733 5.68282 5.77694
    endloop
  endfacet
  facet normal -0.130407 0.0085483 0.991424
    outer loop
      vertex 3.42407 5.60243 5.50221
      vertex 3.38458 5 5.50221
      vertex 4.14428 5.50762 5.59776
    endloop
  endfacet
  facet normal -0.128176 0.0254949 0.991424
    outer loop
      vertex 4.24352 6.00655 5.59776
      vertex 3.54185 6.19456 5.50221
      vertex 4.14428 5.50762 5.59776
    endloop
  endfacet
  facet normal 0.00300711 0.0458783 0.998943
    outer loop
      vertex 8 7.25008 5.73632
      vertex 8 6.36563 5.77694
      vertex 8.29369 7.23083 5.73632
    endloop
  endfacet
  facet normal 0.00726898 0.0214132 0.999744
    outer loop
      vertex 8.35345 6.3191 5.77694
      vertex 8.11849 5.44222 5.79743
      vertex 8.5226 6.26168 5.77694
    endloop
  endfacet
  facet normal 0.0147791 0.0435368 0.998943
    outer loop
      vertex 8.86107 7.0788 5.73632
      vertex 8.35345 6.3191 5.77694
      vertex 8.5226 6.26168 5.77694
    endloop
  endfacet
  facet normal -0.053367 0.0468013 0.997478
    outer loop
      vertex 5.81078 7.18922 5.67625
      vertex 5.54376 6.88474 5.67625
      vertex 6.2149 6.36976 5.73632
    endloop
  endfacet
  facet normal -0.0650845 0.0742151 0.995116
    outer loop
      vertex 6.11526 7.45624 5.67625
      vertex 5.25007 7.74993 5.59776
      vertex 5.81078 7.18922 5.67625
    endloop
  endfacet
  facet normal -0.0468013 0.053367 0.997478
    outer loop
      vertex 6.11526 7.45624 5.67625
      vertex 5.81078 7.18922 5.67625
      vertex 6.63024 6.7851 5.73632
    endloop
  endfacet
  facet normal -0.0394346 0.0590196 0.997478
    outer loop
      vertex 6.45199 7.68123 5.67625
      vertex 6.11526 7.45624 5.67625
      vertex 6.63024 6.7851 5.73632
    endloop
  endfacet
  facet normal -0.111644 0.127303 0.985561
    outer loop
      vertex 5.19031 8.66166 5.50221
      vertex 4.27858 8.72142 5.39121
      vertex 4.73641 8.26359 5.50221
    endloop
  endfacet
  facet normal -0.111644 0.127307 0.98556
    outer loop
      vertex 4.79616 9.17532 5.39121
      vertex 4.27858 8.72142 5.39121
      vertex 5.19031 8.66166 5.50221
    endloop
  endfacet
  facet normal -0.0420088 0.12375 0.991424
    outer loop
      vertex 6.99345 8.75648 5.59776
      vertex 6.23376 9.26409 5.50221
      vertex 6.51175 8.59296 5.59776
    endloop
  endfacet
  facet normal -0.121381 0.181667 0.97584
    outer loop
      vertex 5.08986 10.0405 5.26668
      vertex 4.45683 9.61754 5.26668
      vertex 5.36856 9.55779 5.39121
    endloop
  endfacet
  facet normal -0.21428 0.0426218 0.975842
    outer loop
      vertex 2.91645 6.36213 5.39121
      vertex 2.37803 6.5064 5.26668
      vertex 2.78215 5.68694 5.39121
    endloop
  endfacet
  facet normal -0.168964 0.0110758 0.98556
    outer loop
      vertex 2.78215 5.68694 5.39121
      vertex 2.73712 5 5.39121
      vertex 3.38458 5 5.50221
    endloop
  endfacet
  facet normal -0.117208 0.0578011 0.991424
    outer loop
      vertex 4.63204 6.9445 5.59776
      vertex 4.00293 7.30771 5.50221
      vertex 4.40704 6.48825 5.59776
    endloop
  endfacet
  facet normal -0.12375 0.0420088 0.991424
    outer loop
      vertex 4.40704 6.48825 5.59776
      vertex 3.73591 6.76624 5.50221
      vertex 4.24352 6.00655 5.59776
    endloop
  endfacet
  facet normal -0.0742151 0.0650845 0.995116
    outer loop
      vertex 5.81078 7.18922 5.67625
      vertex 5.25007 7.74993 5.59776
      vertex 5.54376 6.88474 5.67625
    endloop
  endfacet
  facet normal -0.0885303 0.0436595 0.995116
    outer loop
      vertex 5.31877 6.54801 5.67625
      vertex 4.40704 6.48825 5.59776
      vertex 5.13965 6.1848 5.67625
    endloop
  endfacet
  facet normal -0.195949 0.0966302 0.975841
    outer loop
      vertex 2.95948 7.91014 5.26668
      vertex 2.62276 7.22733 5.26668
      vertex 3.44221 7.63144 5.39121
    endloop
  endfacet
  facet normal -0.270053 0.0916732 0.958471
    outer loop
      vertex 2.62276 7.22733 5.26668
      vertex 1.93581 6.62489 5.13075
      vertex 2.37803 6.5064 5.26668
    endloop
  endfacet
  facet normal -0.160338 0.0544277 0.98556
    outer loop
      vertex 3.73591 6.76624 5.50221
      vertex 3.13773 7.01402 5.39121
      vertex 3.54185 6.19456 5.50221
    endloop
  endfacet
  facet normal -0.181659 0.121382 0.975841
    outer loop
      vertex 3.38246 8.54317 5.26668
      vertex 2.95948 7.91014 5.26668
      vertex 3.44221 7.63144 5.39121
    endloop
  endfacet
  facet normal -0.48409 0.23873 0.841822
    outer loop
      vertex 2.25954 8.31425 4.98573
      vertex 1.65711 7.62731 4.83411
      vertex 1.87605 7.53662 4.98573
    endloop
  endfacet
  facet normal -0.36278 0.123146 0.923702
    outer loop
      vertex 2.19978 7.40253 5.13075
      vertex 1.87605 7.53662 4.98573
      vertex 1.93581 6.62489 5.13075
    endloop
  endfacet
  facet normal -0.355889 0.405774 0.841838
    outer loop
      vertex 3.96482 10.2588 4.98573
      vertex 3.14536 9.85464 4.83411
      vertex 3.31294 9.68706 4.98573
    endloop
  endfacet
  facet normal -0.405805 0.355878 0.841827
    outer loop
      vertex 3.14536 9.85464 4.83411
      vertex 2.55324 9.17945 4.83411
      vertex 2.74125 9.03518 4.98573
    endloop
  endfacet
  facet normal -0.195951 0.0966329 0.975841
    outer loop
      vertex 3.44221 7.63144 5.39121
      vertex 2.62276 7.22733 5.26668
      vertex 3.13773 7.01402 5.39121
    endloop
  endfacet
  facet normal -0.144055 0.164265 0.975841
    outer loop
      vertex 4.79616 9.17532 5.39121
      vertex 3.88444 9.11556 5.26668
      vertex 4.27858 8.72142 5.39121
    endloop
  endfacet
  facet normal -0.0966388 0.195963 0.975838
    outer loop
      vertex 5.77267 10.3772 5.26668
      vertex 5.36856 9.55779 5.39121
      vertex 5.98598 9.86227 5.39121
    endloop
  endfacet
  facet normal -0.0916736 0.270034 0.958477
    outer loop
      vertex 6.37511 11.0642 5.13075
      vertex 5.59747 10.8002 5.13075
      vertex 5.77267 10.3772 5.26668
    endloop
  endfacet
  facet normal 0.12317 0.362795 0.923693
    outer loop
      vertex 10.5366 11.1239 4.98573
      vertex 9.62489 11.0642 5.13075
      vertex 10.4025 10.8002 5.13075
    endloop
  endfacet
  facet normal 0.0916767 0.270033 0.958477
    outer loop
      vertex 10.4025 10.8002 5.13075
      vertex 9.62489 11.0642 5.13075
      vertex 10.2273 10.3772 5.26668
    endloop
  endfacet
  facet normal 0.0110681 0.168959 0.985561
    outer loop
      vertex 8 10.2629 5.39121
      vertex 8 9.61542 5.50221
      vertex 8.68694 10.2179 5.39121
    endloop
  endfacet
  facet normal -0.0142825 0.218027 0.975838
    outer loop
      vertex 8 10.2629 5.39121
      vertex 7.2403 10.7705 5.26668
      vertex 7.31306 10.2179 5.39121
    endloop
  endfacet
  facet normal -0.0142913 0.218015 0.975841
    outer loop
      vertex 8 10.8203 5.26668
      vertex 7.2403 10.7705 5.26668
      vertex 8 10.2629 5.39121
    endloop
  endfacet
  facet normal -0.0544192 0.160355 0.985558
    outer loop
      vertex 6.63787 10.0835 5.39121
      vertex 5.98598 9.86227 5.39121
      vertex 6.80544 9.45815 5.50221
    endloop
  endfacet
  facet normal -0.596772 -0.523352 0.608248
    outer loop
      vertex 3.14536 0.145361 4.83411
      vertex 2.45842 0.747794 4.67848
      vertex 3.06085 0.0608511 4.67848
    endloop
  endfacet
  facet normal -0.751841 -0.659344 -1.46446e-16
    outer loop
      vertex 3.06085 0.0608511 4.6
      vertex 2.45842 0.747794 4.67848
      vertex 2.45842 0.747794 4.6
    endloop
  endfacet
  facet normal -0.751841 -0.659344 -1.46446e-16
    outer loop
      vertex 2.45842 0.747794 4.67848
      vertex 3.06085 0.0608511 4.6
      vertex 3.06085 0.0608511 4.67848
    endloop
  endfacet
  facet normal -0.188037 -0.214414 0.958472
    outer loop
      vertex 3.88444 0.884436 5.26668
      vertex 3.56071 0.560707 5.13075
      vertex 4.17813 0.0192413 5.13075
    endloop
  endfacet
  facet normal -0.158441 -0.237126 0.958472
    outer loop
      vertex 4.45683 0.382456 5.26668
      vertex 4.17813 0.0192413 5.13075
      vertex 4.86095 -0.437001 5.13075
    endloop
  endfacet
  facet normal 0.0412358 -0.0203348 0.998942
    outer loop
      vertex 9.26168 4.4774 5.77694
      vertex 9.18267 4.31718 5.77694
      vertex 9.94862 3.87496 5.73632
    endloop
  endfacet
  facet normal 0.0435377 -0.0147776 0.998942
    outer loop
      vertex 10.1734 4.41764 5.73632
      vertex 9.3191 4.64655 5.77694
      vertex 10.0788 4.13893 5.73632
    endloop
  endfacet
  facet normal 0.0138467 -0.0696191 0.997478
    outer loop
      vertex 8.80131 2.00947 5.67625
      vertex 8.29369 2.76917 5.73632
      vertex 8.40411 1.93047 5.67625
    endloop
  endfacet
  facet normal 0.014908 0.0170037 0.999744
    outer loop
      vertex 8.96565 5.96565 5.77694
      vertex 8.2787 5.36321 5.79743
      vertex 8.32373 5.32373 5.79743
    endloop
  endfacet
  facet normal 0.0125661 -0.0188001 0.999744
    outer loop
      vertex 8.2787 4.63679 5.79743
      vertex 8.22891 4.60351 5.79743
      vertex 8.83134 3.91657 5.77694
    endloop
  endfacet
  facet normal -0.0436595 0.0885303 0.995116
    outer loop
      vertex 6.51175 8.59296 5.59776
      vertex 6.45199 7.68123 5.67625
      vertex 6.8152 7.86035 5.67625
    endloop
  endfacet
  facet normal 0.0228169 -0.0672151 0.997478
    outer loop
      vertex 8.86107 2.9212 5.73632
      vertex 8.80131 2.00947 5.67625
      vertex 9.1848 2.13965 5.67625
    endloop
  endfacet
  facet normal 0.0533705 -0.0468009 0.997477
    outer loop
      vertex 10.4562 3.11526 5.67625
      vertex 9.7851 3.63024 5.73632
      vertex 10.1892 2.81078 5.67625
    endloop
  endfacet
  facet normal 0.059021 -0.0394373 0.997477
    outer loop
      vertex 10.6812 3.45199 5.67625
      vertex 9.7851 3.63024 5.73632
      vertex 10.4562 3.11526 5.67625
    endloop
  endfacet
  facet normal 0.03173 -0.0934716 0.995116
    outer loop
      vertex 9.1848 2.13965 5.67625
      vertex 8.80131 2.00947 5.67625
      vertex 9.48825 1.40704 5.59776
    endloop
  endfacet
  facet normal 0.0317302 -0.0934713 0.995116
    outer loop
      vertex 9.48825 1.40704 5.59776
      vertex 8.80131 2.00947 5.67625
      vertex 9.00655 1.24352 5.59776
    endloop
  endfacet
  facet normal -0.0254948 -0.128175 0.991424
    outer loop
      vertex 6.99345 1.24352 5.59776
      vertex 6.80544 0.541846 5.50221
      vertex 7.49238 1.14428 5.59776
    endloop
  endfacet
  facet normal -0.0317302 -0.0934713 0.995116
    outer loop
      vertex 7.19869 2.00947 5.67625
      vertex 6.51175 1.40704 5.59776
      vertex 6.99345 1.24352 5.59776
    endloop
  endfacet
  facet normal 0.00441175 0.022179 0.999744
    outer loop
      vertex 8.17825 6.35395 5.77694
      vertex 8.05976 5.45391 5.79743
      vertex 8.35345 6.3191 5.77694
    endloop
  endfacet
  facet normal -0.0255439 -0.0382284 0.998942
    outer loop
      vertex 7.31718 3.81733 5.77694
      vertex 6.63024 3.2149 5.73632
      vertex 6.87496 3.05138 5.73632
    endloop
  endfacet
  facet normal -0.0203356 -0.0412351 0.998943
    outer loop
      vertex 7.4774 3.73832 5.77694
      vertex 6.87496 3.05138 5.73632
      vertex 7.13893 2.9212 5.73632
    endloop
  endfacet
  facet normal -0.053367 -0.0468013 0.997478
    outer loop
      vertex 6.2149 3.63024 5.73632
      vertex 5.54376 3.11526 5.67625
      vertex 5.81078 2.81078 5.67625
    endloop
  endfacet
  facet normal 0.0188001 -0.0125661 0.999744
    outer loop
      vertex 8.39649 4.77109 5.79743
      vertex 8.36321 4.7213 5.79743
      vertex 9.08343 4.16866 5.77694
    endloop
  endfacet
  facet normal 0.00999952 0.0202823 0.999744
    outer loop
      vertex 8.5226 6.26168 5.77694
      vertex 8.1752 5.42297 5.79743
      vertex 8.22891 5.39649 5.79743
    endloop
  endfacet
  facet normal -0.0436588 -0.0885303 0.995116
    outer loop
      vertex 6.45199 2.31877 5.67625
      vertex 6.0555 1.63204 5.59776
      vertex 6.51175 1.40704 5.59776
    endloop
  endfacet
  facet normal -0.0203348 -0.0412358 0.998942
    outer loop
      vertex 7.31718 3.81733 5.77694
      vertex 6.87496 3.05138 5.73632
      vertex 7.4774 3.73832 5.77694
    endloop
  endfacet
  facet normal 0.0578015 -0.117208 0.991424
    outer loop
      vertex 10.3077 1.00293 5.50221
      vertex 9.48825 1.40704 5.59776
      vertex 9.76624 0.735908 5.50221
    endloop
  endfacet
  facet normal 0.0748934 -0.151867 0.985559
    outer loop
      vertex 10.3077 1.00293 5.50221
      vertex 9.76624 0.735908 5.50221
      vertex 10.6314 0.442214 5.39121
    endloop
  endfacet
  facet normal 0.0650892 -0.074208 0.995116
    outer loop
      vertex 10.7499 2.25007 5.59776
      vertex 9.88474 2.54376 5.67625
      vertex 10.3675 1.91466 5.59776
    endloop
  endfacet
  facet normal 0.0548387 -0.082074 0.995116
    outer loop
      vertex 9.88474 2.54376 5.67625
      vertex 9.54801 2.31877 5.67625
      vertex 10.3675 1.91466 5.59776
    endloop
  endfacet
  facet normal 0.0254948 -0.128175 0.991424
    outer loop
      vertex 9.00655 1.24352 5.59776
      vertex 8.50762 1.14428 5.59776
      vertex 9.19456 0.541846 5.50221
    endloop
  endfacet
  facet normal -0.0420083 -0.123751 0.991424
    outer loop
      vertex 6.99345 1.24352 5.59776
      vertex 6.23376 0.735908 5.50221
      vertex 6.80544 0.541846 5.50221
    endloop
  endfacet
  facet normal 0.0394346 -0.0590196 0.997478
    outer loop
      vertex 9.88474 2.54376 5.67625
      vertex 9.36976 3.2149 5.73632
      vertex 9.54801 2.31877 5.67625
    endloop
  endfacet
  facet normal -0.00464306 -0.0708308 0.997478
    outer loop
      vertex 7.70631 2.76917 5.73632
      vertex 7.59589 1.93047 5.67625
      vertex 8 1.90398 5.67625
    endloop
  endfacet
  facet normal -0.111644 -0.127303 0.985561
    outer loop
      vertex 4.73641 1.73641 5.50221
      vertex 4.27858 1.27858 5.39121
      vertex 5.19031 1.33834 5.50221
    endloop
  endfacet
  facet normal -0.111644 -0.127307 0.98556
    outer loop
      vertex 5.19031 1.33834 5.50221
      vertex 4.27858 1.27858 5.39121
      vertex 4.79616 0.824678 5.39121
    endloop
  endfacet
  facet normal 0.484032 -0.238645 0.84188
    outer loop
      vertex 14.1239 2.46338 4.98573
      vertex 13.7405 1.68575 4.98573
      vertex 14.3429 2.37269 4.83411
    endloop
  endfacet
  facet normal 0.343586 -0.169401 0.923716
    outer loop
      vertex 14.1239 2.46338 4.98573
      vertex 13.437 1.86095 5.13075
      vertex 13.7405 1.68575 4.98573
    endloop
  endfacet
  facet normal 0.318543 -0.212839 0.923705
    outer loop
      vertex 13.7405 1.68575 4.98573
      vertex 12.9808 1.17813 5.13075
      vertex 13.2588 0.964819 4.98573
    endloop
  endfacet
  facet normal 0.318527 -0.212811 0.923716
    outer loop
      vertex 13.437 1.86095 5.13075
      vertex 12.9808 1.17813 5.13075
      vertex 13.7405 1.68575 4.98573
    endloop
  endfacet
  facet normal 0.212849 -0.318543 0.923702
    outer loop
      vertex 11.8219 0.0192413 5.13075
      vertex 11.1391 -0.437001 5.13075
      vertex 11.3143 -0.740458 4.98573
    endloop
  endfacet
  facet normal 0.212853 -0.318546 0.9237
    outer loop
      vertex 11.8219 0.0192413 5.13075
      vertex 11.3143 -0.740458 4.98573
      vertex 12.0352 -0.258751 4.98573
    endloop
  endfacet
  facet normal 0.15187 -0.0748876 0.985559
    outer loop
      vertex 12.2641 3.23376 5.50221
      vertex 11.9971 2.69229 5.50221
      vertex 12.5578 2.36856 5.39121
    endloop
  endfacet
  facet normal 0.117215 -0.0577989 0.991423
    outer loop
      vertex 12.2641 3.23376 5.50221
      vertex 11.593 3.51175 5.59776
      vertex 11.9971 2.69229 5.50221
    endloop
  endfacet
  facet normal 0.123148 -0.362781 0.923701
    outer loop
      vertex 10.5366 -1.12395 4.98573
      vertex 9.62489 -1.06419 5.13075
      vertex 9.71558 -1.40265 4.98573
    endloop
  endfacet
  facet normal 0.123149 -0.362771 0.923705
    outer loop
      vertex 10.4025 -0.800216 5.13075
      vertex 9.62489 -1.06419 5.13075
      vertex 10.5366 -1.12395 4.98573
    endloop
  endfacet
  facet normal 0.0188023 0.0125636 0.999744
    outer loop
      vertex 9.08343 5.83134 5.77694
      vertex 8.39649 5.22891 5.79743
      vertex 9.18267 5.68282 5.77694
    endloop
  endfacet
  facet normal 0.0202816 0.0100015 0.999744
    outer loop
      vertex 9.18267 5.68282 5.77694
      vertex 8.39649 5.22891 5.79743
      vertex 9.26168 5.5226 5.77694
    endloop
  endfacet
  facet normal -0.0590193 0.0394362 0.997478
    outer loop
      vertex 6.2149 6.36976 5.73632
      vertex 5.31877 6.54801 5.67625
      vertex 6.05138 6.12504 5.73632
    endloop
  endfacet
  facet normal -0.0202823 0.00999952 0.999744
    outer loop
      vertex 7.60351 5.22891 5.79743
      vertex 6.73832 5.5226 5.77694
      vertex 7.57703 5.1752 5.79743
    endloop
  endfacet
  facet normal 0.0255439 0.0382284 0.998942
    outer loop
      vertex 9.12504 6.94862 5.73632
      vertex 8.68282 6.18267 5.77694
      vertex 9.36976 6.7851 5.73632
    endloop
  endfacet
  facet normal 0.0203348 0.0412358 0.998942
    outer loop
      vertex 9.12504 6.94862 5.73632
      vertex 8.5226 6.26168 5.77694
      vertex 8.68282 6.18267 5.77694
    endloop
  endfacet
  facet normal 0.0170037 -0.014908 0.999744
    outer loop
      vertex 8.36321 4.7213 5.79743
      vertex 8.32373 4.67627 5.79743
      vertex 8.96565 4.03435 5.77694
    endloop
  endfacet
  facet normal 0.00726898 -0.0214132 0.999744
    outer loop
      vertex 8.5226 3.73832 5.77694
      vertex 8.11849 4.55778 5.79743
      vertex 8.35345 3.6809 5.77694
    endloop
  endfacet
  facet normal -0.751632 0.25514 0.608237
    outer loop
      vertex 1.54669 7.67305 4.67848
      vertex 1.253 6.80785 4.67848
      vertex 1.36844 6.77692 4.83411
    endloop
  endfacet
  facet normal -0.252583 0.288012 0.923716
    outer loop
      vertex 3.96482 10.2588 4.98573
      vertex 3.56071 9.43929 5.13075
      vertex 4.17813 9.98076 5.13075
    endloop
  endfacet
  facet normal -0.121382 0.181659 0.975841
    outer loop
      vertex 5.36856 9.55779 5.39121
      vertex 4.45683 9.61754 5.26668
      vertex 4.79616 9.17532 5.39121
    endloop
  endfacet
  facet normal -0.659358 0.751829 0
    outer loop
      vertex 3.74779 10.5416 4.6
      vertex 3.06085 9.93915 4.67848
      vertex 3.74779 10.5416 4.67848
    endloop
  endfacet
  facet normal -0.659358 0.751829 0
    outer loop
      vertex 3.06085 9.93915 4.67848
      vertex 3.74779 10.5416 4.6
      vertex 3.06085 9.93915 4.6
    endloop
  endfacet
  facet normal -0.123167 0.3628 0.923692
    outer loop
      vertex 6.37511 11.0642 5.13075
      vertex 5.46338 11.1239 4.98573
      vertex 5.59747 10.8002 5.13075
    endloop
  endfacet
  facet normal -0.158433 0.237121 0.958474
    outer loop
      vertex 4.86095 10.437 5.13075
      vertex 4.45683 9.61754 5.26668
      vertex 5.08986 10.0405 5.26668
    endloop
  endfacet
  facet normal -0.75184 0.659346 7.09341e-17
    outer loop
      vertex 2.45842 9.25221 4.6
      vertex 3.06085 9.93915 4.67848
      vertex 3.06085 9.93915 4.6
    endloop
  endfacet
  facet normal -0.75184 0.659346 7.09341e-17
    outer loop
      vertex 3.06085 9.93915 4.67848
      vertex 2.45842 9.25221 4.6
      vertex 2.45842 9.25221 4.67848
    endloop
  endfacet
  facet normal -0.596771 0.523354 0.608248
    outer loop
      vertex 3.06085 9.93915 4.67848
      vertex 2.45842 9.25221 4.67848
      vertex 3.14536 9.85464 4.83411
    endloop
  endfacet
  facet normal -0.0518812 0.792032 0.608271
    outer loop
      vertex 8 11.8655 4.83411
      vertex 7.08827 11.9253 4.67848
      vertex 7.10387 11.8068 4.83411
    endloop
  endfacet
  facet normal -0.154849 0.778478 0.608271
    outer loop
      vertex 7.08827 11.9253 4.67848
      vertex 6.22308 11.6316 4.83411
      vertex 7.10387 11.8068 4.83411
    endloop
  endfacet
  facet normal -0.0917007 0.270056 0.958468
    outer loop
      vertex 6.37511 11.0642 5.13075
      vertex 5.77267 10.3772 5.26668
      vertex 6.4936 10.622 5.26668
    endloop
  endfacet
  facet normal -0.0702529 0.206893 0.975838
    outer loop
      vertex 6.4936 10.622 5.26668
      vertex 5.77267 10.3772 5.26668
      vertex 5.98598 9.86227 5.39121
    endloop
  endfacet
  facet normal 0.0544282 0.16034 0.98556
    outer loop
      vertex 10.014 9.86227 5.39121
      vertex 9.19456 9.45815 5.50221
      vertex 9.76624 9.26409 5.50221
    endloop
  endfacet
  facet normal 0.0254949 0.128176 0.991424
    outer loop
      vertex 9.19456 9.45815 5.50221
      vertex 8.50762 8.85572 5.59776
      vertex 9.00655 8.75648 5.59776
    endloop
  endfacet
  facet normal 0.0702036 0.20686 0.975849
    outer loop
      vertex 9.5064 10.622 5.26668
      vertex 9.36213 10.0835 5.39121
      vertex 10.014 9.86227 5.39121
    endloop
  endfacet
  facet normal 0.0426462 0.214243 0.975849
    outer loop
      vertex 9.5064 10.622 5.26668
      vertex 8.68694 10.2179 5.39121
      vertex 9.36213 10.0835 5.39121
    endloop
  endfacet
  facet normal 0.0317302 0.0934713 0.995116
    outer loop
      vertex 9.00655 8.75648 5.59776
      vertex 8.80131 7.99053 5.67625
      vertex 9.48825 8.59296 5.59776
    endloop
  endfacet
  facet normal 0.0420088 0.12375 0.991424
    outer loop
      vertex 9.76624 9.26409 5.50221
      vertex 9.00655 8.75648 5.59776
      vertex 9.48825 8.59296 5.59776
    endloop
  endfacet
  facet normal -0.0636616 -0.0313955 0.997478
    outer loop
      vertex 5.9212 4.13893 5.73632
      vertex 5.31877 3.45199 5.67625
      vertex 6.05138 3.87496 5.73632
    endloop
  endfacet
  facet normal -0.0590193 -0.0394362 0.997478
    outer loop
      vertex 6.05138 3.87496 5.73632
      vertex 5.31877 3.45199 5.67625
      vertex 6.2149 3.63024 5.73632
    endloop
  endfacet
  facet normal -0.0636618 -0.0313953 0.997478
    outer loop
      vertex 5.9212 4.13893 5.73632
      vertex 5.13965 3.8152 5.67625
      vertex 5.31877 3.45199 5.67625
    endloop
  endfacet
  facet normal -0.0672151 -0.0228169 0.997478
    outer loop
      vertex 5.9212 4.13893 5.73632
      vertex 5.00947 4.19869 5.67625
      vertex 5.13965 3.8152 5.67625
    endloop
  endfacet
  facet normal -0.0458783 0.00300711 0.998943
    outer loop
      vertex 5.76917 5.29369 5.73632
      vertex 5.74992 5 5.73632
      vertex 6.63437 5 5.77694
    endloop
  endfacet
  facet normal -0.0458783 -0.00300711 0.998943
    outer loop
      vertex 6.63437 5 5.77694
      vertex 5.74992 5 5.73632
      vertex 5.76917 4.70631 5.73632
    endloop
  endfacet
  facet normal -0.0984983 -0.0064567 0.995116
    outer loop
      vertex 4.90398 5 5.67625
      vertex 4.14428 4.49238 5.59776
      vertex 4.93047 4.59589 5.67625
    endloop
  endfacet
  facet normal -0.0968132 -0.0192554 0.995116
    outer loop
      vertex 4.93047 4.59589 5.67625
      vertex 4.14428 4.49238 5.59776
      vertex 5.00947 4.19869 5.67625
    endloop
  endfacet
  facet normal -0.0435368 0.0147791 0.998943
    outer loop
      vertex 6.73832 5.5226 5.77694
      vertex 5.9212 5.86107 5.73632
      vertex 6.6809 5.35345 5.77694
    endloop
  endfacet
  facet normal -0.0435369 0.0147789 0.998943
    outer loop
      vertex 5.9212 5.86107 5.73632
      vertex 5.82659 5.58236 5.73632
      vertex 6.6809 5.35345 5.77694
    endloop
  endfacet
  facet normal 0.00441447 -0.0221781 0.999744
    outer loop
      vertex 8.11849 4.55778 5.79743
      vertex 8.05976 4.54609 5.79743
      vertex 8.35345 3.6809 5.77694
    endloop
  endfacet
  facet normal -0.0125661 0.0188001 0.999744
    outer loop
      vertex 7.77109 5.39649 5.79743
      vertex 7.16866 6.08343 5.77694
      vertex 7.7213 5.36321 5.79743
    endloop
  endfacet
  facet normal -0.0014786 -0.0225652 0.999744
    outer loop
      vertex 7.94024 4.54609 5.79743
      vertex 7.82175 3.64605 5.77694
      vertex 8 3.63437 5.77694
    endloop
  endfacet
  facet normal -0.0636616 0.0313955 0.997478
    outer loop
      vertex 6.05138 6.12504 5.73632
      vertex 5.31877 6.54801 5.67625
      vertex 5.9212 5.86107 5.73632
    endloop
  endfacet
  facet normal -0.0202816 0.0100015 0.999744
    outer loop
      vertex 6.81733 5.68282 5.77694
      vertex 6.73832 5.5226 5.77694
      vertex 7.60351 5.22891 5.79743
    endloop
  endfacet
  facet normal -0.130406 0.00854693 0.991424
    outer loop
      vertex 4.14428 5.50762 5.59776
      vertex 3.38458 5 5.50221
      vertex 4.11101 5 5.59776
    endloop
  endfacet
  facet normal -0.0984989 0.00645573 0.995116
    outer loop
      vertex 4.14428 5.50762 5.59776
      vertex 4.11101 5 5.59776
      vertex 4.90398 5 5.67625
    endloop
  endfacet
  facet normal 0.00896964 0.0450935 0.998943
    outer loop
      vertex 8.58236 7.17341 5.73632
      vertex 8.29369 7.23083 5.73632
      vertex 8.35345 6.3191 5.77694
    endloop
  endfacet
  facet normal 0.0147789 0.0435369 0.998943
    outer loop
      vertex 8.58236 7.17341 5.73632
      vertex 8.35345 6.3191 5.77694
      vertex 8.86107 7.0788 5.73632
    endloop
  endfacet
  facet normal -0.00441175 0.022179 0.999744
    outer loop
      vertex 7.82175 6.35395 5.77694
      vertex 7.64655 6.3191 5.77694
      vertex 7.94024 5.45391 5.79743
    endloop
  endfacet
  facet normal 0.0202816 -0.0100015 0.999744
    outer loop
      vertex 9.26168 4.4774 5.77694
      vertex 8.39649 4.77109 5.79743
      vertex 9.18267 4.31718 5.77694
    endloop
  endfacet
  facet normal -0.0188001 0.0125661 0.999744
    outer loop
      vertex 7.63679 5.2787 5.79743
      vertex 6.91657 5.83134 5.77694
      vertex 7.60351 5.22891 5.79743
    endloop
  endfacet
  facet normal -0.00726898 0.0214132 0.999744
    outer loop
      vertex 7.64655 6.3191 5.77694
      vertex 7.4774 6.26168 5.77694
      vertex 7.88151 5.44222 5.79743
    endloop
  endfacet
  facet normal -0.0254953 0.128176 0.991424
    outer loop
      vertex 7.39757 9.57593 5.50221
      vertex 6.80544 9.45815 5.50221
      vertex 7.49238 8.85572 5.59776
    endloop
  endfacet
  facet normal -0.188037 0.214413 0.958472
    outer loop
      vertex 4.17813 9.98076 5.13075
      vertex 3.56071 9.43929 5.13075
      vertex 3.88444 9.11556 5.26668
    endloop
  endfacet
  facet normal -0.127307 0.111644 0.98556
    outer loop
      vertex 4.27858 8.72142 5.39121
      vertex 3.82468 8.20384 5.39121
      vertex 4.33834 7.80969 5.50221
    endloop
  endfacet
  facet normal -0.0317302 0.0934713 0.995116
    outer loop
      vertex 6.99345 8.75648 5.59776
      vertex 6.51175 8.59296 5.59776
      vertex 7.19869 7.99053 5.67625
    endloop
  endfacet
  facet normal -0.0420081 0.123751 0.991424
    outer loop
      vertex 6.80544 9.45815 5.50221
      vertex 6.23376 9.26409 5.50221
      vertex 6.99345 8.75648 5.59776
    endloop
  endfacet
  facet normal -0.0726044 0.108661 0.991424
    outer loop
      vertex 5.69229 8.99707 5.50221
      vertex 5.19031 8.66166 5.50221
      vertex 5.63253 8.08534 5.59776
    endloop
  endfacet
  facet normal -0.0861669 0.0982541 0.991424
    outer loop
      vertex 5.63253 8.08534 5.59776
      vertex 5.19031 8.66166 5.50221
      vertex 5.25007 7.74993 5.59776
    endloop
  endfacet
  facet normal -0.218011 0.0142911 0.975842
    outer loop
      vertex 2.22951 5.7597 5.26668
      vertex 2.17971 5 5.26668
      vertex 2.73712 5 5.39121
    endloop
  endfacet
  facet normal -0.218011 -0.0142911 0.975842
    outer loop
      vertex 2.73712 5 5.39121
      vertex 2.17971 5 5.26668
      vertex 2.22951 4.2403 5.26668
    endloop
  endfacet
  facet normal -0.0934716 0.03173 0.995116
    outer loop
      vertex 5.13965 6.1848 5.67625
      vertex 4.40704 6.48825 5.59776
      vertex 5.00947 5.80131 5.67625
    endloop
  endfacet
  facet normal -0.0382284 0.0255439 0.998942
    outer loop
      vertex 6.2149 6.36976 5.73632
      vertex 6.05138 6.12504 5.73632
      vertex 6.81733 5.68282 5.77694
    endloop
  endfacet
  facet normal -0.151862 0.0748906 0.98556
    outer loop
      vertex 3.44221 7.63144 5.39121
      vertex 3.13773 7.01402 5.39121
      vertex 3.73591 6.76624 5.50221
    endloop
  endfacet
  facet normal -0.151864 0.07489 0.98556
    outer loop
      vertex 4.00293 7.30771 5.50221
      vertex 3.44221 7.63144 5.39121
      vertex 3.73591 6.76624 5.50221
    endloop
  endfacet
  facet normal -0.237126 0.158444 0.958471
    outer loop
      vertex 3.38246 8.54317 5.26668
      vertex 2.563 8.13905 5.13075
      vertex 2.95948 7.91014 5.26668
    endloop
  endfacet
  facet normal -0.448784 0.299868 0.841827
    outer loop
      vertex 2.55324 9.17945 4.83411
      vertex 2.25954 8.31425 4.98573
      vertex 2.74125 9.03518 4.98573
    endloop
  endfacet
  facet normal -0.0940737 0.14079 0.98556
    outer loop
      vertex 5.36856 9.55779 5.39121
      vertex 4.79616 9.17532 5.39121
      vertex 5.19031 8.66166 5.50221
    endloop
  endfacet
  facet normal -0.0578004 0.117209 0.991424
    outer loop
      vertex 6.23376 9.26409 5.50221
      vertex 5.69229 8.99707 5.50221
      vertex 6.51175 8.59296 5.59776
    endloop
  endfacet
  facet normal -0.0110749 0.168951 0.985562
    outer loop
      vertex 8 9.61542 5.50221
      vertex 7.31306 10.2179 5.39121
      vertex 7.39757 9.57593 5.50221
    endloop
  endfacet
  facet normal -0.033031 0.166061 0.985562
    outer loop
      vertex 7.31306 10.2179 5.39121
      vertex 6.80544 9.45815 5.50221
      vertex 7.39757 9.57593 5.50221
    endloop
  endfacet
  facet normal 0.00854693 0.130406 0.991424
    outer loop
      vertex 8 9.61542 5.50221
      vertex 8 8.88899 5.59776
      vertex 8.50762 8.85572 5.59776
    endloop
  endfacet
  facet normal -0.0085483 0.130407 0.991424
    outer loop
      vertex 8 9.61542 5.50221
      vertex 7.39757 9.57593 5.50221
      vertex 7.49238 8.85572 5.59776
    endloop
  endfacet
  facet normal 0.0254953 0.128176 0.991424
    outer loop
      vertex 8.60243 9.57593 5.50221
      vertex 8.50762 8.85572 5.59776
      vertex 9.19456 9.45815 5.50221
    endloop
  endfacet
  facet normal 0.033031 0.166061 0.985562
    outer loop
      vertex 8.68694 10.2179 5.39121
      vertex 8.60243 9.57593 5.50221
      vertex 9.19456 9.45815 5.50221
    endloop
  endfacet
  facet normal -0.0186554 0.284588 0.958468
    outer loop
      vertex 8 11.2781 5.13075
      vertex 7.2403 10.7705 5.26668
      vertex 8 10.8203 5.26668
    endloop
  endfacet
  facet normal -0.0186488 0.284579 0.958471
    outer loop
      vertex 8 11.2781 5.13075
      vertex 7.18054 11.2244 5.13075
      vertex 7.2403 10.7705 5.26668
    endloop
  endfacet
  facet normal -0.555572 -0.831468 0
    outer loop
      vertex 3.74779 -0.541582 4.6
      vertex 4.50749 -1.0492 4.67848
      vertex 3.74779 -0.541582 4.67848
    endloop
  endfacet
  facet normal -0.555572 -0.831468 -0
    outer loop
      vertex 4.50749 -1.0492 4.67848
      vertex 3.74779 -0.541582 4.6
      vertex 4.50749 -1.0492 4.6
    endloop
  endfacet
  facet normal -0.214413 -0.188037 0.958472
    outer loop
      vertex 3.88444 0.884436 5.26668
      vertex 3.01924 1.17813 5.13075
      vertex 3.56071 0.560707 5.13075
    endloop
  endfacet
  facet normal -0.288038 -0.252605 0.923702
    outer loop
      vertex 3.01924 1.17813 5.13075
      vertex 2.74125 0.964819 4.98573
      vertex 3.56071 0.560707 5.13075
    endloop
  endfacet
  facet normal 0.045095 -0.00897009 0.998942
    outer loop
      vertex 9.35395 4.82175 5.77694
      vertex 9.3191 4.64655 5.77694
      vertex 10.2308 4.70631 5.73632
    endloop
  endfacet
  facet normal 0.0458801 -0.00300634 0.998942
    outer loop
      vertex 9.36563 5 5.77694
      vertex 9.35395 4.82175 5.77694
      vertex 10.2308 4.70631 5.73632
    endloop
  endfacet
  facet normal 0.0255439 -0.0382284 0.998942
    outer loop
      vertex 8.83134 3.91657 5.77694
      vertex 8.68282 3.81733 5.77694
      vertex 9.36976 3.2149 5.73632
    endloop
  endfacet
  facet normal 0.0313953 -0.0636618 0.997478
    outer loop
      vertex 9.54801 2.31877 5.67625
      vertex 8.86107 2.9212 5.73632
      vertex 9.1848 2.13965 5.67625
    endloop
  endfacet
  facet normal 0.0170037 0.014908 0.999744
    outer loop
      vertex 8.96565 5.96565 5.77694
      vertex 8.32373 5.32373 5.79743
      vertex 8.36321 5.2787 5.79743
    endloop
  endfacet
  facet normal -0.0170037 0.014908 0.999744
    outer loop
      vertex 7.67627 5.32373 5.79743
      vertex 7.03435 5.96565 5.77694
      vertex 7.63679 5.2787 5.79743
    endloop
  endfacet
  facet normal 0.00147639 -0.022565 0.999744
    outer loop
      vertex 8 4.54218 5.79743
      vertex 8 3.63437 5.77694
      vertex 8.05976 4.54609 5.79743
    endloop
  endfacet
  facet normal -0.00147639 0.022565 0.999744
    outer loop
      vertex 8 6.36563 5.77694
      vertex 7.94024 5.45391 5.79743
      vertex 8 5.45782 5.79743
    endloop
  endfacet
  facet normal 0.0345675 -0.0303153 0.998942
    outer loop
      vertex 9.7851 3.63024 5.73632
      vertex 8.96565 4.03435 5.77694
      vertex 9.59104 3.40896 5.73632
    endloop
  endfacet
  facet normal 0.0203356 -0.0412351 0.998943
    outer loop
      vertex 9.12504 3.05138 5.73632
      vertex 8.5226 3.73832 5.77694
      vertex 8.86107 2.9212 5.73632
    endloop
  endfacet
  facet normal 0.0147791 -0.0435368 0.998943
    outer loop
      vertex 8.5226 3.73832 5.77694
      vertex 8.35345 3.6809 5.77694
      vertex 8.86107 2.9212 5.73632
    endloop
  endfacet
  facet normal 0.0578015 -0.117209 0.991424
    outer loop
      vertex 9.9445 1.63204 5.59776
      vertex 9.48825 1.40704 5.59776
      vertex 10.3077 1.00293 5.50221
    endloop
  endfacet
  facet normal 0.0436588 -0.0885303 0.995116
    outer loop
      vertex 9.54801 2.31877 5.67625
      vertex 9.48825 1.40704 5.59776
      vertex 9.9445 1.63204 5.59776
    endloop
  endfacet
  facet normal -0.0548398 -0.0820757 0.995116
    outer loop
      vertex 6.11526 2.54376 5.67625
      vertex 5.63253 1.91466 5.59776
      vertex 6.45199 2.31877 5.67625
    endloop
  endfacet
  facet normal -0.0138479 -0.0696183 0.997478
    outer loop
      vertex 7.41764 2.82659 5.73632
      vertex 7.19869 2.00947 5.67625
      vertex 7.70631 2.76917 5.73632
    endloop
  endfacet
  facet normal -0.0110747 -0.168964 0.98556
    outer loop
      vertex 7.39757 0.424066 5.50221
      vertex 7.31306 -0.217854 5.39121
      vertex 8 0.38458 5.50221
    endloop
  endfacet
  facet normal -0.0254951 -0.128175 0.991424
    outer loop
      vertex 7.49238 1.14428 5.59776
      vertex 6.80544 0.541846 5.50221
      vertex 7.39757 0.424066 5.50221
    endloop
  endfacet
  facet normal -0.0202816 -0.0100015 0.999744
    outer loop
      vertex 7.60351 4.77109 5.79743
      vertex 6.73832 4.4774 5.77694
      vertex 6.81733 4.31718 5.77694
    endloop
  endfacet
  facet normal -0.00726898 -0.0214132 0.999744
    outer loop
      vertex 7.88151 4.55778 5.79743
      vertex 7.4774 3.73832 5.77694
      vertex 7.64655 3.6809 5.77694
    endloop
  endfacet
  facet normal -0.0147791 -0.0435368 0.998943
    outer loop
      vertex 7.4774 3.73832 5.77694
      vertex 7.13893 2.9212 5.73632
      vertex 7.64655 3.6809 5.77694
    endloop
  endfacet
  facet normal -0.017002 0.0149095 0.999744
    outer loop
      vertex 7.03435 5.96565 5.77694
      vertex 6.91657 5.83134 5.77694
      vertex 7.63679 5.2787 5.79743
    endloop
  endfacet
  facet normal -0.0313953 -0.0636618 0.997478
    outer loop
      vertex 7.13893 2.9212 5.73632
      vertex 6.45199 2.31877 5.67625
      vertex 6.8152 2.13965 5.67625
    endloop
  endfacet
  facet normal -0.0436595 -0.0885303 0.995116
    outer loop
      vertex 6.8152 2.13965 5.67625
      vertex 6.45199 2.31877 5.67625
      vertex 6.51175 1.40704 5.59776
    endloop
  endfacet
  facet normal 0.0149095 0.017002 0.999744
    outer loop
      vertex 8.83134 6.08343 5.77694
      vertex 8.2787 5.36321 5.79743
      vertex 8.96565 5.96565 5.77694
    endloop
  endfacet
  facet normal -0.0303153 -0.0345675 0.998942
    outer loop
      vertex 7.03435 4.03435 5.77694
      vertex 6.40896 3.40896 5.73632
      vertex 6.63024 3.2149 5.73632
    endloop
  endfacet
  facet normal -0.0345675 -0.0303153 0.998942
    outer loop
      vertex 7.03435 4.03435 5.77694
      vertex 6.2149 3.63024 5.73632
      vertex 6.40896 3.40896 5.73632
    endloop
  endfacet
  facet normal -0.0064567 -0.0984983 0.995116
    outer loop
      vertex 7.59589 1.93047 5.67625
      vertex 7.49238 1.14428 5.59776
      vertex 8 1.90398 5.67625
    endloop
  endfacet
  facet normal -0.0085474 -0.130406 0.991424
    outer loop
      vertex 7.49238 1.14428 5.59776
      vertex 7.39757 0.424066 5.50221
      vertex 8 0.38458 5.50221
    endloop
  endfacet
  facet normal 0.0085474 -0.130406 0.991424
    outer loop
      vertex 8.50762 1.14428 5.59776
      vertex 8 0.38458 5.50221
      vertex 8.60243 0.424066 5.50221
    endloop
  endfacet
  facet normal 0.0330343 -0.166073 0.98556
    outer loop
      vertex 9.19456 0.541846 5.50221
      vertex 8.68694 -0.217854 5.39121
      vertex 9.36213 -0.0835495 5.39121
    endloop
  endfacet
  facet normal 0.00854693 -0.130406 0.991424
    outer loop
      vertex 8 1.11101 5.59776
      vertex 8 0.38458 5.50221
      vertex 8.50762 1.14428 5.59776
    endloop
  endfacet
  facet normal 0.0254951 -0.128175 0.991424
    outer loop
      vertex 9.19456 0.541846 5.50221
      vertex 8.50762 1.14428 5.59776
      vertex 8.60243 0.424066 5.50221
    endloop
  endfacet
  facet normal -0.00854693 -0.130406 0.991424
    outer loop
      vertex 8 1.11101 5.59776
      vertex 7.49238 1.14428 5.59776
      vertex 8 0.38458 5.50221
    endloop
  endfacet
  facet normal 0.00645573 -0.0984989 0.995116
    outer loop
      vertex 8 1.90398 5.67625
      vertex 8 1.11101 5.59776
      vertex 8.50762 1.14428 5.59776
    endloop
  endfacet
  facet normal -0.0578006 -0.117209 0.991424
    outer loop
      vertex 6.51175 1.40704 5.59776
      vertex 5.69229 1.00293 5.50221
      vertex 6.23376 0.735908 5.50221
    endloop
  endfacet
  facet normal -0.0578011 -0.117208 0.991424
    outer loop
      vertex 6.0555 1.63204 5.59776
      vertex 5.69229 1.00293 5.50221
      vertex 6.51175 1.40704 5.59776
    endloop
  endfacet
  facet normal 0.448824 -0.299877 0.841802
    outer loop
      vertex 13.7405 1.68575 4.98573
      vertex 13.4468 0.820551 4.83411
      vertex 13.9457 1.56725 4.83411
    endloop
  endfacet
  facet normal 0.65999 -0.440966 0.608245
    outer loop
      vertex 13.9457 1.56725 4.83411
      vertex 13.4468 0.820551 4.83411
      vertex 14.0492 1.50749 4.67848
    endloop
  endfacet
  facet normal 0.214401 -0.187996 0.958483
    outer loop
      vertex 12.6175 1.45683 5.26668
      vertex 12.1156 0.884436 5.26668
      vertex 12.9808 1.17813 5.13075
    endloop
  endfacet
  facet normal 0.237099 -0.158409 0.958484
    outer loop
      vertex 13.437 1.86095 5.13075
      vertex 12.6175 1.45683 5.26668
      vertex 12.9808 1.17813 5.13075
    endloop
  endfacet
  facet normal 0.0014786 0.0225652 0.999744
    outer loop
      vertex 8.17825 6.35395 5.77694
      vertex 8 6.36563 5.77694
      vertex 8.05976 5.45391 5.79743
    endloop
  endfacet
  facet normal 0.00999952 -0.0202823 0.999744
    outer loop
      vertex 8.22891 4.60351 5.79743
      vertex 8.1752 4.57703 5.79743
      vertex 8.5226 3.73832 5.77694
    endloop
  endfacet
  facet normal 0.0125636 -0.0188023 0.999744
    outer loop
      vertex 8.83134 3.91657 5.77694
      vertex 8.22891 4.60351 5.79743
      vertex 8.68282 3.81733 5.77694
    endloop
  endfacet
  facet normal -0.288038 0.252605 0.923702
    outer loop
      vertex 3.31294 9.68706 4.98573
      vertex 2.74125 9.03518 4.98573
      vertex 3.56071 9.43929 5.13075
    endloop
  endfacet
  facet normal -0.252617 0.288026 0.923702
    outer loop
      vertex 3.96482 10.2588 4.98573
      vertex 3.31294 9.68706 4.98573
      vertex 3.56071 9.43929 5.13075
    endloop
  endfacet
  facet normal -0.169401 0.343586 0.923716
    outer loop
      vertex 5.46338 11.1239 4.98573
      vertex 4.68575 10.7405 4.98573
      vertex 4.86095 10.437 5.13075
    endloop
  endfacet
  facet normal -0.212822 0.318517 0.923717
    outer loop
      vertex 4.68575 10.7405 4.98573
      vertex 3.96482 10.2588 4.98573
      vertex 4.17813 9.98076 5.13075
    endloop
  endfacet
  facet normal -0.555559 0.831477 0
    outer loop
      vertex 4.50749 11.0492 4.6
      vertex 3.74779 10.5416 4.67848
      vertex 4.50749 11.0492 4.67848
    endloop
  endfacet
  facet normal -0.555559 0.831477 0
    outer loop
      vertex 3.74779 10.5416 4.67848
      vertex 4.50749 11.0492 4.6
      vertex 3.74779 10.5416 4.6
    endloop
  endfacet
  facet normal -0.0968132 0.0192554 0.995116
    outer loop
      vertex 5.00947 5.80131 5.67625
      vertex 4.14428 5.50762 5.59776
      vertex 4.93047 5.40411 5.67625
    endloop
  endfacet
  facet normal -0.0984983 0.0064567 0.995116
    outer loop
      vertex 4.93047 5.40411 5.67625
      vertex 4.14428 5.50762 5.59776
      vertex 4.90398 5 5.67625
    endloop
  endfacet
  facet normal -0.0696191 -0.0138467 0.997478
    outer loop
      vertex 5.76917 4.70631 5.73632
      vertex 4.93047 4.59589 5.67625
      vertex 5.00947 4.19869 5.67625
    endloop
  endfacet
  facet normal -0.0708308 -0.00464306 0.997478
    outer loop
      vertex 5.76917 4.70631 5.73632
      vertex 4.90398 5 5.67625
      vertex 4.93047 4.59589 5.67625
    endloop
  endfacet
  facet normal -0.0147789 0.0435369 0.998943
    outer loop
      vertex 7.41764 7.17341 5.73632
      vertex 7.13893 7.0788 5.73632
      vertex 7.64655 6.3191 5.77694
    endloop
  endfacet
  facet normal -0.0255439 0.0382284 0.998942
    outer loop
      vertex 6.87496 6.94862 5.73632
      vertex 6.63024 6.7851 5.73632
      vertex 7.31718 6.18267 5.77694
    endloop
  endfacet
  facet normal -0.0533663 0.0468017 0.997478
    outer loop
      vertex 6.40896 6.59104 5.73632
      vertex 5.81078 7.18922 5.67625
      vertex 6.2149 6.36976 5.73632
    endloop
  endfacet
  facet normal -0.0303153 0.0345675 0.998942
    outer loop
      vertex 6.63024 6.7851 5.73632
      vertex 6.40896 6.59104 5.73632
      vertex 7.03435 5.96565 5.77694
    endloop
  endfacet
  facet normal -0.0188001 -0.0125661 0.999744
    outer loop
      vertex 7.60351 4.77109 5.79743
      vertex 6.91657 4.16866 5.77694
      vertex 7.63679 4.7213 5.79743
    endloop
  endfacet
  facet normal 0.00441175 -0.022179 0.999744
    outer loop
      vertex 8.35345 3.6809 5.77694
      vertex 8.05976 4.54609 5.79743
      vertex 8.17825 3.64605 5.77694
    endloop
  endfacet
  facet normal 0.00896979 0.0450935 0.998943
    outer loop
      vertex 8.29369 7.23083 5.73632
      vertex 8.17825 6.35395 5.77694
      vertex 8.35345 6.3191 5.77694
    endloop
  endfacet
  facet normal 0.00300624 0.0458786 0.998943
    outer loop
      vertex 8.29369 7.23083 5.73632
      vertex 8 6.36563 5.77694
      vertex 8.17825 6.35395 5.77694
    endloop
  endfacet
  facet normal -0.00896964 0.0450935 0.998943
    outer loop
      vertex 7.70631 7.23083 5.73632
      vertex 7.41764 7.17341 5.73632
      vertex 7.64655 6.3191 5.77694
    endloop
  endfacet
  facet normal -0.00896979 0.0450935 0.998943
    outer loop
      vertex 7.70631 7.23083 5.73632
      vertex 7.64655 6.3191 5.77694
      vertex 7.82175 6.35395 5.77694
    endloop
  endfacet
  facet normal -0.0228166 0.0672151 0.997478
    outer loop
      vertex 7.19869 7.99053 5.67625
      vertex 7.13893 7.0788 5.73632
      vertex 7.41764 7.17341 5.73632
    endloop
  endfacet
  facet normal -0.0138479 0.0696183 0.997478
    outer loop
      vertex 7.70631 7.23083 5.73632
      vertex 7.19869 7.99053 5.67625
      vertex 7.41764 7.17341 5.73632
    endloop
  endfacet
  facet normal -0.0313955 0.0636616 0.997478
    outer loop
      vertex 7.13893 7.0788 5.73632
      vertex 6.45199 7.68123 5.67625
      vertex 6.87496 6.94862 5.73632
    endloop
  endfacet
  facet normal -0.0203356 0.0412351 0.998943
    outer loop
      vertex 7.13893 7.0788 5.73632
      vertex 6.87496 6.94862 5.73632
      vertex 7.4774 6.26168 5.77694
    endloop
  endfacet
  facet normal -0.164261 0.144055 0.975841
    outer loop
      vertex 3.88444 9.11556 5.26668
      vertex 3.38246 8.54317 5.26668
      vertex 3.82468 8.20384 5.39121
    endloop
  endfacet
  facet normal -0.164265 0.144055 0.975841
    outer loop
      vertex 3.88444 9.11556 5.26668
      vertex 3.82468 8.20384 5.39121
      vertex 4.27858 8.72142 5.39121
    endloop
  endfacet
  facet normal -0.0436588 0.0885303 0.995116
    outer loop
      vertex 6.51175 8.59296 5.59776
      vertex 6.0555 8.36796 5.59776
      vertex 6.45199 7.68123 5.67625
    endloop
  endfacet
  facet normal -0.03173 0.0934716 0.995116
    outer loop
      vertex 7.19869 7.99053 5.67625
      vertex 6.51175 8.59296 5.59776
      vertex 6.8152 7.86035 5.67625
    endloop
  endfacet
  facet normal -0.0742145 0.0650847 0.995116
    outer loop
      vertex 5.25007 7.74993 5.59776
      vertex 4.91466 7.36747 5.59776
      vertex 5.54376 6.88474 5.67625
    endloop
  endfacet
  facet normal -0.0982541 0.0861669 0.991424
    outer loop
      vertex 5.25007 7.74993 5.59776
      vertex 4.33834 7.80969 5.50221
      vertex 4.91466 7.36747 5.59776
    endloop
  endfacet
  facet normal -0.0672151 0.0228169 0.997478
    outer loop
      vertex 5.13965 6.1848 5.67625
      vertex 5.00947 5.80131 5.67625
      vertex 5.9212 5.86107 5.73632
    endloop
  endfacet
  facet normal -0.0636618 0.0313953 0.997478
    outer loop
      vertex 5.31877 6.54801 5.67625
      vertex 5.13965 6.1848 5.67625
      vertex 5.9212 5.86107 5.73632
    endloop
  endfacet
  facet normal -0.0412351 0.0203356 0.998943
    outer loop
      vertex 6.05138 6.12504 5.73632
      vertex 5.9212 5.86107 5.73632
      vertex 6.73832 5.5226 5.77694
    endloop
  endfacet
  facet normal -0.0412358 0.0203348 0.998942
    outer loop
      vertex 6.81733 5.68282 5.77694
      vertex 6.05138 6.12504 5.73632
      vertex 6.73832 5.5226 5.77694
    endloop
  endfacet
  facet normal -0.108661 0.072605 0.991424
    outer loop
      vertex 4.91466 7.36747 5.59776
      vertex 4.00293 7.30771 5.50221
      vertex 4.63204 6.9445 5.59776
    endloop
  endfacet
  facet normal -0.140789 0.0940717 0.98556
    outer loop
      vertex 4.33834 7.80969 5.50221
      vertex 3.44221 7.63144 5.39121
      vertex 4.00293 7.30771 5.50221
    endloop
  endfacet
  facet normal -0.288038 0.252606 0.923701
    outer loop
      vertex 3.56071 9.43929 5.13075
      vertex 2.74125 9.03518 4.98573
      vertex 3.01924 8.82187 5.13075
    endloop
  endfacet
  facet normal -0.318545 0.212842 0.923703
    outer loop
      vertex 3.01924 8.82187 5.13075
      vertex 2.25954 8.31425 4.98573
      vertex 2.563 8.13905 5.13075
    endloop
  endfacet
  facet normal -0.072605 0.108661 0.991424
    outer loop
      vertex 5.69229 8.99707 5.50221
      vertex 5.63253 8.08534 5.59776
      vertex 6.0555 8.36796 5.59776
    endloop
  endfacet
  facet normal -0.0578011 0.117208 0.991424
    outer loop
      vertex 6.51175 8.59296 5.59776
      vertex 5.69229 8.99707 5.50221
      vertex 6.0555 8.36796 5.59776
    endloop
  endfacet
  facet normal -0.0254949 0.128176 0.991424
    outer loop
      vertex 7.49238 8.85572 5.59776
      vertex 6.80544 9.45815 5.50221
      vertex 6.99345 8.75648 5.59776
    endloop
  endfacet
  facet normal -0.0192568 0.0968136 0.995116
    outer loop
      vertex 7.49238 8.85572 5.59776
      vertex 6.99345 8.75648 5.59776
      vertex 7.19869 7.99053 5.67625
    endloop
  endfacet
  facet normal -0.0426182 0.214297 0.975838
    outer loop
      vertex 7.2403 10.7705 5.26668
      vertex 6.4936 10.622 5.26668
      vertex 7.31306 10.2179 5.39121
    endloop
  endfacet
  facet normal -0.0556275 0.279711 0.958471
    outer loop
      vertex 7.18054 11.2244 5.13075
      vertex 6.4936 10.622 5.26668
      vertex 7.2403 10.7705 5.26668
    endloop
  endfacet
  facet normal -0.144055 -0.16426 0.975842
    outer loop
      vertex 4.79616 0.824678 5.39121
      vertex 3.88444 0.884436 5.26668
      vertex 4.45683 0.382456 5.26668
    endloop
  endfacet
  facet normal -0.188039 -0.214414 0.958472
    outer loop
      vertex 4.45683 0.382456 5.26668
      vertex 3.88444 0.884436 5.26668
      vertex 4.17813 0.0192413 5.13075
    endloop
  endfacet
  facet normal -0.252604 -0.288038 0.923702
    outer loop
      vertex 3.56071 0.560707 5.13075
      vertex 3.31294 0.312936 4.98573
      vertex 3.96482 -0.258751 4.98573
    endloop
  endfacet
  facet normal -0.252604 -0.288038 0.923702
    outer loop
      vertex 4.17813 0.0192413 5.13075
      vertex 3.56071 0.560707 5.13075
      vertex 3.96482 -0.258751 4.98573
    endloop
  endfacet
  facet normal -0.00999952 -0.0202823 0.999744
    outer loop
      vertex 7.77109 4.60351 5.79743
      vertex 7.4774 3.73832 5.77694
      vertex 7.8248 4.57703 5.79743
    endloop
  endfacet
  facet normal -0.00147639 -0.022565 0.999744
    outer loop
      vertex 8 4.54218 5.79743
      vertex 7.94024 4.54609 5.79743
      vertex 8 3.63437 5.77694
    endloop
  endfacet
  facet normal 0.017002 -0.0149095 0.999744
    outer loop
      vertex 9.08343 4.16866 5.77694
      vertex 8.36321 4.7213 5.79743
      vertex 8.96565 4.03435 5.77694
    endloop
  endfacet
  facet normal 0 0 1
    outer loop
      vertex 8.45391 5.05976 5.79743
      vertex 8.45391 4.94024 5.79743
      vertex 8.45782 5 5.79743
    endloop
  endfacet
  facet normal 0 0 1
    outer loop
      vertex 8.44222 5.11849 5.79743
      vertex 8.45391 4.94024 5.79743
      vertex 8.45391 5.05976 5.79743
    endloop
  endfacet
  facet normal 0 0 1
    outer loop
      vertex 8.44222 5.11849 5.79743
      vertex 8.44222 4.88151 5.79743
      vertex 8.45391 4.94024 5.79743
    endloop
  endfacet
  facet normal 0 0 1
    outer loop
      vertex 8.42297 5.1752 5.79743
      vertex 8.44222 4.88151 5.79743
      vertex 8.44222 5.11849 5.79743
    endloop
  endfacet
  facet normal 0 0 1
    outer loop
      vertex 8.42297 5.1752 5.79743
      vertex 8.42297 4.8248 5.79743
      vertex 8.44222 4.88151 5.79743
    endloop
  endfacet
  facet normal 0 0 1
    outer loop
      vertex 8.39649 5.22891 5.79743
      vertex 8.42297 4.8248 5.79743
      vertex 8.42297 5.1752 5.79743
    endloop
  endfacet
  facet normal 0 0 1
    outer loop
      vertex 8.39649 5.22891 5.79743
      vertex 8.39649 4.77109 5.79743
      vertex 8.42297 4.8248 5.79743
    endloop
  endfacet
  facet normal 0 0 1
    outer loop
      vertex 8.36321 5.2787 5.79743
      vertex 8.39649 4.77109 5.79743
      vertex 8.39649 5.22891 5.79743
    endloop
  endfacet
  facet normal 0 0 1
    outer loop
      vertex 8.36321 5.2787 5.79743
      vertex 8.36321 4.7213 5.79743
      vertex 8.39649 4.77109 5.79743
    endloop
  endfacet
  facet normal 0 0 1
    outer loop
      vertex 8.32373 5.32373 5.79743
      vertex 8.36321 4.7213 5.79743
      vertex 8.36321 5.2787 5.79743
    endloop
  endfacet
  facet normal 0 0 1
    outer loop
      vertex 8.32373 5.32373 5.79743
      vertex 8.32373 4.67627 5.79743
      vertex 8.36321 4.7213 5.79743
    endloop
  endfacet
  facet normal 0 0 1
    outer loop
      vertex 8.2787 5.36321 5.79743
      vertex 8.32373 4.67627 5.79743
      vertex 8.32373 5.32373 5.79743
    endloop
  endfacet
  facet normal 0 0 1
    outer loop
      vertex 8.2787 5.36321 5.79743
      vertex 8.2787 4.63679 5.79743
      vertex 8.32373 4.67627 5.79743
    endloop
  endfacet
  facet normal 0 0 1
    outer loop
      vertex 8.22891 5.39649 5.79743
      vertex 8.2787 4.63679 5.79743
      vertex 8.2787 5.36321 5.79743
    endloop
  endfacet
  facet normal 0 0 1
    outer loop
      vertex 8.22891 5.39649 5.79743
      vertex 8.22891 4.60351 5.79743
      vertex 8.2787 4.63679 5.79743
    endloop
  endfacet
  facet normal 0 0 1
    outer loop
      vertex 8.1752 5.42297 5.79743
      vertex 8.22891 4.60351 5.79743
      vertex 8.22891 5.39649 5.79743
    endloop
  endfacet
  facet normal 0 0 1
    outer loop
      vertex 8.1752 5.42297 5.79743
      vertex 8.1752 4.57703 5.79743
      vertex 8.22891 4.60351 5.79743
    endloop
  endfacet
  facet normal 0 0 1
    outer loop
      vertex 8.11849 5.44222 5.79743
      vertex 8.1752 4.57703 5.79743
      vertex 8.1752 5.42297 5.79743
    endloop
  endfacet
  facet normal 0 0 1
    outer loop
      vertex 8.11849 5.44222 5.79743
      vertex 8.11849 4.55778 5.79743
      vertex 8.1752 4.57703 5.79743
    endloop
  endfacet
  facet normal 0 0 1
    outer loop
      vertex 8.05976 5.45391 5.79743
      vertex 8.11849 4.55778 5.79743
      vertex 8.11849 5.44222 5.79743
    endloop
  endfacet
  facet normal 0 0 1
    outer loop
      vertex 8.05976 5.45391 5.79743
      vertex 8.05976 4.54609 5.79743
      vertex 8.11849 4.55778 5.79743
    endloop
  endfacet
  facet normal 0 0 1
    outer loop
      vertex 8 5.45782 5.79743
      vertex 8.05976 4.54609 5.79743
      vertex 8.05976 5.45391 5.79743
    endloop
  endfacet
  facet normal 0 0 1
    outer loop
      vertex 8 5.45782 5.79743
      vertex 8 4.54218 5.79743
      vertex 8.05976 4.54609 5.79743
    endloop
  endfacet
  facet normal -0 0 1
    outer loop
      vertex 7.94024 5.45391 5.79743
      vertex 8 4.54218 5.79743
      vertex 8 5.45782 5.79743
    endloop
  endfacet
  facet normal 0 0 1
    outer loop
      vertex 7.94024 5.45391 5.79743
      vertex 7.94024 4.54609 5.79743
      vertex 8 4.54218 5.79743
    endloop
  endfacet
  facet normal -0 0 1
    outer loop
      vertex 7.88151 5.44222 5.79743
      vertex 7.94024 4.54609 5.79743
      vertex 7.94024 5.45391 5.79743
    endloop
  endfacet
  facet normal 0 0 1
    outer loop
      vertex 7.88151 5.44222 5.79743
      vertex 7.88151 4.55778 5.79743
      vertex 7.94024 4.54609 5.79743
    endloop
  endfacet
  facet normal -0 0 1
    outer loop
      vertex 7.8248 5.42297 5.79743
      vertex 7.88151 4.55778 5.79743
      vertex 7.88151 5.44222 5.79743
    endloop
  endfacet
  facet normal 0 0 1
    outer loop
      vertex 7.8248 5.42297 5.79743
      vertex 7.8248 4.57703 5.79743
      vertex 7.88151 4.55778 5.79743
    endloop
  endfacet
  facet normal -0 0 1
    outer loop
      vertex 7.77109 5.39649 5.79743
      vertex 7.8248 4.57703 5.79743
      vertex 7.8248 5.42297 5.79743
    endloop
  endfacet
  facet normal 0 0 1
    outer loop
      vertex 7.77109 5.39649 5.79743
      vertex 7.77109 4.60351 5.79743
      vertex 7.8248 4.57703 5.79743
    endloop
  endfacet
  facet normal -0 0 1
    outer loop
      vertex 7.7213 5.36321 5.79743
      vertex 7.77109 4.60351 5.79743
      vertex 7.77109 5.39649 5.79743
    endloop
  endfacet
  facet normal 0 0 1
    outer loop
      vertex 7.7213 5.36321 5.79743
      vertex 7.7213 4.63679 5.79743
      vertex 7.77109 4.60351 5.79743
    endloop
  endfacet
  facet normal -0 0 1
    outer loop
      vertex 7.67627 5.32373 5.79743
      vertex 7.7213 4.63679 5.79743
      vertex 7.7213 5.36321 5.79743
    endloop
  endfacet
  facet normal 0 0 1
    outer loop
      vertex 7.67627 5.32373 5.79743
      vertex 7.67627 4.67627 5.79743
      vertex 7.7213 4.63679 5.79743
    endloop
  endfacet
  facet normal -0 0 1
    outer loop
      vertex 7.63679 5.2787 5.79743
      vertex 7.67627 4.67627 5.79743
      vertex 7.67627 5.32373 5.79743
    endloop
  endfacet
  facet normal 0 0 1
    outer loop
      vertex 7.63679 5.2787 5.79743
      vertex 7.63679 4.7213 5.79743
      vertex 7.67627 4.67627 5.79743
    endloop
  endfacet
  facet normal -0 0 1
    outer loop
      vertex 7.60351 5.22891 5.79743
      vertex 7.63679 4.7213 5.79743
      vertex 7.63679 5.2787 5.79743
    endloop
  endfacet
  facet normal 0 0 1
    outer loop
      vertex 7.60351 5.22891 5.79743
      vertex 7.60351 4.77109 5.79743
      vertex 7.63679 4.7213 5.79743
    endloop
  endfacet
  facet normal -0 0 1
    outer loop
      vertex 7.57703 5.1752 5.79743
      vertex 7.60351 4.77109 5.79743
      vertex 7.60351 5.22891 5.79743
    endloop
  endfacet
  facet normal 0 0 1
    outer loop
      vertex 7.57703 5.1752 5.79743
      vertex 7.57703 4.8248 5.79743
      vertex 7.60351 4.77109 5.79743
    endloop
  endfacet
  facet normal -0 0 1
    outer loop
      vertex 7.55778 5.11849 5.79743
      vertex 7.57703 4.8248 5.79743
      vertex 7.57703 5.1752 5.79743
    endloop
  endfacet
  facet normal 0 0 1
    outer loop
      vertex 7.55778 5.11849 5.79743
      vertex 7.55778 4.88151 5.79743
      vertex 7.57703 4.8248 5.79743
    endloop
  endfacet
  facet normal -0 0 1
    outer loop
      vertex 7.54609 5.05976 5.79743
      vertex 7.55778 4.88151 5.79743
      vertex 7.55778 5.11849 5.79743
    endloop
  endfacet
  facet normal 0 0 1
    outer loop
      vertex 7.54609 5.05976 5.79743
      vertex 7.54609 4.94024 5.79743
      vertex 7.55778 4.88151 5.79743
    endloop
  endfacet
  facet normal 0 -0 1
    outer loop
      vertex 7.54609 4.94024 5.79743
      vertex 7.54609 5.05976 5.79743
      vertex 7.54218 5 5.79743
    endloop
  endfacet
  facet normal 0.00896979 -0.0450935 0.998943
    outer loop
      vertex 8.35345 3.6809 5.77694
      vertex 8.17825 3.64605 5.77694
      vertex 8.29369 2.76917 5.73632
    endloop
  endfacet
  facet normal 0.00300624 -0.0458786 0.998943
    outer loop
      vertex 8.17825 3.64605 5.77694
      vertex 8 3.63437 5.77694
      vertex 8.29369 2.76917 5.73632
    endloop
  endfacet
  facet normal 0.0468024 -0.0533672 0.997478
    outer loop
      vertex 9.59104 3.40896 5.73632
      vertex 9.36976 3.2149 5.73632
      vertex 10.1892 2.81078 5.67625
    endloop
  endfacet
  facet normal 0.0303153 -0.0345675 0.998942
    outer loop
      vertex 9.59104 3.40896 5.73632
      vertex 8.96565 4.03435 5.77694
      vertex 9.36976 3.2149 5.73632
    endloop
  endfacet
  facet normal -0.0192554 -0.0968132 0.995116
    outer loop
      vertex 7.59589 1.93047 5.67625
      vertex 7.19869 2.00947 5.67625
      vertex 7.49238 1.14428 5.59776
    endloop
  endfacet
  facet normal -0.0192568 -0.0968136 0.995116
    outer loop
      vertex 7.19869 2.00947 5.67625
      vertex 6.99345 1.24352 5.59776
      vertex 7.49238 1.14428 5.59776
    endloop
  endfacet
  facet normal -0.00896964 -0.0450935 0.998943
    outer loop
      vertex 7.64655 3.6809 5.77694
      vertex 7.41764 2.82659 5.73632
      vertex 7.70631 2.76917 5.73632
    endloop
  endfacet
  facet normal -0.0147789 -0.0435369 0.998943
    outer loop
      vertex 7.64655 3.6809 5.77694
      vertex 7.13893 2.9212 5.73632
      vertex 7.41764 2.82659 5.73632
    endloop
  endfacet
  facet normal 0.014908 -0.0170037 0.999744
    outer loop
      vertex 8.32373 4.67627 5.79743
      vertex 8.2787 4.63679 5.79743
      vertex 8.96565 4.03435 5.77694
    endloop
  endfacet
  facet normal -0.03173 -0.0934716 0.995116
    outer loop
      vertex 6.8152 2.13965 5.67625
      vertex 6.51175 1.40704 5.59776
      vertex 7.19869 2.00947 5.67625
    endloop
  endfacet
  facet normal -0.0228169 -0.0672151 0.997478
    outer loop
      vertex 7.13893 2.9212 5.73632
      vertex 6.8152 2.13965 5.67625
      vertex 7.19869 2.00947 5.67625
    endloop
  endfacet
  facet normal -0.0468013 -0.053367 0.997478
    outer loop
      vertex 6.63024 3.2149 5.73632
      vertex 5.81078 2.81078 5.67625
      vertex 6.11526 2.54376 5.67625
    endloop
  endfacet
  facet normal -0.0468017 -0.0533663 0.997478
    outer loop
      vertex 6.40896 3.40896 5.73632
      vertex 5.81078 2.81078 5.67625
      vertex 6.63024 3.2149 5.73632
    endloop
  endfacet
  facet normal 0.0110747 -0.168964 0.98556
    outer loop
      vertex 8.60243 0.424066 5.50221
      vertex 8 0.38458 5.50221
      vertex 8.68694 -0.217854 5.39121
    endloop
  endfacet
  facet normal 0.0330334 -0.166073 0.98556
    outer loop
      vertex 9.19456 0.541846 5.50221
      vertex 8.60243 0.424066 5.50221
      vertex 8.68694 -0.217854 5.39121
    endloop
  endfacet
  facet normal -0.126124 0.255774 0.958474
    outer loop
      vertex 5.77267 10.3772 5.26668
      vertex 4.86095 10.437 5.13075
      vertex 5.08986 10.0405 5.26668
    endloop
  endfacet
  facet normal -0.126125 0.255765 0.958476
    outer loop
      vertex 5.59747 10.8002 5.13075
      vertex 4.86095 10.437 5.13075
      vertex 5.77267 10.3772 5.26668
    endloop
  endfacet
  facet normal 0.195144 0.980775 -0
    outer loop
      vertex 9.80785 11.747 4.6
      vertex 8.91173 11.9253 4.67848
      vertex 9.80785 11.747 4.67848
    endloop
  endfacet
  facet normal 0.195144 0.980775 0
    outer loop
      vertex 8.91173 11.9253 4.67848
      vertex 9.80785 11.747 4.6
      vertex 8.91173 11.9253 4.6
    endloop
  endfacet
  facet normal -0.0125636 0.0188023 0.999744
    outer loop
      vertex 7.31718 6.18267 5.77694
      vertex 7.16866 6.08343 5.77694
      vertex 7.77109 5.39649 5.79743
    endloop
  endfacet
  facet normal -0.0100015 0.0202816 0.999744
    outer loop
      vertex 7.4774 6.26168 5.77694
      vertex 7.31718 6.18267 5.77694
      vertex 7.77109 5.39649 5.79743
    endloop
  endfacet
  facet normal -0.0345675 0.0303153 0.998942
    outer loop
      vertex 6.40896 6.59104 5.73632
      vertex 6.2149 6.36976 5.73632
      vertex 7.03435 5.96565 5.77694
    endloop
  endfacet
  facet normal -0.0345682 0.0303138 0.998942
    outer loop
      vertex 7.03435 5.96565 5.77694
      vertex 6.2149 6.36976 5.73632
      vertex 6.91657 5.83134 5.77694
    endloop
  endfacet
  facet normal -0.0014786 0.0225652 0.999744
    outer loop
      vertex 8 6.36563 5.77694
      vertex 7.82175 6.35395 5.77694
      vertex 7.94024 5.45391 5.79743
    endloop
  endfacet
  facet normal -0.00300624 0.0458786 0.998943
    outer loop
      vertex 8 6.36563 5.77694
      vertex 7.70631 7.23083 5.73632
      vertex 7.82175 6.35395 5.77694
    endloop
  endfacet
  facet normal -0.0192554 0.0968132 0.995116
    outer loop
      vertex 7.49238 8.85572 5.59776
      vertex 7.19869 7.99053 5.67625
      vertex 7.59589 8.06953 5.67625
    endloop
  endfacet
  facet normal -0.0138467 0.0696191 0.997478
    outer loop
      vertex 7.59589 8.06953 5.67625
      vertex 7.19869 7.99053 5.67625
      vertex 7.70631 7.23083 5.73632
    endloop
  endfacet
  facet normal -0.158439 0.237124 0.958472
    outer loop
      vertex 4.86095 10.437 5.13075
      vertex 4.17813 9.98076 5.13075
      vertex 4.45683 9.61754 5.26668
    endloop
  endfacet
  facet normal -0.188038 0.214413 0.958472
    outer loop
      vertex 4.17813 9.98076 5.13075
      vertex 3.88444 9.11556 5.26668
      vertex 4.45683 9.61754 5.26668
    endloop
  endfacet
  facet normal -0.0313953 0.0636618 0.997478
    outer loop
      vertex 6.8152 7.86035 5.67625
      vertex 6.45199 7.68123 5.67625
      vertex 7.13893 7.0788 5.73632
    endloop
  endfacet
  facet normal -0.0228169 0.0672151 0.997478
    outer loop
      vertex 7.19869 7.99053 5.67625
      vertex 6.8152 7.86035 5.67625
      vertex 7.13893 7.0788 5.73632
    endloop
  endfacet
  facet normal -0.0820744 0.0548405 0.995116
    outer loop
      vertex 4.91466 7.36747 5.59776
      vertex 4.63204 6.9445 5.59776
      vertex 5.31877 6.54801 5.67625
    endloop
  endfacet
  facet normal -0.0820757 0.0548398 0.995116
    outer loop
      vertex 5.54376 6.88474 5.67625
      vertex 4.91466 7.36747 5.59776
      vertex 5.31877 6.54801 5.67625
    endloop
  endfacet
  facet normal -0.237124 0.158439 0.958472
    outer loop
      vertex 3.01924 8.82187 5.13075
      vertex 2.563 8.13905 5.13075
      vertex 3.38246 8.54317 5.26668
    endloop
  endfacet
  facet normal -0.214413 0.188038 0.958472
    outer loop
      vertex 3.88444 9.11556 5.26668
      vertex 3.01924 8.82187 5.13075
      vertex 3.38246 8.54317 5.26668
    endloop
  endfacet
  facet normal -0.0330588 0.166079 0.985558
    outer loop
      vertex 7.31306 10.2179 5.39121
      vertex 6.63787 10.0835 5.39121
      vertex 6.80544 9.45815 5.50221
    endloop
  endfacet
  facet normal -0.0426462 0.214243 0.975849
    outer loop
      vertex 7.31306 10.2179 5.39121
      vertex 6.4936 10.622 5.26668
      vertex 6.63787 10.0835 5.39121
    endloop
  endfacet
  facet normal 0.00147639 0.022565 0.999744
    outer loop
      vertex 8 6.36563 5.77694
      vertex 8 5.45782 5.79743
      vertex 8.05976 5.45391 5.79743
    endloop
  endfacet
  facet normal 0.0214134 -0.00726869 0.999744
    outer loop
      vertex 8.44222 4.88151 5.79743
      vertex 8.42297 4.8248 5.79743
      vertex 9.26168 4.4774 5.77694
    endloop
  endfacet
  facet normal 0.00464262 -0.0708306 0.997478
    outer loop
      vertex 8 2.74992 5.73632
      vertex 8 1.90398 5.67625
      vertex 8.29369 2.76917 5.73632
    endloop
  endfacet
  facet normal 0.00300711 -0.0458783 0.998943
    outer loop
      vertex 8 3.63437 5.77694
      vertex 8 2.74992 5.73632
      vertex 8.29369 2.76917 5.73632
    endloop
  endfacet
  facet normal 0.0147789 -0.0435369 0.998943
    outer loop
      vertex 8.86107 2.9212 5.73632
      vertex 8.35345 3.6809 5.77694
      vertex 8.58236 2.82659 5.73632
    endloop
  endfacet
  facet normal 0.00896964 -0.0450935 0.998943
    outer loop
      vertex 8.35345 3.6809 5.77694
      vertex 8.29369 2.76917 5.73632
      vertex 8.58236 2.82659 5.73632
    endloop
  endfacet
  facet normal 0.0313955 -0.0636616 0.997478
    outer loop
      vertex 9.12504 3.05138 5.73632
      vertex 8.86107 2.9212 5.73632
      vertex 9.54801 2.31877 5.67625
    endloop
  endfacet
  facet normal 0.0394362 -0.0590193 0.997478
    outer loop
      vertex 9.36976 3.2149 5.73632
      vertex 9.12504 3.05138 5.73632
      vertex 9.54801 2.31877 5.67625
    endloop
  endfacet
  facet normal -0.0149095 0.017002 0.999744
    outer loop
      vertex 7.16866 6.08343 5.77694
      vertex 7.03435 5.96565 5.77694
      vertex 7.7213 5.36321 5.79743
    endloop
  endfacet
  facet normal -0.0303138 0.0345682 0.998942
    outer loop
      vertex 7.16866 6.08343 5.77694
      vertex 6.63024 6.7851 5.73632
      vertex 7.03435 5.96565 5.77694
    endloop
  endfacet
  facet normal -0.471329 0.881957 0
    outer loop
      vertex -21.648 11.7716 0
      vertex -22.1667 11.4944 3.3
      vertex -21.648 11.7716 3.3
    endloop
  endfacet
  facet normal -0.471329 0.881957 0
    outer loop
      vertex -22.1667 11.4944 3.3
      vertex -21.648 11.7716 0
      vertex -22.1667 11.4944 0
    endloop
  endfacet
  facet normal -0.881957 0.471329 2.64805e-19
    outer loop
      vertex -23.2716 10.148 0
      vertex -22.9944 10.6667 3.3
      vertex -22.9944 10.6667 0
    endloop
  endfacet
  facet normal -0.881957 0.471329 2.64805e-19
    outer loop
      vertex -22.9944 10.6667 3.3
      vertex -23.2716 10.148 0
      vertex -23.2716 10.148 3.3
    endloop
  endfacet
  facet normal -0.995192 0.0979429 1.34553e-18
    outer loop
      vertex -23.5 9 0
      vertex -23.4424 9.58527 3.3
      vertex -23.4424 9.58527 0
    endloop
  endfacet
  facet normal -0.995192 0.0979429 1.34553e-18
    outer loop
      vertex -23.4424 9.58527 3.3
      vertex -23.5 9 0
      vertex -23.5 9 3.3
    endloop
  endfacet
  facet normal 0 1 -0
    outer loop
      vertex 20.5 12 0
      vertex 8 12 3.3
      vertex 20.5 12 3.3
    endloop
  endfacet
  facet normal 0 1 0
    outer loop
      vertex 8 12 3.3
      vertex 20.5 12 0
      vertex -8 12 3.3
    endloop
  endfacet
  facet normal 0 1 0
    outer loop
      vertex -20.5 12 0
      vertex -8 12 3.3
      vertex 20.5 12 0
    endloop
  endfacet
  facet normal 0 1 0
    outer loop
      vertex -8 12 3.3
      vertex -20.5 12 0
      vertex -20.5 12 3.3
    endloop
  endfacet
  facet normal 0 -1 0
    outer loop
      vertex -11 -12 0
      vertex 11 -12 3.3
      vertex -11 -12 3.3
    endloop
  endfacet
  facet normal 0 -1 -0
    outer loop
      vertex 11 -12 3.3
      vertex -11 -12 0
      vertex 11 -12 0
    endloop
  endfacet
  facet normal 0.634413 -0.772994 0
    outer loop
      vertex 12.6667 -11.4944 0
      vertex 13.1213 -11.1213 3.3
      vertex 12.6667 -11.4944 3.3
    endloop
  endfacet
  facet normal 0.634413 -0.772994 0
    outer loop
      vertex 13.1213 -11.1213 3.3
      vertex 12.6667 -11.4944 0
      vertex 13.1213 -11.1213 0
    endloop
  endfacet
  facet normal -0.772994 -0.634413 -6.47746e-18
    outer loop
      vertex -13.1213 -11.1213 0
      vertex -13.4944 -10.6667 3.3
      vertex -13.4944 -10.6667 0
    endloop
  endfacet
  facet normal -0.772994 -0.634413 -6.47746e-18
    outer loop
      vertex -13.4944 -10.6667 3.3
      vertex -13.1213 -11.1213 0
      vertex -13.1213 -11.1213 3.3
    endloop
  endfacet
  facet normal -0.290451 -0.95689 0
    outer loop
      vertex -12.148 -11.7716 0
      vertex -11.5853 -11.9424 3.3
      vertex -12.148 -11.7716 3.3
    endloop
  endfacet
  facet normal -0.290451 -0.95689 -0
    outer loop
      vertex -11.5853 -11.9424 3.3
      vertex -12.148 -11.7716 0
      vertex -11.5853 -11.9424 0
    endloop
  endfacet
  facet normal -0.772994 0.634413 3.77733e-18
    outer loop
      vertex -22.9944 10.6667 0
      vertex -22.6213 11.1213 3.3
      vertex -22.6213 11.1213 0
    endloop
  endfacet
  facet normal -0.772994 0.634413 3.77733e-18
    outer loop
      vertex -22.6213 11.1213 3.3
      vertex -22.9944 10.6667 0
      vertex -22.9944 10.6667 3.3
    endloop
  endfacet
  facet normal 0.772994 0.634413 -3.77733e-18
    outer loop
      vertex 22.9944 10.6667 3.3
      vertex 22.6213 11.1213 0
      vertex 22.6213 11.1213 3.3
    endloop
  endfacet
  facet normal 0.772994 0.634413 -3.77733e-18
    outer loop
      vertex 22.6213 11.1213 0
      vertex 22.9944 10.6667 3.3
      vertex 22.9944 10.6667 0
    endloop
  endfacet
  facet normal -0.881957 -0.471329 2.54964e-18
    outer loop
      vertex -13.4944 -10.6667 0
      vertex -13.7716 -10.148 3.3
      vertex -13.7716 -10.148 0
    endloop
  endfacet
  facet normal -0.881957 -0.471329 2.54964e-18
    outer loop
      vertex -13.7716 -10.148 3.3
      vertex -13.4944 -10.6667 0
      vertex -13.4944 -10.6667 3.3
    endloop
  endfacet
  facet normal 0.097938 -0.995193 0
    outer loop
      vertex 11 -12 0
      vertex 11.5853 -11.9424 3.3
      vertex 11 -12 3.3
    endloop
  endfacet
  facet normal 0.097938 -0.995193 0
    outer loop
      vertex 11.5853 -11.9424 3.3
      vertex 11 -12 0
      vertex 11.5853 -11.9424 0
    endloop
  endfacet
  facet normal 0.884384 -0.46676 1.0579e-16
    outer loop
      vertex 13.7716 -10.148 3.3
      vertex 23.2716 7.85195 0
      vertex 23.2716 7.85195 3.3
    endloop
  endfacet
  facet normal 0.884384 -0.46676 1.0579e-16
    outer loop
      vertex 23.2716 7.85195 0
      vertex 13.7716 -10.148 3.3
      vertex 13.7716 -10.148 0
    endloop
  endfacet
  facet normal 0.471329 -0.881957 0
    outer loop
      vertex 12.148 -11.7716 0
      vertex 12.6667 -11.4944 3.3
      vertex 12.148 -11.7716 3.3
    endloop
  endfacet
  facet normal 0.471329 -0.881957 0
    outer loop
      vertex 12.6667 -11.4944 3.3
      vertex 12.148 -11.7716 0
      vertex 12.6667 -11.4944 0
    endloop
  endfacet
  facet normal 0.471329 0.881957 -0
    outer loop
      vertex 22.1667 11.4944 0
      vertex 21.648 11.7716 3.3
      vertex 22.1667 11.4944 3.3
    endloop
  endfacet
  facet normal 0.471329 0.881957 0
    outer loop
      vertex 21.648 11.7716 3.3
      vertex 22.1667 11.4944 0
      vertex 21.648 11.7716 0
    endloop
  endfacet
  facet normal 0.881957 0.471329 -2.64805e-19
    outer loop
      vertex 23.2716 10.148 3.3
      vertex 22.9944 10.6667 0
      vertex 22.9944 10.6667 3.3
    endloop
  endfacet
  facet normal 0.881957 0.471329 -2.64805e-19
    outer loop
      vertex 22.9944 10.6667 0
      vertex 23.2716 10.148 3.3
      vertex 23.2716 10.148 0
    endloop
  endfacet
  facet normal -0.097938 0.995193 0
    outer loop
      vertex -20.5 12 0
      vertex -21.0853 11.9424 3.3
      vertex -20.5 12 3.3
    endloop
  endfacet
  facet normal -0.097938 0.995193 0
    outer loop
      vertex -21.0853 11.9424 3.3
      vertex -20.5 12 0
      vertex -21.0853 11.9424 0
    endloop
  endfacet
  facet normal 0.881957 -0.471329 -2.54964e-18
    outer loop
      vertex 13.4944 -10.6667 3.3
      vertex 13.7716 -10.148 0
      vertex 13.7716 -10.148 3.3
    endloop
  endfacet
  facet normal 0.881957 -0.471329 -2.54964e-18
    outer loop
      vertex 13.7716 -10.148 0
      vertex 13.4944 -10.6667 3.3
      vertex 13.4944 -10.6667 0
    endloop
  endfacet
  facet normal 0.995192 -0.0979429 1.34553e-18
    outer loop
      vertex 23.4424 8.41473 3.3
      vertex 23.5 9 0
      vertex 23.5 9 3.3
    endloop
  endfacet
  facet normal 0.995192 -0.0979429 1.34553e-18
    outer loop
      vertex 23.5 9 0
      vertex 23.4424 8.41473 3.3
      vertex 23.4424 8.41473 0
    endloop
  endfacet
  facet normal 0.956901 -0.290413 -3.03188e-18
    outer loop
      vertex 23.2716 7.85195 3.3
      vertex 23.4424 8.41473 0
      vertex 23.4424 8.41473 3.3
    endloop
  endfacet
  facet normal 0.956901 -0.290413 -3.03188e-18
    outer loop
      vertex 23.4424 8.41473 0
      vertex 23.2716 7.85195 3.3
      vertex 23.2716 7.85195 0
    endloop
  endfacet
  facet normal 0.956894 0.290437 -7.59172e-19
    outer loop
      vertex 23.4424 9.58527 3.3
      vertex 23.2716 10.148 0
      vertex 23.2716 10.148 3.3
    endloop
  endfacet
  facet normal 0.956894 0.290437 -7.59172e-19
    outer loop
      vertex 23.2716 10.148 0
      vertex 23.4424 9.58527 3.3
      vertex 23.4424 9.58527 0
    endloop
  endfacet
  facet normal 0.634413 0.772994 -0
    outer loop
      vertex 22.6213 11.1213 0
      vertex 22.1667 11.4944 3.3
      vertex 22.6213 11.1213 3.3
    endloop
  endfacet
  facet normal 0.634413 0.772994 0
    outer loop
      vertex 22.1667 11.4944 3.3
      vertex 22.6213 11.1213 0
      vertex 22.1667 11.4944 0
    endloop
  endfacet
  facet normal 0.995192 0.0979429 -1.34553e-18
    outer loop
      vertex 23.5 9 3.3
      vertex 23.4424 9.58527 0
      vertex 23.4424 9.58527 3.3
    endloop
  endfacet
  facet normal 0.995192 0.0979429 -1.34553e-18
    outer loop
      vertex 23.4424 9.58527 0
      vertex 23.5 9 3.3
      vertex 23.5 9 0
    endloop
  endfacet
  facet normal 0.772994 -0.634413 6.47746e-18
    outer loop
      vertex 13.1213 -11.1213 3.3
      vertex 13.4944 -10.6667 0
      vertex 13.4944 -10.6667 3.3
    endloop
  endfacet
  facet normal 0.772994 -0.634413 6.47746e-18
    outer loop
      vertex 13.4944 -10.6667 0
      vertex 13.1213 -11.1213 3.3
      vertex 13.1213 -11.1213 0
    endloop
  endfacet
  facet normal -0.634413 -0.772994 0
    outer loop
      vertex -13.1213 -11.1213 0
      vertex -12.6667 -11.4944 3.3
      vertex -13.1213 -11.1213 3.3
    endloop
  endfacet
  facet normal -0.634413 -0.772994 -0
    outer loop
      vertex -12.6667 -11.4944 3.3
      vertex -13.1213 -11.1213 0
      vertex -12.6667 -11.4944 0
    endloop
  endfacet
  facet normal -0.290451 0.95689 0
    outer loop
      vertex -21.0853 11.9424 0
      vertex -21.648 11.7716 3.3
      vertex -21.0853 11.9424 3.3
    endloop
  endfacet
  facet normal -0.290451 0.95689 0
    outer loop
      vertex -21.648 11.7716 3.3
      vertex -21.0853 11.9424 0
      vertex -21.648 11.7716 0
    endloop
  endfacet
  facet normal -0.884384 -0.46676 -1.0579e-16
    outer loop
      vertex -13.7716 -10.148 0
      vertex -23.2716 7.85195 3.3
      vertex -23.2716 7.85195 0
    endloop
  endfacet
  facet normal -0.884384 -0.46676 -1.0579e-16
    outer loop
      vertex -23.2716 7.85195 3.3
      vertex -13.7716 -10.148 0
      vertex -13.7716 -10.148 3.3
    endloop
  endfacet
  facet normal 0.097938 0.995193 -0
    outer loop
      vertex 21.0853 11.9424 0
      vertex 20.5 12 3.3
      vertex 21.0853 11.9424 3.3
    endloop
  endfacet
  facet normal 0.097938 0.995193 0
    outer loop
      vertex 20.5 12 3.3
      vertex 21.0853 11.9424 0
      vertex 20.5 12 0
    endloop
  endfacet
  facet normal -0.097938 -0.995193 0
    outer loop
      vertex -11.5853 -11.9424 0
      vertex -11 -12 3.3
      vertex -11.5853 -11.9424 3.3
    endloop
  endfacet
  facet normal -0.097938 -0.995193 -0
    outer loop
      vertex -11 -12 3.3
      vertex -11.5853 -11.9424 0
      vertex -11 -12 0
    endloop
  endfacet
  facet normal -0.995192 -0.0979429 -1.34553e-18
    outer loop
      vertex -23.4424 8.41473 0
      vertex -23.5 9 3.3
      vertex -23.5 9 0
    endloop
  endfacet
  facet normal -0.995192 -0.0979429 -1.34553e-18
    outer loop
      vertex -23.5 9 3.3
      vertex -23.4424 8.41473 0
      vertex -23.4424 8.41473 3.3
    endloop
  endfacet
  facet normal -0.956901 -0.290413 3.03188e-18
    outer loop
      vertex -23.2716 7.85195 0
      vertex -23.4424 8.41473 3.3
      vertex -23.4424 8.41473 0
    endloop
  endfacet
  facet normal -0.956901 -0.290413 3.03188e-18
    outer loop
      vertex -23.4424 8.41473 3.3
      vertex -23.2716 7.85195 0
      vertex -23.2716 7.85195 3.3
    endloop
  endfacet
  facet normal -0.956894 0.290437 7.59172e-19
    outer loop
      vertex -23.4424 9.58527 0
      vertex -23.2716 10.148 3.3
      vertex -23.2716 10.148 0
    endloop
  endfacet
  facet normal -0.956894 0.290437 7.59172e-19
    outer loop
      vertex -23.2716 10.148 3.3
      vertex -23.4424 9.58527 0
      vertex -23.4424 9.58527 3.3
    endloop
  endfacet
  facet normal 0.290451 -0.95689 0
    outer loop
      vertex 11.5853 -11.9424 0
      vertex 12.148 -11.7716 3.3
      vertex 11.5853 -11.9424 3.3
    endloop
  endfacet
  facet normal 0.290451 -0.95689 0
    outer loop
      vertex 12.148 -11.7716 3.3
      vertex 11.5853 -11.9424 0
      vertex 12.148 -11.7716 0
    endloop
  endfacet
  facet normal -0.634413 0.772994 0
    outer loop
      vertex -22.1667 11.4944 0
      vertex -22.6213 11.1213 3.3
      vertex -22.1667 11.4944 3.3
    endloop
  endfacet
  facet normal -0.634413 0.772994 0
    outer loop
      vertex -22.6213 11.1213 3.3
      vertex -22.1667 11.4944 0
      vertex -22.6213 11.1213 0
    endloop
  endfacet
  facet normal 0.290451 0.95689 -0
    outer loop
      vertex 21.648 11.7716 0
      vertex 21.0853 11.9424 3.3
      vertex 21.648 11.7716 3.3
    endloop
  endfacet
  facet normal 0.290451 0.95689 0
    outer loop
      vertex 21.0853 11.9424 3.3
      vertex 21.648 11.7716 0
      vertex 21.0853 11.9424 0
    endloop
  endfacet
  facet normal 0 0 1
    outer loop
      vertex -5.32122 -1.46716 3.3
      vertex -8.12231 -6.63645 3.3
      vertex -8.05 -7 3.3
    endloop
  endfacet
  facet normal 0 0 1
    outer loop
      vertex -7.08632 -1.94011 3.3
      vertex -8.32825 -6.32825 3.3
      vertex -8.12231 -6.63645 3.3
    endloop
  endfacet
  facet normal 0 0 1
    outer loop
      vertex -7.08632 -1.94011 3.3
      vertex -8.63645 -6.12231 3.3
      vertex -8.32825 -6.32825 3.3
    endloop
  endfacet
  facet normal 0 0 1
    outer loop
      vertex -9 -6.05 3.3
      vertex -8 -2 3.3
      vertex -8.91368 -1.94011 3.3
    endloop
  endfacet
  facet normal 0 0 1
    outer loop
      vertex -8 -2 3.3
      vertex -9 -6.05 3.3
      vertex -8.63645 -6.12231 3.3
    endloop
  endfacet
  facet normal 0 0 1
    outer loop
      vertex -8.91368 -1.94011 3.3
      vertex -9.36355 -6.12231 3.3
      vertex -9 -6.05 3.3
    endloop
  endfacet
  facet normal 0 0 1
    outer loop
      vertex -9.81173 -1.76148 3.3
      vertex -9.36355 -6.12231 3.3
      vertex -8.91368 -1.94011 3.3
    endloop
  endfacet
  facet normal 0 0 1
    outer loop
      vertex -9.36355 -6.12231 3.3
      vertex -9.81173 -1.76148 3.3
      vertex -9.67175 -6.32825 3.3
    endloop
  endfacet
  facet normal 0 0 1
    outer loop
      vertex -10.6788 -1.46716 3.3
      vertex -9.67175 -6.32825 3.3
      vertex -9.81173 -1.76148 3.3
    endloop
  endfacet
  facet normal 0 0 1
    outer loop
      vertex -11.5 -1.06218 3.3
      vertex -9.67175 -6.32825 3.3
      vertex -10.6788 -1.46716 3.3
    endloop
  endfacet
  facet normal 0 0 1
    outer loop
      vertex -9.67175 -6.32825 3.3
      vertex -11.5 -1.06218 3.3
      vertex -9.87769 -6.63645 3.3
    endloop
  endfacet
  facet normal 0 0 1
    outer loop
      vertex 1.05989 5.91368 3.3
      vertex -1 5 3.3
      vertex 1 5 3.3
    endloop
  endfacet
  facet normal 0 0 1
    outer loop
      vertex -1.05989 5.91368 3.3
      vertex 1.05989 5.91368 3.3
      vertex 1.23852 6.81173 3.3
    endloop
  endfacet
  facet normal 0 0 1
    outer loop
      vertex -1.23852 6.81173 3.3
      vertex 1.23852 6.81173 3.3
      vertex 1.53284 7.67878 3.3
    endloop
  endfacet
  facet normal 0 0 1
    outer loop
      vertex -1.53284 7.67878 3.3
      vertex 1.53284 7.67878 3.3
      vertex 1.93782 8.5 3.3
    endloop
  endfacet
  facet normal 0 0 1
    outer loop
      vertex -1.93782 8.5 3.3
      vertex 1.93782 8.5 3.3
      vertex 2.44653 9.26133 3.3
    endloop
  endfacet
  facet normal 0 0 1
    outer loop
      vertex 1.05989 5.91368 3.3
      vertex -1.05989 5.91368 3.3
      vertex -1 5 3.3
    endloop
  endfacet
  facet normal 0 0 1
    outer loop
      vertex -2.44653 9.26133 3.3
      vertex 2.44653 9.26133 3.3
      vertex 3.05025 9.94975 3.3
    endloop
  endfacet
  facet normal 0 0 1
    outer loop
      vertex 1.23852 6.81173 3.3
      vertex -1.23852 6.81173 3.3
      vertex -1.05989 5.91368 3.3
    endloop
  endfacet
  facet normal 0 0 1
    outer loop
      vertex -3.05025 9.94975 3.3
      vertex 3.05025 9.94975 3.3
      vertex 3.73867 10.5535 3.3
    endloop
  endfacet
  facet normal 0 0 1
    outer loop
      vertex 1.53284 7.67878 3.3
      vertex -1.53284 7.67878 3.3
      vertex -1.23852 6.81173 3.3
    endloop
  endfacet
  facet normal 0 0 1
    outer loop
      vertex -3.73867 10.5535 3.3
      vertex 3.73867 10.5535 3.3
      vertex 4.5 11.0622 3.3
    endloop
  endfacet
  facet normal 0 0 1
    outer loop
      vertex 1.93782 8.5 3.3
      vertex -1.93782 8.5 3.3
      vertex -1.53284 7.67878 3.3
    endloop
  endfacet
  facet normal 0 0 1
    outer loop
      vertex -4.5 11.0622 3.3
      vertex 4.5 11.0622 3.3
      vertex 5.32122 11.4672 3.3
    endloop
  endfacet
  facet normal 0 0 1
    outer loop
      vertex 2.44653 9.26133 3.3
      vertex -2.44653 9.26133 3.3
      vertex -1.93782 8.5 3.3
    endloop
  endfacet
  facet normal 0 0 1
    outer loop
      vertex -5.32122 11.4672 3.3
      vertex 5.32122 11.4672 3.3
      vertex 6.18827 11.7615 3.3
    endloop
  endfacet
  facet normal 0 0 1
    outer loop
      vertex 3.05025 9.94975 3.3
      vertex -3.05025 9.94975 3.3
      vertex -2.44653 9.26133 3.3
    endloop
  endfacet
  facet normal 0 0 1
    outer loop
      vertex -6.18827 11.7615 3.3
      vertex 6.18827 11.7615 3.3
      vertex 7.08632 11.9401 3.3
    endloop
  endfacet
  facet normal 0 0 1
    outer loop
      vertex 3.73867 10.5535 3.3
      vertex -3.73867 10.5535 3.3
      vertex -3.05025 9.94975 3.3
    endloop
  endfacet
  facet normal 0 0 1
    outer loop
      vertex 4.5 11.0622 3.3
      vertex -4.5 11.0622 3.3
      vertex -3.73867 10.5535 3.3
    endloop
  endfacet
  facet normal 0 0 1
    outer loop
      vertex 5.32122 11.4672 3.3
      vertex -5.32122 11.4672 3.3
      vertex -4.5 11.0622 3.3
    endloop
  endfacet
  facet normal 0 0 1
    outer loop
      vertex -7.08632 11.9401 3.3
      vertex 7.08632 11.9401 3.3
      vertex 8 12 3.3
    endloop
  endfacet
  facet normal 0 0 1
    outer loop
      vertex 6.18827 11.7615 3.3
      vertex -6.18827 11.7615 3.3
      vertex -5.32122 11.4672 3.3
    endloop
  endfacet
  facet normal 0 0 1
    outer loop
      vertex 7.08632 11.9401 3.3
      vertex -7.08632 11.9401 3.3
      vertex -6.18827 11.7615 3.3
    endloop
  endfacet
  facet normal 0 -0 1
    outer loop
      vertex -7.08632 11.9401 3.3
      vertex 8 12 3.3
      vertex -8 12 3.3
    endloop
  endfacet
  facet normal -0 0 1
    outer loop
      vertex -17.6223 6.63645 3.3
      vertex -14.9401 5.91368 3.3
      vertex -17.55 7 3.3
    endloop
  endfacet
  facet normal 0 0 1
    outer loop
      vertex -14.7615 6.81173 3.3
      vertex -17.55 7 3.3
      vertex -14.9401 5.91368 3.3
    endloop
  endfacet
  facet normal -0 0 1
    outer loop
      vertex -17.6223 7.36355 3.3
      vertex -14.7615 6.81173 3.3
      vertex -14.4672 7.67878 3.3
    endloop
  endfacet
  facet normal 0 0 1
    outer loop
      vertex -17.8282 7.67175 3.3
      vertex -14.4672 7.67878 3.3
      vertex -14.0622 8.5 3.3
    endloop
  endfacet
  facet normal 0 0 1
    outer loop
      vertex -18.1364 7.87769 3.3
      vertex -14.0622 8.5 3.3
      vertex -13.5535 9.26133 3.3
    endloop
  endfacet
  facet normal 0 0 1
    outer loop
      vertex -20.5 12 3.3
      vertex -13.5535 9.26133 3.3
      vertex -12.9497 9.94975 3.3
    endloop
  endfacet
  facet normal 0 0 1
    outer loop
      vertex -20.5 12 3.3
      vertex -12.9497 9.94975 3.3
      vertex -12.2613 10.5535 3.3
    endloop
  endfacet
  facet normal 0 0 1
    outer loop
      vertex -14.7615 6.81173 3.3
      vertex -17.6223 7.36355 3.3
      vertex -17.55 7 3.3
    endloop
  endfacet
  facet normal 0 0 1
    outer loop
      vertex -20.5 12 3.3
      vertex -12.2613 10.5535 3.3
      vertex -11.5 11.0622 3.3
    endloop
  endfacet
  facet normal 0 0 1
    outer loop
      vertex -14.4672 7.67878 3.3
      vertex -17.8282 7.67175 3.3
      vertex -17.6223 7.36355 3.3
    endloop
  endfacet
  facet normal 0 0 1
    outer loop
      vertex -14.0622 8.5 3.3
      vertex -18.1364 7.87769 3.3
      vertex -17.8282 7.67175 3.3
    endloop
  endfacet
  facet normal 0 0 1
    outer loop
      vertex -20.5 12 3.3
      vertex -11.5 11.0622 3.3
      vertex -10.6788 11.4672 3.3
    endloop
  endfacet
  facet normal 0 0 1
    outer loop
      vertex -13.5535 9.26133 3.3
      vertex -20.5 12 3.3
      vertex -18.1364 7.87769 3.3
    endloop
  endfacet
  facet normal 0 0 1
    outer loop
      vertex -18.1364 7.87769 3.3
      vertex -20.5 12 3.3
      vertex -18.5 7.95 3.3
    endloop
  endfacet
  facet normal -0 0 1
    outer loop
      vertex -21.648 11.7716 3.3
      vertex -19.1718 7.67175 3.3
      vertex -21.0853 11.9424 3.3
    endloop
  endfacet
  facet normal -0 0 1
    outer loop
      vertex -21.0853 11.9424 3.3
      vertex -19.1718 7.67175 3.3
      vertex -20.5 12 3.3
    endloop
  endfacet
  facet normal 0 0 1
    outer loop
      vertex -18.8635 7.87769 3.3
      vertex -20.5 12 3.3
      vertex -19.1718 7.67175 3.3
    endloop
  endfacet
  facet normal 0 0 1
    outer loop
      vertex -18.5 7.95 3.3
      vertex -20.5 12 3.3
      vertex -18.8635 7.87769 3.3
    endloop
  endfacet
  facet normal 0 0 1
    outer loop
      vertex -9.81173 11.7615 3.3
      vertex -20.5 12 3.3
      vertex -10.6788 11.4672 3.3
    endloop
  endfacet
  facet normal 0 0 1
    outer loop
      vertex -8.91368 11.9401 3.3
      vertex -20.5 12 3.3
      vertex -9.81173 11.7615 3.3
    endloop
  endfacet
  facet normal -0 0 1
    outer loop
      vertex -20.5 12 3.3
      vertex -8.91368 11.9401 3.3
      vertex -8 12 3.3
    endloop
  endfacet
  facet normal 0 0 1
    outer loop
      vertex 13.7716 -10.148 3.3
      vertex 9.87769 -6.63645 3.3
      vertex 9.95 -7 3.3
    endloop
  endfacet
  facet normal 0 0 1
    outer loop
      vertex 9.67175 -6.32825 3.3
      vertex 10.6788 -1.46716 3.3
      vertex 9.81173 -1.76148 3.3
    endloop
  endfacet
  facet normal 0 0 1
    outer loop
      vertex 11.5 -1.06218 3.3
      vertex 9.67175 -6.32825 3.3
      vertex 9.87769 -6.63645 3.3
    endloop
  endfacet
  facet normal 0 0 1
    outer loop
      vertex 9.81173 -1.76148 3.3
      vertex 9.36355 -6.12231 3.3
      vertex 9.67175 -6.32825 3.3
    endloop
  endfacet
  facet normal -0 0 1
    outer loop
      vertex 8.91368 -1.94011 3.3
      vertex 9.36355 -6.12231 3.3
      vertex 9.81173 -1.76148 3.3
    endloop
  endfacet
  facet normal 0 0 1
    outer loop
      vertex 9.36355 -6.12231 3.3
      vertex 8.91368 -1.94011 3.3
      vertex 9 -6.05 3.3
    endloop
  endfacet
  facet normal -0 0 1
    outer loop
      vertex 8 -2 3.3
      vertex 9 -6.05 3.3
      vertex 8.91368 -1.94011 3.3
    endloop
  endfacet
  facet normal 0 0 1
    outer loop
      vertex 9 -6.05 3.3
      vertex 8 -2 3.3
      vertex 8.63645 -6.12231 3.3
    endloop
  endfacet
  facet normal 0 0 1
    outer loop
      vertex 7.08632 -1.94011 3.3
      vertex 8.63645 -6.12231 3.3
      vertex 8 -2 3.3
    endloop
  endfacet
  facet normal 0 0 1
    outer loop
      vertex 8.63645 -6.12231 3.3
      vertex 7.08632 -1.94011 3.3
      vertex 8.32825 -6.32825 3.3
    endloop
  endfacet
  facet normal 0 0 1
    outer loop
      vertex 6.18827 -1.76148 3.3
      vertex 8.32825 -6.32825 3.3
      vertex 7.08632 -1.94011 3.3
    endloop
  endfacet
  facet normal 0 0 1
    outer loop
      vertex 23.2716 7.85195 3.3
      vertex 19.3777 7.36355 3.3
      vertex 19.45 7 3.3
    endloop
  endfacet
  facet normal 0 0 1
    outer loop
      vertex 21.0853 11.9424 3.3
      vertex 19.1718 7.67175 3.3
      vertex 19.3777 7.36355 3.3
    endloop
  endfacet
  facet normal 0 0 1
    outer loop
      vertex 20.5 12 3.3
      vertex 18.8635 7.87769 3.3
      vertex 19.1718 7.67175 3.3
    endloop
  endfacet
  facet normal 0 0 1
    outer loop
      vertex 20.5 12 3.3
      vertex 18.5 7.95 3.3
      vertex 18.8635 7.87769 3.3
    endloop
  endfacet
  facet normal 0 0 1
    outer loop
      vertex 20.5 12 3.3
      vertex 18.1364 7.87769 3.3
      vertex 18.5 7.95 3.3
    endloop
  endfacet
  facet normal -0 0 1
    outer loop
      vertex 13.5535 9.26133 3.3
      vertex 18.1364 7.87769 3.3
      vertex 20.5 12 3.3
    endloop
  endfacet
  facet normal -0 -0 1
    outer loop
      vertex 14.0622 8.5 3.3
      vertex 18.1364 7.87769 3.3
      vertex 13.5535 9.26133 3.3
    endloop
  endfacet
  facet normal 0 0 1
    outer loop
      vertex 14.7615 6.81173 3.3
      vertex 17.55 7 3.3
      vertex 17.6223 7.36355 3.3
    endloop
  endfacet
  facet normal 0 0 1
    outer loop
      vertex 18.1364 7.87769 3.3
      vertex 14.0622 8.5 3.3
      vertex 17.8282 7.67175 3.3
    endloop
  endfacet
  facet normal 0 0 1
    outer loop
      vertex 17.55 7 3.3
      vertex 14.9401 5.91368 3.3
      vertex 15 5 3.3
    endloop
  endfacet
  facet normal 0 0 1
    outer loop
      vertex 17.55 7 3.3
      vertex 14.7615 6.81173 3.3
      vertex 14.9401 5.91368 3.3
    endloop
  endfacet
  facet normal 0 0 1
    outer loop
      vertex 17.6223 7.36355 3.3
      vertex 14.4672 7.67878 3.3
      vertex 14.7615 6.81173 3.3
    endloop
  endfacet
  facet normal 0 0 1
    outer loop
      vertex 17.8282 7.67175 3.3
      vertex 14.4672 7.67878 3.3
      vertex 17.6223 7.36355 3.3
    endloop
  endfacet
  facet normal -0 -0 1
    outer loop
      vertex 14.4672 7.67878 3.3
      vertex 17.8282 7.67175 3.3
      vertex 14.0622 8.5 3.3
    endloop
  endfacet
  facet normal 0 0 1
    outer loop
      vertex 20.5 12 3.3
      vertex 12.9497 9.94975 3.3
      vertex 13.5535 9.26133 3.3
    endloop
  endfacet
  facet normal 0 0 1
    outer loop
      vertex 20.5 12 3.3
      vertex 12.2613 10.5535 3.3
      vertex 12.9497 9.94975 3.3
    endloop
  endfacet
  facet normal 0 0 1
    outer loop
      vertex 20.5 12 3.3
      vertex 11.5 11.0622 3.3
      vertex 12.2613 10.5535 3.3
    endloop
  endfacet
  facet normal 0 0 1
    outer loop
      vertex 20.5 12 3.3
      vertex 10.6788 11.4672 3.3
      vertex 11.5 11.0622 3.3
    endloop
  endfacet
  facet normal 0 0 1
    outer loop
      vertex 20.5 12 3.3
      vertex 9.81173 11.7615 3.3
      vertex 10.6788 11.4672 3.3
    endloop
  endfacet
  facet normal 0 0 1
    outer loop
      vertex 20.5 12 3.3
      vertex 8.91368 11.9401 3.3
      vertex 9.81173 11.7615 3.3
    endloop
  endfacet
  facet normal 0 -0 1
    outer loop
      vertex 8.91368 11.9401 3.3
      vertex 20.5 12 3.3
      vertex 8 12 3.3
    endloop
  endfacet
  facet normal 0 0 1
    outer loop
      vertex 19.3777 7.36355 3.3
      vertex 23.5 9 3.3
      vertex 23.4424 9.58527 3.3
    endloop
  endfacet
  facet normal 0 0 1
    outer loop
      vertex 19.3777 7.36355 3.3
      vertex 23.4424 9.58527 3.3
      vertex 23.2716 10.148 3.3
    endloop
  endfacet
  facet normal 0 0 1
    outer loop
      vertex 19.3777 7.36355 3.3
      vertex 23.4424 8.41473 3.3
      vertex 23.5 9 3.3
    endloop
  endfacet
  facet normal 0 0 1
    outer loop
      vertex 19.3777 7.36355 3.3
      vertex 23.2716 10.148 3.3
      vertex 22.9944 10.6667 3.3
    endloop
  endfacet
  facet normal 0 0 1
    outer loop
      vertex 19.3777 7.36355 3.3
      vertex 22.9944 10.6667 3.3
      vertex 22.6213 11.1213 3.3
    endloop
  endfacet
  facet normal 0 0 1
    outer loop
      vertex 19.3777 7.36355 3.3
      vertex 22.6213 11.1213 3.3
      vertex 22.1667 11.4944 3.3
    endloop
  endfacet
  facet normal 0 0 1
    outer loop
      vertex 19.3777 7.36355 3.3
      vertex 22.1667 11.4944 3.3
      vertex 21.648 11.7716 3.3
    endloop
  endfacet
  facet normal 0 0 1
    outer loop
      vertex 19.3777 7.36355 3.3
      vertex 21.648 11.7716 3.3
      vertex 21.0853 11.9424 3.3
    endloop
  endfacet
  facet normal 0 0 1
    outer loop
      vertex 19.1718 7.67175 3.3
      vertex 21.0853 11.9424 3.3
      vertex 20.5 12 3.3
    endloop
  endfacet
  facet normal 0 0 1
    outer loop
      vertex 19.3777 7.36355 3.3
      vertex 23.2716 7.85195 3.3
      vertex 23.4424 8.41473 3.3
    endloop
  endfacet
  facet normal 0 0 1
    outer loop
      vertex 19.3777 6.63645 3.3
      vertex 23.2716 7.85195 3.3
      vertex 19.45 7 3.3
    endloop
  endfacet
  facet normal 0 0 1
    outer loop
      vertex 19.1718 6.32825 3.3
      vertex 23.2716 7.85195 3.3
      vertex 19.3777 6.63645 3.3
    endloop
  endfacet
  facet normal 0 0 1
    outer loop
      vertex 18.8635 6.12231 3.3
      vertex 23.2716 7.85195 3.3
      vertex 19.1718 6.32825 3.3
    endloop
  endfacet
  facet normal 0 0 1
    outer loop
      vertex 15 5 3.3
      vertex 17.6223 6.63645 3.3
      vertex 17.55 7 3.3
    endloop
  endfacet
  facet normal 0 0 1
    outer loop
      vertex 15 5 3.3
      vertex 17.8282 6.32825 3.3
      vertex 17.6223 6.63645 3.3
    endloop
  endfacet
  facet normal 0 0 1
    outer loop
      vertex 15 5 3.3
      vertex 18.1364 6.12231 3.3
      vertex 17.8282 6.32825 3.3
    endloop
  endfacet
  facet normal 0 0 1
    outer loop
      vertex 14.9401 4.08632 3.3
      vertex 18.1364 6.12231 3.3
      vertex 15 5 3.3
    endloop
  endfacet
  facet normal 0 0 1
    outer loop
      vertex 18.1364 6.12231 3.3
      vertex 14.9401 4.08632 3.3
      vertex 18.5 6.05 3.3
    endloop
  endfacet
  facet normal 0 0 1
    outer loop
      vertex 14.7615 3.18827 3.3
      vertex 18.5 6.05 3.3
      vertex 14.9401 4.08632 3.3
    endloop
  endfacet
  facet normal 0 0 1
    outer loop
      vertex 14.4672 2.32122 3.3
      vertex 18.5 6.05 3.3
      vertex 14.7615 3.18827 3.3
    endloop
  endfacet
  facet normal -0 0 1
    outer loop
      vertex 18.5 6.05 3.3
      vertex 14.4672 2.32122 3.3
      vertex 18.8635 6.12231 3.3
    endloop
  endfacet
  facet normal 0 0 1
    outer loop
      vertex 14.0622 1.5 3.3
      vertex 18.8635 6.12231 3.3
      vertex 14.4672 2.32122 3.3
    endloop
  endfacet
  facet normal 0 0 1
    outer loop
      vertex 13.7716 -10.148 3.3
      vertex 18.8635 6.12231 3.3
      vertex 14.0622 1.5 3.3
    endloop
  endfacet
  facet normal -0 0 1
    outer loop
      vertex 18.8635 6.12231 3.3
      vertex 13.7716 -10.148 3.3
      vertex 23.2716 7.85195 3.3
    endloop
  endfacet
  facet normal -0 0 1
    outer loop
      vertex 13.5535 0.73867 3.3
      vertex 13.7716 -10.148 3.3
      vertex 14.0622 1.5 3.3
    endloop
  endfacet
  facet normal -0 0 1
    outer loop
      vertex 12.9497 0.0502529 3.3
      vertex 13.7716 -10.148 3.3
      vertex 13.5535 0.73867 3.3
    endloop
  endfacet
  facet normal -0 0 1
    outer loop
      vertex 12.2613 -0.553473 3.3
      vertex 13.7716 -10.148 3.3
      vertex 12.9497 0.0502529 3.3
    endloop
  endfacet
  facet normal -0 0 1
    outer loop
      vertex 9.87769 -6.63645 3.3
      vertex 13.7716 -10.148 3.3
      vertex 12.2613 -0.553473 3.3
    endloop
  endfacet
  facet normal -0 0 1
    outer loop
      vertex 9.87769 -7.36355 3.3
      vertex 13.7716 -10.148 3.3
      vertex 9.95 -7 3.3
    endloop
  endfacet
  facet normal -0 0 1
    outer loop
      vertex 9.67175 -7.67175 3.3
      vertex 13.7716 -10.148 3.3
      vertex 9.87769 -7.36355 3.3
    endloop
  endfacet
  facet normal 0 0 1
    outer loop
      vertex 13.7716 -10.148 3.3
      vertex 9.67175 -7.67175 3.3
      vertex 13.4944 -10.6667 3.3
    endloop
  endfacet
  facet normal 0 0 1
    outer loop
      vertex 13.4944 -10.6667 3.3
      vertex 9.67175 -7.67175 3.3
      vertex 13.1213 -11.1213 3.3
    endloop
  endfacet
  facet normal 0 0 1
    outer loop
      vertex 9.87769 -6.63645 3.3
      vertex 12.2613 -0.553473 3.3
      vertex 11.5 -1.06218 3.3
    endloop
  endfacet
  facet normal 0 0 1
    outer loop
      vertex 13.1213 -11.1213 3.3
      vertex 9.67175 -7.67175 3.3
      vertex 12.6667 -11.4944 3.3
    endloop
  endfacet
  facet normal 0 0 1
    outer loop
      vertex 9.67175 -6.32825 3.3
      vertex 11.5 -1.06218 3.3
      vertex 10.6788 -1.46716 3.3
    endloop
  endfacet
  facet normal 0 0 1
    outer loop
      vertex 12.6667 -11.4944 3.3
      vertex 9.67175 -7.67175 3.3
      vertex 12.148 -11.7716 3.3
    endloop
  endfacet
  facet normal 0 0 1
    outer loop
      vertex 12.148 -11.7716 3.3
      vertex 9.67175 -7.67175 3.3
      vertex 11.5853 -11.9424 3.3
    endloop
  endfacet
  facet normal 0 0 1
    outer loop
      vertex 11.5853 -11.9424 3.3
      vertex 9.67175 -7.67175 3.3
      vertex 11 -12 3.3
    endloop
  endfacet
  facet normal -0 0 1
    outer loop
      vertex 9.36355 -7.87769 3.3
      vertex 11 -12 3.3
      vertex 9.67175 -7.67175 3.3
    endloop
  endfacet
  facet normal -0 0 1
    outer loop
      vertex 9 -7.95 3.3
      vertex 11 -12 3.3
      vertex 9.36355 -7.87769 3.3
    endloop
  endfacet
  facet normal 0 0 1
    outer loop
      vertex 8.63645 -7.87769 3.3
      vertex 11 -12 3.3
      vertex 9 -7.95 3.3
    endloop
  endfacet
  facet normal 0 0 1
    outer loop
      vertex 8.32825 -7.67175 3.3
      vertex 11 -12 3.3
      vertex 8.63645 -7.87769 3.3
    endloop
  endfacet
  facet normal 0 0 1
    outer loop
      vertex -8.32825 -7.67175 3.3
      vertex 8.32825 -7.67175 3.3
      vertex 8.12231 -7.36355 3.3
    endloop
  endfacet
  facet normal 0 0 1
    outer loop
      vertex 8.32825 -6.32825 3.3
      vertex 6.18827 -1.76148 3.3
      vertex 8.12231 -6.63645 3.3
    endloop
  endfacet
  facet normal 0 0 1
    outer loop
      vertex 5.32122 -1.46716 3.3
      vertex 8.12231 -6.63645 3.3
      vertex 6.18827 -1.76148 3.3
    endloop
  endfacet
  facet normal 0 0 1
    outer loop
      vertex 8.12231 -6.63645 3.3
      vertex 5.32122 -1.46716 3.3
      vertex 8.05 -7 3.3
    endloop
  endfacet
  facet normal 0 0 1
    outer loop
      vertex 4.5 -1.06218 3.3
      vertex 8.05 -7 3.3
      vertex 5.32122 -1.46716 3.3
    endloop
  endfacet
  facet normal 0 0 1
    outer loop
      vertex -8.05 -7 3.3
      vertex 8.05 -7 3.3
      vertex 4.5 -1.06218 3.3
    endloop
  endfacet
  facet normal 0 0 1
    outer loop
      vertex -4.5 -1.06218 3.3
      vertex 4.5 -1.06218 3.3
      vertex 3.73867 -0.553473 3.3
    endloop
  endfacet
  facet normal 0 0 1
    outer loop
      vertex 8.05 -7 3.3
      vertex -8.05 -7 3.3
      vertex 8.12231 -7.36355 3.3
    endloop
  endfacet
  facet normal 0 0 1
    outer loop
      vertex -3.73867 -0.553473 3.3
      vertex 3.73867 -0.553473 3.3
      vertex 3.05025 0.0502529 3.3
    endloop
  endfacet
  facet normal 0 0 1
    outer loop
      vertex -3.05025 0.0502529 3.3
      vertex 3.05025 0.0502529 3.3
      vertex 2.44653 0.73867 3.3
    endloop
  endfacet
  facet normal -0 0 1
    outer loop
      vertex -1 5 3.3
      vertex 1.05989 4.08632 3.3
      vertex 1 5 3.3
    endloop
  endfacet
  facet normal 0 0 1
    outer loop
      vertex -1.05989 4.08632 3.3
      vertex 1.05989 4.08632 3.3
      vertex -1 5 3.3
    endloop
  endfacet
  facet normal 0 0 1
    outer loop
      vertex 1.05989 4.08632 3.3
      vertex -1.05989 4.08632 3.3
      vertex 1.23852 3.18827 3.3
    endloop
  endfacet
  facet normal 0 0 1
    outer loop
      vertex -1.23852 3.18827 3.3
      vertex 1.23852 3.18827 3.3
      vertex -1.05989 4.08632 3.3
    endloop
  endfacet
  facet normal 0 0 1
    outer loop
      vertex 1.23852 3.18827 3.3
      vertex -1.23852 3.18827 3.3
      vertex 1.53284 2.32122 3.3
    endloop
  endfacet
  facet normal 0 0 1
    outer loop
      vertex -1.53284 2.32122 3.3
      vertex 1.53284 2.32122 3.3
      vertex -1.23852 3.18827 3.3
    endloop
  endfacet
  facet normal 0 0 1
    outer loop
      vertex 1.53284 2.32122 3.3
      vertex -1.53284 2.32122 3.3
      vertex 1.93782 1.5 3.3
    endloop
  endfacet
  facet normal 0 0 1
    outer loop
      vertex -1.93782 1.5 3.3
      vertex 1.93782 1.5 3.3
      vertex -1.53284 2.32122 3.3
    endloop
  endfacet
  facet normal 0 0 1
    outer loop
      vertex 1.93782 1.5 3.3
      vertex -1.93782 1.5 3.3
      vertex 2.44653 0.73867 3.3
    endloop
  endfacet
  facet normal 0 0 1
    outer loop
      vertex -2.44653 0.73867 3.3
      vertex 2.44653 0.73867 3.3
      vertex -1.93782 1.5 3.3
    endloop
  endfacet
  facet normal 0 0 1
    outer loop
      vertex -3.05025 0.0502529 3.3
      vertex 2.44653 0.73867 3.3
      vertex -2.44653 0.73867 3.3
    endloop
  endfacet
  facet normal 0 0 1
    outer loop
      vertex 3.05025 0.0502529 3.3
      vertex -3.05025 0.0502529 3.3
      vertex -3.73867 -0.553473 3.3
    endloop
  endfacet
  facet normal 0 0 1
    outer loop
      vertex 3.73867 -0.553473 3.3
      vertex -3.73867 -0.553473 3.3
      vertex -4.5 -1.06218 3.3
    endloop
  endfacet
  facet normal 0 0 1
    outer loop
      vertex 4.5 -1.06218 3.3
      vertex -4.5 -1.06218 3.3
      vertex -8.05 -7 3.3
    endloop
  endfacet
  facet normal 0 0 1
    outer loop
      vertex -8.05 -7 3.3
      vertex -4.5 -1.06218 3.3
      vertex -5.32122 -1.46716 3.3
    endloop
  endfacet
  facet normal 0 0 1
    outer loop
      vertex -8.12231 -6.63645 3.3
      vertex -5.32122 -1.46716 3.3
      vertex -6.18827 -1.76148 3.3
    endloop
  endfacet
  facet normal 0 0 1
    outer loop
      vertex -8.12231 -6.63645 3.3
      vertex -6.18827 -1.76148 3.3
      vertex -7.08632 -1.94011 3.3
    endloop
  endfacet
  facet normal 0 0 1
    outer loop
      vertex -8.63645 -6.12231 3.3
      vertex -7.08632 -1.94011 3.3
      vertex -8 -2 3.3
    endloop
  endfacet
  facet normal 0 0 1
    outer loop
      vertex 8.12231 -7.36355 3.3
      vertex -8.05 -7 3.3
      vertex -8.12231 -7.36355 3.3
    endloop
  endfacet
  facet normal 0 0 1
    outer loop
      vertex -8.32825 -7.67175 3.3
      vertex 8.12231 -7.36355 3.3
      vertex -8.12231 -7.36355 3.3
    endloop
  endfacet
  facet normal 0 0 1
    outer loop
      vertex 8.32825 -7.67175 3.3
      vertex -8.32825 -7.67175 3.3
      vertex 11 -12 3.3
    endloop
  endfacet
  facet normal 0 0 1
    outer loop
      vertex -11 -12 3.3
      vertex -8.32825 -7.67175 3.3
      vertex -8.63645 -7.87769 3.3
    endloop
  endfacet
  facet normal 0 0 1
    outer loop
      vertex -11 -12 3.3
      vertex -8.63645 -7.87769 3.3
      vertex -9 -7.95 3.3
    endloop
  endfacet
  facet normal 0 0 1
    outer loop
      vertex -11 -12 3.3
      vertex -9 -7.95 3.3
      vertex -9.36355 -7.87769 3.3
    endloop
  endfacet
  facet normal 0 0 1
    outer loop
      vertex -8.32825 -7.67175 3.3
      vertex -11 -12 3.3
      vertex 11 -12 3.3
    endloop
  endfacet
  facet normal 0 0 1
    outer loop
      vertex -9.67175 -7.67175 3.3
      vertex -11 -12 3.3
      vertex -9.36355 -7.87769 3.3
    endloop
  endfacet
  facet normal 0 0 1
    outer loop
      vertex -13.7716 -10.148 3.3
      vertex -9.67175 -7.67175 3.3
      vertex -9.87769 -7.36355 3.3
    endloop
  endfacet
  facet normal 0 0 1
    outer loop
      vertex -13.7716 -10.148 3.3
      vertex -9.87769 -7.36355 3.3
      vertex -9.95 -7 3.3
    endloop
  endfacet
  facet normal 0 0 1
    outer loop
      vertex -12.2613 -0.553473 3.3
      vertex -9.87769 -6.63645 3.3
      vertex -11.5 -1.06218 3.3
    endloop
  endfacet
  facet normal 0 0 1
    outer loop
      vertex -9.87769 -6.63645 3.3
      vertex -13.7716 -10.148 3.3
      vertex -9.95 -7 3.3
    endloop
  endfacet
  facet normal 0 0 1
    outer loop
      vertex -9.67175 -7.67175 3.3
      vertex -13.7716 -10.148 3.3
      vertex -13.4944 -10.6667 3.3
    endloop
  endfacet
  facet normal 0 0 1
    outer loop
      vertex -9.67175 -7.67175 3.3
      vertex -11.5853 -11.9424 3.3
      vertex -11 -12 3.3
    endloop
  endfacet
  facet normal 0 0 1
    outer loop
      vertex -9.87769 -6.63645 3.3
      vertex -12.2613 -0.553473 3.3
      vertex -13.7716 -10.148 3.3
    endloop
  endfacet
  facet normal 0 0 1
    outer loop
      vertex -9.67175 -7.67175 3.3
      vertex -12.148 -11.7716 3.3
      vertex -11.5853 -11.9424 3.3
    endloop
  endfacet
  facet normal 0 0 1
    outer loop
      vertex -13.7716 -10.148 3.3
      vertex -12.2613 -0.553473 3.3
      vertex -12.9497 0.0502529 3.3
    endloop
  endfacet
  facet normal 0 0 1
    outer loop
      vertex -9.67175 -7.67175 3.3
      vertex -12.6667 -11.4944 3.3
      vertex -12.148 -11.7716 3.3
    endloop
  endfacet
  facet normal 0 0 1
    outer loop
      vertex -9.67175 -7.67175 3.3
      vertex -13.1213 -11.1213 3.3
      vertex -12.6667 -11.4944 3.3
    endloop
  endfacet
  facet normal 0 0 1
    outer loop
      vertex -13.7716 -10.148 3.3
      vertex -12.9497 0.0502529 3.3
      vertex -13.5535 0.73867 3.3
    endloop
  endfacet
  facet normal 0 0 1
    outer loop
      vertex -9.67175 -7.67175 3.3
      vertex -13.4944 -10.6667 3.3
      vertex -13.1213 -11.1213 3.3
    endloop
  endfacet
  facet normal 0 0 1
    outer loop
      vertex -14.0622 1.5 3.3
      vertex -13.7716 -10.148 3.3
      vertex -13.5535 0.73867 3.3
    endloop
  endfacet
  facet normal 0 0 1
    outer loop
      vertex -18.8635 6.12231 3.3
      vertex -14.0622 1.5 3.3
      vertex -14.4672 2.32122 3.3
    endloop
  endfacet
  facet normal 0 0 1
    outer loop
      vertex -18.5 6.05 3.3
      vertex -14.4672 2.32122 3.3
      vertex -14.7615 3.18827 3.3
    endloop
  endfacet
  facet normal 0 0 1
    outer loop
      vertex -18.5 6.05 3.3
      vertex -14.7615 3.18827 3.3
      vertex -14.9401 4.08632 3.3
    endloop
  endfacet
  facet normal -0 0 1
    outer loop
      vertex -17.8282 6.32825 3.3
      vertex -14.9401 5.91368 3.3
      vertex -17.6223 6.63645 3.3
    endloop
  endfacet
  facet normal 0 0 1
    outer loop
      vertex -14.9401 5.91368 3.3
      vertex -17.8282 6.32825 3.3
      vertex -15 5 3.3
    endloop
  endfacet
  facet normal -0 0 1
    outer loop
      vertex -18.1364 6.12231 3.3
      vertex -15 5 3.3
      vertex -17.8282 6.32825 3.3
    endloop
  endfacet
  facet normal 0 0 1
    outer loop
      vertex -15 5 3.3
      vertex -18.1364 6.12231 3.3
      vertex -14.9401 4.08632 3.3
    endloop
  endfacet
  facet normal -0 0 1
    outer loop
      vertex -18.5 6.05 3.3
      vertex -14.9401 4.08632 3.3
      vertex -18.1364 6.12231 3.3
    endloop
  endfacet
  facet normal 0 0 1
    outer loop
      vertex -14.4672 2.32122 3.3
      vertex -18.5 6.05 3.3
      vertex -18.8635 6.12231 3.3
    endloop
  endfacet
  facet normal 0 0 1
    outer loop
      vertex -14.0622 1.5 3.3
      vertex -18.8635 6.12231 3.3
      vertex -13.7716 -10.148 3.3
    endloop
  endfacet
  facet normal 0 0 1
    outer loop
      vertex -23.2716 7.85195 3.3
      vertex -18.8635 6.12231 3.3
      vertex -19.1718 6.32825 3.3
    endloop
  endfacet
  facet normal 0 0 1
    outer loop
      vertex -23.2716 7.85195 3.3
      vertex -19.1718 6.32825 3.3
      vertex -19.3777 6.63645 3.3
    endloop
  endfacet
  facet normal -0 0 1
    outer loop
      vertex -22.1667 11.4944 3.3
      vertex -19.1718 7.67175 3.3
      vertex -21.648 11.7716 3.3
    endloop
  endfacet
  facet normal -0 0 1
    outer loop
      vertex -22.6213 11.1213 3.3
      vertex -19.1718 7.67175 3.3
      vertex -22.1667 11.4944 3.3
    endloop
  endfacet
  facet normal -0 0 1
    outer loop
      vertex -22.9944 10.6667 3.3
      vertex -19.1718 7.67175 3.3
      vertex -22.6213 11.1213 3.3
    endloop
  endfacet
  facet normal -0 0 1
    outer loop
      vertex -23.2716 10.148 3.3
      vertex -19.1718 7.67175 3.3
      vertex -22.9944 10.6667 3.3
    endloop
  endfacet
  facet normal -0 0 1
    outer loop
      vertex -23.4424 9.58527 3.3
      vertex -19.1718 7.67175 3.3
      vertex -23.2716 10.148 3.3
    endloop
  endfacet
  facet normal -0 0 1
    outer loop
      vertex -23.5 9 3.3
      vertex -19.1718 7.67175 3.3
      vertex -23.4424 9.58527 3.3
    endloop
  endfacet
  facet normal -0 -0 1
    outer loop
      vertex -23.4424 8.41473 3.3
      vertex -19.1718 7.67175 3.3
      vertex -23.5 9 3.3
    endloop
  endfacet
  facet normal 0 0 1
    outer loop
      vertex -19.1718 7.67175 3.3
      vertex -23.4424 8.41473 3.3
      vertex -19.3777 7.36355 3.3
    endloop
  endfacet
  facet normal 0 0 1
    outer loop
      vertex -18.8635 6.12231 3.3
      vertex -23.2716 7.85195 3.3
      vertex -13.7716 -10.148 3.3
    endloop
  endfacet
  facet normal -0 -0 1
    outer loop
      vertex -23.2716 7.85195 3.3
      vertex -19.3777 7.36355 3.3
      vertex -23.4424 8.41473 3.3
    endloop
  endfacet
  facet normal 0 0 1
    outer loop
      vertex -19.45 7 3.3
      vertex -23.2716 7.85195 3.3
      vertex -19.3777 6.63645 3.3
    endloop
  endfacet
  facet normal 0 0 1
    outer loop
      vertex -19.3777 7.36355 3.3
      vertex -23.2716 7.85195 3.3
      vertex -19.45 7 3.3
    endloop
  endfacet
  facet normal -0.471329 -0.881957 0
    outer loop
      vertex -12.6667 -11.4944 0
      vertex -12.148 -11.7716 3.3
      vertex -12.6667 -11.4944 3.3
    endloop
  endfacet
  facet normal -0.471329 -0.881957 -0
    outer loop
      vertex -12.148 -11.7716 3.3
      vertex -12.6667 -11.4944 0
      vertex -12.148 -11.7716 0
    endloop
  endfacet
  facet normal -0.83151 -0.555509 5.07509e-18
    outer loop
      vertex -17.6223 7.36355 0
      vertex -17.8282 7.67175 3.3
      vertex -17.8282 7.67175 0
    endloop
  endfacet
  facet normal -0.83151 -0.555509 5.07509e-18
    outer loop
      vertex -17.8282 7.67175 3.3
      vertex -17.6223 7.36355 0
      vertex -17.6223 7.36355 3.3
    endloop
  endfacet
  facet normal -0.980793 -0.195052 1.23326e-18
    outer loop
      vertex -17.55 7 0
      vertex -17.6223 7.36355 3.3
      vertex -17.6223 7.36355 0
    endloop
  endfacet
  facet normal -0.980793 -0.195052 1.23326e-18
    outer loop
      vertex -17.6223 7.36355 3.3
      vertex -17.55 7 0
      vertex -17.55 7 3.3
    endloop
  endfacet
  facet normal -0.555584 -0.83146 0
    outer loop
      vertex -18.1364 7.87769 0
      vertex -17.8282 7.67175 3.3
      vertex -18.1364 7.87769 3.3
    endloop
  endfacet
  facet normal -0.555584 -0.83146 -0
    outer loop
      vertex -17.8282 7.67175 3.3
      vertex -18.1364 7.87769 0
      vertex -17.8282 7.67175 0
    endloop
  endfacet
  facet normal 0.980793 0.195052 1.23326e-18
    outer loop
      vertex -19.3777 6.63645 3.3
      vertex -19.45 7 0
      vertex -19.45 7 3.3
    endloop
  endfacet
  facet normal 0.980793 0.195052 1.23326e-18
    outer loop
      vertex -19.45 7 0
      vertex -19.3777 6.63645 3.3
      vertex -19.3777 6.63645 0
    endloop
  endfacet
  facet normal -0.555584 0.83146 0
    outer loop
      vertex -17.8282 6.32825 0
      vertex -18.1364 6.12231 3.3
      vertex -17.8282 6.32825 3.3
    endloop
  endfacet
  facet normal -0.555584 0.83146 0
    outer loop
      vertex -18.1364 6.12231 3.3
      vertex -17.8282 6.32825 0
      vertex -18.1364 6.12231 0
    endloop
  endfacet
  facet normal 0.83151 -0.555509 -5.07509e-18
    outer loop
      vertex -19.3777 7.36355 3.3
      vertex -19.1718 7.67175 0
      vertex -19.1718 7.67175 3.3
    endloop
  endfacet
  facet normal 0.83151 -0.555509 -5.07509e-18
    outer loop
      vertex -19.1718 7.67175 0
      vertex -19.3777 7.36355 3.3
      vertex -19.3777 7.36355 0
    endloop
  endfacet
  facet normal -0.83151 0.555509 -5.07509e-18
    outer loop
      vertex -17.8282 6.32825 0
      vertex -17.6223 6.63645 3.3
      vertex -17.6223 6.63645 0
    endloop
  endfacet
  facet normal -0.83151 0.555509 -5.07509e-18
    outer loop
      vertex -17.6223 6.63645 3.3
      vertex -17.8282 6.32825 0
      vertex -17.8282 6.32825 3.3
    endloop
  endfacet
  facet normal 0.195104 0.980783 -0
    outer loop
      vertex -18.5 6.05 0
      vertex -18.8635 6.12231 3.3
      vertex -18.5 6.05 3.3
    endloop
  endfacet
  facet normal 0.195104 0.980783 0
    outer loop
      vertex -18.8635 6.12231 3.3
      vertex -18.5 6.05 0
      vertex -18.8635 6.12231 0
    endloop
  endfacet
  facet normal -0.195053 -0.980793 0
    outer loop
      vertex -18.5 7.95 0
      vertex -18.1364 7.87769 3.3
      vertex -18.5 7.95 3.3
    endloop
  endfacet
  facet normal -0.195053 -0.980793 -0
    outer loop
      vertex -18.1364 7.87769 3.3
      vertex -18.5 7.95 0
      vertex -18.1364 7.87769 0
    endloop
  endfacet
  facet normal 0.195104 -0.980783 0
    outer loop
      vertex -18.8635 7.87769 0
      vertex -18.5 7.95 3.3
      vertex -18.8635 7.87769 3.3
    endloop
  endfacet
  facet normal 0.195104 -0.980783 0
    outer loop
      vertex -18.5 7.95 3.3
      vertex -18.8635 7.87769 0
      vertex -18.5 7.95 0
    endloop
  endfacet
  facet normal 0.555459 -0.831544 0
    outer loop
      vertex -19.1718 7.67175 0
      vertex -18.8635 7.87769 3.3
      vertex -19.1718 7.67175 3.3
    endloop
  endfacet
  facet normal 0.555459 -0.831544 0
    outer loop
      vertex -18.8635 7.87769 3.3
      vertex -19.1718 7.67175 0
      vertex -18.8635 7.87769 0
    endloop
  endfacet
  facet normal -0.980793 0.195052 -1.23326e-18
    outer loop
      vertex -17.6223 6.63645 0
      vertex -17.55 7 3.3
      vertex -17.55 7 0
    endloop
  endfacet
  facet normal -0.980793 0.195052 -1.23326e-18
    outer loop
      vertex -17.55 7 3.3
      vertex -17.6223 6.63645 0
      vertex -17.6223 6.63645 3.3
    endloop
  endfacet
  facet normal 0.83151 0.555509 5.07509e-18
    outer loop
      vertex -19.1718 6.32825 3.3
      vertex -19.3777 6.63645 0
      vertex -19.3777 6.63645 3.3
    endloop
  endfacet
  facet normal 0.83151 0.555509 5.07509e-18
    outer loop
      vertex -19.3777 6.63645 0
      vertex -19.1718 6.32825 3.3
      vertex -19.1718 6.32825 0
    endloop
  endfacet
  facet normal -0.195053 0.980793 0
    outer loop
      vertex -18.1364 6.12231 0
      vertex -18.5 6.05 3.3
      vertex -18.1364 6.12231 3.3
    endloop
  endfacet
  facet normal -0.195053 0.980793 0
    outer loop
      vertex -18.5 6.05 3.3
      vertex -18.1364 6.12231 0
      vertex -18.5 6.05 0
    endloop
  endfacet
  facet normal 0.980793 -0.195052 -1.23326e-18
    outer loop
      vertex -19.45 7 3.3
      vertex -19.3777 7.36355 0
      vertex -19.3777 7.36355 3.3
    endloop
  endfacet
  facet normal 0.980793 -0.195052 -1.23326e-18
    outer loop
      vertex -19.3777 7.36355 0
      vertex -19.45 7 3.3
      vertex -19.45 7 0
    endloop
  endfacet
  facet normal 0.555459 0.831544 -0
    outer loop
      vertex -18.8635 6.12231 0
      vertex -19.1718 6.32825 3.3
      vertex -18.8635 6.12231 3.3
    endloop
  endfacet
  facet normal 0.555459 0.831544 0
    outer loop
      vertex -19.1718 6.32825 3.3
      vertex -18.8635 6.12231 0
      vertex -19.1718 6.32825 0
    endloop
  endfacet
  facet normal -0.83146 -0.555584 5.82906e-19
    outer loop
      vertex -8.12231 -6.63645 0
      vertex -8.32825 -6.32825 3.3
      vertex -8.32825 -6.32825 0
    endloop
  endfacet
  facet normal -0.83146 -0.555584 5.82906e-19
    outer loop
      vertex -8.32825 -6.32825 3.3
      vertex -8.12231 -6.63645 0
      vertex -8.12231 -6.63645 3.3
    endloop
  endfacet
  facet normal -0.980788 -0.195078 1.18755e-18
    outer loop
      vertex -8.05 -7 0
      vertex -8.12231 -6.63645 3.3
      vertex -8.12231 -6.63645 0
    endloop
  endfacet
  facet normal -0.980788 -0.195078 1.18755e-18
    outer loop
      vertex -8.12231 -6.63645 3.3
      vertex -8.05 -7 0
      vertex -8.05 -7 3.3
    endloop
  endfacet
  facet normal -0.555584 -0.83146 0
    outer loop
      vertex -8.63645 -6.12231 0
      vertex -8.32825 -6.32825 3.3
      vertex -8.63645 -6.12231 3.3
    endloop
  endfacet
  facet normal -0.555584 -0.83146 -0
    outer loop
      vertex -8.32825 -6.32825 3.3
      vertex -8.63645 -6.12231 0
      vertex -8.32825 -6.32825 0
    endloop
  endfacet
  facet normal -0.195078 -0.980788 0
    outer loop
      vertex -9 -6.05 0
      vertex -8.63645 -6.12231 3.3
      vertex -9 -6.05 3.3
    endloop
  endfacet
  facet normal -0.195078 -0.980788 -0
    outer loop
      vertex -8.63645 -6.12231 3.3
      vertex -9 -6.05 0
      vertex -8.63645 -6.12231 0
    endloop
  endfacet
  facet normal 0.83146 0.555584 5.82906e-19
    outer loop
      vertex -9.67175 -7.67175 3.3
      vertex -9.87769 -7.36355 0
      vertex -9.87769 -7.36355 3.3
    endloop
  endfacet
  facet normal 0.83146 0.555584 5.82906e-19
    outer loop
      vertex -9.87769 -7.36355 0
      vertex -9.67175 -7.67175 3.3
      vertex -9.67175 -7.67175 0
    endloop
  endfacet
  facet normal 0.980788 -0.195078 -1.18755e-18
    outer loop
      vertex -9.95 -7 3.3
      vertex -9.87769 -6.63645 0
      vertex -9.87769 -6.63645 3.3
    endloop
  endfacet
  facet normal 0.980788 -0.195078 -1.18755e-18
    outer loop
      vertex -9.87769 -6.63645 0
      vertex -9.95 -7 3.3
      vertex -9.95 -7 0
    endloop
  endfacet
  facet normal -0.980788 0.195078 -1.18755e-18
    outer loop
      vertex -8.12231 -7.36355 0
      vertex -8.05 -7 3.3
      vertex -8.05 -7 0
    endloop
  endfacet
  facet normal -0.980788 0.195078 -1.18755e-18
    outer loop
      vertex -8.05 -7 3.3
      vertex -8.12231 -7.36355 0
      vertex -8.12231 -7.36355 3.3
    endloop
  endfacet
  facet normal 0.555584 -0.83146 0
    outer loop
      vertex -9.67175 -6.32825 0
      vertex -9.36355 -6.12231 3.3
      vertex -9.67175 -6.32825 3.3
    endloop
  endfacet
  facet normal 0.555584 -0.83146 0
    outer loop
      vertex -9.36355 -6.12231 3.3
      vertex -9.67175 -6.32825 0
      vertex -9.36355 -6.12231 0
    endloop
  endfacet
  facet normal -0.555584 0.83146 0
    outer loop
      vertex -8.32825 -7.67175 0
      vertex -8.63645 -7.87769 3.3
      vertex -8.32825 -7.67175 3.3
    endloop
  endfacet
  facet normal -0.555584 0.83146 0
    outer loop
      vertex -8.63645 -7.87769 3.3
      vertex -8.32825 -7.67175 0
      vertex -8.63645 -7.87769 0
    endloop
  endfacet
  facet normal -0.195078 0.980788 0
    outer loop
      vertex -8.63645 -7.87769 0
      vertex -9 -7.95 3.3
      vertex -8.63645 -7.87769 3.3
    endloop
  endfacet
  facet normal -0.195078 0.980788 0
    outer loop
      vertex -9 -7.95 3.3
      vertex -8.63645 -7.87769 0
      vertex -9 -7.95 0
    endloop
  endfacet
  facet normal 0.83146 -0.555584 -5.82906e-19
    outer loop
      vertex -9.87769 -6.63645 3.3
      vertex -9.67175 -6.32825 0
      vertex -9.67175 -6.32825 3.3
    endloop
  endfacet
  facet normal 0.83146 -0.555584 -5.82906e-19
    outer loop
      vertex -9.67175 -6.32825 0
      vertex -9.87769 -6.63645 3.3
      vertex -9.87769 -6.63645 0
    endloop
  endfacet
  facet normal 0.195078 -0.980788 0
    outer loop
      vertex -9.36355 -6.12231 0
      vertex -9 -6.05 3.3
      vertex -9.36355 -6.12231 3.3
    endloop
  endfacet
  facet normal 0.195078 -0.980788 0
    outer loop
      vertex -9 -6.05 3.3
      vertex -9.36355 -6.12231 0
      vertex -9 -6.05 0
    endloop
  endfacet
  facet normal 0.195078 0.980788 -0
    outer loop
      vertex -9 -7.95 0
      vertex -9.36355 -7.87769 3.3
      vertex -9 -7.95 3.3
    endloop
  endfacet
  facet normal 0.195078 0.980788 0
    outer loop
      vertex -9.36355 -7.87769 3.3
      vertex -9 -7.95 0
      vertex -9.36355 -7.87769 0
    endloop
  endfacet
  facet normal -0.83146 0.555584 -5.82906e-19
    outer loop
      vertex -8.32825 -7.67175 0
      vertex -8.12231 -7.36355 3.3
      vertex -8.12231 -7.36355 0
    endloop
  endfacet
  facet normal -0.83146 0.555584 -5.82906e-19
    outer loop
      vertex -8.12231 -7.36355 3.3
      vertex -8.32825 -7.67175 0
      vertex -8.32825 -7.67175 3.3
    endloop
  endfacet
  facet normal 0.555584 0.83146 -0
    outer loop
      vertex -9.36355 -7.87769 0
      vertex -9.67175 -7.67175 3.3
      vertex -9.36355 -7.87769 3.3
    endloop
  endfacet
  facet normal 0.555584 0.83146 0
    outer loop
      vertex -9.67175 -7.67175 3.3
      vertex -9.36355 -7.87769 0
      vertex -9.67175 -7.67175 0
    endloop
  endfacet
  facet normal 0.980788 0.195078 1.18755e-18
    outer loop
      vertex -9.87769 -7.36355 3.3
      vertex -9.95 -7 0
      vertex -9.95 -7 3.3
    endloop
  endfacet
  facet normal 0.980788 0.195078 1.18755e-18
    outer loop
      vertex -9.95 -7 0
      vertex -9.87769 -7.36355 3.3
      vertex -9.87769 -7.36355 0
    endloop
  endfacet
  facet normal -0.83151 -0.555509 5.07509e-18
    outer loop
      vertex 19.3777 7.36355 0
      vertex 19.1718 7.67175 3.3
      vertex 19.1718 7.67175 0
    endloop
  endfacet
  facet normal -0.83151 -0.555509 5.07509e-18
    outer loop
      vertex 19.1718 7.67175 3.3
      vertex 19.3777 7.36355 0
      vertex 19.3777 7.36355 3.3
    endloop
  endfacet
  facet normal -0.980793 -0.195052 1.23326e-18
    outer loop
      vertex 19.45 7 0
      vertex 19.3777 7.36355 3.3
      vertex 19.3777 7.36355 0
    endloop
  endfacet
  facet normal -0.980793 -0.195052 1.23326e-18
    outer loop
      vertex 19.3777 7.36355 3.3
      vertex 19.45 7 0
      vertex 19.45 7 3.3
    endloop
  endfacet
  facet normal -0.555459 -0.831544 0
    outer loop
      vertex 18.8635 7.87769 0
      vertex 19.1718 7.67175 3.3
      vertex 18.8635 7.87769 3.3
    endloop
  endfacet
  facet normal -0.555459 -0.831544 -0
    outer loop
      vertex 19.1718 7.67175 3.3
      vertex 18.8635 7.87769 0
      vertex 19.1718 7.67175 0
    endloop
  endfacet
  facet normal 0.980793 0.195052 1.23326e-18
    outer loop
      vertex 17.6223 6.63645 3.3
      vertex 17.55 7 0
      vertex 17.55 7 3.3
    endloop
  endfacet
  facet normal 0.980793 0.195052 1.23326e-18
    outer loop
      vertex 17.55 7 0
      vertex 17.6223 6.63645 3.3
      vertex 17.6223 6.63645 0
    endloop
  endfacet
  facet normal -0.555459 0.831544 0
    outer loop
      vertex 19.1718 6.32825 0
      vertex 18.8635 6.12231 3.3
      vertex 19.1718 6.32825 3.3
    endloop
  endfacet
  facet normal -0.555459 0.831544 0
    outer loop
      vertex 18.8635 6.12231 3.3
      vertex 19.1718 6.32825 0
      vertex 18.8635 6.12231 0
    endloop
  endfacet
  facet normal 0.83151 -0.555509 -5.07509e-18
    outer loop
      vertex 17.6223 7.36355 3.3
      vertex 17.8282 7.67175 0
      vertex 17.8282 7.67175 3.3
    endloop
  endfacet
  facet normal 0.83151 -0.555509 -5.07509e-18
    outer loop
      vertex 17.8282 7.67175 0
      vertex 17.6223 7.36355 3.3
      vertex 17.6223 7.36355 0
    endloop
  endfacet
  facet normal 0.195053 0.980793 -0
    outer loop
      vertex 18.5 6.05 0
      vertex 18.1364 6.12231 3.3
      vertex 18.5 6.05 3.3
    endloop
  endfacet
  facet normal 0.195053 0.980793 0
    outer loop
      vertex 18.1364 6.12231 3.3
      vertex 18.5 6.05 0
      vertex 18.1364 6.12231 0
    endloop
  endfacet
  facet normal -0.195104 -0.980783 0
    outer loop
      vertex 18.5 7.95 0
      vertex 18.8635 7.87769 3.3
      vertex 18.5 7.95 3.3
    endloop
  endfacet
  facet normal -0.195104 -0.980783 -0
    outer loop
      vertex 18.8635 7.87769 3.3
      vertex 18.5 7.95 0
      vertex 18.8635 7.87769 0
    endloop
  endfacet
  facet normal 0.195053 -0.980793 0
    outer loop
      vertex 18.1364 7.87769 0
      vertex 18.5 7.95 3.3
      vertex 18.1364 7.87769 3.3
    endloop
  endfacet
  facet normal 0.195053 -0.980793 0
    outer loop
      vertex 18.5 7.95 3.3
      vertex 18.1364 7.87769 0
      vertex 18.5 7.95 0
    endloop
  endfacet
  facet normal -0.83151 0.555509 -5.07509e-18
    outer loop
      vertex 19.1718 6.32825 0
      vertex 19.3777 6.63645 3.3
      vertex 19.3777 6.63645 0
    endloop
  endfacet
  facet normal -0.83151 0.555509 -5.07509e-18
    outer loop
      vertex 19.3777 6.63645 3.3
      vertex 19.1718 6.32825 0
      vertex 19.1718 6.32825 3.3
    endloop
  endfacet
  facet normal -0.980793 0.195052 -1.23326e-18
    outer loop
      vertex 19.3777 6.63645 0
      vertex 19.45 7 3.3
      vertex 19.45 7 0
    endloop
  endfacet
  facet normal -0.980793 0.195052 -1.23326e-18
    outer loop
      vertex 19.45 7 3.3
      vertex 19.3777 6.63645 0
      vertex 19.3777 6.63645 3.3
    endloop
  endfacet
  facet normal 0.83151 0.555509 5.07509e-18
    outer loop
      vertex 17.8282 6.32825 3.3
      vertex 17.6223 6.63645 0
      vertex 17.6223 6.63645 3.3
    endloop
  endfacet
  facet normal 0.83151 0.555509 5.07509e-18
    outer loop
      vertex 17.6223 6.63645 0
      vertex 17.8282 6.32825 3.3
      vertex 17.8282 6.32825 0
    endloop
  endfacet
  facet normal -0.195104 0.980783 0
    outer loop
      vertex 18.8635 6.12231 0
      vertex 18.5 6.05 3.3
      vertex 18.8635 6.12231 3.3
    endloop
  endfacet
  facet normal -0.195104 0.980783 0
    outer loop
      vertex 18.5 6.05 3.3
      vertex 18.8635 6.12231 0
      vertex 18.5 6.05 0
    endloop
  endfacet
  facet normal 0.980793 -0.195052 -1.23326e-18
    outer loop
      vertex 17.55 7 3.3
      vertex 17.6223 7.36355 0
      vertex 17.6223 7.36355 3.3
    endloop
  endfacet
  facet normal 0.980793 -0.195052 -1.23326e-18
    outer loop
      vertex 17.6223 7.36355 0
      vertex 17.55 7 3.3
      vertex 17.55 7 0
    endloop
  endfacet
  facet normal 0.555584 -0.83146 0
    outer loop
      vertex 17.8282 7.67175 0
      vertex 18.1364 7.87769 3.3
      vertex 17.8282 7.67175 3.3
    endloop
  endfacet
  facet normal 0.555584 -0.83146 0
    outer loop
      vertex 18.1364 7.87769 3.3
      vertex 17.8282 7.67175 0
      vertex 18.1364 7.87769 0
    endloop
  endfacet
  facet normal 0.555584 0.83146 -0
    outer loop
      vertex 18.1364 6.12231 0
      vertex 17.8282 6.32825 3.3
      vertex 18.1364 6.12231 3.3
    endloop
  endfacet
  facet normal 0.555584 0.83146 0
    outer loop
      vertex 17.8282 6.32825 3.3
      vertex 18.1364 6.12231 0
      vertex 17.8282 6.32825 0
    endloop
  endfacet
  facet normal 0.195078 0.980788 -0
    outer loop
      vertex 9 -7.95 0
      vertex 8.63645 -7.87769 3.3
      vertex 9 -7.95 3.3
    endloop
  endfacet
  facet normal 0.195078 0.980788 0
    outer loop
      vertex 8.63645 -7.87769 3.3
      vertex 9 -7.95 0
      vertex 8.63645 -7.87769 0
    endloop
  endfacet
  facet normal -0.83146 -0.555584 5.82906e-19
    outer loop
      vertex 9.87769 -6.63645 0
      vertex 9.67175 -6.32825 3.3
      vertex 9.67175 -6.32825 0
    endloop
  endfacet
  facet normal -0.83146 -0.555584 5.82906e-19
    outer loop
      vertex 9.67175 -6.32825 3.3
      vertex 9.87769 -6.63645 0
      vertex 9.87769 -6.63645 3.3
    endloop
  endfacet
  facet normal -0.980788 -0.195078 1.18755e-18
    outer loop
      vertex 9.95 -7 0
      vertex 9.87769 -6.63645 3.3
      vertex 9.87769 -6.63645 0
    endloop
  endfacet
  facet normal -0.980788 -0.195078 1.18755e-18
    outer loop
      vertex 9.87769 -6.63645 3.3
      vertex 9.95 -7 0
      vertex 9.95 -7 3.3
    endloop
  endfacet
  facet normal -0.555584 -0.83146 0
    outer loop
      vertex 9.36355 -6.12231 0
      vertex 9.67175 -6.32825 3.3
      vertex 9.36355 -6.12231 3.3
    endloop
  endfacet
  facet normal -0.555584 -0.83146 -0
    outer loop
      vertex 9.67175 -6.32825 3.3
      vertex 9.36355 -6.12231 0
      vertex 9.67175 -6.32825 0
    endloop
  endfacet
  facet normal -0.83146 0.555584 -5.82906e-19
    outer loop
      vertex 9.67175 -7.67175 0
      vertex 9.87769 -7.36355 3.3
      vertex 9.87769 -7.36355 0
    endloop
  endfacet
  facet normal -0.83146 0.555584 -5.82906e-19
    outer loop
      vertex 9.87769 -7.36355 3.3
      vertex 9.67175 -7.67175 0
      vertex 9.67175 -7.67175 3.3
    endloop
  endfacet
  facet normal -0.555584 0.83146 0
    outer loop
      vertex 9.67175 -7.67175 0
      vertex 9.36355 -7.87769 3.3
      vertex 9.67175 -7.67175 3.3
    endloop
  endfacet
  facet normal -0.555584 0.83146 0
    outer loop
      vertex 9.36355 -7.87769 3.3
      vertex 9.67175 -7.67175 0
      vertex 9.36355 -7.87769 0
    endloop
  endfacet
  facet normal 0.980788 -0.195078 -1.18755e-18
    outer loop
      vertex 8.05 -7 3.3
      vertex 8.12231 -6.63645 0
      vertex 8.12231 -6.63645 3.3
    endloop
  endfacet
  facet normal 0.980788 -0.195078 -1.18755e-18
    outer loop
      vertex 8.12231 -6.63645 0
      vertex 8.05 -7 3.3
      vertex 8.05 -7 0
    endloop
  endfacet
  facet normal 0.555584 -0.83146 0
    outer loop
      vertex 8.32825 -6.32825 0
      vertex 8.63645 -6.12231 3.3
      vertex 8.32825 -6.32825 3.3
    endloop
  endfacet
  facet normal 0.555584 -0.83146 0
    outer loop
      vertex 8.63645 -6.12231 3.3
      vertex 8.32825 -6.32825 0
      vertex 8.63645 -6.12231 0
    endloop
  endfacet
  facet normal -0.980788 0.195078 -1.18755e-18
    outer loop
      vertex 9.87769 -7.36355 0
      vertex 9.95 -7 3.3
      vertex 9.95 -7 0
    endloop
  endfacet
  facet normal -0.980788 0.195078 -1.18755e-18
    outer loop
      vertex 9.95 -7 3.3
      vertex 9.87769 -7.36355 0
      vertex 9.87769 -7.36355 3.3
    endloop
  endfacet
  facet normal 0.980788 0.195078 1.18755e-18
    outer loop
      vertex 8.12231 -7.36355 3.3
      vertex 8.05 -7 0
      vertex 8.05 -7 3.3
    endloop
  endfacet
  facet normal 0.980788 0.195078 1.18755e-18
    outer loop
      vertex 8.05 -7 0
      vertex 8.12231 -7.36355 3.3
      vertex 8.12231 -7.36355 0
    endloop
  endfacet
  facet normal 0.195078 -0.980788 0
    outer loop
      vertex 8.63645 -6.12231 0
      vertex 9 -6.05 3.3
      vertex 8.63645 -6.12231 3.3
    endloop
  endfacet
  facet normal 0.195078 -0.980788 0
    outer loop
      vertex 9 -6.05 3.3
      vertex 8.63645 -6.12231 0
      vertex 9 -6.05 0
    endloop
  endfacet
  facet normal 0.83146 -0.555584 -5.82906e-19
    outer loop
      vertex 8.12231 -6.63645 3.3
      vertex 8.32825 -6.32825 0
      vertex 8.32825 -6.32825 3.3
    endloop
  endfacet
  facet normal 0.83146 -0.555584 -5.82906e-19
    outer loop
      vertex 8.32825 -6.32825 0
      vertex 8.12231 -6.63645 3.3
      vertex 8.12231 -6.63645 0
    endloop
  endfacet
  facet normal -0.195078 -0.980788 0
    outer loop
      vertex 9 -6.05 0
      vertex 9.36355 -6.12231 3.3
      vertex 9 -6.05 3.3
    endloop
  endfacet
  facet normal -0.195078 -0.980788 -0
    outer loop
      vertex 9.36355 -6.12231 3.3
      vertex 9 -6.05 0
      vertex 9.36355 -6.12231 0
    endloop
  endfacet
  facet normal -0.195078 0.980788 0
    outer loop
      vertex 9.36355 -7.87769 0
      vertex 9 -7.95 3.3
      vertex 9.36355 -7.87769 3.3
    endloop
  endfacet
  facet normal -0.195078 0.980788 0
    outer loop
      vertex 9 -7.95 3.3
      vertex 9.36355 -7.87769 0
      vertex 9 -7.95 0
    endloop
  endfacet
  facet normal 0.555584 0.83146 -0
    outer loop
      vertex 8.63645 -7.87769 0
      vertex 8.32825 -7.67175 3.3
      vertex 8.63645 -7.87769 3.3
    endloop
  endfacet
  facet normal 0.555584 0.83146 0
    outer loop
      vertex 8.32825 -7.67175 3.3
      vertex 8.63645 -7.87769 0
      vertex 8.32825 -7.67175 0
    endloop
  endfacet
  facet normal 0.83146 0.555584 5.82906e-19
    outer loop
      vertex 8.32825 -7.67175 3.3
      vertex 8.12231 -7.36355 0
      vertex 8.12231 -7.36355 3.3
    endloop
  endfacet
  facet normal 0.83146 0.555584 5.82906e-19
    outer loop
      vertex 8.12231 -7.36355 0
      vertex 8.32825 -7.67175 3.3
      vertex 8.32825 -7.67175 0
    endloop
  endfacet
  facet normal 0.290291 0.956939 -0
    outer loop
      vertex -10.7048 1.95957 0
      vertex -11.2863 2.13597 5
      vertex -10.7048 1.95957 5
    endloop
  endfacet
  facet normal 0.290291 0.956939 0
    outer loop
      vertex -11.2863 2.13597 5
      vertex -10.7048 1.95957 0
      vertex -11.2863 2.13597 0
    endloop
  endfacet
  facet normal 0.772948 0.63447 -1.57089e-19
    outer loop
      vertex -12.292 2.80797 5
      vertex -12.6776 3.27773 0
      vertex -12.6776 3.27773 5
    endloop
  endfacet
  facet normal 0.772948 0.63447 -1.57089e-19
    outer loop
      vertex -12.6776 3.27773 0
      vertex -12.292 2.80797 5
      vertex -12.292 2.80797 0
    endloop
  endfacet
  facet normal -0.95694 -0.290287 -1.3829e-18
    outer loop
      vertex -2.85956 5.60478 0
      vertex -3.03597 6.18632 5
      vertex -3.03597 6.18632 0
    endloop
  endfacet
  facet normal -0.95694 -0.290287 -1.3829e-18
    outer loop
      vertex -3.03597 6.18632 5
      vertex -2.85956 5.60478 0
      vertex -2.85956 5.60478 5
    endloop
  endfacet
  facet normal -0.995186 -0.098008 -6.49201e-20
    outer loop
      vertex -2.8 5 0
      vertex -2.85956 5.60478 5
      vertex -2.85956 5.60478 0
    endloop
  endfacet
  facet normal -0.995186 -0.098008 -6.49201e-20
    outer loop
      vertex -2.85956 5.60478 5
      vertex -2.8 5 0
      vertex -2.8 5 5
    endloop
  endfacet
  facet normal 0.995179 -0.0980732 2.28402e-19
    outer loop
      vertex -13.2 5 5
      vertex -13.1404 5.60478 0
      vertex -13.1404 5.60478 5
    endloop
  endfacet
  facet normal 0.995179 -0.0980732 2.28402e-19
    outer loop
      vertex -13.1404 5.60478 0
      vertex -13.2 5 5
      vertex -13.2 5 0
    endloop
  endfacet
  facet normal 0 -1 0
    outer loop
      vertex -10.1 8.1 0
      vertex -5.9 8.1 5
      vertex -10.1 8.1 5
    endloop
  endfacet
  facet normal 0 -1 -0
    outer loop
      vertex -5.9 8.1 5
      vertex -10.1 8.1 0
      vertex -5.9 8.1 0
    endloop
  endfacet
  facet normal 0.471361 -0.88194 0
    outer loop
      vertex -11.8223 7.57756 0
      vertex -11.2863 7.86403 5
      vertex -11.8223 7.57756 5
    endloop
  endfacet
  facet normal 0.471361 -0.88194 0
    outer loop
      vertex -11.2863 7.86403 5
      vertex -11.8223 7.57756 0
      vertex -11.2863 7.86403 0
    endloop
  endfacet
  facet normal 0.956944 0.290272 -6.26018e-19
    outer loop
      vertex -12.964 3.81368 5
      vertex -13.1404 4.39522 0
      vertex -13.1404 4.39522 5
    endloop
  endfacet
  facet normal 0.956944 0.290272 -6.26018e-19
    outer loop
      vertex -13.1404 4.39522 0
      vertex -12.964 3.81368 5
      vertex -12.964 3.81368 0
    endloop
  endfacet
  facet normal 0.0980211 -0.995184 0
    outer loop
      vertex -10.7048 8.04043 0
      vertex -10.1 8.1 5
      vertex -10.7048 8.04043 5
    endloop
  endfacet
  facet normal 0.0980211 -0.995184 0
    outer loop
      vertex -10.1 8.1 5
      vertex -10.7048 8.04043 0
      vertex -10.1 8.1 0
    endloop
  endfacet
  facet normal 0.0980211 0.995184 -0
    outer loop
      vertex -10.1 1.9 0
      vertex -10.7048 1.95957 5
      vertex -10.1 1.9 5
    endloop
  endfacet
  facet normal 0.0980211 0.995184 0
    outer loop
      vertex -10.7048 1.95957 5
      vertex -10.1 1.9 0
      vertex -10.7048 1.95957 0
    endloop
  endfacet
  facet normal -0.881922 -0.471395 2.67816e-18
    outer loop
      vertex -3.03597 6.18632 0
      vertex -3.32244 6.72227 5
      vertex -3.32244 6.72227 0
    endloop
  endfacet
  facet normal -0.881922 -0.471395 2.67816e-18
    outer loop
      vertex -3.32244 6.72227 5
      vertex -3.03597 6.18632 0
      vertex -3.03597 6.18632 5
    endloop
  endfacet
  facet normal 0.772948 -0.63447 1.57089e-19
    outer loop
      vertex -12.6776 6.72227 5
      vertex -12.292 7.19203 0
      vertex -12.292 7.19203 5
    endloop
  endfacet
  facet normal 0.772948 -0.63447 1.57089e-19
    outer loop
      vertex -12.292 7.19203 0
      vertex -12.6776 6.72227 5
      vertex -12.6776 6.72227 0
    endloop
  endfacet
  facet normal -0.881922 0.471395 2.65202e-18
    outer loop
      vertex -3.32244 3.27773 0
      vertex -3.03597 3.81368 5
      vertex -3.03597 3.81368 0
    endloop
  endfacet
  facet normal -0.881922 0.471395 2.65202e-18
    outer loop
      vertex -3.03597 3.81368 5
      vertex -3.32244 3.27773 0
      vertex -3.32244 3.27773 5
    endloop
  endfacet
  facet normal -0.290272 -0.956944 0
    outer loop
      vertex -5.29522 8.04043 0
      vertex -4.71368 7.86403 5
      vertex -5.29522 8.04043 5
    endloop
  endfacet
  facet normal -0.290272 -0.956944 -0
    outer loop
      vertex -4.71368 7.86403 5
      vertex -5.29522 8.04043 0
      vertex -4.71368 7.86403 0
    endloop
  endfacet
  facet normal -0.634401 -0.773004 0
    outer loop
      vertex -4.17773 7.57756 0
      vertex -3.70797 7.19203 5
      vertex -4.17773 7.57756 5
    endloop
  endfacet
  facet normal -0.634401 -0.773004 -0
    outer loop
      vertex -3.70797 7.19203 5
      vertex -4.17773 7.57756 0
      vertex -3.70797 7.19203 0
    endloop
  endfacet
  facet normal -0.634401 0.773004 0
    outer loop
      vertex -3.70797 2.80797 0
      vertex -4.17773 2.42244 5
      vertex -3.70797 2.80797 5
    endloop
  endfacet
  facet normal -0.634401 0.773004 0
    outer loop
      vertex -4.17773 2.42244 5
      vertex -3.70797 2.80797 0
      vertex -4.17773 2.42244 0
    endloop
  endfacet
  facet normal 0.956944 -0.290272 -9.96278e-19
    outer loop
      vertex -13.1404 5.60478 5
      vertex -12.964 6.18632 0
      vertex -12.964 6.18632 5
    endloop
  endfacet
  facet normal 0.956944 -0.290272 -9.96278e-19
    outer loop
      vertex -12.964 6.18632 0
      vertex -13.1404 5.60478 5
      vertex -13.1404 5.60478 0
    endloop
  endfacet
  facet normal -0.290272 0.956944 0
    outer loop
      vertex -4.71368 2.13597 0
      vertex -5.29522 1.95957 5
      vertex -4.71368 2.13597 5
    endloop
  endfacet
  facet normal -0.290272 0.956944 0
    outer loop
      vertex -5.29522 1.95957 5
      vertex -4.71368 2.13597 0
      vertex -5.29522 1.95957 0
    endloop
  endfacet
  facet normal -0.0980243 0.995184 0
    outer loop
      vertex -5.29522 1.95957 0
      vertex -5.9 1.9 5
      vertex -5.29522 1.95957 5
    endloop
  endfacet
  facet normal -0.0980243 0.995184 0
    outer loop
      vertex -5.9 1.9 5
      vertex -5.29522 1.95957 0
      vertex -5.9 1.9 0
    endloop
  endfacet
  facet normal 0.995179 0.0980732 -2.28402e-19
    outer loop
      vertex -13.1404 4.39522 5
      vertex -13.2 5 0
      vertex -13.2 5 5
    endloop
  endfacet
  facet normal 0.995179 0.0980732 -2.28402e-19
    outer loop
      vertex -13.2 5 0
      vertex -13.1404 4.39522 5
      vertex -13.1404 4.39522 0
    endloop
  endfacet
  facet normal -0.95694 0.290287 -1.56352e-18
    outer loop
      vertex -3.03597 3.81368 0
      vertex -2.85956 4.39522 5
      vertex -2.85956 4.39522 0
    endloop
  endfacet
  facet normal -0.95694 0.290287 -1.56352e-18
    outer loop
      vertex -2.85956 4.39522 5
      vertex -3.03597 3.81368 0
      vertex -3.03597 3.81368 5
    endloop
  endfacet
  facet normal -0.995186 0.098008 6.49201e-20
    outer loop
      vertex -2.85956 4.39522 0
      vertex -2.8 5 5
      vertex -2.8 5 0
    endloop
  endfacet
  facet normal -0.995186 0.098008 6.49201e-20
    outer loop
      vertex -2.8 5 5
      vertex -2.85956 4.39522 0
      vertex -2.85956 4.39522 5
    endloop
  endfacet
  facet normal 0.63445 0.772964 -0
    outer loop
      vertex -11.8223 2.42244 0
      vertex -12.292 2.80797 5
      vertex -11.8223 2.42244 5
    endloop
  endfacet
  facet normal 0.63445 0.772964 0
    outer loop
      vertex -12.292 2.80797 5
      vertex -11.8223 2.42244 0
      vertex -12.292 2.80797 0
    endloop
  endfacet
  facet normal -0.471395 -0.881922 0
    outer loop
      vertex -4.71368 7.86403 0
      vertex -4.17773 7.57756 5
      vertex -4.71368 7.86403 5
    endloop
  endfacet
  facet normal -0.471395 -0.881922 -0
    outer loop
      vertex -4.17773 7.57756 5
      vertex -4.71368 7.86403 0
      vertex -4.17773 7.57756 0
    endloop
  endfacet
  facet normal 0 1 -0
    outer loop
      vertex -5.9 1.9 0
      vertex -10.1 1.9 5
      vertex -5.9 1.9 5
    endloop
  endfacet
  facet normal 0 1 0
    outer loop
      vertex -10.1 1.9 5
      vertex -5.9 1.9 0
      vertex -10.1 1.9 0
    endloop
  endfacet
  facet normal 0.290291 -0.956939 0
    outer loop
      vertex -11.2863 7.86403 0
      vertex -10.7048 8.04043 5
      vertex -11.2863 7.86403 5
    endloop
  endfacet
  facet normal 0.290291 -0.956939 0
    outer loop
      vertex -10.7048 8.04043 5
      vertex -11.2863 7.86403 0
      vertex -10.7048 8.04043 0
    endloop
  endfacet
  facet normal 0.88197 -0.471306 3.75948e-19
    outer loop
      vertex -12.964 6.18632 5
      vertex -12.6776 6.72227 0
      vertex -12.6776 6.72227 5
    endloop
  endfacet
  facet normal 0.88197 -0.471306 3.75948e-19
    outer loop
      vertex -12.6776 6.72227 0
      vertex -12.964 6.18632 5
      vertex -12.964 6.18632 0
    endloop
  endfacet
  facet normal 0.63445 -0.772964 0
    outer loop
      vertex -12.292 7.19203 0
      vertex -11.8223 7.57756 5
      vertex -12.292 7.19203 5
    endloop
  endfacet
  facet normal 0.63445 -0.772964 0
    outer loop
      vertex -11.8223 7.57756 5
      vertex -12.292 7.19203 0
      vertex -11.8223 7.57756 0
    endloop
  endfacet
  facet normal -0.471395 0.881922 0
    outer loop
      vertex -4.17773 2.42244 0
      vertex -4.71368 2.13597 5
      vertex -4.17773 2.42244 5
    endloop
  endfacet
  facet normal -0.471395 0.881922 0
    outer loop
      vertex -4.71368 2.13597 5
      vertex -4.17773 2.42244 0
      vertex -4.71368 2.13597 0
    endloop
  endfacet
  facet normal -0.0980243 -0.995184 0
    outer loop
      vertex -5.9 8.1 0
      vertex -5.29522 8.04043 5
      vertex -5.9 8.1 5
    endloop
  endfacet
  facet normal -0.0980243 -0.995184 -0
    outer loop
      vertex -5.29522 8.04043 5
      vertex -5.9 8.1 0
      vertex -5.29522 8.04043 0
    endloop
  endfacet
  facet normal -0.773004 0.634401 -2.04585e-18
    outer loop
      vertex -3.70797 2.80797 0
      vertex -3.32244 3.27773 5
      vertex -3.32244 3.27773 0
    endloop
  endfacet
  facet normal -0.773004 0.634401 -2.04585e-18
    outer loop
      vertex -3.32244 3.27773 5
      vertex -3.70797 2.80797 0
      vertex -3.70797 2.80797 5
    endloop
  endfacet
  facet normal 0.471361 0.88194 -0
    outer loop
      vertex -11.2863 2.13597 0
      vertex -11.8223 2.42244 5
      vertex -11.2863 2.13597 5
    endloop
  endfacet
  facet normal 0.471361 0.88194 0
    outer loop
      vertex -11.8223 2.42244 5
      vertex -11.2863 2.13597 0
      vertex -11.8223 2.42244 0
    endloop
  endfacet
  facet normal -0.773004 -0.634401 2.04585e-18
    outer loop
      vertex -3.32244 6.72227 0
      vertex -3.70797 7.19203 5
      vertex -3.70797 7.19203 0
    endloop
  endfacet
  facet normal -0.773004 -0.634401 2.04585e-18
    outer loop
      vertex -3.70797 7.19203 5
      vertex -3.32244 6.72227 0
      vertex -3.32244 6.72227 5
    endloop
  endfacet
  facet normal 0.88197 0.471306 3.43884e-18
    outer loop
      vertex -12.6776 3.27773 5
      vertex -12.964 3.81368 0
      vertex -12.964 3.81368 5
    endloop
  endfacet
  facet normal 0.88197 0.471306 3.43884e-18
    outer loop
      vertex -12.964 3.81368 0
      vertex -12.6776 3.27773 5
      vertex -12.6776 3.27773 0
    endloop
  endfacet
  facet normal 0 0 -1
    outer loop
      vertex -2.85956 4.39522 5
      vertex -2.85956 5.60478 5
      vertex -2.8 5 5
    endloop
  endfacet
  facet normal 0 0 -1
    outer loop
      vertex -3.03597 3.81368 5
      vertex -2.85956 5.60478 5
      vertex -2.85956 4.39522 5
    endloop
  endfacet
  facet normal 0 0 -1
    outer loop
      vertex -3.03597 3.81368 5
      vertex -3.03597 6.18632 5
      vertex -2.85956 5.60478 5
    endloop
  endfacet
  facet normal 0 0 -1
    outer loop
      vertex -3.32244 3.27773 5
      vertex -3.03597 6.18632 5
      vertex -3.03597 3.81368 5
    endloop
  endfacet
  facet normal 0 0 -1
    outer loop
      vertex -3.32244 3.27773 5
      vertex -3.32244 6.72227 5
      vertex -3.03597 6.18632 5
    endloop
  endfacet
  facet normal 0 0 -1
    outer loop
      vertex -3.70797 2.80797 5
      vertex -3.32244 6.72227 5
      vertex -3.32244 3.27773 5
    endloop
  endfacet
  facet normal 0 0 -1
    outer loop
      vertex -3.70797 2.80797 5
      vertex -3.70797 7.19203 5
      vertex -3.32244 6.72227 5
    endloop
  endfacet
  facet normal 0 0 -1
    outer loop
      vertex -4.17773 2.42244 5
      vertex -3.70797 7.19203 5
      vertex -3.70797 2.80797 5
    endloop
  endfacet
  facet normal 0 0 -1
    outer loop
      vertex -4.17773 2.42244 5
      vertex -4.17773 7.57756 5
      vertex -3.70797 7.19203 5
    endloop
  endfacet
  facet normal 0 0 -1
    outer loop
      vertex -4.71368 2.13597 5
      vertex -4.17773 7.57756 5
      vertex -4.17773 2.42244 5
    endloop
  endfacet
  facet normal 0 0 -1
    outer loop
      vertex -4.71368 2.13597 5
      vertex -4.71368 7.86403 5
      vertex -4.17773 7.57756 5
    endloop
  endfacet
  facet normal 0 0 -1
    outer loop
      vertex -5.29522 1.95957 5
      vertex -4.71368 7.86403 5
      vertex -4.71368 2.13597 5
    endloop
  endfacet
  facet normal 0 0 -1
    outer loop
      vertex -5.29522 1.95957 5
      vertex -5.29522 8.04043 5
      vertex -4.71368 7.86403 5
    endloop
  endfacet
  facet normal 0 0 -1
    outer loop
      vertex -5.9 1.9 5
      vertex -5.29522 8.04043 5
      vertex -5.29522 1.95957 5
    endloop
  endfacet
  facet normal 0 0 -1
    outer loop
      vertex -5.9 1.9 5
      vertex -5.9 8.1 5
      vertex -5.29522 8.04043 5
    endloop
  endfacet
  facet normal 0 0 -1
    outer loop
      vertex -10.1 1.9 5
      vertex -5.9 8.1 5
      vertex -5.9 1.9 5
    endloop
  endfacet
  facet normal 0 0 -1
    outer loop
      vertex -10.1 1.9 5
      vertex -10.1 8.1 5
      vertex -5.9 8.1 5
    endloop
  endfacet
  facet normal 0 0 -1
    outer loop
      vertex -10.7048 1.95957 5
      vertex -10.1 8.1 5
      vertex -10.1 1.9 5
    endloop
  endfacet
  facet normal 0 0 -1
    outer loop
      vertex -10.7048 1.95957 5
      vertex -10.7048 8.04043 5
      vertex -10.1 8.1 5
    endloop
  endfacet
  facet normal 0 0 -1
    outer loop
      vertex -11.2863 2.13597 5
      vertex -10.7048 8.04043 5
      vertex -10.7048 1.95957 5
    endloop
  endfacet
  facet normal 0 0 -1
    outer loop
      vertex -11.2863 2.13597 5
      vertex -11.2863 7.86403 5
      vertex -10.7048 8.04043 5
    endloop
  endfacet
  facet normal 0 0 -1
    outer loop
      vertex -11.8223 2.42244 5
      vertex -11.2863 7.86403 5
      vertex -11.2863 2.13597 5
    endloop
  endfacet
  facet normal 0 0 -1
    outer loop
      vertex -11.8223 2.42244 5
      vertex -11.8223 7.57756 5
      vertex -11.2863 7.86403 5
    endloop
  endfacet
  facet normal 0 0 -1
    outer loop
      vertex -12.292 2.80797 5
      vertex -11.8223 7.57756 5
      vertex -11.8223 2.42244 5
    endloop
  endfacet
  facet normal 0 0 -1
    outer loop
      vertex -12.292 2.80797 5
      vertex -12.292 7.19203 5
      vertex -11.8223 7.57756 5
    endloop
  endfacet
  facet normal 0 0 -1
    outer loop
      vertex -12.6776 3.27773 5
      vertex -12.292 7.19203 5
      vertex -12.292 2.80797 5
    endloop
  endfacet
  facet normal 0 0 -1
    outer loop
      vertex -12.6776 3.27773 5
      vertex -12.6776 6.72227 5
      vertex -12.292 7.19203 5
    endloop
  endfacet
  facet normal 0 0 -1
    outer loop
      vertex -12.964 3.81368 5
      vertex -12.6776 6.72227 5
      vertex -12.6776 3.27773 5
    endloop
  endfacet
  facet normal 0 0 -1
    outer loop
      vertex -12.964 3.81368 5
      vertex -12.964 6.18632 5
      vertex -12.6776 6.72227 5
    endloop
  endfacet
  facet normal 0 0 -1
    outer loop
      vertex -13.1404 4.39522 5
      vertex -12.964 6.18632 5
      vertex -12.964 3.81368 5
    endloop
  endfacet
  facet normal 0 0 -1
    outer loop
      vertex -13.1404 4.39522 5
      vertex -13.1404 5.60478 5
      vertex -12.964 6.18632 5
    endloop
  endfacet
  facet normal 0 -0 -1
    outer loop
      vertex -13.1404 5.60478 5
      vertex -13.1404 4.39522 5
      vertex -13.2 5 5
    endloop
  endfacet
  facet normal 0.290272 0.956944 -0
    outer loop
      vertex 5.29522 1.95957 0
      vertex 4.71368 2.13597 5
      vertex 5.29522 1.95957 5
    endloop
  endfacet
  facet normal 0.290272 0.956944 0
    outer loop
      vertex 4.71368 2.13597 5
      vertex 5.29522 1.95957 0
      vertex 4.71368 2.13597 0
    endloop
  endfacet
  facet normal 0.773004 0.634401 2.04585e-18
    outer loop
      vertex 3.70797 2.80797 5
      vertex 3.32244 3.27773 0
      vertex 3.32244 3.27773 5
    endloop
  endfacet
  facet normal 0.773004 0.634401 2.04585e-18
    outer loop
      vertex 3.32244 3.27773 0
      vertex 3.70797 2.80797 5
      vertex 3.70797 2.80797 0
    endloop
  endfacet
  facet normal -0.956944 -0.290272 9.96278e-19
    outer loop
      vertex 13.1404 5.60478 0
      vertex 12.964 6.18632 5
      vertex 12.964 6.18632 0
    endloop
  endfacet
  facet normal -0.956944 -0.290272 9.96278e-19
    outer loop
      vertex 12.964 6.18632 5
      vertex 13.1404 5.60478 0
      vertex 13.1404 5.60478 5
    endloop
  endfacet
  facet normal -0.995179 -0.0980732 -2.28402e-19
    outer loop
      vertex 13.2 5 0
      vertex 13.1404 5.60478 5
      vertex 13.1404 5.60478 0
    endloop
  endfacet
  facet normal -0.995179 -0.0980732 -2.28402e-19
    outer loop
      vertex 13.1404 5.60478 5
      vertex 13.2 5 0
      vertex 13.2 5 5
    endloop
  endfacet
  facet normal 0.995186 -0.098008 6.49201e-20
    outer loop
      vertex 2.8 5 5
      vertex 2.85956 5.60478 0
      vertex 2.85956 5.60478 5
    endloop
  endfacet
  facet normal 0.995186 -0.098008 6.49201e-20
    outer loop
      vertex 2.85956 5.60478 0
      vertex 2.8 5 5
      vertex 2.8 5 0
    endloop
  endfacet
  facet normal 0 -1 0
    outer loop
      vertex 5.9 8.1 0
      vertex 10.1 8.1 5
      vertex 5.9 8.1 5
    endloop
  endfacet
  facet normal 0 -1 -0
    outer loop
      vertex 10.1 8.1 5
      vertex 5.9 8.1 0
      vertex 10.1 8.1 0
    endloop
  endfacet
  facet normal 0.471395 -0.881922 0
    outer loop
      vertex 4.17773 7.57756 0
      vertex 4.71368 7.86403 5
      vertex 4.17773 7.57756 5
    endloop
  endfacet
  facet normal 0.471395 -0.881922 0
    outer loop
      vertex 4.71368 7.86403 5
      vertex 4.17773 7.57756 0
      vertex 4.71368 7.86403 0
    endloop
  endfacet
  facet normal 0.95694 0.290287 1.56352e-18
    outer loop
      vertex 3.03597 3.81368 5
      vertex 2.85956 4.39522 0
      vertex 2.85956 4.39522 5
    endloop
  endfacet
  facet normal 0.95694 0.290287 1.56352e-18
    outer loop
      vertex 2.85956 4.39522 0
      vertex 3.03597 3.81368 5
      vertex 3.03597 3.81368 0
    endloop
  endfacet
  facet normal 0.0980243 -0.995184 0
    outer loop
      vertex 5.29522 8.04043 0
      vertex 5.9 8.1 5
      vertex 5.29522 8.04043 5
    endloop
  endfacet
  facet normal 0.0980243 -0.995184 0
    outer loop
      vertex 5.9 8.1 5
      vertex 5.29522 8.04043 0
      vertex 5.9 8.1 0
    endloop
  endfacet
  facet normal 0.0980243 0.995184 -0
    outer loop
      vertex 5.9 1.9 0
      vertex 5.29522 1.95957 5
      vertex 5.9 1.9 5
    endloop
  endfacet
  facet normal 0.0980243 0.995184 0
    outer loop
      vertex 5.29522 1.95957 5
      vertex 5.9 1.9 0
      vertex 5.29522 1.95957 0
    endloop
  endfacet
  facet normal -0.88197 -0.471306 -3.75948e-19
    outer loop
      vertex 12.964 6.18632 0
      vertex 12.6776 6.72227 5
      vertex 12.6776 6.72227 0
    endloop
  endfacet
  facet normal -0.88197 -0.471306 -3.75948e-19
    outer loop
      vertex 12.6776 6.72227 5
      vertex 12.964 6.18632 0
      vertex 12.964 6.18632 5
    endloop
  endfacet
  facet normal 0.773004 -0.634401 -2.04585e-18
    outer loop
      vertex 3.32244 6.72227 5
      vertex 3.70797 7.19203 0
      vertex 3.70797 7.19203 5
    endloop
  endfacet
  facet normal 0.773004 -0.634401 -2.04585e-18
    outer loop
      vertex 3.70797 7.19203 0
      vertex 3.32244 6.72227 5
      vertex 3.32244 6.72227 0
    endloop
  endfacet
  facet normal -0.88197 0.471306 -3.43884e-18
    outer loop
      vertex 12.6776 3.27773 0
      vertex 12.964 3.81368 5
      vertex 12.964 3.81368 0
    endloop
  endfacet
  facet normal -0.88197 0.471306 -3.43884e-18
    outer loop
      vertex 12.964 3.81368 5
      vertex 12.6776 3.27773 0
      vertex 12.6776 3.27773 5
    endloop
  endfacet
  facet normal -0.290291 -0.956939 0
    outer loop
      vertex 10.7048 8.04043 0
      vertex 11.2863 7.86403 5
      vertex 10.7048 8.04043 5
    endloop
  endfacet
  facet normal -0.290291 -0.956939 -0
    outer loop
      vertex 11.2863 7.86403 5
      vertex 10.7048 8.04043 0
      vertex 11.2863 7.86403 0
    endloop
  endfacet
  facet normal -0.63445 -0.772964 0
    outer loop
      vertex 11.8223 7.57756 0
      vertex 12.292 7.19203 5
      vertex 11.8223 7.57756 5
    endloop
  endfacet
  facet normal -0.63445 -0.772964 -0
    outer loop
      vertex 12.292 7.19203 5
      vertex 11.8223 7.57756 0
      vertex 12.292 7.19203 0
    endloop
  endfacet
  facet normal -0.63445 0.772964 0
    outer loop
      vertex 12.292 2.80797 0
      vertex 11.8223 2.42244 5
      vertex 12.292 2.80797 5
    endloop
  endfacet
  facet normal -0.63445 0.772964 0
    outer loop
      vertex 11.8223 2.42244 5
      vertex 12.292 2.80797 0
      vertex 11.8223 2.42244 0
    endloop
  endfacet
  facet normal 0.95694 -0.290287 1.3829e-18
    outer loop
      vertex 2.85956 5.60478 5
      vertex 3.03597 6.18632 0
      vertex 3.03597 6.18632 5
    endloop
  endfacet
  facet normal 0.95694 -0.290287 1.3829e-18
    outer loop
      vertex 3.03597 6.18632 0
      vertex 2.85956 5.60478 5
      vertex 2.85956 5.60478 0
    endloop
  endfacet
  facet normal -0.290291 0.956939 0
    outer loop
      vertex 11.2863 2.13597 0
      vertex 10.7048 1.95957 5
      vertex 11.2863 2.13597 5
    endloop
  endfacet
  facet normal -0.290291 0.956939 0
    outer loop
      vertex 10.7048 1.95957 5
      vertex 11.2863 2.13597 0
      vertex 10.7048 1.95957 0
    endloop
  endfacet
  facet normal -0.0980211 0.995184 0
    outer loop
      vertex 10.7048 1.95957 0
      vertex 10.1 1.9 5
      vertex 10.7048 1.95957 5
    endloop
  endfacet
  facet normal -0.0980211 0.995184 0
    outer loop
      vertex 10.1 1.9 5
      vertex 10.7048 1.95957 0
      vertex 10.1 1.9 0
    endloop
  endfacet
  facet normal 0.995186 0.098008 -6.49201e-20
    outer loop
      vertex 2.85956 4.39522 5
      vertex 2.8 5 0
      vertex 2.8 5 5
    endloop
  endfacet
  facet normal 0.995186 0.098008 -6.49201e-20
    outer loop
      vertex 2.8 5 0
      vertex 2.85956 4.39522 5
      vertex 2.85956 4.39522 0
    endloop
  endfacet
  facet normal -0.956944 0.290272 6.26018e-19
    outer loop
      vertex 12.964 3.81368 0
      vertex 13.1404 4.39522 5
      vertex 13.1404 4.39522 0
    endloop
  endfacet
  facet normal -0.956944 0.290272 6.26018e-19
    outer loop
      vertex 13.1404 4.39522 5
      vertex 12.964 3.81368 0
      vertex 12.964 3.81368 5
    endloop
  endfacet
  facet normal -0.995179 0.0980732 2.28402e-19
    outer loop
      vertex 13.1404 4.39522 0
      vertex 13.2 5 5
      vertex 13.2 5 0
    endloop
  endfacet
  facet normal -0.995179 0.0980732 2.28402e-19
    outer loop
      vertex 13.2 5 5
      vertex 13.1404 4.39522 0
      vertex 13.1404 4.39522 5
    endloop
  endfacet
  facet normal 0.634401 0.773004 -0
    outer loop
      vertex 4.17773 2.42244 0
      vertex 3.70797 2.80797 5
      vertex 4.17773 2.42244 5
    endloop
  endfacet
  facet normal 0.634401 0.773004 0
    outer loop
      vertex 3.70797 2.80797 5
      vertex 4.17773 2.42244 0
      vertex 3.70797 2.80797 0
    endloop
  endfacet
  facet normal -0.471361 -0.88194 0
    outer loop
      vertex 11.2863 7.86403 0
      vertex 11.8223 7.57756 5
      vertex 11.2863 7.86403 5
    endloop
  endfacet
  facet normal -0.471361 -0.88194 -0
    outer loop
      vertex 11.8223 7.57756 5
      vertex 11.2863 7.86403 0
      vertex 11.8223 7.57756 0
    endloop
  endfacet
  facet normal 0 1 -0
    outer loop
      vertex 10.1 1.9 0
      vertex 5.9 1.9 5
      vertex 10.1 1.9 5
    endloop
  endfacet
  facet normal 0 1 0
    outer loop
      vertex 5.9 1.9 5
      vertex 10.1 1.9 0
      vertex 5.9 1.9 0
    endloop
  endfacet
  facet normal 0.290272 -0.956944 0
    outer loop
      vertex 4.71368 7.86403 0
      vertex 5.29522 8.04043 5
      vertex 4.71368 7.86403 5
    endloop
  endfacet
  facet normal 0.290272 -0.956944 0
    outer loop
      vertex 5.29522 8.04043 5
      vertex 4.71368 7.86403 0
      vertex 5.29522 8.04043 0
    endloop
  endfacet
  facet normal 0 0 -1
    outer loop
      vertex 13.1404 4.39522 5
      vertex 13.1404 5.60478 5
      vertex 13.2 5 5
    endloop
  endfacet
  facet normal 0 0 -1
    outer loop
      vertex 12.964 3.81368 5
      vertex 13.1404 5.60478 5
      vertex 13.1404 4.39522 5
    endloop
  endfacet
  facet normal 0 0 -1
    outer loop
      vertex 12.964 3.81368 5
      vertex 12.964 6.18632 5
      vertex 13.1404 5.60478 5
    endloop
  endfacet
  facet normal 0 0 -1
    outer loop
      vertex 12.6776 3.27773 5
      vertex 12.964 6.18632 5
      vertex 12.964 3.81368 5
    endloop
  endfacet
  facet normal 0 0 -1
    outer loop
      vertex 12.6776 3.27773 5
      vertex 12.6776 6.72227 5
      vertex 12.964 6.18632 5
    endloop
  endfacet
  facet normal 0 0 -1
    outer loop
      vertex 12.292 2.80797 5
      vertex 12.6776 6.72227 5
      vertex 12.6776 3.27773 5
    endloop
  endfacet
  facet normal 0 0 -1
    outer loop
      vertex 12.292 2.80797 5
      vertex 12.292 7.19203 5
      vertex 12.6776 6.72227 5
    endloop
  endfacet
  facet normal 0 0 -1
    outer loop
      vertex 11.8223 2.42244 5
      vertex 12.292 7.19203 5
      vertex 12.292 2.80797 5
    endloop
  endfacet
  facet normal 0 0 -1
    outer loop
      vertex 11.8223 2.42244 5
      vertex 11.8223 7.57756 5
      vertex 12.292 7.19203 5
    endloop
  endfacet
  facet normal 0 0 -1
    outer loop
      vertex 11.2863 2.13597 5
      vertex 11.8223 7.57756 5
      vertex 11.8223 2.42244 5
    endloop
  endfacet
  facet normal 0 0 -1
    outer loop
      vertex 11.2863 2.13597 5
      vertex 11.2863 7.86403 5
      vertex 11.8223 7.57756 5
    endloop
  endfacet
  facet normal 0 0 -1
    outer loop
      vertex 10.7048 1.95957 5
      vertex 11.2863 7.86403 5
      vertex 11.2863 2.13597 5
    endloop
  endfacet
  facet normal 0 0 -1
    outer loop
      vertex 10.7048 1.95957 5
      vertex 10.7048 8.04043 5
      vertex 11.2863 7.86403 5
    endloop
  endfacet
  facet normal 0 0 -1
    outer loop
      vertex 10.1 1.9 5
      vertex 10.7048 8.04043 5
      vertex 10.7048 1.95957 5
    endloop
  endfacet
  facet normal 0 0 -1
    outer loop
      vertex 10.1 1.9 5
      vertex 10.1 8.1 5
      vertex 10.7048 8.04043 5
    endloop
  endfacet
  facet normal 0 0 -1
    outer loop
      vertex 5.9 1.9 5
      vertex 10.1 8.1 5
      vertex 10.1 1.9 5
    endloop
  endfacet
  facet normal 0 0 -1
    outer loop
      vertex 5.9 1.9 5
      vertex 5.9 8.1 5
      vertex 10.1 8.1 5
    endloop
  endfacet
  facet normal 0 0 -1
    outer loop
      vertex 5.29522 1.95957 5
      vertex 5.9 8.1 5
      vertex 5.9 1.9 5
    endloop
  endfacet
  facet normal 0 0 -1
    outer loop
      vertex 5.29522 1.95957 5
      vertex 5.29522 8.04043 5
      vertex 5.9 8.1 5
    endloop
  endfacet
  facet normal 0 0 -1
    outer loop
      vertex 4.71368 2.13597 5
      vertex 5.29522 8.04043 5
      vertex 5.29522 1.95957 5
    endloop
  endfacet
  facet normal 0 0 -1
    outer loop
      vertex 4.71368 2.13597 5
      vertex 4.71368 7.86403 5
      vertex 5.29522 8.04043 5
    endloop
  endfacet
  facet normal 0 0 -1
    outer loop
      vertex 4.17773 2.42244 5
      vertex 4.71368 7.86403 5
      vertex 4.71368 2.13597 5
    endloop
  endfacet
  facet normal 0 0 -1
    outer loop
      vertex 4.17773 2.42244 5
      vertex 4.17773 7.57756 5
      vertex 4.71368 7.86403 5
    endloop
  endfacet
  facet normal 0 0 -1
    outer loop
      vertex 3.70797 2.80797 5
      vertex 4.17773 7.57756 5
      vertex 4.17773 2.42244 5
    endloop
  endfacet
  facet normal 0 0 -1
    outer loop
      vertex 3.70797 2.80797 5
      vertex 3.70797 7.19203 5
      vertex 4.17773 7.57756 5
    endloop
  endfacet
  facet normal 0 0 -1
    outer loop
      vertex 3.32244 3.27773 5
      vertex 3.70797 7.19203 5
      vertex 3.70797 2.80797 5
    endloop
  endfacet
  facet normal 0 0 -1
    outer loop
      vertex 3.32244 3.27773 5
      vertex 3.32244 6.72227 5
      vertex 3.70797 7.19203 5
    endloop
  endfacet
  facet normal 0 0 -1
    outer loop
      vertex 3.03597 3.81368 5
      vertex 3.32244 6.72227 5
      vertex 3.32244 3.27773 5
    endloop
  endfacet
  facet normal 0 0 -1
    outer loop
      vertex 3.03597 3.81368 5
      vertex 3.03597 6.18632 5
      vertex 3.32244 6.72227 5
    endloop
  endfacet
  facet normal 0 0 -1
    outer loop
      vertex 2.85956 4.39522 5
      vertex 3.03597 6.18632 5
      vertex 3.03597 3.81368 5
    endloop
  endfacet
  facet normal 0 0 -1
    outer loop
      vertex 2.85956 4.39522 5
      vertex 2.85956 5.60478 5
      vertex 3.03597 6.18632 5
    endloop
  endfacet
  facet normal 0 -0 -1
    outer loop
      vertex 2.85956 5.60478 5
      vertex 2.85956 4.39522 5
      vertex 2.8 5 5
    endloop
  endfacet
  facet normal 0.881922 -0.471395 -2.67816e-18
    outer loop
      vertex 3.03597 6.18632 5
      vertex 3.32244 6.72227 0
      vertex 3.32244 6.72227 5
    endloop
  endfacet
  facet normal 0.881922 -0.471395 -2.67816e-18
    outer loop
      vertex 3.32244 6.72227 0
      vertex 3.03597 6.18632 5
      vertex 3.03597 6.18632 0
    endloop
  endfacet
  facet normal 0.634401 -0.773004 0
    outer loop
      vertex 3.70797 7.19203 0
      vertex 4.17773 7.57756 5
      vertex 3.70797 7.19203 5
    endloop
  endfacet
  facet normal 0.634401 -0.773004 0
    outer loop
      vertex 4.17773 7.57756 5
      vertex 3.70797 7.19203 0
      vertex 4.17773 7.57756 0
    endloop
  endfacet
  facet normal -0.471361 0.88194 0
    outer loop
      vertex 11.8223 2.42244 0
      vertex 11.2863 2.13597 5
      vertex 11.8223 2.42244 5
    endloop
  endfacet
  facet normal -0.471361 0.88194 0
    outer loop
      vertex 11.2863 2.13597 5
      vertex 11.8223 2.42244 0
      vertex 11.2863 2.13597 0
    endloop
  endfacet
  facet normal -0.0980211 -0.995184 0
    outer loop
      vertex 10.1 8.1 0
      vertex 10.7048 8.04043 5
      vertex 10.1 8.1 5
    endloop
  endfacet
  facet normal -0.0980211 -0.995184 -0
    outer loop
      vertex 10.7048 8.04043 5
      vertex 10.1 8.1 0
      vertex 10.7048 8.04043 0
    endloop
  endfacet
  facet normal -0.772948 0.63447 1.57089e-19
    outer loop
      vertex 12.292 2.80797 0
      vertex 12.6776 3.27773 5
      vertex 12.6776 3.27773 0
    endloop
  endfacet
  facet normal -0.772948 0.63447 1.57089e-19
    outer loop
      vertex 12.6776 3.27773 5
      vertex 12.292 2.80797 0
      vertex 12.292 2.80797 5
    endloop
  endfacet
  facet normal 0.471395 0.881922 -0
    outer loop
      vertex 4.71368 2.13597 0
      vertex 4.17773 2.42244 5
      vertex 4.71368 2.13597 5
    endloop
  endfacet
  facet normal 0.471395 0.881922 0
    outer loop
      vertex 4.17773 2.42244 5
      vertex 4.71368 2.13597 0
      vertex 4.17773 2.42244 0
    endloop
  endfacet
  facet normal -0.772948 -0.63447 -1.57089e-19
    outer loop
      vertex 12.6776 6.72227 0
      vertex 12.292 7.19203 5
      vertex 12.292 7.19203 0
    endloop
  endfacet
  facet normal -0.772948 -0.63447 -1.57089e-19
    outer loop
      vertex 12.292 7.19203 5
      vertex 12.6776 6.72227 0
      vertex 12.6776 6.72227 5
    endloop
  endfacet
  facet normal 0.881922 0.471395 -2.65202e-18
    outer loop
      vertex 3.32244 3.27773 5
      vertex 3.03597 3.81368 0
      vertex 3.03597 3.81368 5
    endloop
  endfacet
  facet normal 0.881922 0.471395 -2.65202e-18
    outer loop
      vertex 3.03597 3.81368 0
      vertex 3.32244 3.27773 5
      vertex 3.32244 3.27773 0
    endloop
  endfacet
endsolid OpenSCAD_Model
