solid OpenSCAD_Model
  facet normal -0.83151 -0.555509 -9.36282e-18
    outer loop
      vertex -16.1223 -9.13645 0
      vertex -16.3282 -8.82825 1.5
      vertex -16.3282 -8.82825 0
    endloop
  endfacet
  facet normal -0.83151 -0.555509 -9.36282e-18
    outer loop
      vertex -16.3282 -8.82825 1.5
      vertex -16.1223 -9.13645 0
      vertex -16.1223 -9.13645 1.5
    endloop
  endfacet
  facet normal -0.980793 -0.195052 2.71317e-18
    outer loop
      vertex -16.05 -9.5 0
      vertex -16.1223 -9.13645 1.5
      vertex -16.1223 -9.13645 0
    endloop
  endfacet
  facet normal -0.980793 -0.195052 2.71317e-18
    outer loop
      vertex -16.1223 -9.13645 1.5
      vertex -16.05 -9.5 0
      vertex -16.05 -9.5 1.5
    endloop
  endfacet
  facet normal -0.555584 -0.83146 0
    outer loop
      vertex -16.6364 -8.62231 0
      vertex -16.3282 -8.82825 1.5
      vertex -16.6364 -8.62231 1.5
    endloop
  endfacet
  facet normal -0.555584 -0.83146 -0
    outer loop
      vertex -16.3282 -8.82825 1.5
      vertex -16.6364 -8.62231 0
      vertex -16.3282 -8.82825 0
    endloop
  endfacet
  facet normal -0.195053 -0.980793 0
    outer loop
      vertex -17 -8.55 0
      vertex -16.6364 -8.62231 1.5
      vertex -17 -8.55 1.5
    endloop
  endfacet
  facet normal -0.195053 -0.980793 -0
    outer loop
      vertex -16.6364 -8.62231 1.5
      vertex -17 -8.55 0
      vertex -16.6364 -8.62231 0
    endloop
  endfacet
  facet normal 0.831552 0.555447 -2.83015e-18
    outer loop
      vertex -17.6718 -10.1718 1.5
      vertex -17.8777 -9.86355 0
      vertex -17.8777 -9.86355 1.5
    endloop
  endfacet
  facet normal 0.831552 0.555447 -2.83015e-18
    outer loop
      vertex -17.8777 -9.86355 0
      vertex -17.6718 -10.1718 1.5
      vertex -17.6718 -10.1718 0
    endloop
  endfacet
  facet normal 0.980793 -0.195052 -2.71317e-18
    outer loop
      vertex -17.95 -9.5 1.5
      vertex -17.8777 -9.13645 0
      vertex -17.8777 -9.13645 1.5
    endloop
  endfacet
  facet normal 0.980793 -0.195052 -2.71317e-18
    outer loop
      vertex -17.8777 -9.13645 0
      vertex -17.95 -9.5 1.5
      vertex -17.95 -9.5 0
    endloop
  endfacet
  facet normal -0.980793 0.195052 -2.71317e-18
    outer loop
      vertex -16.1223 -9.86355 0
      vertex -16.05 -9.5 1.5
      vertex -16.05 -9.5 0
    endloop
  endfacet
  facet normal -0.980793 0.195052 -2.71317e-18
    outer loop
      vertex -16.05 -9.5 1.5
      vertex -16.1223 -9.86355 0
      vertex -16.1223 -9.86355 1.5
    endloop
  endfacet
  facet normal 0.555459 -0.831544 0
    outer loop
      vertex -17.6718 -8.82825 0
      vertex -17.3635 -8.62231 1.5
      vertex -17.6718 -8.82825 1.5
    endloop
  endfacet
  facet normal 0.555459 -0.831544 0
    outer loop
      vertex -17.3635 -8.62231 1.5
      vertex -17.6718 -8.82825 0
      vertex -17.3635 -8.62231 0
    endloop
  endfacet
  facet normal -0.555509 0.83151 0
    outer loop
      vertex -16.3282 -10.1718 0
      vertex -16.6364 -10.3777 1.5
      vertex -16.3282 -10.1718 1.5
    endloop
  endfacet
  facet normal -0.555509 0.83151 0
    outer loop
      vertex -16.6364 -10.3777 1.5
      vertex -16.3282 -10.1718 0
      vertex -16.6364 -10.3777 0
    endloop
  endfacet
  facet normal -0.195027 0.980798 0
    outer loop
      vertex -16.6364 -10.3777 0
      vertex -17 -10.45 1.5
      vertex -16.6364 -10.3777 1.5
    endloop
  endfacet
  facet normal -0.195027 0.980798 0
    outer loop
      vertex -17 -10.45 1.5
      vertex -16.6364 -10.3777 0
      vertex -17 -10.45 0
    endloop
  endfacet
  facet normal 0.83151 -0.555509 9.36282e-18
    outer loop
      vertex -17.8777 -9.13645 1.5
      vertex -17.6718 -8.82825 0
      vertex -17.6718 -8.82825 1.5
    endloop
  endfacet
  facet normal 0.83151 -0.555509 9.36282e-18
    outer loop
      vertex -17.6718 -8.82825 0
      vertex -17.8777 -9.13645 1.5
      vertex -17.8777 -9.13645 0
    endloop
  endfacet
  facet normal 0.195104 -0.980783 0
    outer loop
      vertex -17.3635 -8.62231 0
      vertex -17 -8.55 1.5
      vertex -17.3635 -8.62231 1.5
    endloop
  endfacet
  facet normal 0.195104 -0.980783 0
    outer loop
      vertex -17 -8.55 1.5
      vertex -17.3635 -8.62231 0
      vertex -17 -8.55 0
    endloop
  endfacet
  facet normal 0.195078 0.980788 -0
    outer loop
      vertex -17 -10.45 0
      vertex -17.3635 -10.3777 1.5
      vertex -17 -10.45 1.5
    endloop
  endfacet
  facet normal 0.195078 0.980788 0
    outer loop
      vertex -17.3635 -10.3777 1.5
      vertex -17 -10.45 0
      vertex -17.3635 -10.3777 0
    endloop
  endfacet
  facet normal -0.831552 0.555447 2.83015e-18
    outer loop
      vertex -16.3282 -10.1718 0
      vertex -16.1223 -9.86355 1.5
      vertex -16.1223 -9.86355 0
    endloop
  endfacet
  facet normal -0.831552 0.555447 2.83015e-18
    outer loop
      vertex -16.1223 -9.86355 1.5
      vertex -16.3282 -10.1718 0
      vertex -16.3282 -10.1718 1.5
    endloop
  endfacet
  facet normal 0.555385 0.831594 -0
    outer loop
      vertex -17.3635 -10.3777 0
      vertex -17.6718 -10.1718 1.5
      vertex -17.3635 -10.3777 1.5
    endloop
  endfacet
  facet normal 0.555385 0.831594 0
    outer loop
      vertex -17.6718 -10.1718 1.5
      vertex -17.3635 -10.3777 0
      vertex -17.6718 -10.1718 0
    endloop
  endfacet
  facet normal 0.980793 0.195052 2.71317e-18
    outer loop
      vertex -17.8777 -9.86355 1.5
      vertex -17.95 -9.5 0
      vertex -17.95 -9.5 1.5
    endloop
  endfacet
  facet normal 0.980793 0.195052 2.71317e-18
    outer loop
      vertex -17.95 -9.5 0
      vertex -17.8777 -9.86355 1.5
      vertex -17.8777 -9.86355 0
    endloop
  endfacet
  facet normal -0.831552 -0.555447 -2.83015e-18
    outer loop
      vertex -16.1223 9.86355 0
      vertex -16.3282 10.1718 1.5
      vertex -16.3282 10.1718 0
    endloop
  endfacet
  facet normal -0.831552 -0.555447 -2.83015e-18
    outer loop
      vertex -16.3282 10.1718 1.5
      vertex -16.1223 9.86355 0
      vertex -16.1223 9.86355 1.5
    endloop
  endfacet
  facet normal -0.980793 -0.195052 2.71317e-18
    outer loop
      vertex -16.05 9.5 0
      vertex -16.1223 9.86355 1.5
      vertex -16.1223 9.86355 0
    endloop
  endfacet
  facet normal -0.980793 -0.195052 2.71317e-18
    outer loop
      vertex -16.1223 9.86355 1.5
      vertex -16.05 9.5 0
      vertex -16.05 9.5 1.5
    endloop
  endfacet
  facet normal -0.555509 -0.83151 0
    outer loop
      vertex -16.6364 10.3777 0
      vertex -16.3282 10.1718 1.5
      vertex -16.6364 10.3777 1.5
    endloop
  endfacet
  facet normal -0.555509 -0.83151 -0
    outer loop
      vertex -16.3282 10.1718 1.5
      vertex -16.6364 10.3777 0
      vertex -16.3282 10.1718 0
    endloop
  endfacet
  facet normal 0.980793 0.195052 2.71317e-18
    outer loop
      vertex -17.8777 9.13645 1.5
      vertex -17.95 9.5 0
      vertex -17.95 9.5 1.5
    endloop
  endfacet
  facet normal 0.980793 0.195052 2.71317e-18
    outer loop
      vertex -17.95 9.5 0
      vertex -17.8777 9.13645 1.5
      vertex -17.8777 9.13645 0
    endloop
  endfacet
  facet normal -0.555584 0.83146 0
    outer loop
      vertex -16.3282 8.82825 0
      vertex -16.6364 8.62231 1.5
      vertex -16.3282 8.82825 1.5
    endloop
  endfacet
  facet normal -0.555584 0.83146 0
    outer loop
      vertex -16.6364 8.62231 1.5
      vertex -16.3282 8.82825 0
      vertex -16.6364 8.62231 0
    endloop
  endfacet
  facet normal 0.831552 -0.555447 2.83015e-18
    outer loop
      vertex -17.8777 9.86355 1.5
      vertex -17.6718 10.1718 0
      vertex -17.6718 10.1718 1.5
    endloop
  endfacet
  facet normal 0.831552 -0.555447 2.83015e-18
    outer loop
      vertex -17.6718 10.1718 0
      vertex -17.8777 9.86355 1.5
      vertex -17.8777 9.86355 0
    endloop
  endfacet
  facet normal 0.195104 0.980783 -0
    outer loop
      vertex -17 8.55 0
      vertex -17.3635 8.62231 1.5
      vertex -17 8.55 1.5
    endloop
  endfacet
  facet normal 0.195104 0.980783 0
    outer loop
      vertex -17.3635 8.62231 1.5
      vertex -17 8.55 0
      vertex -17.3635 8.62231 0
    endloop
  endfacet
  facet normal -0.195027 -0.980798 0
    outer loop
      vertex -17 10.45 0
      vertex -16.6364 10.3777 1.5
      vertex -17 10.45 1.5
    endloop
  endfacet
  facet normal -0.195027 -0.980798 -0
    outer loop
      vertex -16.6364 10.3777 1.5
      vertex -17 10.45 0
      vertex -16.6364 10.3777 0
    endloop
  endfacet
  facet normal 0.195078 -0.980788 0
    outer loop
      vertex -17.3635 10.3777 0
      vertex -17 10.45 1.5
      vertex -17.3635 10.3777 1.5
    endloop
  endfacet
  facet normal 0.195078 -0.980788 0
    outer loop
      vertex -17 10.45 1.5
      vertex -17.3635 10.3777 0
      vertex -17 10.45 0
    endloop
  endfacet
  facet normal -0.83151 0.555509 9.36282e-18
    outer loop
      vertex -16.3282 8.82825 0
      vertex -16.1223 9.13645 1.5
      vertex -16.1223 9.13645 0
    endloop
  endfacet
  facet normal -0.83151 0.555509 9.36282e-18
    outer loop
      vertex -16.1223 9.13645 1.5
      vertex -16.3282 8.82825 0
      vertex -16.3282 8.82825 1.5
    endloop
  endfacet
  facet normal -0.980793 0.195052 -2.71317e-18
    outer loop
      vertex -16.1223 9.13645 0
      vertex -16.05 9.5 1.5
      vertex -16.05 9.5 0
    endloop
  endfacet
  facet normal -0.980793 0.195052 -2.71317e-18
    outer loop
      vertex -16.05 9.5 1.5
      vertex -16.1223 9.13645 0
      vertex -16.1223 9.13645 1.5
    endloop
  endfacet
  facet normal 0.83151 0.555509 -9.36282e-18
    outer loop
      vertex -17.6718 8.82825 1.5
      vertex -17.8777 9.13645 0
      vertex -17.8777 9.13645 1.5
    endloop
  endfacet
  facet normal 0.83151 0.555509 -9.36282e-18
    outer loop
      vertex -17.8777 9.13645 0
      vertex -17.6718 8.82825 1.5
      vertex -17.6718 8.82825 0
    endloop
  endfacet
  facet normal -0.195053 0.980793 0
    outer loop
      vertex -16.6364 8.62231 0
      vertex -17 8.55 1.5
      vertex -16.6364 8.62231 1.5
    endloop
  endfacet
  facet normal -0.195053 0.980793 0
    outer loop
      vertex -17 8.55 1.5
      vertex -16.6364 8.62231 0
      vertex -17 8.55 0
    endloop
  endfacet
  facet normal 0.980793 -0.195052 -2.71317e-18
    outer loop
      vertex -17.95 9.5 1.5
      vertex -17.8777 9.86355 0
      vertex -17.8777 9.86355 1.5
    endloop
  endfacet
  facet normal 0.980793 -0.195052 -2.71317e-18
    outer loop
      vertex -17.8777 9.86355 0
      vertex -17.95 9.5 1.5
      vertex -17.95 9.5 0
    endloop
  endfacet
  facet normal 0.555385 -0.831594 0
    outer loop
      vertex -17.6718 10.1718 0
      vertex -17.3635 10.3777 1.5
      vertex -17.6718 10.1718 1.5
    endloop
  endfacet
  facet normal 0.555385 -0.831594 0
    outer loop
      vertex -17.3635 10.3777 1.5
      vertex -17.6718 10.1718 0
      vertex -17.3635 10.3777 0
    endloop
  endfacet
  facet normal 0.555459 0.831544 -0
    outer loop
      vertex -17.3635 8.62231 0
      vertex -17.6718 8.82825 1.5
      vertex -17.3635 8.62231 1.5
    endloop
  endfacet
  facet normal 0.555459 0.831544 0
    outer loop
      vertex -17.6718 8.82825 1.5
      vertex -17.3635 8.62231 0
      vertex -17.6718 8.82825 0
    endloop
  endfacet
  facet normal 0.195027 0.980798 -0
    outer loop
      vertex 17 -10.45 0
      vertex 16.6364 -10.3777 1.5
      vertex 17 -10.45 1.5
    endloop
  endfacet
  facet normal 0.195027 0.980798 0
    outer loop
      vertex 16.6364 -10.3777 1.5
      vertex 17 -10.45 0
      vertex 16.6364 -10.3777 0
    endloop
  endfacet
  facet normal -0.83151 -0.555509 -9.36282e-18
    outer loop
      vertex 17.8777 -9.13645 0
      vertex 17.6718 -8.82825 1.5
      vertex 17.6718 -8.82825 0
    endloop
  endfacet
  facet normal -0.83151 -0.555509 -9.36282e-18
    outer loop
      vertex 17.6718 -8.82825 1.5
      vertex 17.8777 -9.13645 0
      vertex 17.8777 -9.13645 1.5
    endloop
  endfacet
  facet normal -0.980793 -0.195052 2.71317e-18
    outer loop
      vertex 17.95 -9.5 0
      vertex 17.8777 -9.13645 1.5
      vertex 17.8777 -9.13645 0
    endloop
  endfacet
  facet normal -0.980793 -0.195052 2.71317e-18
    outer loop
      vertex 17.8777 -9.13645 1.5
      vertex 17.95 -9.5 0
      vertex 17.95 -9.5 1.5
    endloop
  endfacet
  facet normal -0.555459 -0.831544 0
    outer loop
      vertex 17.3635 -8.62231 0
      vertex 17.6718 -8.82825 1.5
      vertex 17.3635 -8.62231 1.5
    endloop
  endfacet
  facet normal -0.555459 -0.831544 -0
    outer loop
      vertex 17.6718 -8.82825 1.5
      vertex 17.3635 -8.62231 0
      vertex 17.6718 -8.82825 0
    endloop
  endfacet
  facet normal -0.831552 0.555447 2.83015e-18
    outer loop
      vertex 17.6718 -10.1718 0
      vertex 17.8777 -9.86355 1.5
      vertex 17.8777 -9.86355 0
    endloop
  endfacet
  facet normal -0.831552 0.555447 2.83015e-18
    outer loop
      vertex 17.8777 -9.86355 1.5
      vertex 17.6718 -10.1718 0
      vertex 17.6718 -10.1718 1.5
    endloop
  endfacet
  facet normal -0.555385 0.831594 0
    outer loop
      vertex 17.6718 -10.1718 0
      vertex 17.3635 -10.3777 1.5
      vertex 17.6718 -10.1718 1.5
    endloop
  endfacet
  facet normal -0.555385 0.831594 0
    outer loop
      vertex 17.3635 -10.3777 1.5
      vertex 17.6718 -10.1718 0
      vertex 17.3635 -10.3777 0
    endloop
  endfacet
  facet normal 0.980793 -0.195052 -2.71317e-18
    outer loop
      vertex 16.05 -9.5 1.5
      vertex 16.1223 -9.13645 0
      vertex 16.1223 -9.13645 1.5
    endloop
  endfacet
  facet normal 0.980793 -0.195052 -2.71317e-18
    outer loop
      vertex 16.1223 -9.13645 0
      vertex 16.05 -9.5 1.5
      vertex 16.05 -9.5 0
    endloop
  endfacet
  facet normal 0.555584 -0.83146 0
    outer loop
      vertex 16.3282 -8.82825 0
      vertex 16.6364 -8.62231 1.5
      vertex 16.3282 -8.82825 1.5
    endloop
  endfacet
  facet normal 0.555584 -0.83146 0
    outer loop
      vertex 16.6364 -8.62231 1.5
      vertex 16.3282 -8.82825 0
      vertex 16.6364 -8.62231 0
    endloop
  endfacet
  facet normal -0.980793 0.195052 -2.71317e-18
    outer loop
      vertex 17.8777 -9.86355 0
      vertex 17.95 -9.5 1.5
      vertex 17.95 -9.5 0
    endloop
  endfacet
  facet normal -0.980793 0.195052 -2.71317e-18
    outer loop
      vertex 17.95 -9.5 1.5
      vertex 17.8777 -9.86355 0
      vertex 17.8777 -9.86355 1.5
    endloop
  endfacet
  facet normal 0.980793 0.195052 2.71317e-18
    outer loop
      vertex 16.1223 -9.86355 1.5
      vertex 16.05 -9.5 0
      vertex 16.05 -9.5 1.5
    endloop
  endfacet
  facet normal 0.980793 0.195052 2.71317e-18
    outer loop
      vertex 16.05 -9.5 0
      vertex 16.1223 -9.86355 1.5
      vertex 16.1223 -9.86355 0
    endloop
  endfacet
  facet normal 0.195053 -0.980793 0
    outer loop
      vertex 16.6364 -8.62231 0
      vertex 17 -8.55 1.5
      vertex 16.6364 -8.62231 1.5
    endloop
  endfacet
  facet normal 0.195053 -0.980793 0
    outer loop
      vertex 17 -8.55 1.5
      vertex 16.6364 -8.62231 0
      vertex 17 -8.55 0
    endloop
  endfacet
  facet normal 0.831552 0.555447 -2.83015e-18
    outer loop
      vertex 16.3282 -10.1718 1.5
      vertex 16.1223 -9.86355 0
      vertex 16.1223 -9.86355 1.5
    endloop
  endfacet
  facet normal 0.831552 0.555447 -2.83015e-18
    outer loop
      vertex 16.1223 -9.86355 0
      vertex 16.3282 -10.1718 1.5
      vertex 16.3282 -10.1718 0
    endloop
  endfacet
  facet normal 0.83151 -0.555509 9.36282e-18
    outer loop
      vertex 16.1223 -9.13645 1.5
      vertex 16.3282 -8.82825 0
      vertex 16.3282 -8.82825 1.5
    endloop
  endfacet
  facet normal 0.83151 -0.555509 9.36282e-18
    outer loop
      vertex 16.3282 -8.82825 0
      vertex 16.1223 -9.13645 1.5
      vertex 16.1223 -9.13645 0
    endloop
  endfacet
  facet normal -0.195104 -0.980783 0
    outer loop
      vertex 17 -8.55 0
      vertex 17.3635 -8.62231 1.5
      vertex 17 -8.55 1.5
    endloop
  endfacet
  facet normal -0.195104 -0.980783 -0
    outer loop
      vertex 17.3635 -8.62231 1.5
      vertex 17 -8.55 0
      vertex 17.3635 -8.62231 0
    endloop
  endfacet
  facet normal -0.195078 0.980788 0
    outer loop
      vertex 17.3635 -10.3777 0
      vertex 17 -10.45 1.5
      vertex 17.3635 -10.3777 1.5
    endloop
  endfacet
  facet normal -0.195078 0.980788 0
    outer loop
      vertex 17 -10.45 1.5
      vertex 17.3635 -10.3777 0
      vertex 17 -10.45 0
    endloop
  endfacet
  facet normal 0.555509 0.83151 -0
    outer loop
      vertex 16.6364 -10.3777 0
      vertex 16.3282 -10.1718 1.5
      vertex 16.6364 -10.3777 1.5
    endloop
  endfacet
  facet normal 0.555509 0.83151 0
    outer loop
      vertex 16.3282 -10.1718 1.5
      vertex 16.6364 -10.3777 0
      vertex 16.3282 -10.1718 0
    endloop
  endfacet
  facet normal -0.831552 -0.555447 -2.83015e-18
    outer loop
      vertex 17.8777 9.86355 0
      vertex 17.6718 10.1718 1.5
      vertex 17.6718 10.1718 0
    endloop
  endfacet
  facet normal -0.831552 -0.555447 -2.83015e-18
    outer loop
      vertex 17.6718 10.1718 1.5
      vertex 17.8777 9.86355 0
      vertex 17.8777 9.86355 1.5
    endloop
  endfacet
  facet normal -0.980793 -0.195052 2.71317e-18
    outer loop
      vertex 17.95 9.5 0
      vertex 17.8777 9.86355 1.5
      vertex 17.8777 9.86355 0
    endloop
  endfacet
  facet normal -0.980793 -0.195052 2.71317e-18
    outer loop
      vertex 17.8777 9.86355 1.5
      vertex 17.95 9.5 0
      vertex 17.95 9.5 1.5
    endloop
  endfacet
  facet normal -0.555385 -0.831594 0
    outer loop
      vertex 17.3635 10.3777 0
      vertex 17.6718 10.1718 1.5
      vertex 17.3635 10.3777 1.5
    endloop
  endfacet
  facet normal -0.555385 -0.831594 -0
    outer loop
      vertex 17.6718 10.1718 1.5
      vertex 17.3635 10.3777 0
      vertex 17.6718 10.1718 0
    endloop
  endfacet
  facet normal 0.980793 0.195052 2.71317e-18
    outer loop
      vertex 16.1223 9.13645 1.5
      vertex 16.05 9.5 0
      vertex 16.05 9.5 1.5
    endloop
  endfacet
  facet normal 0.980793 0.195052 2.71317e-18
    outer loop
      vertex 16.05 9.5 0
      vertex 16.1223 9.13645 1.5
      vertex 16.1223 9.13645 0
    endloop
  endfacet
  facet normal -0.555459 0.831544 0
    outer loop
      vertex 17.6718 8.82825 0
      vertex 17.3635 8.62231 1.5
      vertex 17.6718 8.82825 1.5
    endloop
  endfacet
  facet normal -0.555459 0.831544 0
    outer loop
      vertex 17.3635 8.62231 1.5
      vertex 17.6718 8.82825 0
      vertex 17.3635 8.62231 0
    endloop
  endfacet
  facet normal 0.831552 -0.555447 2.83015e-18
    outer loop
      vertex 16.1223 9.86355 1.5
      vertex 16.3282 10.1718 0
      vertex 16.3282 10.1718 1.5
    endloop
  endfacet
  facet normal 0.831552 -0.555447 2.83015e-18
    outer loop
      vertex 16.3282 10.1718 0
      vertex 16.1223 9.86355 1.5
      vertex 16.1223 9.86355 0
    endloop
  endfacet
  facet normal 0.195053 0.980793 -0
    outer loop
      vertex 17 8.55 0
      vertex 16.6364 8.62231 1.5
      vertex 17 8.55 1.5
    endloop
  endfacet
  facet normal 0.195053 0.980793 0
    outer loop
      vertex 16.6364 8.62231 1.5
      vertex 17 8.55 0
      vertex 16.6364 8.62231 0
    endloop
  endfacet
  facet normal -0.195078 -0.980788 0
    outer loop
      vertex 17 10.45 0
      vertex 17.3635 10.3777 1.5
      vertex 17 10.45 1.5
    endloop
  endfacet
  facet normal -0.195078 -0.980788 -0
    outer loop
      vertex 17.3635 10.3777 1.5
      vertex 17 10.45 0
      vertex 17.3635 10.3777 0
    endloop
  endfacet
  facet normal 0.195027 -0.980798 0
    outer loop
      vertex 16.6364 10.3777 0
      vertex 17 10.45 1.5
      vertex 16.6364 10.3777 1.5
    endloop
  endfacet
  facet normal 0.195027 -0.980798 0
    outer loop
      vertex 17 10.45 1.5
      vertex 16.6364 10.3777 0
      vertex 17 10.45 0
    endloop
  endfacet
  facet normal -0.83151 0.555509 9.36282e-18
    outer loop
      vertex 17.6718 8.82825 0
      vertex 17.8777 9.13645 1.5
      vertex 17.8777 9.13645 0
    endloop
  endfacet
  facet normal -0.83151 0.555509 9.36282e-18
    outer loop
      vertex 17.8777 9.13645 1.5
      vertex 17.6718 8.82825 0
      vertex 17.6718 8.82825 1.5
    endloop
  endfacet
  facet normal -0.980793 0.195052 -2.71317e-18
    outer loop
      vertex 17.8777 9.13645 0
      vertex 17.95 9.5 1.5
      vertex 17.95 9.5 0
    endloop
  endfacet
  facet normal -0.980793 0.195052 -2.71317e-18
    outer loop
      vertex 17.95 9.5 1.5
      vertex 17.8777 9.13645 0
      vertex 17.8777 9.13645 1.5
    endloop
  endfacet
  facet normal 0.83151 0.555509 -9.36282e-18
    outer loop
      vertex 16.3282 8.82825 1.5
      vertex 16.1223 9.13645 0
      vertex 16.1223 9.13645 1.5
    endloop
  endfacet
  facet normal 0.83151 0.555509 -9.36282e-18
    outer loop
      vertex 16.1223 9.13645 0
      vertex 16.3282 8.82825 1.5
      vertex 16.3282 8.82825 0
    endloop
  endfacet
  facet normal -0.195104 0.980783 0
    outer loop
      vertex 17.3635 8.62231 0
      vertex 17 8.55 1.5
      vertex 17.3635 8.62231 1.5
    endloop
  endfacet
  facet normal -0.195104 0.980783 0
    outer loop
      vertex 17 8.55 1.5
      vertex 17.3635 8.62231 0
      vertex 17 8.55 0
    endloop
  endfacet
  facet normal 0.980793 -0.195052 -2.71317e-18
    outer loop
      vertex 16.05 9.5 1.5
      vertex 16.1223 9.86355 0
      vertex 16.1223 9.86355 1.5
    endloop
  endfacet
  facet normal 0.980793 -0.195052 -2.71317e-18
    outer loop
      vertex 16.1223 9.86355 0
      vertex 16.05 9.5 1.5
      vertex 16.05 9.5 0
    endloop
  endfacet
  facet normal 0.555509 -0.83151 0
    outer loop
      vertex 16.3282 10.1718 0
      vertex 16.6364 10.3777 1.5
      vertex 16.3282 10.1718 1.5
    endloop
  endfacet
  facet normal 0.555509 -0.83151 0
    outer loop
      vertex 16.6364 10.3777 1.5
      vertex 16.3282 10.1718 0
      vertex 16.6364 10.3777 0
    endloop
  endfacet
  facet normal 0.555584 0.83146 -0
    outer loop
      vertex 16.6364 8.62231 0
      vertex 16.3282 8.82825 1.5
      vertex 16.6364 8.62231 1.5
    endloop
  endfacet
  facet normal 0.555584 0.83146 0
    outer loop
      vertex 16.3282 8.82825 1.5
      vertex 16.6364 8.62231 0
      vertex 16.3282 8.82825 0
    endloop
  endfacet
  facet normal -0.634413 -0.772994 0
    outer loop
      vertex -20.1213 -12.6213 0
      vertex -19.6667 -12.9944 5.3
      vertex -20.1213 -12.6213 5.3
    endloop
  endfacet
  facet normal -0.634413 -0.772994 -0
    outer loop
      vertex -19.6667 -12.9944 5.3
      vertex -20.1213 -12.6213 0
      vertex -19.6667 -12.9944 0
    endloop
  endfacet
  facet normal 0.634413 -0.772994 0
    outer loop
      vertex 19.6667 -12.9944 0
      vertex 20.1213 -12.6213 5.3
      vertex 19.6667 -12.9944 5.3
    endloop
  endfacet
  facet normal 0.634413 -0.772994 0
    outer loop
      vertex 20.1213 -12.6213 5.3
      vertex 19.6667 -12.9944 0
      vertex 20.1213 -12.6213 0
    endloop
  endfacet
  facet normal -0.995193 0.097938 -4.9771e-19
    outer loop
      vertex -21 10.5 0
      vertex -20.9424 11.0853 5.3
      vertex -20.9424 11.0853 0
    endloop
  endfacet
  facet normal -0.995193 0.097938 -4.9771e-19
    outer loop
      vertex -20.9424 11.0853 5.3
      vertex -21 10.5 0
      vertex -21 10.5 5.3
    endloop
  endfacet
  facet normal 0.097938 -0.995193 0
    outer loop
      vertex 18 -13.5 0
      vertex 18.5853 -13.4424 5.3
      vertex 18 -13.5 5.3
    endloop
  endfacet
  facet normal 0.097938 -0.995193 0
    outer loop
      vertex 18.5853 -13.4424 5.3
      vertex 18 -13.5 0
      vertex 18.5853 -13.4424 0
    endloop
  endfacet
  facet normal 0.95689 -0.290451 -5.3742e-19
    outer loop
      vertex 20.7716 -11.648 5.3
      vertex 20.9424 -11.0853 0
      vertex 20.9424 -11.0853 5.3
    endloop
  endfacet
  facet normal 0.95689 -0.290451 -5.3742e-19
    outer loop
      vertex 20.9424 -11.0853 0
      vertex 20.7716 -11.648 5.3
      vertex 20.7716 -11.648 0
    endloop
  endfacet
  facet normal 0.471329 -0.881957 0
    outer loop
      vertex 19.148 -13.2716 0
      vertex 19.6667 -12.9944 5.3
      vertex 19.148 -13.2716 5.3
    endloop
  endfacet
  facet normal 0.471329 -0.881957 0
    outer loop
      vertex 19.6667 -12.9944 5.3
      vertex 19.148 -13.2716 0
      vertex 19.6667 -12.9944 0
    endloop
  endfacet
  facet normal -1 0 0
    outer loop
      vertex -21 -10.5 0
      vertex -21 10.5 5.3
      vertex -21 10.5 0
    endloop
  endfacet
  facet normal -1 -0 0
    outer loop
      vertex -21 10.5 5.3
      vertex -21 -10.5 0
      vertex -21 -10.5 5.3
    endloop
  endfacet
  facet normal 0 -1 0
    outer loop
      vertex -18 -13.5 0
      vertex 18 -13.5 5.3
      vertex -18 -13.5 5.3
    endloop
  endfacet
  facet normal 0 -1 -0
    outer loop
      vertex 18 -13.5 5.3
      vertex -18 -13.5 0
      vertex 18 -13.5 0
    endloop
  endfacet
  facet normal 0.290451 -0.95689 0
    outer loop
      vertex 18.5853 -13.4424 0
      vertex 19.148 -13.2716 5.3
      vertex 18.5853 -13.4424 5.3
    endloop
  endfacet
  facet normal 0.290451 -0.95689 0
    outer loop
      vertex 19.148 -13.2716 5.3
      vertex 18.5853 -13.4424 0
      vertex 19.148 -13.2716 0
    endloop
  endfacet
  facet normal -0.097938 -0.995193 0
    outer loop
      vertex -18.5853 -13.4424 0
      vertex -18 -13.5 5.3
      vertex -18.5853 -13.4424 5.3
    endloop
  endfacet
  facet normal -0.097938 -0.995193 -0
    outer loop
      vertex -18 -13.5 5.3
      vertex -18.5853 -13.4424 0
      vertex -18 -13.5 0
    endloop
  endfacet
  facet normal 0.290451 0.95689 -0
    outer loop
      vertex 19.148 13.2716 0
      vertex 18.5853 13.4424 5.3
      vertex 19.148 13.2716 5.3
    endloop
  endfacet
  facet normal 0.290451 0.95689 0
    outer loop
      vertex 18.5853 13.4424 5.3
      vertex 19.148 13.2716 0
      vertex 18.5853 13.4424 0
    endloop
  endfacet
  facet normal -0.772994 -0.634413 -2.35192e-18
    outer loop
      vertex -20.1213 -12.6213 0
      vertex -20.4944 -12.1667 5.3
      vertex -20.4944 -12.1667 0
    endloop
  endfacet
  facet normal -0.772994 -0.634413 -2.35192e-18
    outer loop
      vertex -20.4944 -12.1667 5.3
      vertex -20.1213 -12.6213 0
      vertex -20.1213 -12.6213 5.3
    endloop
  endfacet
  facet normal 1 -0 0
    outer loop
      vertex 21 -10.5 5.3
      vertex 21 10.5 0
      vertex 21 10.5 5.3
    endloop
  endfacet
  facet normal 1 0 0
    outer loop
      vertex 21 10.5 0
      vertex 21 -10.5 5.3
      vertex 21 -10.5 0
    endloop
  endfacet
  facet normal -0.290451 0.95689 0
    outer loop
      vertex -18.5853 13.4424 0
      vertex -19.148 13.2716 5.3
      vertex -18.5853 13.4424 5.3
    endloop
  endfacet
  facet normal -0.290451 0.95689 0
    outer loop
      vertex -19.148 13.2716 5.3
      vertex -18.5853 13.4424 0
      vertex -19.148 13.2716 0
    endloop
  endfacet
  facet normal 0.995193 -0.097938 -4.9771e-19
    outer loop
      vertex 20.9424 -11.0853 5.3
      vertex 21 -10.5 0
      vertex 21 -10.5 5.3
    endloop
  endfacet
  facet normal 0.995193 -0.097938 -4.9771e-19
    outer loop
      vertex 21 -10.5 0
      vertex 20.9424 -11.0853 5.3
      vertex 20.9424 -11.0853 0
    endloop
  endfacet
  facet normal -0.471329 -0.881957 0
    outer loop
      vertex -19.6667 -12.9944 0
      vertex -19.148 -13.2716 5.3
      vertex -19.6667 -12.9944 5.3
    endloop
  endfacet
  facet normal -0.471329 -0.881957 -0
    outer loop
      vertex -19.148 -13.2716 5.3
      vertex -19.6667 -12.9944 0
      vertex -19.148 -13.2716 0
    endloop
  endfacet
  facet normal -0.097938 0.995193 0
    outer loop
      vertex -18 13.5 0
      vertex -18.5853 13.4424 5.3
      vertex -18 13.5 5.3
    endloop
  endfacet
  facet normal -0.097938 0.995193 0
    outer loop
      vertex -18.5853 13.4424 5.3
      vertex -18 13.5 0
      vertex -18.5853 13.4424 0
    endloop
  endfacet
  facet normal 0.881957 -0.471329 1.64879e-19
    outer loop
      vertex 20.4944 -12.1667 5.3
      vertex 20.7716 -11.648 0
      vertex 20.7716 -11.648 5.3
    endloop
  endfacet
  facet normal 0.881957 -0.471329 1.64879e-19
    outer loop
      vertex 20.7716 -11.648 0
      vertex 20.4944 -12.1667 5.3
      vertex 20.4944 -12.1667 0
    endloop
  endfacet
  facet normal 0 1 -0
    outer loop
      vertex 18 13.5 0
      vertex -18 13.5 5.3
      vertex 18 13.5 5.3
    endloop
  endfacet
  facet normal 0 1 0
    outer loop
      vertex -18 13.5 5.3
      vertex 18 13.5 0
      vertex -18 13.5 0
    endloop
  endfacet
  facet normal -0.772994 0.634413 2.35192e-18
    outer loop
      vertex -20.4944 12.1667 0
      vertex -20.1213 12.6213 5.3
      vertex -20.1213 12.6213 0
    endloop
  endfacet
  facet normal -0.772994 0.634413 2.35192e-18
    outer loop
      vertex -20.1213 12.6213 5.3
      vertex -20.4944 12.1667 0
      vertex -20.4944 12.1667 5.3
    endloop
  endfacet
  facet normal -0.290451 -0.95689 0
    outer loop
      vertex -19.148 -13.2716 0
      vertex -18.5853 -13.4424 5.3
      vertex -19.148 -13.2716 5.3
    endloop
  endfacet
  facet normal -0.290451 -0.95689 -0
    outer loop
      vertex -18.5853 -13.4424 5.3
      vertex -19.148 -13.2716 0
      vertex -18.5853 -13.4424 0
    endloop
  endfacet
  facet normal 0.95689 0.290451 5.3742e-19
    outer loop
      vertex 20.9424 11.0853 5.3
      vertex 20.7716 11.648 0
      vertex 20.7716 11.648 5.3
    endloop
  endfacet
  facet normal 0.95689 0.290451 5.3742e-19
    outer loop
      vertex 20.7716 11.648 0
      vertex 20.9424 11.0853 5.3
      vertex 20.9424 11.0853 0
    endloop
  endfacet
  facet normal -0.881957 0.471329 1.64879e-19
    outer loop
      vertex -20.7716 11.648 0
      vertex -20.4944 12.1667 5.3
      vertex -20.4944 12.1667 0
    endloop
  endfacet
  facet normal -0.881957 0.471329 1.64879e-19
    outer loop
      vertex -20.4944 12.1667 5.3
      vertex -20.7716 11.648 0
      vertex -20.7716 11.648 5.3
    endloop
  endfacet
  facet normal -0.634413 0.772994 0
    outer loop
      vertex -19.6667 12.9944 0
      vertex -20.1213 12.6213 5.3
      vertex -19.6667 12.9944 5.3
    endloop
  endfacet
  facet normal -0.634413 0.772994 0
    outer loop
      vertex -20.1213 12.6213 5.3
      vertex -19.6667 12.9944 0
      vertex -20.1213 12.6213 0
    endloop
  endfacet
  facet normal -0.95689 0.290451 -5.3742e-19
    outer loop
      vertex -20.9424 11.0853 0
      vertex -20.7716 11.648 5.3
      vertex -20.7716 11.648 0
    endloop
  endfacet
  facet normal -0.95689 0.290451 -5.3742e-19
    outer loop
      vertex -20.7716 11.648 5.3
      vertex -20.9424 11.0853 0
      vertex -20.9424 11.0853 5.3
    endloop
  endfacet
  facet normal -0.995193 -0.097938 4.9771e-19
    outer loop
      vertex -20.9424 -11.0853 0
      vertex -21 -10.5 5.3
      vertex -21 -10.5 0
    endloop
  endfacet
  facet normal -0.995193 -0.097938 4.9771e-19
    outer loop
      vertex -21 -10.5 5.3
      vertex -20.9424 -11.0853 0
      vertex -20.9424 -11.0853 5.3
    endloop
  endfacet
  facet normal 0.772994 -0.634413 2.35192e-18
    outer loop
      vertex 20.1213 -12.6213 5.3
      vertex 20.4944 -12.1667 0
      vertex 20.4944 -12.1667 5.3
    endloop
  endfacet
  facet normal 0.772994 -0.634413 2.35192e-18
    outer loop
      vertex 20.4944 -12.1667 0
      vertex 20.1213 -12.6213 5.3
      vertex 20.1213 -12.6213 0
    endloop
  endfacet
  facet normal 0.097938 0.995193 -0
    outer loop
      vertex 18.5853 13.4424 0
      vertex 18 13.5 5.3
      vertex 18.5853 13.4424 5.3
    endloop
  endfacet
  facet normal 0.097938 0.995193 0
    outer loop
      vertex 18 13.5 5.3
      vertex 18.5853 13.4424 0
      vertex 18 13.5 0
    endloop
  endfacet
  facet normal 0.881957 0.471329 -1.64879e-19
    outer loop
      vertex 20.7716 11.648 5.3
      vertex 20.4944 12.1667 0
      vertex 20.4944 12.1667 5.3
    endloop
  endfacet
  facet normal 0.881957 0.471329 -1.64879e-19
    outer loop
      vertex 20.4944 12.1667 0
      vertex 20.7716 11.648 5.3
      vertex 20.7716 11.648 0
    endloop
  endfacet
  facet normal -0.471329 0.881957 0
    outer loop
      vertex -19.148 13.2716 0
      vertex -19.6667 12.9944 5.3
      vertex -19.148 13.2716 5.3
    endloop
  endfacet
  facet normal -0.471329 0.881957 0
    outer loop
      vertex -19.6667 12.9944 5.3
      vertex -19.148 13.2716 0
      vertex -19.6667 12.9944 0
    endloop
  endfacet
  facet normal -0.95689 -0.290451 5.3742e-19
    outer loop
      vertex -20.7716 -11.648 0
      vertex -20.9424 -11.0853 5.3
      vertex -20.9424 -11.0853 0
    endloop
  endfacet
  facet normal -0.95689 -0.290451 5.3742e-19
    outer loop
      vertex -20.9424 -11.0853 5.3
      vertex -20.7716 -11.648 0
      vertex -20.7716 -11.648 5.3
    endloop
  endfacet
  facet normal 0.634413 0.772994 -0
    outer loop
      vertex 20.1213 12.6213 0
      vertex 19.6667 12.9944 5.3
      vertex 20.1213 12.6213 5.3
    endloop
  endfacet
  facet normal 0.634413 0.772994 0
    outer loop
      vertex 19.6667 12.9944 5.3
      vertex 20.1213 12.6213 0
      vertex 19.6667 12.9944 0
    endloop
  endfacet
  facet normal 0.772994 0.634413 -2.35192e-18
    outer loop
      vertex 20.4944 12.1667 5.3
      vertex 20.1213 12.6213 0
      vertex 20.1213 12.6213 5.3
    endloop
  endfacet
  facet normal 0.772994 0.634413 -2.35192e-18
    outer loop
      vertex 20.1213 12.6213 0
      vertex 20.4944 12.1667 5.3
      vertex 20.4944 12.1667 0
    endloop
  endfacet
  facet normal 0.471329 0.881957 -0
    outer loop
      vertex 19.6667 12.9944 0
      vertex 19.148 13.2716 5.3
      vertex 19.6667 12.9944 5.3
    endloop
  endfacet
  facet normal 0.471329 0.881957 0
    outer loop
      vertex 19.148 13.2716 5.3
      vertex 19.6667 12.9944 0
      vertex 19.148 13.2716 0
    endloop
  endfacet
  facet normal 0.995193 0.097938 4.9771e-19
    outer loop
      vertex 21 10.5 5.3
      vertex 20.9424 11.0853 0
      vertex 20.9424 11.0853 5.3
    endloop
  endfacet
  facet normal 0.995193 0.097938 4.9771e-19
    outer loop
      vertex 20.9424 11.0853 0
      vertex 21 10.5 5.3
      vertex 21 10.5 0
    endloop
  endfacet
  facet normal 0 0 1
    outer loop
      vertex 19.5 10.5 5.3
      vertex 21 10.5 5.3
      vertex 20.9424 11.0853 5.3
    endloop
  endfacet
  facet normal 0 0 1
    outer loop
      vertex 21 10.5 5.3
      vertex 19.5 10.5 5.3
      vertex 21 -10.5 5.3
    endloop
  endfacet
  facet normal 0 0 1
    outer loop
      vertex 19.4712 10.7926 5.3
      vertex 20.9424 11.0853 5.3
      vertex 20.7716 11.648 5.3
    endloop
  endfacet
  facet normal 0 0 1
    outer loop
      vertex 19.5 -10.5 5.3
      vertex 21 -10.5 5.3
      vertex 19.5 10.5 5.3
    endloop
  endfacet
  facet normal 0 0 1
    outer loop
      vertex 19.3858 11.074 5.3
      vertex 20.7716 11.648 5.3
      vertex 20.4944 12.1667 5.3
    endloop
  endfacet
  facet normal 0 0 1
    outer loop
      vertex 21 -10.5 5.3
      vertex 19.5 -10.5 5.3
      vertex 20.9424 -11.0853 5.3
    endloop
  endfacet
  facet normal 0 0 1
    outer loop
      vertex 19.2472 11.3334 5.3
      vertex 20.4944 12.1667 5.3
      vertex 20.1213 12.6213 5.3
    endloop
  endfacet
  facet normal -0 0 1
    outer loop
      vertex 19.4712 -10.7926 5.3
      vertex 20.9424 -11.0853 5.3
      vertex 19.5 -10.5 5.3
    endloop
  endfacet
  facet normal 0 0 1
    outer loop
      vertex 19.0607 11.5607 5.3
      vertex 20.1213 12.6213 5.3
      vertex 19.6667 12.9944 5.3
    endloop
  endfacet
  facet normal 0 0 1
    outer loop
      vertex 20.9424 -11.0853 5.3
      vertex 19.4712 -10.7926 5.3
      vertex 20.7716 -11.648 5.3
    endloop
  endfacet
  facet normal -0 0 1
    outer loop
      vertex 19.3858 -11.074 5.3
      vertex 20.7716 -11.648 5.3
      vertex 19.4712 -10.7926 5.3
    endloop
  endfacet
  facet normal 0 0 1
    outer loop
      vertex 20.9424 11.0853 5.3
      vertex 19.4712 10.7926 5.3
      vertex 19.5 10.5 5.3
    endloop
  endfacet
  facet normal 0 0 1
    outer loop
      vertex 20.7716 11.648 5.3
      vertex 19.3858 11.074 5.3
      vertex 19.4712 10.7926 5.3
    endloop
  endfacet
  facet normal 0 0 1
    outer loop
      vertex 20.4944 12.1667 5.3
      vertex 19.2472 11.3334 5.3
      vertex 19.3858 11.074 5.3
    endloop
  endfacet
  facet normal 0 0 1
    outer loop
      vertex 18.8334 11.7472 5.3
      vertex 19.6667 12.9944 5.3
      vertex 19.148 13.2716 5.3
    endloop
  endfacet
  facet normal 0 0 1
    outer loop
      vertex 20.1213 12.6213 5.3
      vertex 19.0607 11.5607 5.3
      vertex 19.2472 11.3334 5.3
    endloop
  endfacet
  facet normal 0 0 1
    outer loop
      vertex 19.6667 12.9944 5.3
      vertex 18.8334 11.7472 5.3
      vertex 19.0607 11.5607 5.3
    endloop
  endfacet
  facet normal 0 0 1
    outer loop
      vertex 18.574 11.8858 5.3
      vertex 19.148 13.2716 5.3
      vertex 18.5853 13.4424 5.3
    endloop
  endfacet
  facet normal 0 0 1
    outer loop
      vertex 19.148 13.2716 5.3
      vertex 18.574 11.8858 5.3
      vertex 18.8334 11.7472 5.3
    endloop
  endfacet
  facet normal 0 0 1
    outer loop
      vertex 18.5853 13.4424 5.3
      vertex 18.2926 11.9712 5.3
      vertex 18.574 11.8858 5.3
    endloop
  endfacet
  facet normal 0 0 1
    outer loop
      vertex 18 13.5 5.3
      vertex 18.2926 11.9712 5.3
      vertex 18.5853 13.4424 5.3
    endloop
  endfacet
  facet normal 0 0 1
    outer loop
      vertex 18 13.5 5.3
      vertex 18 12 5.3
      vertex 18.2926 11.9712 5.3
    endloop
  endfacet
  facet normal -0 0 1
    outer loop
      vertex -18 13.5 5.3
      vertex 18 12 5.3
      vertex 18 13.5 5.3
    endloop
  endfacet
  facet normal 0 0 1
    outer loop
      vertex -18 13.5 5.3
      vertex -18 12 5.3
      vertex 18 12 5.3
    endloop
  endfacet
  facet normal 0 0 1
    outer loop
      vertex -18 13.5 5.3
      vertex -18.2926 11.9712 5.3
      vertex -18 12 5.3
    endloop
  endfacet
  facet normal -0 0 1
    outer loop
      vertex -18.5853 13.4424 5.3
      vertex -18.2926 11.9712 5.3
      vertex -18 13.5 5.3
    endloop
  endfacet
  facet normal 0 0 1
    outer loop
      vertex -18.2926 11.9712 5.3
      vertex -18.5853 13.4424 5.3
      vertex -18.574 11.8858 5.3
    endloop
  endfacet
  facet normal -0 0 1
    outer loop
      vertex -19.148 13.2716 5.3
      vertex -18.574 11.8858 5.3
      vertex -18.5853 13.4424 5.3
    endloop
  endfacet
  facet normal 0 0 1
    outer loop
      vertex -18.574 11.8858 5.3
      vertex -19.148 13.2716 5.3
      vertex -18.8334 11.7472 5.3
    endloop
  endfacet
  facet normal -0 0 1
    outer loop
      vertex -19.6667 12.9944 5.3
      vertex -18.8334 11.7472 5.3
      vertex -19.148 13.2716 5.3
    endloop
  endfacet
  facet normal 0 0 1
    outer loop
      vertex -18.8334 11.7472 5.3
      vertex -19.6667 12.9944 5.3
      vertex -19.0607 11.5607 5.3
    endloop
  endfacet
  facet normal -0 0 1
    outer loop
      vertex -20.1213 12.6213 5.3
      vertex -19.0607 11.5607 5.3
      vertex -19.6667 12.9944 5.3
    endloop
  endfacet
  facet normal 0 0 1
    outer loop
      vertex -19.0607 11.5607 5.3
      vertex -20.1213 12.6213 5.3
      vertex -19.2472 11.3334 5.3
    endloop
  endfacet
  facet normal -0 0 1
    outer loop
      vertex -20.7716 11.648 5.3
      vertex -19.3858 11.074 5.3
      vertex -20.4944 12.1667 5.3
    endloop
  endfacet
  facet normal 0 0 1
    outer loop
      vertex -19.2472 11.3334 5.3
      vertex -20.4944 12.1667 5.3
      vertex -19.3858 11.074 5.3
    endloop
  endfacet
  facet normal -0 0 1
    outer loop
      vertex -20.4944 12.1667 5.3
      vertex -19.2472 11.3334 5.3
      vertex -20.1213 12.6213 5.3
    endloop
  endfacet
  facet normal 0 0 1
    outer loop
      vertex 20.7716 -11.648 5.3
      vertex 19.3858 -11.074 5.3
      vertex 20.4944 -12.1667 5.3
    endloop
  endfacet
  facet normal -0 0 1
    outer loop
      vertex 19.2472 -11.3334 5.3
      vertex 20.4944 -12.1667 5.3
      vertex 19.3858 -11.074 5.3
    endloop
  endfacet
  facet normal 0 0 1
    outer loop
      vertex 20.4944 -12.1667 5.3
      vertex 19.2472 -11.3334 5.3
      vertex 20.1213 -12.6213 5.3
    endloop
  endfacet
  facet normal -0 0 1
    outer loop
      vertex 19.0607 -11.5607 5.3
      vertex 20.1213 -12.6213 5.3
      vertex 19.2472 -11.3334 5.3
    endloop
  endfacet
  facet normal 0 0 1
    outer loop
      vertex 20.1213 -12.6213 5.3
      vertex 19.0607 -11.5607 5.3
      vertex 19.6667 -12.9944 5.3
    endloop
  endfacet
  facet normal -0 0 1
    outer loop
      vertex 18.8334 -11.7472 5.3
      vertex 19.6667 -12.9944 5.3
      vertex 19.0607 -11.5607 5.3
    endloop
  endfacet
  facet normal 0 0 1
    outer loop
      vertex 19.6667 -12.9944 5.3
      vertex 18.8334 -11.7472 5.3
      vertex 19.148 -13.2716 5.3
    endloop
  endfacet
  facet normal -0 0 1
    outer loop
      vertex 18.574 -11.8858 5.3
      vertex 19.148 -13.2716 5.3
      vertex 18.8334 -11.7472 5.3
    endloop
  endfacet
  facet normal 0 0 1
    outer loop
      vertex 19.148 -13.2716 5.3
      vertex 18.574 -11.8858 5.3
      vertex 18.5853 -13.4424 5.3
    endloop
  endfacet
  facet normal -0 0 1
    outer loop
      vertex 18.2926 -11.9712 5.3
      vertex 18.5853 -13.4424 5.3
      vertex 18.574 -11.8858 5.3
    endloop
  endfacet
  facet normal -0 0 1
    outer loop
      vertex 18 -12 5.3
      vertex 18.5853 -13.4424 5.3
      vertex 18.2926 -11.9712 5.3
    endloop
  endfacet
  facet normal 0 0 1
    outer loop
      vertex 18 -12 5.3
      vertex 18 -13.5 5.3
      vertex 18.5853 -13.4424 5.3
    endloop
  endfacet
  facet normal -0 0 1
    outer loop
      vertex -18 -12 5.3
      vertex 18 -13.5 5.3
      vertex 18 -12 5.3
    endloop
  endfacet
  facet normal 0 0 1
    outer loop
      vertex -18 -12 5.3
      vertex -18 -13.5 5.3
      vertex 18 -13.5 5.3
    endloop
  endfacet
  facet normal 0 0 1
    outer loop
      vertex -18.2926 -11.9712 5.3
      vertex -18 -13.5 5.3
      vertex -18 -12 5.3
    endloop
  endfacet
  facet normal 0 0 1
    outer loop
      vertex -18.5853 -13.4424 5.3
      vertex -18.2926 -11.9712 5.3
      vertex -18.574 -11.8858 5.3
    endloop
  endfacet
  facet normal 0 0 1
    outer loop
      vertex -18.2926 -11.9712 5.3
      vertex -18.5853 -13.4424 5.3
      vertex -18 -13.5 5.3
    endloop
  endfacet
  facet normal 0 0 1
    outer loop
      vertex -19.148 -13.2716 5.3
      vertex -18.574 -11.8858 5.3
      vertex -18.8334 -11.7472 5.3
    endloop
  endfacet
  facet normal 0 0 1
    outer loop
      vertex -19.6667 -12.9944 5.3
      vertex -18.8334 -11.7472 5.3
      vertex -19.0607 -11.5607 5.3
    endloop
  endfacet
  facet normal 0 0 1
    outer loop
      vertex -18.574 -11.8858 5.3
      vertex -19.148 -13.2716 5.3
      vertex -18.5853 -13.4424 5.3
    endloop
  endfacet
  facet normal 0 0 1
    outer loop
      vertex -20.1213 -12.6213 5.3
      vertex -19.0607 -11.5607 5.3
      vertex -19.2472 -11.3334 5.3
    endloop
  endfacet
  facet normal 0 0 1
    outer loop
      vertex -20.4944 -12.1667 5.3
      vertex -19.2472 -11.3334 5.3
      vertex -19.3858 -11.074 5.3
    endloop
  endfacet
  facet normal 0 0 1
    outer loop
      vertex -20.7716 -11.648 5.3
      vertex -19.3858 -11.074 5.3
      vertex -19.4712 -10.7926 5.3
    endloop
  endfacet
  facet normal 0 0 1
    outer loop
      vertex -18.8334 -11.7472 5.3
      vertex -19.6667 -12.9944 5.3
      vertex -19.148 -13.2716 5.3
    endloop
  endfacet
  facet normal 0 0 1
    outer loop
      vertex -20.9424 -11.0853 5.3
      vertex -19.4712 -10.7926 5.3
      vertex -19.5 -10.5 5.3
    endloop
  endfacet
  facet normal 0 0 1
    outer loop
      vertex -19.5 10.5 5.3
      vertex -21 10.5 5.3
      vertex -19.5 -10.5 5.3
    endloop
  endfacet
  facet normal 0 0 1
    outer loop
      vertex -19.3858 11.074 5.3
      vertex -20.7716 11.648 5.3
      vertex -19.4712 10.7926 5.3
    endloop
  endfacet
  facet normal 0 0 1
    outer loop
      vertex -21 -10.5 5.3
      vertex -19.5 -10.5 5.3
      vertex -21 10.5 5.3
    endloop
  endfacet
  facet normal -0 0 1
    outer loop
      vertex -20.9424 11.0853 5.3
      vertex -19.4712 10.7926 5.3
      vertex -20.7716 11.648 5.3
    endloop
  endfacet
  facet normal 0 -0 1
    outer loop
      vertex -20.9424 -11.0853 5.3
      vertex -19.5 -10.5 5.3
      vertex -21 -10.5 5.3
    endloop
  endfacet
  facet normal 0 0 1
    outer loop
      vertex -19.4712 10.7926 5.3
      vertex -20.9424 11.0853 5.3
      vertex -19.5 10.5 5.3
    endloop
  endfacet
  facet normal 0 0 1
    outer loop
      vertex -19.0607 -11.5607 5.3
      vertex -20.1213 -12.6213 5.3
      vertex -19.6667 -12.9944 5.3
    endloop
  endfacet
  facet normal 0 0 1
    outer loop
      vertex -19.5 10.5 5.3
      vertex -20.9424 11.0853 5.3
      vertex -21 10.5 5.3
    endloop
  endfacet
  facet normal 0 0 1
    outer loop
      vertex -19.2472 -11.3334 5.3
      vertex -20.4944 -12.1667 5.3
      vertex -20.1213 -12.6213 5.3
    endloop
  endfacet
  facet normal 0 0 1
    outer loop
      vertex -19.3858 -11.074 5.3
      vertex -20.7716 -11.648 5.3
      vertex -20.4944 -12.1667 5.3
    endloop
  endfacet
  facet normal 0 0 1
    outer loop
      vertex -19.4712 -10.7926 5.3
      vertex -20.9424 -11.0853 5.3
      vertex -20.7716 -11.648 5.3
    endloop
  endfacet
  facet normal -0.881957 -0.471329 -1.64879e-19
    outer loop
      vertex -20.4944 -12.1667 0
      vertex -20.7716 -11.648 5.3
      vertex -20.7716 -11.648 0
    endloop
  endfacet
  facet normal -0.881957 -0.471329 -1.64879e-19
    outer loop
      vertex -20.7716 -11.648 5.3
      vertex -20.4944 -12.1667 0
      vertex -20.4944 -12.1667 5.3
    endloop
  endfacet
  facet normal 0 0 -1
    outer loop
      vertex -17 -8.55 0
      vertex -11.9148 -2.14705 0
      vertex -16.6364 -8.62231 0
    endloop
  endfacet
  facet normal 0 0 -1
    outer loop
      vertex -12 1.5 0
      vertex -16.1223 9.13645 0
      vertex -16.05 9.5 0
    endloop
  endfacet
  facet normal -0 0 -1
    outer loop
      vertex -11.9148 -2.14705 0
      vertex -17 -8.55 0
      vertex -12 -1.5 0
    endloop
  endfacet
  facet normal 0 0 -1
    outer loop
      vertex -12 1.5 0
      vertex -16.3282 8.82825 0
      vertex -16.1223 9.13645 0
    endloop
  endfacet
  facet normal 0 0 -1
    outer loop
      vertex -17.3635 -8.62231 0
      vertex -12 -1.5 0
      vertex -17 -8.55 0
    endloop
  endfacet
  facet normal 0 0 -1
    outer loop
      vertex -12 1.5 0
      vertex -16.6364 8.62231 0
      vertex -16.3282 8.82825 0
    endloop
  endfacet
  facet normal -0 0 -1
    outer loop
      vertex -12 -1.5 0
      vertex -17.3635 -8.62231 0
      vertex -12 1.5 0
    endloop
  endfacet
  facet normal 0 0 -1
    outer loop
      vertex -12 1.5 0
      vertex -17 8.55 0
      vertex -16.6364 8.62231 0
    endloop
  endfacet
  facet normal 0 0 -1
    outer loop
      vertex -17.3635 8.62231 0
      vertex -12 1.5 0
      vertex -17.3635 -8.62231 0
    endloop
  endfacet
  facet normal 0 0 -1
    outer loop
      vertex -12 1.5 0
      vertex -17.3635 8.62231 0
      vertex -17 8.55 0
    endloop
  endfacet
  facet normal 0 0 -1
    outer loop
      vertex -17.6718 -8.82825 0
      vertex -17.3635 8.62231 0
      vertex -17.3635 -8.62231 0
    endloop
  endfacet
  facet normal 0 0 -1
    outer loop
      vertex -17.6718 -8.82825 0
      vertex -17.6718 8.82825 0
      vertex -17.3635 8.62231 0
    endloop
  endfacet
  facet normal 0 0 -1
    outer loop
      vertex -21 -10.5 0
      vertex -17.6718 -8.82825 0
      vertex -17.8777 -9.13645 0
    endloop
  endfacet
  facet normal -0 0 -1
    outer loop
      vertex -17.6718 -8.82825 0
      vertex -21 -10.5 0
      vertex -17.6718 8.82825 0
    endloop
  endfacet
  facet normal 0 0 -1
    outer loop
      vertex -21 -10.5 0
      vertex -17.8777 -9.13645 0
      vertex -17.95 -9.5 0
    endloop
  endfacet
  facet normal 0 0 -1
    outer loop
      vertex -21 10.5 0
      vertex -17.6718 8.82825 0
      vertex -21 -10.5 0
    endloop
  endfacet
  facet normal 0 0 -1
    outer loop
      vertex 21 -10.5 0
      vertex 17.6718 -8.82825 0
      vertex 21 10.5 0
    endloop
  endfacet
  facet normal 0 0 -1
    outer loop
      vertex 21 10.5 0
      vertex 17.8777 9.13645 0
      vertex 17.95 9.5 0
    endloop
  endfacet
  facet normal 0 0 -1
    outer loop
      vertex 17.6718 8.82825 0
      vertex 21 10.5 0
      vertex 17.6718 -8.82825 0
    endloop
  endfacet
  facet normal 0 0 -1
    outer loop
      vertex 21 10.5 0
      vertex 17.6718 8.82825 0
      vertex 17.8777 9.13645 0
    endloop
  endfacet
  facet normal 0 0 -1
    outer loop
      vertex 17.3635 -8.62231 0
      vertex 17.6718 8.82825 0
      vertex 17.6718 -8.82825 0
    endloop
  endfacet
  facet normal 0 0 -1
    outer loop
      vertex 17.3635 -8.62231 0
      vertex 17.3635 8.62231 0
      vertex 17.6718 8.82825 0
    endloop
  endfacet
  facet normal 0 0 -1
    outer loop
      vertex 12 -1.5 0
      vertex 17.3635 -8.62231 0
      vertex 17 -8.55 0
    endloop
  endfacet
  facet normal 0 0 -1
    outer loop
      vertex 17.3635 -8.62231 0
      vertex 12 -1.5 0
      vertex 17.3635 8.62231 0
    endloop
  endfacet
  facet normal 0 0 -1
    outer loop
      vertex 11.9148 -2.14705 0
      vertex 17 -8.55 0
      vertex 16.6364 -8.62231 0
    endloop
  endfacet
  facet normal 0 0 -1
    outer loop
      vertex 12 1.5 0
      vertex 17.3635 8.62231 0
      vertex 12 -1.5 0
    endloop
  endfacet
  facet normal 0 0 -1
    outer loop
      vertex 11.2678 -3.26777 0
      vertex 16.6364 -8.62231 0
      vertex 16.3282 -8.82825 0
    endloop
  endfacet
  facet normal 0 0 -1
    outer loop
      vertex 17.3635 8.62231 0
      vertex 12 1.5 0
      vertex 17 8.55 0
    endloop
  endfacet
  facet normal 0 0 -1
    outer loop
      vertex 10.75 -3.66506 0
      vertex 16.3282 -8.82825 0
      vertex 16.1223 -9.13645 0
    endloop
  endfacet
  facet normal 0 0 -1
    outer loop
      vertex 11.9148 2.14705 0
      vertex 17 8.55 0
      vertex 12 1.5 0
    endloop
  endfacet
  facet normal 0 0 -1
    outer loop
      vertex 10.147 -3.91481 0
      vertex 16.1223 -9.13645 0
      vertex 16.05 -9.5 0
    endloop
  endfacet
  facet normal -0 0 -1
    outer loop
      vertex 17 8.55 0
      vertex 11.9148 2.14705 0
      vertex 16.6364 8.62231 0
    endloop
  endfacet
  facet normal 0 0 -1
    outer loop
      vertex 17.8777 -9.86355 0
      vertex 21 -10.5 0
      vertex 20.9424 -11.0853 0
    endloop
  endfacet
  facet normal 0 0 -1
    outer loop
      vertex 17.8777 -9.13645 0
      vertex 21 -10.5 0
      vertex 17.95 -9.5 0
    endloop
  endfacet
  facet normal 0 0 -1
    outer loop
      vertex 17.8777 -9.86355 0
      vertex 20.9424 -11.0853 0
      vertex 20.7716 -11.648 0
    endloop
  endfacet
  facet normal 0 0 -1
    outer loop
      vertex 17.6718 -8.82825 0
      vertex 21 -10.5 0
      vertex 17.8777 -9.13645 0
    endloop
  endfacet
  facet normal 0 0 -1
    outer loop
      vertex 17.6718 -10.1718 0
      vertex 20.7716 -11.648 0
      vertex 20.4944 -12.1667 0
    endloop
  endfacet
  facet normal 0 0 -1
    outer loop
      vertex 17.8777 9.86355 0
      vertex 21 10.5 0
      vertex 17.95 9.5 0
    endloop
  endfacet
  facet normal 0 0 -1
    outer loop
      vertex 17.6718 -10.1718 0
      vertex 20.4944 -12.1667 0
      vertex 20.1213 -12.6213 0
    endloop
  endfacet
  facet normal -0 0 -1
    outer loop
      vertex 21 10.5 0
      vertex 17.8777 9.86355 0
      vertex 20.9424 11.0853 0
    endloop
  endfacet
  facet normal 0 0 -1
    outer loop
      vertex 17.6718 -10.1718 0
      vertex 20.1213 -12.6213 0
      vertex 19.6667 -12.9944 0
    endloop
  endfacet
  facet normal -0 0 -1
    outer loop
      vertex 20.9424 11.0853 0
      vertex 17.8777 9.86355 0
      vertex 20.7716 11.648 0
    endloop
  endfacet
  facet normal 0 0 -1
    outer loop
      vertex 17.6718 -10.1718 0
      vertex 19.6667 -12.9944 0
      vertex 19.148 -13.2716 0
    endloop
  endfacet
  facet normal 0 0 -1
    outer loop
      vertex 17.6718 10.1718 0
      vertex 20.7716 11.648 0
      vertex 17.8777 9.86355 0
    endloop
  endfacet
  facet normal 0 0 -1
    outer loop
      vertex 17.3635 -10.3777 0
      vertex 19.148 -13.2716 0
      vertex 18.5853 -13.4424 0
    endloop
  endfacet
  facet normal -0 0 -1
    outer loop
      vertex 20.7716 11.648 0
      vertex 17.6718 10.1718 0
      vertex 20.4944 12.1667 0
    endloop
  endfacet
  facet normal 0 0 -1
    outer loop
      vertex 17.3635 -10.3777 0
      vertex 18.5853 -13.4424 0
      vertex 18 -13.5 0
    endloop
  endfacet
  facet normal -0 0 -1
    outer loop
      vertex 20.4944 12.1667 0
      vertex 17.6718 10.1718 0
      vertex 20.1213 12.6213 0
    endloop
  endfacet
  facet normal -0 0 -1
    outer loop
      vertex 20.1213 12.6213 0
      vertex 17.6718 10.1718 0
      vertex 19.6667 12.9944 0
    endloop
  endfacet
  facet normal 0 0 -1
    outer loop
      vertex 21 -10.5 0
      vertex 17.8777 -9.86355 0
      vertex 17.95 -9.5 0
    endloop
  endfacet
  facet normal 0 0 -1
    outer loop
      vertex 20.7716 -11.648 0
      vertex 17.6718 -10.1718 0
      vertex 17.8777 -9.86355 0
    endloop
  endfacet
  facet normal 0 0 -1
    outer loop
      vertex 19.148 -13.2716 0
      vertex 17.3635 -10.3777 0
      vertex 17.6718 -10.1718 0
    endloop
  endfacet
  facet normal 0 0 -1
    outer loop
      vertex 18 -13.5 0
      vertex 17 -10.45 0
      vertex 17.3635 -10.3777 0
    endloop
  endfacet
  facet normal 0 0 -1
    outer loop
      vertex 18 -13.5 0
      vertex 16.6364 -10.3777 0
      vertex 17 -10.45 0
    endloop
  endfacet
  facet normal 0 0 -1
    outer loop
      vertex 18 -13.5 0
      vertex 16.3282 -10.1718 0
      vertex 16.6364 -10.3777 0
    endloop
  endfacet
  facet normal 0 0 -1
    outer loop
      vertex 18 -13.5 0
      vertex 16.1223 -9.86355 0
      vertex 16.3282 -10.1718 0
    endloop
  endfacet
  facet normal 0 0 -1
    outer loop
      vertex 11.6651 2.75 0
      vertex 16.6364 8.62231 0
      vertex 11.9148 2.14705 0
    endloop
  endfacet
  facet normal 0 0 -1
    outer loop
      vertex 9.5 -4 0
      vertex 16.05 -9.5 0
      vertex 16.1223 -9.86355 0
    endloop
  endfacet
  facet normal 0 0 -1
    outer loop
      vertex 17 -8.55 0
      vertex 11.9148 -2.14705 0
      vertex 12 -1.5 0
    endloop
  endfacet
  facet normal 0 0 -1
    outer loop
      vertex 9.5 -4 0
      vertex 16.1223 -9.86355 0
      vertex 18 -13.5 0
    endloop
  endfacet
  facet normal 0 0 -1
    outer loop
      vertex 16.6364 -8.62231 0
      vertex 11.6651 -2.75 0
      vertex 11.9148 -2.14705 0
    endloop
  endfacet
  facet normal 0 0 -1
    outer loop
      vertex 16.6364 -8.62231 0
      vertex 11.2678 -3.26777 0
      vertex 11.6651 -2.75 0
    endloop
  endfacet
  facet normal 0 0 -1
    outer loop
      vertex 16.3282 -8.82825 0
      vertex 10.75 -3.66506 0
      vertex 11.2678 -3.26777 0
    endloop
  endfacet
  facet normal 0 0 -1
    outer loop
      vertex 16.1223 -9.13645 0
      vertex 10.147 -3.91481 0
      vertex 10.75 -3.66506 0
    endloop
  endfacet
  facet normal 0 0 -1
    outer loop
      vertex 16.05 -9.5 0
      vertex 9.5 -4 0
      vertex 10.147 -3.91481 0
    endloop
  endfacet
  facet normal 0 0 -1
    outer loop
      vertex 18 -13.5 0
      vertex -9.5 -4 0
      vertex 9.5 -4 0
    endloop
  endfacet
  facet normal 0 0 -1
    outer loop
      vertex -18 -13.5 0
      vertex -9.5 -4 0
      vertex 18 -13.5 0
    endloop
  endfacet
  facet normal -0 0 -1
    outer loop
      vertex -11.2678 -3.26777 0
      vertex -16.6364 -8.62231 0
      vertex -11.6651 -2.75 0
    endloop
  endfacet
  facet normal 0 0 -1
    outer loop
      vertex -16.6364 -8.62231 0
      vertex -11.2678 -3.26777 0
      vertex -16.3282 -8.82825 0
    endloop
  endfacet
  facet normal -0 0 -1
    outer loop
      vertex -10.75 -3.66506 0
      vertex -16.3282 -8.82825 0
      vertex -11.2678 -3.26777 0
    endloop
  endfacet
  facet normal 0 0 -1
    outer loop
      vertex -16.3282 -8.82825 0
      vertex -10.75 -3.66506 0
      vertex -16.1223 -9.13645 0
    endloop
  endfacet
  facet normal -0 0 -1
    outer loop
      vertex -10.147 -3.91481 0
      vertex -16.1223 -9.13645 0
      vertex -10.75 -3.66506 0
    endloop
  endfacet
  facet normal 0 0 -1
    outer loop
      vertex -16.1223 -9.13645 0
      vertex -10.147 -3.91481 0
      vertex -16.05 -9.5 0
    endloop
  endfacet
  facet normal 0 -0 -1
    outer loop
      vertex -16.05 -9.5 0
      vertex -9.5 -4 0
      vertex -16.1223 -9.86355 0
    endloop
  endfacet
  facet normal -0 0 -1
    outer loop
      vertex -9.5 -4 0
      vertex -16.05 -9.5 0
      vertex -10.147 -3.91481 0
    endloop
  endfacet
  facet normal 0 0 -1
    outer loop
      vertex -9.5 -4 0
      vertex -18 -13.5 0
      vertex -16.1223 -9.86355 0
    endloop
  endfacet
  facet normal 0 0 -1
    outer loop
      vertex -16.1223 -9.86355 0
      vertex -18 -13.5 0
      vertex -16.3282 -10.1718 0
    endloop
  endfacet
  facet normal 0 0 -1
    outer loop
      vertex -16.3282 -10.1718 0
      vertex -18 -13.5 0
      vertex -16.6364 -10.3777 0
    endloop
  endfacet
  facet normal 0 0 -1
    outer loop
      vertex -19.6667 -12.9944 0
      vertex -17.6718 -10.1718 0
      vertex -19.148 -13.2716 0
    endloop
  endfacet
  facet normal -0 0 -1
    outer loop
      vertex -17.3635 -10.3777 0
      vertex -19.148 -13.2716 0
      vertex -17.6718 -10.1718 0
    endloop
  endfacet
  facet normal 0 0 -1
    outer loop
      vertex -19.148 -13.2716 0
      vertex -17.3635 -10.3777 0
      vertex -18.5853 -13.4424 0
    endloop
  endfacet
  facet normal 0 0 -1
    outer loop
      vertex -18.5853 -13.4424 0
      vertex -17.3635 -10.3777 0
      vertex -18 -13.5 0
    endloop
  endfacet
  facet normal -0 0 -1
    outer loop
      vertex -17 -10.45 0
      vertex -18 -13.5 0
      vertex -17.3635 -10.3777 0
    endloop
  endfacet
  facet normal 0 0 -1
    outer loop
      vertex -16.6364 -10.3777 0
      vertex -18 -13.5 0
      vertex -17 -10.45 0
    endloop
  endfacet
  facet normal -0 0 -1
    outer loop
      vertex 19.6667 12.9944 0
      vertex 17.6718 10.1718 0
      vertex 19.148 13.2716 0
    endloop
  endfacet
  facet normal 0 0 -1
    outer loop
      vertex 17.3635 10.3777 0
      vertex 19.148 13.2716 0
      vertex 17.6718 10.1718 0
    endloop
  endfacet
  facet normal -0 0 -1
    outer loop
      vertex 19.148 13.2716 0
      vertex 17.3635 10.3777 0
      vertex 18.5853 13.4424 0
    endloop
  endfacet
  facet normal -0 0 -1
    outer loop
      vertex 18.5853 13.4424 0
      vertex 17.3635 10.3777 0
      vertex 18 13.5 0
    endloop
  endfacet
  facet normal 0 0 -1
    outer loop
      vertex 17 10.45 0
      vertex 18 13.5 0
      vertex 17.3635 10.3777 0
    endloop
  endfacet
  facet normal 0 0 -1
    outer loop
      vertex 16.6364 10.3777 0
      vertex 18 13.5 0
      vertex 17 10.45 0
    endloop
  endfacet
  facet normal 0 0 -1
    outer loop
      vertex 16.3282 10.1718 0
      vertex 18 13.5 0
      vertex 16.6364 10.3777 0
    endloop
  endfacet
  facet normal 0 0 -1
    outer loop
      vertex 16.1223 9.86355 0
      vertex 18 13.5 0
      vertex 16.3282 10.1718 0
    endloop
  endfacet
  facet normal 0 0 -1
    outer loop
      vertex 11.2678 3.26777 0
      vertex 16.6364 8.62231 0
      vertex 11.6651 2.75 0
    endloop
  endfacet
  facet normal -0 0 -1
    outer loop
      vertex 16.6364 8.62231 0
      vertex 11.2678 3.26777 0
      vertex 16.3282 8.82825 0
    endloop
  endfacet
  facet normal 0 0 -1
    outer loop
      vertex 10.75 3.66506 0
      vertex 16.3282 8.82825 0
      vertex 11.2678 3.26777 0
    endloop
  endfacet
  facet normal -0 0 -1
    outer loop
      vertex 16.3282 8.82825 0
      vertex 10.75 3.66506 0
      vertex 16.1223 9.13645 0
    endloop
  endfacet
  facet normal 0 0 -1
    outer loop
      vertex 10.147 3.91481 0
      vertex 16.1223 9.13645 0
      vertex 10.75 3.66506 0
    endloop
  endfacet
  facet normal -0 0 -1
    outer loop
      vertex 16.1223 9.13645 0
      vertex 10.147 3.91481 0
      vertex 16.05 9.5 0
    endloop
  endfacet
  facet normal 0 0 -1
    outer loop
      vertex 9.5 4 0
      vertex 16.05 9.5 0
      vertex 10.147 3.91481 0
    endloop
  endfacet
  facet normal -0 0 -1
    outer loop
      vertex 16.05 9.5 0
      vertex 9.5 4 0
      vertex 16.1223 9.86355 0
    endloop
  endfacet
  facet normal -0 0 -1
    outer loop
      vertex 16.1223 9.86355 0
      vertex 9.5 4 0
      vertex 18 13.5 0
    endloop
  endfacet
  facet normal 0 0 -1
    outer loop
      vertex -9.5 4 0
      vertex 18 13.5 0
      vertex 9.5 4 0
    endloop
  endfacet
  facet normal 0 0 -1
    outer loop
      vertex -16.05 9.5 0
      vertex -9.5 4 0
      vertex -10.147 3.91481 0
    endloop
  endfacet
  facet normal -0 0 -1
    outer loop
      vertex -11.6651 -2.75 0
      vertex -16.6364 -8.62231 0
      vertex -11.9148 -2.14705 0
    endloop
  endfacet
  facet normal 0 0 -1
    outer loop
      vertex -12 1.5 0
      vertex -16.05 9.5 0
      vertex -11.9148 2.14705 0
    endloop
  endfacet
  facet normal 0 0 -1
    outer loop
      vertex -16.05 9.5 0
      vertex -11.6651 2.75 0
      vertex -11.9148 2.14705 0
    endloop
  endfacet
  facet normal 0 0 -1
    outer loop
      vertex -16.05 9.5 0
      vertex -11.2678 3.26777 0
      vertex -11.6651 2.75 0
    endloop
  endfacet
  facet normal 0 0 -1
    outer loop
      vertex -16.05 9.5 0
      vertex -10.75 3.66506 0
      vertex -11.2678 3.26777 0
    endloop
  endfacet
  facet normal 0 0 -1
    outer loop
      vertex -16.05 9.5 0
      vertex -10.147 3.91481 0
      vertex -10.75 3.66506 0
    endloop
  endfacet
  facet normal 0 0 -1
    outer loop
      vertex -9.5 4 0
      vertex -16.05 9.5 0
      vertex -16.1223 9.86355 0
    endloop
  endfacet
  facet normal 0 0 -1
    outer loop
      vertex -18 13.5 0
      vertex -9.5 4 0
      vertex -16.1223 9.86355 0
    endloop
  endfacet
  facet normal 0 0 -1
    outer loop
      vertex -18 13.5 0
      vertex -16.1223 9.86355 0
      vertex -16.3282 10.1718 0
    endloop
  endfacet
  facet normal 0 0 -1
    outer loop
      vertex -18 13.5 0
      vertex -16.3282 10.1718 0
      vertex -16.6364 10.3777 0
    endloop
  endfacet
  facet normal 0 0 -1
    outer loop
      vertex -18 13.5 0
      vertex -16.6364 10.3777 0
      vertex -17 10.45 0
    endloop
  endfacet
  facet normal 0 0 -1
    outer loop
      vertex -9.5 4 0
      vertex -18 13.5 0
      vertex 18 13.5 0
    endloop
  endfacet
  facet normal 0 0 -1
    outer loop
      vertex -17.3635 10.3777 0
      vertex -18 13.5 0
      vertex -17 10.45 0
    endloop
  endfacet
  facet normal 0 0 -1
    outer loop
      vertex -19.148 13.2716 0
      vertex -17.3635 10.3777 0
      vertex -17.6718 10.1718 0
    endloop
  endfacet
  facet normal 0 0 -1
    outer loop
      vertex -20.7716 11.648 0
      vertex -17.6718 10.1718 0
      vertex -17.8777 9.86355 0
    endloop
  endfacet
  facet normal 0 0 -1
    outer loop
      vertex -21 10.5 0
      vertex -17.8777 9.86355 0
      vertex -17.95 9.5 0
    endloop
  endfacet
  facet normal 0 0 -1
    outer loop
      vertex -17.6718 8.82825 0
      vertex -21 10.5 0
      vertex -17.8777 9.13645 0
    endloop
  endfacet
  facet normal 0 0 -1
    outer loop
      vertex -20.1213 -12.6213 0
      vertex -17.6718 -10.1718 0
      vertex -19.6667 -12.9944 0
    endloop
  endfacet
  facet normal 0 0 -1
    outer loop
      vertex -17.8777 9.13645 0
      vertex -21 10.5 0
      vertex -17.95 9.5 0
    endloop
  endfacet
  facet normal 0 0 -1
    outer loop
      vertex -20.4944 -12.1667 0
      vertex -17.6718 -10.1718 0
      vertex -20.1213 -12.6213 0
    endloop
  endfacet
  facet normal 0 0 -1
    outer loop
      vertex -17.8777 9.86355 0
      vertex -21 10.5 0
      vertex -20.9424 11.0853 0
    endloop
  endfacet
  facet normal 0 0 -1
    outer loop
      vertex -20.7716 -11.648 0
      vertex -17.6718 -10.1718 0
      vertex -20.4944 -12.1667 0
    endloop
  endfacet
  facet normal 0 0 -1
    outer loop
      vertex -17.3635 10.3777 0
      vertex -18.5853 13.4424 0
      vertex -18 13.5 0
    endloop
  endfacet
  facet normal -0 0 -1
    outer loop
      vertex -17.6718 -10.1718 0
      vertex -20.7716 -11.648 0
      vertex -17.8777 -9.86355 0
    endloop
  endfacet
  facet normal 0 0 -1
    outer loop
      vertex -17.3635 10.3777 0
      vertex -19.148 13.2716 0
      vertex -18.5853 13.4424 0
    endloop
  endfacet
  facet normal 0 0 -1
    outer loop
      vertex -20.9424 -11.0853 0
      vertex -17.8777 -9.86355 0
      vertex -20.7716 -11.648 0
    endloop
  endfacet
  facet normal 0 0 -1
    outer loop
      vertex -17.6718 10.1718 0
      vertex -19.6667 12.9944 0
      vertex -19.148 13.2716 0
    endloop
  endfacet
  facet normal 0 0 -1
    outer loop
      vertex -21 -10.5 0
      vertex -17.8777 -9.86355 0
      vertex -20.9424 -11.0853 0
    endloop
  endfacet
  facet normal 0 0 -1
    outer loop
      vertex -17.6718 10.1718 0
      vertex -20.1213 12.6213 0
      vertex -19.6667 12.9944 0
    endloop
  endfacet
  facet normal -0 0 -1
    outer loop
      vertex -17.8777 -9.86355 0
      vertex -21 -10.5 0
      vertex -17.95 -9.5 0
    endloop
  endfacet
  facet normal 0 0 -1
    outer loop
      vertex -17.6718 10.1718 0
      vertex -20.4944 12.1667 0
      vertex -20.1213 12.6213 0
    endloop
  endfacet
  facet normal 0 0 -1
    outer loop
      vertex -17.6718 10.1718 0
      vertex -20.7716 11.648 0
      vertex -20.4944 12.1667 0
    endloop
  endfacet
  facet normal 0 0 -1
    outer loop
      vertex -17.8777 9.86355 0
      vertex -20.9424 11.0853 0
      vertex -20.7716 11.648 0
    endloop
  endfacet
  facet normal 0.773078 -0.634311 -1.70104e-18
    outer loop
      vertex -19.2472 11.3334 5.3
      vertex -19.0607 11.5607 1.5
      vertex -19.0607 11.5607 5.3
    endloop
  endfacet
  facet normal 0.773078 -0.634311 -1.70104e-18
    outer loop
      vertex -19.0607 11.5607 1.5
      vertex -19.2472 11.3334 5.3
      vertex -19.2472 11.3334 1.5
    endloop
  endfacet
  facet normal 0.634311 -0.773078 0
    outer loop
      vertex -19.0607 11.5607 1.5
      vertex -18.8334 11.7472 5.3
      vertex -19.0607 11.5607 5.3
    endloop
  endfacet
  facet normal 0.634311 -0.773078 0
    outer loop
      vertex -18.8334 11.7472 5.3
      vertex -19.0607 11.5607 1.5
      vertex -18.8334 11.7472 1.5
    endloop
  endfacet
  facet normal 0.881995 -0.471259 -2.2766e-18
    outer loop
      vertex -19.3858 11.074 5.3
      vertex -19.2472 11.3334 1.5
      vertex -19.2472 11.3334 5.3
    endloop
  endfacet
  facet normal 0.881995 -0.471259 -2.2766e-18
    outer loop
      vertex -19.2472 11.3334 1.5
      vertex -19.3858 11.074 5.3
      vertex -19.3858 11.074 1.5
    endloop
  endfacet
  facet normal 0.0979545 0.995191 -0
    outer loop
      vertex -18 -12 1.5
      vertex -18.2926 -11.9712 5.3
      vertex -18 -12 5.3
    endloop
  endfacet
  facet normal 0.0979545 0.995191 0
    outer loop
      vertex -18.2926 -11.9712 5.3
      vertex -18 -12 1.5
      vertex -18.2926 -11.9712 1.5
    endloop
  endfacet
  facet normal 1 -0 0
    outer loop
      vertex -19.5 -10.5 5.3
      vertex -19.5 10.5 1.5
      vertex -19.5 10.5 5.3
    endloop
  endfacet
  facet normal 1 0 0
    outer loop
      vertex -19.5 10.5 1.5
      vertex -19.5 -10.5 5.3
      vertex -19.5 -10.5 1.5
    endloop
  endfacet
  facet normal -0.290404 -0.956904 0
    outer loop
      vertex 18.2926 11.9712 1.5
      vertex 18.574 11.8858 5.3
      vertex 18.2926 11.9712 5.3
    endloop
  endfacet
  facet normal -0.290404 -0.956904 -0
    outer loop
      vertex 18.574 11.8858 5.3
      vertex 18.2926 11.9712 1.5
      vertex 18.574 11.8858 1.5
    endloop
  endfacet
  facet normal 0 -1 0
    outer loop
      vertex -18 12 1.5
      vertex 18 12 5.3
      vertex -18 12 5.3
    endloop
  endfacet
  facet normal 0 -1 -0
    outer loop
      vertex 18 12 5.3
      vertex -18 12 1.5
      vertex 18 12 1.5
    endloop
  endfacet
  facet normal 0.471259 -0.881995 0
    outer loop
      vertex -18.8334 11.7472 1.5
      vertex -18.574 11.8858 5.3
      vertex -18.8334 11.7472 5.3
    endloop
  endfacet
  facet normal 0.471259 -0.881995 0
    outer loop
      vertex -18.574 11.8858 5.3
      vertex -18.8334 11.7472 1.5
      vertex -18.574 11.8858 1.5
    endloop
  endfacet
  facet normal 0.956904 0.290404 5.62079e-19
    outer loop
      vertex -19.3858 -11.074 5.3
      vertex -19.4712 -10.7926 1.5
      vertex -19.4712 -10.7926 5.3
    endloop
  endfacet
  facet normal 0.956904 0.290404 5.62079e-19
    outer loop
      vertex -19.4712 -10.7926 1.5
      vertex -19.3858 -11.074 5.3
      vertex -19.3858 -11.074 1.5
    endloop
  endfacet
  facet normal -0.471259 0.881995 0
    outer loop
      vertex 18.8334 -11.7472 1.5
      vertex 18.574 -11.8858 5.3
      vertex 18.8334 -11.7472 5.3
    endloop
  endfacet
  facet normal -0.471259 0.881995 0
    outer loop
      vertex 18.574 -11.8858 5.3
      vertex 18.8334 -11.7472 1.5
      vertex 18.574 -11.8858 1.5
    endloop
  endfacet
  facet normal -0.881995 -0.471259 2.2766e-18
    outer loop
      vertex 19.3858 11.074 1.5
      vertex 19.2472 11.3334 5.3
      vertex 19.2472 11.3334 1.5
    endloop
  endfacet
  facet normal -0.881995 -0.471259 2.2766e-18
    outer loop
      vertex 19.2472 11.3334 5.3
      vertex 19.3858 11.074 1.5
      vertex 19.3858 11.074 5.3
    endloop
  endfacet
  facet normal -1 0 0
    outer loop
      vertex 19.5 -10.5 1.5
      vertex 19.5 10.5 5.3
      vertex 19.5 10.5 1.5
    endloop
  endfacet
  facet normal -1 -0 0
    outer loop
      vertex 19.5 10.5 5.3
      vertex 19.5 -10.5 1.5
      vertex 19.5 -10.5 5.3
    endloop
  endfacet
  facet normal 0.290404 -0.956904 0
    outer loop
      vertex -18.574 11.8858 1.5
      vertex -18.2926 11.9712 5.3
      vertex -18.574 11.8858 5.3
    endloop
  endfacet
  facet normal 0.290404 -0.956904 0
    outer loop
      vertex -18.2926 11.9712 5.3
      vertex -18.574 11.8858 1.5
      vertex -18.2926 11.9712 1.5
    endloop
  endfacet
  facet normal -0.995191 0.0979545 -3.56737e-19
    outer loop
      vertex 19.4712 -10.7926 1.5
      vertex 19.5 -10.5 5.3
      vertex 19.5 -10.5 1.5
    endloop
  endfacet
  facet normal -0.995191 0.0979545 -3.56737e-19
    outer loop
      vertex 19.5 -10.5 5.3
      vertex 19.4712 -10.7926 1.5
      vertex 19.4712 -10.7926 5.3
    endloop
  endfacet
  facet normal -0.956904 0.290404 -5.62079e-19
    outer loop
      vertex 19.3858 -11.074 1.5
      vertex 19.4712 -10.7926 5.3
      vertex 19.4712 -10.7926 1.5
    endloop
  endfacet
  facet normal -0.956904 0.290404 -5.62079e-19
    outer loop
      vertex 19.4712 -10.7926 5.3
      vertex 19.3858 -11.074 1.5
      vertex 19.3858 -11.074 5.3
    endloop
  endfacet
  facet normal -0.634311 -0.773078 0
    outer loop
      vertex 18.8334 11.7472 1.5
      vertex 19.0607 11.5607 5.3
      vertex 18.8334 11.7472 5.3
    endloop
  endfacet
  facet normal -0.634311 -0.773078 -0
    outer loop
      vertex 19.0607 11.5607 5.3
      vertex 18.8334 11.7472 1.5
      vertex 19.0607 11.5607 1.5
    endloop
  endfacet
  facet normal 0.881995 0.471259 2.2766e-18
    outer loop
      vertex -19.2472 -11.3334 5.3
      vertex -19.3858 -11.074 1.5
      vertex -19.3858 -11.074 5.3
    endloop
  endfacet
  facet normal 0.881995 0.471259 2.2766e-18
    outer loop
      vertex -19.3858 -11.074 1.5
      vertex -19.2472 -11.3334 5.3
      vertex -19.2472 -11.3334 1.5
    endloop
  endfacet
  facet normal 0.995191 -0.0979545 -3.56737e-19
    outer loop
      vertex -19.5 10.5 5.3
      vertex -19.4712 10.7926 1.5
      vertex -19.4712 10.7926 5.3
    endloop
  endfacet
  facet normal 0.995191 -0.0979545 -3.56737e-19
    outer loop
      vertex -19.4712 10.7926 1.5
      vertex -19.5 10.5 5.3
      vertex -19.5 10.5 1.5
    endloop
  endfacet
  facet normal 0 1 -0
    outer loop
      vertex 18 -12 1.5
      vertex -18 -12 5.3
      vertex 18 -12 5.3
    endloop
  endfacet
  facet normal 0 1 0
    outer loop
      vertex -18 -12 5.3
      vertex 18 -12 1.5
      vertex -18 -12 1.5
    endloop
  endfacet
  facet normal 0.995191 0.0979545 3.56737e-19
    outer loop
      vertex -19.4712 -10.7926 5.3
      vertex -19.5 -10.5 1.5
      vertex -19.5 -10.5 5.3
    endloop
  endfacet
  facet normal 0.995191 0.0979545 3.56737e-19
    outer loop
      vertex -19.5 -10.5 1.5
      vertex -19.4712 -10.7926 5.3
      vertex -19.4712 -10.7926 1.5
    endloop
  endfacet
  facet normal -0.881995 0.471259 -2.2766e-18
    outer loop
      vertex 19.2472 -11.3334 1.5
      vertex 19.3858 -11.074 5.3
      vertex 19.3858 -11.074 1.5
    endloop
  endfacet
  facet normal -0.881995 0.471259 -2.2766e-18
    outer loop
      vertex 19.3858 -11.074 5.3
      vertex 19.2472 -11.3334 1.5
      vertex 19.2472 -11.3334 5.3
    endloop
  endfacet
  facet normal -0.290404 0.956904 0
    outer loop
      vertex 18.574 -11.8858 1.5
      vertex 18.2926 -11.9712 5.3
      vertex 18.574 -11.8858 5.3
    endloop
  endfacet
  facet normal -0.290404 0.956904 0
    outer loop
      vertex 18.2926 -11.9712 5.3
      vertex 18.574 -11.8858 1.5
      vertex 18.2926 -11.9712 1.5
    endloop
  endfacet
  facet normal 0.0979545 -0.995191 0
    outer loop
      vertex -18.2926 11.9712 1.5
      vertex -18 12 5.3
      vertex -18.2926 11.9712 5.3
    endloop
  endfacet
  facet normal 0.0979545 -0.995191 0
    outer loop
      vertex -18 12 5.3
      vertex -18.2926 11.9712 1.5
      vertex -18 12 1.5
    endloop
  endfacet
  facet normal -0.0979545 -0.995191 0
    outer loop
      vertex 18 12 1.5
      vertex 18.2926 11.9712 5.3
      vertex 18 12 5.3
    endloop
  endfacet
  facet normal -0.0979545 -0.995191 -0
    outer loop
      vertex 18.2926 11.9712 5.3
      vertex 18 12 1.5
      vertex 18.2926 11.9712 1.5
    endloop
  endfacet
  facet normal 0.773078 0.634311 1.70104e-18
    outer loop
      vertex -19.0607 -11.5607 5.3
      vertex -19.2472 -11.3334 1.5
      vertex -19.2472 -11.3334 5.3
    endloop
  endfacet
  facet normal 0.773078 0.634311 1.70104e-18
    outer loop
      vertex -19.2472 -11.3334 1.5
      vertex -19.0607 -11.5607 5.3
      vertex -19.0607 -11.5607 1.5
    endloop
  endfacet
  facet normal -0.773078 -0.634311 1.70104e-18
    outer loop
      vertex 19.2472 11.3334 1.5
      vertex 19.0607 11.5607 5.3
      vertex 19.0607 11.5607 1.5
    endloop
  endfacet
  facet normal -0.773078 -0.634311 1.70104e-18
    outer loop
      vertex 19.0607 11.5607 5.3
      vertex 19.2472 11.3334 1.5
      vertex 19.2472 11.3334 5.3
    endloop
  endfacet
  facet normal -0.0979545 0.995191 0
    outer loop
      vertex 18.2926 -11.9712 1.5
      vertex 18 -12 5.3
      vertex 18.2926 -11.9712 5.3
    endloop
  endfacet
  facet normal -0.0979545 0.995191 0
    outer loop
      vertex 18 -12 5.3
      vertex 18.2926 -11.9712 1.5
      vertex 18 -12 1.5
    endloop
  endfacet
  facet normal 0.290404 0.956904 -0
    outer loop
      vertex -18.2926 -11.9712 1.5
      vertex -18.574 -11.8858 5.3
      vertex -18.2926 -11.9712 5.3
    endloop
  endfacet
  facet normal 0.290404 0.956904 0
    outer loop
      vertex -18.574 -11.8858 5.3
      vertex -18.2926 -11.9712 1.5
      vertex -18.574 -11.8858 1.5
    endloop
  endfacet
  facet normal -0.634311 0.773078 0
    outer loop
      vertex 19.0607 -11.5607 1.5
      vertex 18.8334 -11.7472 5.3
      vertex 19.0607 -11.5607 5.3
    endloop
  endfacet
  facet normal -0.634311 0.773078 0
    outer loop
      vertex 18.8334 -11.7472 5.3
      vertex 19.0607 -11.5607 1.5
      vertex 18.8334 -11.7472 1.5
    endloop
  endfacet
  facet normal 0.634311 0.773078 -0
    outer loop
      vertex -18.8334 -11.7472 1.5
      vertex -19.0607 -11.5607 5.3
      vertex -18.8334 -11.7472 5.3
    endloop
  endfacet
  facet normal 0.634311 0.773078 0
    outer loop
      vertex -19.0607 -11.5607 5.3
      vertex -18.8334 -11.7472 1.5
      vertex -19.0607 -11.5607 1.5
    endloop
  endfacet
  facet normal 0.956904 -0.290404 -5.62079e-19
    outer loop
      vertex -19.4712 10.7926 5.3
      vertex -19.3858 11.074 1.5
      vertex -19.3858 11.074 5.3
    endloop
  endfacet
  facet normal 0.956904 -0.290404 -5.62079e-19
    outer loop
      vertex -19.3858 11.074 1.5
      vertex -19.4712 10.7926 5.3
      vertex -19.4712 10.7926 1.5
    endloop
  endfacet
  facet normal 0.471259 0.881995 -0
    outer loop
      vertex -18.574 -11.8858 1.5
      vertex -18.8334 -11.7472 5.3
      vertex -18.574 -11.8858 5.3
    endloop
  endfacet
  facet normal 0.471259 0.881995 0
    outer loop
      vertex -18.8334 -11.7472 5.3
      vertex -18.574 -11.8858 1.5
      vertex -18.8334 -11.7472 1.5
    endloop
  endfacet
  facet normal -0.773078 0.634311 -1.70104e-18
    outer loop
      vertex 19.0607 -11.5607 1.5
      vertex 19.2472 -11.3334 5.3
      vertex 19.2472 -11.3334 1.5
    endloop
  endfacet
  facet normal -0.773078 0.634311 -1.70104e-18
    outer loop
      vertex 19.2472 -11.3334 5.3
      vertex 19.0607 -11.5607 1.5
      vertex 19.0607 -11.5607 5.3
    endloop
  endfacet
  facet normal -0.956904 -0.290404 5.62079e-19
    outer loop
      vertex 19.4712 10.7926 1.5
      vertex 19.3858 11.074 5.3
      vertex 19.3858 11.074 1.5
    endloop
  endfacet
  facet normal -0.956904 -0.290404 5.62079e-19
    outer loop
      vertex 19.3858 11.074 5.3
      vertex 19.4712 10.7926 1.5
      vertex 19.4712 10.7926 5.3
    endloop
  endfacet
  facet normal -0.471259 -0.881995 0
    outer loop
      vertex 18.574 11.8858 1.5
      vertex 18.8334 11.7472 5.3
      vertex 18.574 11.8858 5.3
    endloop
  endfacet
  facet normal -0.471259 -0.881995 -0
    outer loop
      vertex 18.8334 11.7472 5.3
      vertex 18.574 11.8858 1.5
      vertex 18.8334 11.7472 1.5
    endloop
  endfacet
  facet normal -0.995191 -0.0979545 3.56737e-19
    outer loop
      vertex 19.5 10.5 1.5
      vertex 19.4712 10.7926 5.3
      vertex 19.4712 10.7926 1.5
    endloop
  endfacet
  facet normal -0.995191 -0.0979545 3.56737e-19
    outer loop
      vertex 19.4712 10.7926 5.3
      vertex 19.5 10.5 1.5
      vertex 19.5 10.5 5.3
    endloop
  endfacet
  facet normal 0 0 1
    outer loop
      vertex -12.3079 3.1 1.5
      vertex -17 8.55 1.5
      vertex -12.6376 2.3041 1.5
    endloop
  endfacet
  facet normal 0 0 1
    outer loop
      vertex -12.75 -1.45 1.5
      vertex -16.1223 -9.13645 1.5
      vertex -16.05 -9.5 1.5
    endloop
  endfacet
  facet normal 0 0 1
    outer loop
      vertex -17.3635 8.62231 1.5
      vertex -12.6376 2.3041 1.5
      vertex -17 8.55 1.5
    endloop
  endfacet
  facet normal 0 0 1
    outer loop
      vertex -12.75 -1.45 1.5
      vertex -16.3282 -8.82825 1.5
      vertex -16.1223 -9.13645 1.5
    endloop
  endfacet
  facet normal 0 0 1
    outer loop
      vertex -12.6376 2.3041 1.5
      vertex -17.3635 8.62231 1.5
      vertex -12.75 1.45 1.5
    endloop
  endfacet
  facet normal 0 0 1
    outer loop
      vertex -12.75 -1.45 1.5
      vertex -16.6364 -8.62231 1.5
      vertex -16.3282 -8.82825 1.5
    endloop
  endfacet
  facet normal 0 0 1
    outer loop
      vertex -12.75 1.45 1.5
      vertex -17.3635 8.62231 1.5
      vertex -12.75 -1.45 1.5
    endloop
  endfacet
  facet normal 0 0 1
    outer loop
      vertex -12.75 -1.45 1.5
      vertex -17 -8.55 1.5
      vertex -16.6364 -8.62231 1.5
    endloop
  endfacet
  facet normal 0 0 1
    outer loop
      vertex -17.3635 -8.62231 1.5
      vertex -12.75 -1.45 1.5
      vertex -17.3635 8.62231 1.5
    endloop
  endfacet
  facet normal 0 0 1
    outer loop
      vertex -12.75 -1.45 1.5
      vertex -17.3635 -8.62231 1.5
      vertex -17 -8.55 1.5
    endloop
  endfacet
  facet normal 0 0 1
    outer loop
      vertex -17.6718 8.82825 1.5
      vertex -17.3635 -8.62231 1.5
      vertex -17.3635 8.62231 1.5
    endloop
  endfacet
  facet normal 0 0 1
    outer loop
      vertex -17.6718 8.82825 1.5
      vertex -17.6718 -8.82825 1.5
      vertex -17.3635 -8.62231 1.5
    endloop
  endfacet
  facet normal 0 0 1
    outer loop
      vertex -19.5 10.5 1.5
      vertex -17.6718 8.82825 1.5
      vertex -17.8777 9.13645 1.5
    endloop
  endfacet
  facet normal 0 0 1
    outer loop
      vertex -17.6718 8.82825 1.5
      vertex -19.5 10.5 1.5
      vertex -17.6718 -8.82825 1.5
    endloop
  endfacet
  facet normal 0 0 1
    outer loop
      vertex -19.5 10.5 1.5
      vertex -17.8777 9.13645 1.5
      vertex -17.95 9.5 1.5
    endloop
  endfacet
  facet normal 0 0 1
    outer loop
      vertex -19.5 -10.5 1.5
      vertex -17.6718 -8.82825 1.5
      vertex -19.5 10.5 1.5
    endloop
  endfacet
  facet normal 0 0 1
    outer loop
      vertex 19.5 10.5 1.5
      vertex 17.6718 8.82825 1.5
      vertex 19.5 -10.5 1.5
    endloop
  endfacet
  facet normal 0 0 1
    outer loop
      vertex 19.5 -10.5 1.5
      vertex 17.8777 -9.13645 1.5
      vertex 17.95 -9.5 1.5
    endloop
  endfacet
  facet normal -0 0 1
    outer loop
      vertex 17.6718 -8.82825 1.5
      vertex 19.5 -10.5 1.5
      vertex 17.6718 8.82825 1.5
    endloop
  endfacet
  facet normal 0 0 1
    outer loop
      vertex 19.5 -10.5 1.5
      vertex 17.6718 -8.82825 1.5
      vertex 17.8777 -9.13645 1.5
    endloop
  endfacet
  facet normal -0 0 1
    outer loop
      vertex 17.3635 8.62231 1.5
      vertex 17.6718 -8.82825 1.5
      vertex 17.6718 8.82825 1.5
    endloop
  endfacet
  facet normal 0 0 1
    outer loop
      vertex 17.3635 8.62231 1.5
      vertex 17.3635 -8.62231 1.5
      vertex 17.6718 -8.82825 1.5
    endloop
  endfacet
  facet normal 0 0 1
    outer loop
      vertex 12.6376 2.3041 1.5
      vertex 17.3635 8.62231 1.5
      vertex 17 8.55 1.5
    endloop
  endfacet
  facet normal 0 0 1
    outer loop
      vertex 17.3635 8.62231 1.5
      vertex 12.75 1.45 1.5
      vertex 17.3635 -8.62231 1.5
    endloop
  endfacet
  facet normal 0 0 1
    outer loop
      vertex 12.3079 3.1 1.5
      vertex 17 8.55 1.5
      vertex 16.6364 8.62231 1.5
    endloop
  endfacet
  facet normal -0 0 1
    outer loop
      vertex 12.75 -1.45 1.5
      vertex 17.3635 -8.62231 1.5
      vertex 12.75 1.45 1.5
    endloop
  endfacet
  facet normal 0 0 1
    outer loop
      vertex 11.7835 3.78345 1.5
      vertex 16.6364 8.62231 1.5
      vertex 16.3282 8.82825 1.5
    endloop
  endfacet
  facet normal -0 0 1
    outer loop
      vertex 12.6376 -2.3041 1.5
      vertex 17.3635 -8.62231 1.5
      vertex 12.75 -1.45 1.5
    endloop
  endfacet
  facet normal 0 0 1
    outer loop
      vertex 11.1 4.30788 1.5
      vertex 16.3282 8.82825 1.5
      vertex 16.1223 9.13645 1.5
    endloop
  endfacet
  facet normal 0 0 1
    outer loop
      vertex 17.3635 -8.62231 1.5
      vertex 12.6376 -2.3041 1.5
      vertex 17 -8.55 1.5
    endloop
  endfacet
  facet normal 0 0 1
    outer loop
      vertex 10.3041 4.63756 1.5
      vertex 16.1223 9.13645 1.5
      vertex 16.05 9.5 1.5
    endloop
  endfacet
  facet normal -0 0 1
    outer loop
      vertex 12.3079 -3.1 1.5
      vertex 17 -8.55 1.5
      vertex 12.6376 -2.3041 1.5
    endloop
  endfacet
  facet normal 0 0 1
    outer loop
      vertex 17.6718 10.1718 1.5
      vertex 19.5 10.5 1.5
      vertex 19.4712 10.7926 1.5
    endloop
  endfacet
  facet normal 0 0 1
    outer loop
      vertex 17.8777 9.13645 1.5
      vertex 19.5 10.5 1.5
      vertex 17.95 9.5 1.5
    endloop
  endfacet
  facet normal 0 0 1
    outer loop
      vertex 17.6718 10.1718 1.5
      vertex 19.4712 10.7926 1.5
      vertex 19.3858 11.074 1.5
    endloop
  endfacet
  facet normal 0 0 1
    outer loop
      vertex 17.6718 8.82825 1.5
      vertex 19.5 10.5 1.5
      vertex 17.8777 9.13645 1.5
    endloop
  endfacet
  facet normal 0 0 1
    outer loop
      vertex 17.6718 10.1718 1.5
      vertex 19.3858 11.074 1.5
      vertex 19.2472 11.3334 1.5
    endloop
  endfacet
  facet normal -0 0 1
    outer loop
      vertex 17.8777 -9.86355 1.5
      vertex 19.5 -10.5 1.5
      vertex 17.95 -9.5 1.5
    endloop
  endfacet
  facet normal 0 0 1
    outer loop
      vertex 17.6718 10.1718 1.5
      vertex 19.2472 11.3334 1.5
      vertex 19.0607 11.5607 1.5
    endloop
  endfacet
  facet normal -0 0 1
    outer loop
      vertex 17.6718 -10.1718 1.5
      vertex 19.5 -10.5 1.5
      vertex 17.8777 -9.86355 1.5
    endloop
  endfacet
  facet normal 0 0 1
    outer loop
      vertex 17.6718 10.1718 1.5
      vertex 19.0607 11.5607 1.5
      vertex 18.8334 11.7472 1.5
    endloop
  endfacet
  facet normal 0 0 1
    outer loop
      vertex 19.5 -10.5 1.5
      vertex 17.6718 -10.1718 1.5
      vertex 19.4712 -10.7926 1.5
    endloop
  endfacet
  facet normal 0 0 1
    outer loop
      vertex 17.6718 10.1718 1.5
      vertex 18.8334 11.7472 1.5
      vertex 18.574 11.8858 1.5
    endloop
  endfacet
  facet normal 0 0 1
    outer loop
      vertex 19.4712 -10.7926 1.5
      vertex 17.6718 -10.1718 1.5
      vertex 19.3858 -11.074 1.5
    endloop
  endfacet
  facet normal 0 0 1
    outer loop
      vertex 17.6718 10.1718 1.5
      vertex 18.574 11.8858 1.5
      vertex 18.2926 11.9712 1.5
    endloop
  endfacet
  facet normal 0 0 1
    outer loop
      vertex 19.3858 -11.074 1.5
      vertex 17.6718 -10.1718 1.5
      vertex 19.2472 -11.3334 1.5
    endloop
  endfacet
  facet normal 0 0 1
    outer loop
      vertex 17.6718 10.1718 1.5
      vertex 18.2926 11.9712 1.5
      vertex 18 12 1.5
    endloop
  endfacet
  facet normal 0 0 1
    outer loop
      vertex 19.2472 -11.3334 1.5
      vertex 17.6718 -10.1718 1.5
      vertex 19.0607 -11.5607 1.5
    endloop
  endfacet
  facet normal 0 0 1
    outer loop
      vertex 19.0607 -11.5607 1.5
      vertex 17.6718 -10.1718 1.5
      vertex 18.8334 -11.7472 1.5
    endloop
  endfacet
  facet normal 0 0 1
    outer loop
      vertex 19.5 10.5 1.5
      vertex 17.8777 9.86355 1.5
      vertex 17.95 9.5 1.5
    endloop
  endfacet
  facet normal 0 0 1
    outer loop
      vertex 19.5 10.5 1.5
      vertex 17.6718 10.1718 1.5
      vertex 17.8777 9.86355 1.5
    endloop
  endfacet
  facet normal 0 0 1
    outer loop
      vertex 18 12 1.5
      vertex 17.3635 10.3777 1.5
      vertex 17.6718 10.1718 1.5
    endloop
  endfacet
  facet normal 0 0 1
    outer loop
      vertex 18 12 1.5
      vertex 17 10.45 1.5
      vertex 17.3635 10.3777 1.5
    endloop
  endfacet
  facet normal 0 0 1
    outer loop
      vertex 18 12 1.5
      vertex 16.6364 10.3777 1.5
      vertex 17 10.45 1.5
    endloop
  endfacet
  facet normal 0 0 1
    outer loop
      vertex 18 12 1.5
      vertex 16.3282 10.1718 1.5
      vertex 16.6364 10.3777 1.5
    endloop
  endfacet
  facet normal 0 0 1
    outer loop
      vertex 17 -8.55 1.5
      vertex 12.3079 -3.1 1.5
      vertex 16.6364 -8.62231 1.5
    endloop
  endfacet
  facet normal 0 0 1
    outer loop
      vertex 9.45 4.75 1.5
      vertex 16.05 9.5 1.5
      vertex 16.1223 9.86355 1.5
    endloop
  endfacet
  facet normal 0 0 1
    outer loop
      vertex 17.3635 8.62231 1.5
      vertex 12.6376 2.3041 1.5
      vertex 12.75 1.45 1.5
    endloop
  endfacet
  facet normal 0 0 1
    outer loop
      vertex 17 8.55 1.5
      vertex 12.3079 3.1 1.5
      vertex 12.6376 2.3041 1.5
    endloop
  endfacet
  facet normal 0 0 1
    outer loop
      vertex 16.6364 8.62231 1.5
      vertex 11.7835 3.78345 1.5
      vertex 12.3079 3.1 1.5
    endloop
  endfacet
  facet normal 0 0 1
    outer loop
      vertex 9.45 4.75 1.5
      vertex 16.1223 9.86355 1.5
      vertex 16.3282 10.1718 1.5
    endloop
  endfacet
  facet normal 0 0 1
    outer loop
      vertex 16.3282 8.82825 1.5
      vertex 11.1 4.30788 1.5
      vertex 11.7835 3.78345 1.5
    endloop
  endfacet
  facet normal 0 0 1
    outer loop
      vertex 16.1223 9.13645 1.5
      vertex 10.3041 4.63756 1.5
      vertex 11.1 4.30788 1.5
    endloop
  endfacet
  facet normal 0 0 1
    outer loop
      vertex -16.3282 10.1718 1.5
      vertex 16.3282 10.1718 1.5
      vertex 18 12 1.5
    endloop
  endfacet
  facet normal 0 0 1
    outer loop
      vertex 16.05 9.5 1.5
      vertex 9.45 4.75 1.5
      vertex 10.3041 4.63756 1.5
    endloop
  endfacet
  facet normal 0 0 1
    outer loop
      vertex 16.3282 10.1718 1.5
      vertex -16.3282 10.1718 1.5
      vertex 9.45 4.75 1.5
    endloop
  endfacet
  facet normal 0 0 1
    outer loop
      vertex 9.45 4.75 1.5
      vertex -16.3282 10.1718 1.5
      vertex -9.45 4.75 1.5
    endloop
  endfacet
  facet normal 0 0 1
    outer loop
      vertex -11.7835 3.78345 1.5
      vertex -16.6364 8.62231 1.5
      vertex -12.3079 3.1 1.5
    endloop
  endfacet
  facet normal -0 0 1
    outer loop
      vertex -16.6364 8.62231 1.5
      vertex -11.7835 3.78345 1.5
      vertex -16.3282 8.82825 1.5
    endloop
  endfacet
  facet normal 0 0 1
    outer loop
      vertex -11.1 4.30788 1.5
      vertex -16.3282 8.82825 1.5
      vertex -11.7835 3.78345 1.5
    endloop
  endfacet
  facet normal -0 0 1
    outer loop
      vertex -16.3282 8.82825 1.5
      vertex -11.1 4.30788 1.5
      vertex -16.1223 9.13645 1.5
    endloop
  endfacet
  facet normal 0 0 1
    outer loop
      vertex -10.3041 4.63756 1.5
      vertex -16.1223 9.13645 1.5
      vertex -11.1 4.30788 1.5
    endloop
  endfacet
  facet normal -0 0 1
    outer loop
      vertex -16.1223 9.13645 1.5
      vertex -10.3041 4.63756 1.5
      vertex -16.05 9.5 1.5
    endloop
  endfacet
  facet normal -0 -0 1
    outer loop
      vertex -16.1223 9.86355 1.5
      vertex -9.45 4.75 1.5
      vertex -16.3282 10.1718 1.5
    endloop
  endfacet
  facet normal 0 0 1
    outer loop
      vertex -9.45 4.75 1.5
      vertex -16.05 9.5 1.5
      vertex -10.3041 4.63756 1.5
    endloop
  endfacet
  facet normal -0 -0 1
    outer loop
      vertex -16.05 9.5 1.5
      vertex -9.45 4.75 1.5
      vertex -16.1223 9.86355 1.5
    endloop
  endfacet
  facet normal -0 0 1
    outer loop
      vertex -18 12 1.5
      vertex -16.3282 10.1718 1.5
      vertex 18 12 1.5
    endloop
  endfacet
  facet normal 0 0 1
    outer loop
      vertex -16.3282 10.1718 1.5
      vertex -18 12 1.5
      vertex -16.6364 10.3777 1.5
    endloop
  endfacet
  facet normal -0 0 1
    outer loop
      vertex -18.8334 11.7472 1.5
      vertex -17.6718 10.1718 1.5
      vertex -18.574 11.8858 1.5
    endloop
  endfacet
  facet normal -0 0 1
    outer loop
      vertex -18.574 11.8858 1.5
      vertex -17.6718 10.1718 1.5
      vertex -18.2926 11.9712 1.5
    endloop
  endfacet
  facet normal -0 0 1
    outer loop
      vertex -18.2926 11.9712 1.5
      vertex -17.6718 10.1718 1.5
      vertex -18 12 1.5
    endloop
  endfacet
  facet normal 0 0 1
    outer loop
      vertex -17.3635 10.3777 1.5
      vertex -18 12 1.5
      vertex -17.6718 10.1718 1.5
    endloop
  endfacet
  facet normal 0 0 1
    outer loop
      vertex -17 10.45 1.5
      vertex -18 12 1.5
      vertex -17.3635 10.3777 1.5
    endloop
  endfacet
  facet normal 0 0 1
    outer loop
      vertex -16.6364 10.3777 1.5
      vertex -18 12 1.5
      vertex -17 10.45 1.5
    endloop
  endfacet
  facet normal 0 0 1
    outer loop
      vertex 18.8334 -11.7472 1.5
      vertex 17.6718 -10.1718 1.5
      vertex 18.574 -11.8858 1.5
    endloop
  endfacet
  facet normal 0 0 1
    outer loop
      vertex 18.574 -11.8858 1.5
      vertex 17.6718 -10.1718 1.5
      vertex 18.2926 -11.9712 1.5
    endloop
  endfacet
  facet normal 0 0 1
    outer loop
      vertex 18.2926 -11.9712 1.5
      vertex 17.6718 -10.1718 1.5
      vertex 18 -12 1.5
    endloop
  endfacet
  facet normal -0 0 1
    outer loop
      vertex 17.3635 -10.3777 1.5
      vertex 18 -12 1.5
      vertex 17.6718 -10.1718 1.5
    endloop
  endfacet
  facet normal -0 0 1
    outer loop
      vertex 17 -10.45 1.5
      vertex 18 -12 1.5
      vertex 17.3635 -10.3777 1.5
    endloop
  endfacet
  facet normal 0 0 1
    outer loop
      vertex 16.6364 -10.3777 1.5
      vertex 18 -12 1.5
      vertex 17 -10.45 1.5
    endloop
  endfacet
  facet normal 0 0 1
    outer loop
      vertex 16.3282 -10.1718 1.5
      vertex 18 -12 1.5
      vertex 16.6364 -10.3777 1.5
    endloop
  endfacet
  facet normal -0 0 1
    outer loop
      vertex 11.7835 -3.78345 1.5
      vertex 16.6364 -8.62231 1.5
      vertex 12.3079 -3.1 1.5
    endloop
  endfacet
  facet normal 0 0 1
    outer loop
      vertex 16.6364 -8.62231 1.5
      vertex 11.7835 -3.78345 1.5
      vertex 16.3282 -8.82825 1.5
    endloop
  endfacet
  facet normal -0 0 1
    outer loop
      vertex 11.1 -4.30788 1.5
      vertex 16.3282 -8.82825 1.5
      vertex 11.7835 -3.78345 1.5
    endloop
  endfacet
  facet normal 0 0 1
    outer loop
      vertex 16.3282 -8.82825 1.5
      vertex 11.1 -4.30788 1.5
      vertex 16.1223 -9.13645 1.5
    endloop
  endfacet
  facet normal -0 0 1
    outer loop
      vertex 10.3041 -4.63756 1.5
      vertex 16.1223 -9.13645 1.5
      vertex 11.1 -4.30788 1.5
    endloop
  endfacet
  facet normal 0 0 1
    outer loop
      vertex 16.1223 -9.13645 1.5
      vertex 10.3041 -4.63756 1.5
      vertex 16.05 -9.5 1.5
    endloop
  endfacet
  facet normal -0 0 1
    outer loop
      vertex 9.45 -4.75 1.5
      vertex 16.05 -9.5 1.5
      vertex 10.3041 -4.63756 1.5
    endloop
  endfacet
  facet normal 0 0 1
    outer loop
      vertex 16.05 -9.5 1.5
      vertex 9.45 -4.75 1.5
      vertex 16.1223 -9.86355 1.5
    endloop
  endfacet
  facet normal 0 0 1
    outer loop
      vertex 16.1223 -9.86355 1.5
      vertex 9.45 -4.75 1.5
      vertex 16.3282 -10.1718 1.5
    endloop
  endfacet
  facet normal 0 0 1
    outer loop
      vertex -16.3282 -10.1718 1.5
      vertex 16.3282 -10.1718 1.5
      vertex 9.45 -4.75 1.5
    endloop
  endfacet
  facet normal 0 0 1
    outer loop
      vertex -16.3282 -10.1718 1.5
      vertex 9.45 -4.75 1.5
      vertex -9.45 -4.75 1.5
    endloop
  endfacet
  facet normal 0 0 1
    outer loop
      vertex -16.05 -9.5 1.5
      vertex -9.45 -4.75 1.5
      vertex -10.3041 -4.63756 1.5
    endloop
  endfacet
  facet normal -0 0 1
    outer loop
      vertex -17 8.55 1.5
      vertex -12.3079 3.1 1.5
      vertex -16.6364 8.62231 1.5
    endloop
  endfacet
  facet normal 0 0 1
    outer loop
      vertex -12.75 -1.45 1.5
      vertex -16.05 -9.5 1.5
      vertex -12.6376 -2.3041 1.5
    endloop
  endfacet
  facet normal 0 0 1
    outer loop
      vertex -16.05 -9.5 1.5
      vertex -12.3079 -3.1 1.5
      vertex -12.6376 -2.3041 1.5
    endloop
  endfacet
  facet normal 0 0 1
    outer loop
      vertex -16.05 -9.5 1.5
      vertex -11.7835 -3.78345 1.5
      vertex -12.3079 -3.1 1.5
    endloop
  endfacet
  facet normal 0 0 1
    outer loop
      vertex -16.05 -9.5 1.5
      vertex -11.1 -4.30788 1.5
      vertex -11.7835 -3.78345 1.5
    endloop
  endfacet
  facet normal 0 0 1
    outer loop
      vertex -16.05 -9.5 1.5
      vertex -10.3041 -4.63756 1.5
      vertex -11.1 -4.30788 1.5
    endloop
  endfacet
  facet normal 0 0 1
    outer loop
      vertex -9.45 -4.75 1.5
      vertex -16.05 -9.5 1.5
      vertex -16.1223 -9.86355 1.5
    endloop
  endfacet
  facet normal 0 0 1
    outer loop
      vertex -9.45 -4.75 1.5
      vertex -16.1223 -9.86355 1.5
      vertex -16.3282 -10.1718 1.5
    endloop
  endfacet
  facet normal 0 0 1
    outer loop
      vertex 16.3282 -10.1718 1.5
      vertex -16.3282 -10.1718 1.5
      vertex 18 -12 1.5
    endloop
  endfacet
  facet normal 0 0 1
    outer loop
      vertex -18 -12 1.5
      vertex -16.3282 -10.1718 1.5
      vertex -16.6364 -10.3777 1.5
    endloop
  endfacet
  facet normal 0 0 1
    outer loop
      vertex -18 -12 1.5
      vertex -16.6364 -10.3777 1.5
      vertex -17 -10.45 1.5
    endloop
  endfacet
  facet normal 0 0 1
    outer loop
      vertex -16.3282 -10.1718 1.5
      vertex -18 -12 1.5
      vertex 18 -12 1.5
    endloop
  endfacet
  facet normal 0 0 1
    outer loop
      vertex -17.3635 -10.3777 1.5
      vertex -18 -12 1.5
      vertex -17 -10.45 1.5
    endloop
  endfacet
  facet normal 0 0 1
    outer loop
      vertex -17.6718 -10.1718 1.5
      vertex -18 -12 1.5
      vertex -17.3635 -10.3777 1.5
    endloop
  endfacet
  facet normal 0 0 1
    outer loop
      vertex -19.5 -10.5 1.5
      vertex -17.6718 -10.1718 1.5
      vertex -17.8777 -9.86355 1.5
    endloop
  endfacet
  facet normal 0 0 1
    outer loop
      vertex -19.5 -10.5 1.5
      vertex -17.8777 -9.86355 1.5
      vertex -17.95 -9.5 1.5
    endloop
  endfacet
  facet normal 0 0 1
    outer loop
      vertex -17.6718 -8.82825 1.5
      vertex -19.5 -10.5 1.5
      vertex -17.8777 -9.13645 1.5
    endloop
  endfacet
  facet normal -0 0 1
    outer loop
      vertex -19.0607 11.5607 1.5
      vertex -17.6718 10.1718 1.5
      vertex -18.8334 11.7472 1.5
    endloop
  endfacet
  facet normal 0 0 1
    outer loop
      vertex -17.8777 -9.13645 1.5
      vertex -19.5 -10.5 1.5
      vertex -17.95 -9.5 1.5
    endloop
  endfacet
  facet normal -0 0 1
    outer loop
      vertex -19.2472 11.3334 1.5
      vertex -17.6718 10.1718 1.5
      vertex -19.0607 11.5607 1.5
    endloop
  endfacet
  facet normal 0 0 1
    outer loop
      vertex -17.6718 -10.1718 1.5
      vertex -19.5 -10.5 1.5
      vertex -19.4712 -10.7926 1.5
    endloop
  endfacet
  facet normal -0 0 1
    outer loop
      vertex -19.3858 11.074 1.5
      vertex -17.6718 10.1718 1.5
      vertex -19.2472 11.3334 1.5
    endloop
  endfacet
  facet normal 0 0 1
    outer loop
      vertex -17.6718 -10.1718 1.5
      vertex -18.2926 -11.9712 1.5
      vertex -18 -12 1.5
    endloop
  endfacet
  facet normal -0 0 1
    outer loop
      vertex -19.4712 10.7926 1.5
      vertex -17.6718 10.1718 1.5
      vertex -19.3858 11.074 1.5
    endloop
  endfacet
  facet normal 0 0 1
    outer loop
      vertex -17.6718 -10.1718 1.5
      vertex -18.574 -11.8858 1.5
      vertex -18.2926 -11.9712 1.5
    endloop
  endfacet
  facet normal -0 0 1
    outer loop
      vertex -19.5 10.5 1.5
      vertex -17.6718 10.1718 1.5
      vertex -19.4712 10.7926 1.5
    endloop
  endfacet
  facet normal 0 0 1
    outer loop
      vertex -17.6718 -10.1718 1.5
      vertex -18.8334 -11.7472 1.5
      vertex -18.574 -11.8858 1.5
    endloop
  endfacet
  facet normal 0 0 1
    outer loop
      vertex -17.6718 10.1718 1.5
      vertex -19.5 10.5 1.5
      vertex -17.8777 9.86355 1.5
    endloop
  endfacet
  facet normal 0 0 1
    outer loop
      vertex -17.6718 -10.1718 1.5
      vertex -19.0607 -11.5607 1.5
      vertex -18.8334 -11.7472 1.5
    endloop
  endfacet
  facet normal 0 0 1
    outer loop
      vertex -17.8777 9.86355 1.5
      vertex -19.5 10.5 1.5
      vertex -17.95 9.5 1.5
    endloop
  endfacet
  facet normal 0 0 1
    outer loop
      vertex -17.6718 -10.1718 1.5
      vertex -19.2472 -11.3334 1.5
      vertex -19.0607 -11.5607 1.5
    endloop
  endfacet
  facet normal 0 0 1
    outer loop
      vertex -17.6718 -10.1718 1.5
      vertex -19.3858 -11.074 1.5
      vertex -19.2472 -11.3334 1.5
    endloop
  endfacet
  facet normal 0 0 1
    outer loop
      vertex -17.6718 -10.1718 1.5
      vertex -19.4712 -10.7926 1.5
      vertex -19.3858 -11.074 1.5
    endloop
  endfacet
  facet normal 0.793353 0.608762 9.9552e-18
    outer loop
      vertex -11.2678 -3.26777 1
      vertex -11.6651 -2.75 0
      vertex -11.6651 -2.75 1
    endloop
  endfacet
  facet normal 0.793353 0.608762 9.9552e-18
    outer loop
      vertex -11.6651 -2.75 0
      vertex -11.2678 -3.26777 1
      vertex -11.2678 -3.26777 0
    endloop
  endfacet
  facet normal 0.793353 -0.608762 -9.9552e-18
    outer loop
      vertex -11.6651 2.75 1
      vertex -11.2678 3.26777 0
      vertex -11.2678 3.26777 1
    endloop
  endfacet
  facet normal 0.793353 -0.608762 -9.9552e-18
    outer loop
      vertex -11.2678 3.26777 0
      vertex -11.6651 2.75 1
      vertex -11.6651 2.75 0
    endloop
  endfacet
  facet normal -1 0 0
    outer loop
      vertex 12 -1.5 0
      vertex 12 1.5 1
      vertex 12 1.5 0
    endloop
  endfacet
  facet normal -1 -0 0
    outer loop
      vertex 12 1.5 1
      vertex 12 -1.5 0
      vertex 12 -1.5 1
    endloop
  endfacet
  facet normal 0.608731 0.793377 -0
    outer loop
      vertex -10.75 -3.66506 0
      vertex -11.2678 -3.26777 1
      vertex -10.75 -3.66506 1
    endloop
  endfacet
  facet normal 0.608731 0.793377 0
    outer loop
      vertex -11.2678 -3.26777 1
      vertex -10.75 -3.66506 0
      vertex -11.2678 -3.26777 0
    endloop
  endfacet
  facet normal -0.793353 -0.608762 9.9552e-18
    outer loop
      vertex 11.6651 2.75 0
      vertex 11.2678 3.26777 1
      vertex 11.2678 3.26777 0
    endloop
  endfacet
  facet normal -0.793353 -0.608762 9.9552e-18
    outer loop
      vertex 11.2678 3.26777 1
      vertex 11.6651 2.75 0
      vertex 11.6651 2.75 1
    endloop
  endfacet
  facet normal -0.991442 0.130548 1.66189e-18
    outer loop
      vertex 11.9148 -2.14705 0
      vertex 12 -1.5 1
      vertex 12 -1.5 0
    endloop
  endfacet
  facet normal -0.991442 0.130548 1.66189e-18
    outer loop
      vertex 12 -1.5 1
      vertex 11.9148 -2.14705 0
      vertex 11.9148 -2.14705 1
    endloop
  endfacet
  facet normal 0.382656 -0.923891 0
    outer loop
      vertex -10.75 3.66506 0
      vertex -10.147 3.91481 1
      vertex -10.75 3.66506 1
    endloop
  endfacet
  facet normal 0.382656 -0.923891 0
    outer loop
      vertex -10.147 3.91481 1
      vertex -10.75 3.66506 0
      vertex -10.147 3.91481 0
    endloop
  endfacet
  facet normal -0.130543 0.991443 0
    outer loop
      vertex 10.147 -3.91481 0
      vertex 9.5 -4 1
      vertex 10.147 -3.91481 1
    endloop
  endfacet
  facet normal -0.130543 0.991443 0
    outer loop
      vertex 9.5 -4 1
      vertex 10.147 -3.91481 0
      vertex 9.5 -4 0
    endloop
  endfacet
  facet normal 0.130543 -0.991443 0
    outer loop
      vertex -10.147 3.91481 0
      vertex -9.5 4 1
      vertex -10.147 3.91481 1
    endloop
  endfacet
  facet normal 0.130543 -0.991443 0
    outer loop
      vertex -9.5 4 1
      vertex -10.147 3.91481 0
      vertex -9.5 4 0
    endloop
  endfacet
  facet normal 0.608731 -0.793377 0
    outer loop
      vertex -11.2678 3.26777 0
      vertex -10.75 3.66506 1
      vertex -11.2678 3.26777 1
    endloop
  endfacet
  facet normal 0.608731 -0.793377 0
    outer loop
      vertex -10.75 3.66506 1
      vertex -11.2678 3.26777 0
      vertex -10.75 3.66506 0
    endloop
  endfacet
  facet normal -0.991442 -0.130548 -1.66189e-18
    outer loop
      vertex 12 1.5 0
      vertex 11.9148 2.14705 1
      vertex 11.9148 2.14705 0
    endloop
  endfacet
  facet normal -0.991442 -0.130548 -1.66189e-18
    outer loop
      vertex 11.9148 2.14705 1
      vertex 12 1.5 0
      vertex 12 1.5 1
    endloop
  endfacet
  facet normal 0 -1 0
    outer loop
      vertex -9.5 4 0
      vertex 9.5 4 1
      vertex -9.5 4 1
    endloop
  endfacet
  facet normal 0 -1 -0
    outer loop
      vertex 9.5 4 1
      vertex -9.5 4 0
      vertex 9.5 4 0
    endloop
  endfacet
  facet normal 0.991442 0.130548 -1.66189e-18
    outer loop
      vertex -11.9148 -2.14705 1
      vertex -12 -1.5 0
      vertex -12 -1.5 1
    endloop
  endfacet
  facet normal 0.991442 0.130548 -1.66189e-18
    outer loop
      vertex -12 -1.5 0
      vertex -11.9148 -2.14705 1
      vertex -11.9148 -2.14705 0
    endloop
  endfacet
  facet normal -0.608731 0.793377 0
    outer loop
      vertex 11.2678 -3.26777 0
      vertex 10.75 -3.66506 1
      vertex 11.2678 -3.26777 1
    endloop
  endfacet
  facet normal -0.608731 0.793377 0
    outer loop
      vertex 10.75 -3.66506 1
      vertex 11.2678 -3.26777 0
      vertex 10.75 -3.66506 0
    endloop
  endfacet
  facet normal -0.923907 -0.382618 -1.29186e-17
    outer loop
      vertex 11.9148 2.14705 0
      vertex 11.6651 2.75 1
      vertex 11.6651 2.75 0
    endloop
  endfacet
  facet normal -0.923907 -0.382618 -1.29186e-17
    outer loop
      vertex 11.6651 2.75 1
      vertex 11.9148 2.14705 0
      vertex 11.9148 2.14705 1
    endloop
  endfacet
  facet normal 1 -0 0
    outer loop
      vertex -12 -1.5 1
      vertex -12 1.5 0
      vertex -12 1.5 1
    endloop
  endfacet
  facet normal 1 0 0
    outer loop
      vertex -12 1.5 0
      vertex -12 -1.5 1
      vertex -12 -1.5 0
    endloop
  endfacet
  facet normal 0.923907 -0.382618 1.29186e-17
    outer loop
      vertex -11.9148 2.14705 1
      vertex -11.6651 2.75 0
      vertex -11.6651 2.75 1
    endloop
  endfacet
  facet normal 0.923907 -0.382618 1.29186e-17
    outer loop
      vertex -11.6651 2.75 0
      vertex -11.9148 2.14705 1
      vertex -11.9148 2.14705 0
    endloop
  endfacet
  facet normal -0.382656 0.923891 0
    outer loop
      vertex 10.75 -3.66506 0
      vertex 10.147 -3.91481 1
      vertex 10.75 -3.66506 1
    endloop
  endfacet
  facet normal -0.382656 0.923891 0
    outer loop
      vertex 10.147 -3.91481 1
      vertex 10.75 -3.66506 0
      vertex 10.147 -3.91481 0
    endloop
  endfacet
  facet normal -0.130543 -0.991443 0
    outer loop
      vertex 9.5 4 0
      vertex 10.147 3.91481 1
      vertex 9.5 4 1
    endloop
  endfacet
  facet normal -0.130543 -0.991443 -0
    outer loop
      vertex 10.147 3.91481 1
      vertex 9.5 4 0
      vertex 10.147 3.91481 0
    endloop
  endfacet
  facet normal 0 1 -0
    outer loop
      vertex 9.5 -4 0
      vertex -9.5 -4 1
      vertex 9.5 -4 1
    endloop
  endfacet
  facet normal 0 1 0
    outer loop
      vertex -9.5 -4 1
      vertex 9.5 -4 0
      vertex -9.5 -4 0
    endloop
  endfacet
  facet normal -0.608731 -0.793377 0
    outer loop
      vertex 10.75 3.66506 0
      vertex 11.2678 3.26777 1
      vertex 10.75 3.66506 1
    endloop
  endfacet
  facet normal -0.608731 -0.793377 -0
    outer loop
      vertex 11.2678 3.26777 1
      vertex 10.75 3.66506 0
      vertex 11.2678 3.26777 0
    endloop
  endfacet
  facet normal -0.793353 0.608762 -9.9552e-18
    outer loop
      vertex 11.2678 -3.26777 0
      vertex 11.6651 -2.75 1
      vertex 11.6651 -2.75 0
    endloop
  endfacet
  facet normal -0.793353 0.608762 -9.9552e-18
    outer loop
      vertex 11.6651 -2.75 1
      vertex 11.2678 -3.26777 0
      vertex 11.2678 -3.26777 1
    endloop
  endfacet
  facet normal 0.923907 0.382618 -1.29186e-17
    outer loop
      vertex -11.6651 -2.75 1
      vertex -11.9148 -2.14705 0
      vertex -11.9148 -2.14705 1
    endloop
  endfacet
  facet normal 0.923907 0.382618 -1.29186e-17
    outer loop
      vertex -11.9148 -2.14705 0
      vertex -11.6651 -2.75 1
      vertex -11.6651 -2.75 0
    endloop
  endfacet
  facet normal 0.382656 0.923891 -0
    outer loop
      vertex -10.147 -3.91481 0
      vertex -10.75 -3.66506 1
      vertex -10.147 -3.91481 1
    endloop
  endfacet
  facet normal 0.382656 0.923891 0
    outer loop
      vertex -10.75 -3.66506 1
      vertex -10.147 -3.91481 0
      vertex -10.75 -3.66506 0
    endloop
  endfacet
  facet normal 0.130543 0.991443 -0
    outer loop
      vertex -9.5 -4 0
      vertex -10.147 -3.91481 1
      vertex -9.5 -4 1
    endloop
  endfacet
  facet normal 0.130543 0.991443 0
    outer loop
      vertex -10.147 -3.91481 1
      vertex -9.5 -4 0
      vertex -10.147 -3.91481 0
    endloop
  endfacet
  facet normal -0.382656 -0.923891 0
    outer loop
      vertex 10.147 3.91481 0
      vertex 10.75 3.66506 1
      vertex 10.147 3.91481 1
    endloop
  endfacet
  facet normal -0.382656 -0.923891 -0
    outer loop
      vertex 10.75 3.66506 1
      vertex 10.147 3.91481 0
      vertex 10.75 3.66506 0
    endloop
  endfacet
  facet normal -0.923907 0.382618 1.29186e-17
    outer loop
      vertex 11.6651 -2.75 0
      vertex 11.9148 -2.14705 1
      vertex 11.9148 -2.14705 0
    endloop
  endfacet
  facet normal -0.923907 0.382618 1.29186e-17
    outer loop
      vertex 11.9148 -2.14705 1
      vertex 11.6651 -2.75 0
      vertex 11.6651 -2.75 1
    endloop
  endfacet
  facet normal 0.991442 -0.130548 1.66189e-18
    outer loop
      vertex -12 1.5 1
      vertex -11.9148 2.14705 0
      vertex -11.9148 2.14705 1
    endloop
  endfacet
  facet normal 0.991442 -0.130548 1.66189e-18
    outer loop
      vertex -11.9148 2.14705 0
      vertex -12 1.5 1
      vertex -12 1.5 0
    endloop
  endfacet
  facet normal -0.991452 0.130476 3.96081e-18
    outer loop
      vertex 12.6376 -2.3041 1
      vertex 12.75 -1.45 1.5
      vertex 12.75 -1.45 1
    endloop
  endfacet
  facet normal -0.991452 0.130476 3.96081e-18
    outer loop
      vertex 12.75 -1.45 1.5
      vertex 12.6376 -2.3041 1
      vertex 12.6376 -2.3041 1.5
    endloop
  endfacet
  facet normal -0.79337 -0.60874 -5.36892e-18
    outer loop
      vertex 12.3079 3.1 1
      vertex 11.7835 3.78345 1.5
      vertex 11.7835 3.78345 1
    endloop
  endfacet
  facet normal -0.79337 -0.60874 -5.36892e-18
    outer loop
      vertex 11.7835 3.78345 1.5
      vertex 12.3079 3.1 1
      vertex 12.3079 3.1 1.5
    endloop
  endfacet
  facet normal 1 -0 0
    outer loop
      vertex -12.75 -1.45 1.5
      vertex -12.75 1.45 1
      vertex -12.75 1.45 1.5
    endloop
  endfacet
  facet normal 1 0 0
    outer loop
      vertex -12.75 1.45 1
      vertex -12.75 -1.45 1.5
      vertex -12.75 -1.45 1
    endloop
  endfacet
  facet normal 0.382691 0.923876 -0
    outer loop
      vertex -10.3041 -4.63756 1
      vertex -11.1 -4.30788 1.5
      vertex -10.3041 -4.63756 1.5
    endloop
  endfacet
  facet normal 0.382691 0.923876 0
    outer loop
      vertex -11.1 -4.30788 1.5
      vertex -10.3041 -4.63756 1
      vertex -11.1 -4.30788 1
    endloop
  endfacet
  facet normal 0.991452 0.130476 -3.96081e-18
    outer loop
      vertex -12.6376 -2.3041 1.5
      vertex -12.75 -1.45 1
      vertex -12.75 -1.45 1.5
    endloop
  endfacet
  facet normal 0.991452 0.130476 -3.96081e-18
    outer loop
      vertex -12.75 -1.45 1
      vertex -12.6376 -2.3041 1.5
      vertex -12.6376 -2.3041 1
    endloop
  endfacet
  facet normal -0.79337 0.60874 5.36892e-18
    outer loop
      vertex 11.7835 -3.78345 1
      vertex 12.3079 -3.1 1.5
      vertex 12.3079 -3.1 1
    endloop
  endfacet
  facet normal -0.79337 0.60874 5.36892e-18
    outer loop
      vertex 12.3079 -3.1 1.5
      vertex 11.7835 -3.78345 1
      vertex 11.7835 -3.78345 1.5
    endloop
  endfacet
  facet normal -0.991452 -0.130476 -3.96081e-18
    outer loop
      vertex 12.75 1.45 1
      vertex 12.6376 2.3041 1.5
      vertex 12.6376 2.3041 1
    endloop
  endfacet
  facet normal -0.991452 -0.130476 -3.96081e-18
    outer loop
      vertex 12.6376 2.3041 1.5
      vertex 12.75 1.45 1
      vertex 12.75 1.45 1.5
    endloop
  endfacet
  facet normal 0.991452 -0.130476 3.96081e-18
    outer loop
      vertex -12.75 1.45 1.5
      vertex -12.6376 2.3041 1
      vertex -12.6376 2.3041 1.5
    endloop
  endfacet
  facet normal 0.991452 -0.130476 3.96081e-18
    outer loop
      vertex -12.6376 2.3041 1
      vertex -12.75 1.45 1.5
      vertex -12.75 1.45 1
    endloop
  endfacet
  facet normal -1 0 0
    outer loop
      vertex 12.75 -1.45 1
      vertex 12.75 1.45 1.5
      vertex 12.75 1.45 1
    endloop
  endfacet
  facet normal -1 -0 0
    outer loop
      vertex 12.75 1.45 1.5
      vertex 12.75 -1.45 1
      vertex 12.75 -1.45 1.5
    endloop
  endfacet
  facet normal 0.79337 0.60874 -5.36892e-18
    outer loop
      vertex -11.7835 -3.78345 1.5
      vertex -12.3079 -3.1 1
      vertex -12.3079 -3.1 1.5
    endloop
  endfacet
  facet normal 0.79337 0.60874 -5.36892e-18
    outer loop
      vertex -12.3079 -3.1 1
      vertex -11.7835 -3.78345 1.5
      vertex -11.7835 -3.78345 1
    endloop
  endfacet
  facet normal 0.608734 0.793375 -0
    outer loop
      vertex -11.1 -4.30788 1
      vertex -11.7835 -3.78345 1.5
      vertex -11.1 -4.30788 1.5
    endloop
  endfacet
  facet normal 0.608734 0.793375 0
    outer loop
      vertex -11.7835 -3.78345 1.5
      vertex -11.1 -4.30788 1
      vertex -11.7835 -3.78345 1
    endloop
  endfacet
  facet normal 0.79337 -0.60874 5.36892e-18
    outer loop
      vertex -12.3079 3.1 1.5
      vertex -11.7835 3.78345 1
      vertex -11.7835 3.78345 1.5
    endloop
  endfacet
  facet normal 0.79337 -0.60874 5.36892e-18
    outer loop
      vertex -11.7835 3.78345 1
      vertex -12.3079 3.1 1.5
      vertex -12.3079 3.1 1
    endloop
  endfacet
  facet normal 0.923868 -0.382711 -1.33104e-18
    outer loop
      vertex -12.6376 2.3041 1.5
      vertex -12.3079 3.1 1
      vertex -12.3079 3.1 1.5
    endloop
  endfacet
  facet normal 0.923868 -0.382711 -1.33104e-18
    outer loop
      vertex -12.3079 3.1 1
      vertex -12.6376 2.3041 1.5
      vertex -12.6376 2.3041 1
    endloop
  endfacet
  facet normal -0.130521 0.991446 0
    outer loop
      vertex 10.3041 -4.63756 1
      vertex 9.45 -4.75 1.5
      vertex 10.3041 -4.63756 1.5
    endloop
  endfacet
  facet normal -0.130521 0.991446 0
    outer loop
      vertex 9.45 -4.75 1.5
      vertex 10.3041 -4.63756 1
      vertex 9.45 -4.75 1
    endloop
  endfacet
  facet normal 0.382691 -0.923876 0
    outer loop
      vertex -11.1 4.30788 1
      vertex -10.3041 4.63756 1.5
      vertex -11.1 4.30788 1.5
    endloop
  endfacet
  facet normal 0.382691 -0.923876 0
    outer loop
      vertex -10.3041 4.63756 1.5
      vertex -11.1 4.30788 1
      vertex -10.3041 4.63756 1
    endloop
  endfacet
  facet normal -0.608734 0.793375 0
    outer loop
      vertex 11.7835 -3.78345 1
      vertex 11.1 -4.30788 1.5
      vertex 11.7835 -3.78345 1.5
    endloop
  endfacet
  facet normal -0.608734 0.793375 0
    outer loop
      vertex 11.1 -4.30788 1.5
      vertex 11.7835 -3.78345 1
      vertex 11.1 -4.30788 1
    endloop
  endfacet
  facet normal 0.923868 0.382711 1.33104e-18
    outer loop
      vertex -12.3079 -3.1 1.5
      vertex -12.6376 -2.3041 1
      vertex -12.6376 -2.3041 1.5
    endloop
  endfacet
  facet normal 0.923868 0.382711 1.33104e-18
    outer loop
      vertex -12.6376 -2.3041 1
      vertex -12.3079 -3.1 1.5
      vertex -12.3079 -3.1 1
    endloop
  endfacet
  facet normal 0.130521 0.991446 -0
    outer loop
      vertex -9.45 -4.75 1
      vertex -10.3041 -4.63756 1.5
      vertex -9.45 -4.75 1.5
    endloop
  endfacet
  facet normal 0.130521 0.991446 0
    outer loop
      vertex -10.3041 -4.63756 1.5
      vertex -9.45 -4.75 1
      vertex -10.3041 -4.63756 1
    endloop
  endfacet
  facet normal -0.923868 -0.382711 1.33104e-18
    outer loop
      vertex 12.6376 2.3041 1
      vertex 12.3079 3.1 1.5
      vertex 12.3079 3.1 1
    endloop
  endfacet
  facet normal -0.923868 -0.382711 1.33104e-18
    outer loop
      vertex 12.3079 3.1 1.5
      vertex 12.6376 2.3041 1
      vertex 12.6376 2.3041 1.5
    endloop
  endfacet
  facet normal 0.130521 -0.991446 0
    outer loop
      vertex -10.3041 4.63756 1
      vertex -9.45 4.75 1.5
      vertex -10.3041 4.63756 1.5
    endloop
  endfacet
  facet normal 0.130521 -0.991446 0
    outer loop
      vertex -9.45 4.75 1.5
      vertex -10.3041 4.63756 1
      vertex -9.45 4.75 1
    endloop
  endfacet
  facet normal 0 -1 0
    outer loop
      vertex -9.45 4.75 1
      vertex 9.45 4.75 1.5
      vertex -9.45 4.75 1.5
    endloop
  endfacet
  facet normal 0 -1 -0
    outer loop
      vertex 9.45 4.75 1.5
      vertex -9.45 4.75 1
      vertex 9.45 4.75 1
    endloop
  endfacet
  facet normal -0.382691 -0.923876 0
    outer loop
      vertex 10.3041 4.63756 1
      vertex 11.1 4.30788 1.5
      vertex 10.3041 4.63756 1.5
    endloop
  endfacet
  facet normal -0.382691 -0.923876 -0
    outer loop
      vertex 11.1 4.30788 1.5
      vertex 10.3041 4.63756 1
      vertex 11.1 4.30788 1
    endloop
  endfacet
  facet normal 0.608734 -0.793375 0
    outer loop
      vertex -11.7835 3.78345 1
      vertex -11.1 4.30788 1.5
      vertex -11.7835 3.78345 1.5
    endloop
  endfacet
  facet normal 0.608734 -0.793375 0
    outer loop
      vertex -11.1 4.30788 1.5
      vertex -11.7835 3.78345 1
      vertex -11.1 4.30788 1
    endloop
  endfacet
  facet normal 0 1 -0
    outer loop
      vertex 9.45 -4.75 1
      vertex -9.45 -4.75 1.5
      vertex 9.45 -4.75 1.5
    endloop
  endfacet
  facet normal 0 1 0
    outer loop
      vertex -9.45 -4.75 1.5
      vertex 9.45 -4.75 1
      vertex -9.45 -4.75 1
    endloop
  endfacet
  facet normal -0.130521 -0.991446 0
    outer loop
      vertex 9.45 4.75 1
      vertex 10.3041 4.63756 1.5
      vertex 9.45 4.75 1.5
    endloop
  endfacet
  facet normal -0.130521 -0.991446 -0
    outer loop
      vertex 10.3041 4.63756 1.5
      vertex 9.45 4.75 1
      vertex 10.3041 4.63756 1
    endloop
  endfacet
  facet normal -0.382691 0.923876 0
    outer loop
      vertex 11.1 -4.30788 1
      vertex 10.3041 -4.63756 1.5
      vertex 11.1 -4.30788 1.5
    endloop
  endfacet
  facet normal -0.382691 0.923876 0
    outer loop
      vertex 10.3041 -4.63756 1.5
      vertex 11.1 -4.30788 1
      vertex 10.3041 -4.63756 1
    endloop
  endfacet
  facet normal -0.923868 0.382711 -1.33104e-18
    outer loop
      vertex 12.3079 -3.1 1
      vertex 12.6376 -2.3041 1.5
      vertex 12.6376 -2.3041 1
    endloop
  endfacet
  facet normal -0.923868 0.382711 -1.33104e-18
    outer loop
      vertex 12.6376 -2.3041 1.5
      vertex 12.3079 -3.1 1
      vertex 12.3079 -3.1 1.5
    endloop
  endfacet
  facet normal -0 0 1
    outer loop
      vertex 12 1.5 1
      vertex 12.75 1.45 1
      vertex 12.6376 2.3041 1
    endloop
  endfacet
  facet normal 0 0 1
    outer loop
      vertex 12.75 1.45 1
      vertex 12 1.5 1
      vertex 12.75 -1.45 1
    endloop
  endfacet
  facet normal 0 0 1
    outer loop
      vertex 11.9148 2.14705 1
      vertex 12.6376 2.3041 1
      vertex 12.3079 3.1 1
    endloop
  endfacet
  facet normal 0 0 1
    outer loop
      vertex 12 -1.5 1
      vertex 12.75 -1.45 1
      vertex 12 1.5 1
    endloop
  endfacet
  facet normal 0 0 1
    outer loop
      vertex 12.75 -1.45 1
      vertex 12 -1.5 1
      vertex 12.6376 -2.3041 1
    endloop
  endfacet
  facet normal 0 0 1
    outer loop
      vertex 12.6376 2.3041 1
      vertex 11.9148 2.14705 1
      vertex 12 1.5 1
    endloop
  endfacet
  facet normal 0 0 1
    outer loop
      vertex 11.6651 2.75 1
      vertex 12.3079 3.1 1
      vertex 11.7835 3.78345 1
    endloop
  endfacet
  facet normal 0 0 1
    outer loop
      vertex 12.3079 3.1 1
      vertex 11.6651 2.75 1
      vertex 11.9148 2.14705 1
    endloop
  endfacet
  facet normal 0 0 1
    outer loop
      vertex 11.7835 3.78345 1
      vertex 11.2678 3.26777 1
      vertex 11.6651 2.75 1
    endloop
  endfacet
  facet normal 0 0 1
    outer loop
      vertex 10.75 3.66506 1
      vertex 11.7835 3.78345 1
      vertex 11.1 4.30788 1
    endloop
  endfacet
  facet normal 0 0 1
    outer loop
      vertex 11.7835 3.78345 1
      vertex 10.75 3.66506 1
      vertex 11.2678 3.26777 1
    endloop
  endfacet
  facet normal 0 0 1
    outer loop
      vertex 10.147 3.91481 1
      vertex 11.1 4.30788 1
      vertex 10.3041 4.63756 1
    endloop
  endfacet
  facet normal 0 0 1
    outer loop
      vertex 11.1 4.30788 1
      vertex 10.147 3.91481 1
      vertex 10.75 3.66506 1
    endloop
  endfacet
  facet normal 0 0 1
    outer loop
      vertex 10.3041 4.63756 1
      vertex 9.5 4 1
      vertex 10.147 3.91481 1
    endloop
  endfacet
  facet normal 0 0 1
    outer loop
      vertex 9.45 4.75 1
      vertex 9.5 4 1
      vertex 10.3041 4.63756 1
    endloop
  endfacet
  facet normal -0 0 1
    outer loop
      vertex -9.45 4.75 1
      vertex 9.5 4 1
      vertex 9.45 4.75 1
    endloop
  endfacet
  facet normal 0 0 1
    outer loop
      vertex -9.45 4.75 1
      vertex -9.5 4 1
      vertex 9.5 4 1
    endloop
  endfacet
  facet normal -0 0 1
    outer loop
      vertex -10.3041 4.63756 1
      vertex -9.5 4 1
      vertex -9.45 4.75 1
    endloop
  endfacet
  facet normal 0 0 1
    outer loop
      vertex -9.5 4 1
      vertex -10.3041 4.63756 1
      vertex -10.147 3.91481 1
    endloop
  endfacet
  facet normal -0 0 1
    outer loop
      vertex -11.1 4.30788 1
      vertex -10.147 3.91481 1
      vertex -10.3041 4.63756 1
    endloop
  endfacet
  facet normal 0 0 1
    outer loop
      vertex -10.147 3.91481 1
      vertex -11.1 4.30788 1
      vertex -10.75 3.66506 1
    endloop
  endfacet
  facet normal -0 0 1
    outer loop
      vertex -11.7835 3.78345 1
      vertex -10.75 3.66506 1
      vertex -11.1 4.30788 1
    endloop
  endfacet
  facet normal 0 0 1
    outer loop
      vertex -10.75 3.66506 1
      vertex -11.7835 3.78345 1
      vertex -11.2678 3.26777 1
    endloop
  endfacet
  facet normal 0 0 1
    outer loop
      vertex -11.2678 3.26777 1
      vertex -11.7835 3.78345 1
      vertex -11.6651 2.75 1
    endloop
  endfacet
  facet normal -0 0 1
    outer loop
      vertex -12.3079 3.1 1
      vertex -11.6651 2.75 1
      vertex -11.7835 3.78345 1
    endloop
  endfacet
  facet normal 0 0 1
    outer loop
      vertex -11.6651 2.75 1
      vertex -12.3079 3.1 1
      vertex -11.9148 2.14705 1
    endloop
  endfacet
  facet normal 0 0 1
    outer loop
      vertex -11.9148 2.14705 1
      vertex -12.6376 2.3041 1
      vertex -12 1.5 1
    endloop
  endfacet
  facet normal -0 0 1
    outer loop
      vertex -12.6376 2.3041 1
      vertex -11.9148 2.14705 1
      vertex -12.3079 3.1 1
    endloop
  endfacet
  facet normal -0 0 1
    outer loop
      vertex 11.9148 -2.14705 1
      vertex 12.6376 -2.3041 1
      vertex 12 -1.5 1
    endloop
  endfacet
  facet normal 0 0 1
    outer loop
      vertex 12.6376 -2.3041 1
      vertex 11.9148 -2.14705 1
      vertex 12.3079 -3.1 1
    endloop
  endfacet
  facet normal -0 0 1
    outer loop
      vertex 11.6651 -2.75 1
      vertex 12.3079 -3.1 1
      vertex 11.9148 -2.14705 1
    endloop
  endfacet
  facet normal 0 0 1
    outer loop
      vertex 12.3079 -3.1 1
      vertex 11.6651 -2.75 1
      vertex 11.7835 -3.78345 1
    endloop
  endfacet
  facet normal -0 0 1
    outer loop
      vertex 11.2678 -3.26777 1
      vertex 11.7835 -3.78345 1
      vertex 11.6651 -2.75 1
    endloop
  endfacet
  facet normal -0 0 1
    outer loop
      vertex 10.75 -3.66506 1
      vertex 11.7835 -3.78345 1
      vertex 11.2678 -3.26777 1
    endloop
  endfacet
  facet normal 0 0 1
    outer loop
      vertex 11.7835 -3.78345 1
      vertex 10.75 -3.66506 1
      vertex 11.1 -4.30788 1
    endloop
  endfacet
  facet normal -0 0 1
    outer loop
      vertex 10.147 -3.91481 1
      vertex 11.1 -4.30788 1
      vertex 10.75 -3.66506 1
    endloop
  endfacet
  facet normal 0 0 1
    outer loop
      vertex 11.1 -4.30788 1
      vertex 10.147 -3.91481 1
      vertex 10.3041 -4.63756 1
    endloop
  endfacet
  facet normal -0 0 1
    outer loop
      vertex 9.5 -4 1
      vertex 10.3041 -4.63756 1
      vertex 10.147 -3.91481 1
    endloop
  endfacet
  facet normal 0 0 1
    outer loop
      vertex 9.5 -4 1
      vertex 9.45 -4.75 1
      vertex 10.3041 -4.63756 1
    endloop
  endfacet
  facet normal 0 0 1
    outer loop
      vertex 9.5 -4 1
      vertex -9.45 -4.75 1
      vertex 9.45 -4.75 1
    endloop
  endfacet
  facet normal -0 0 1
    outer loop
      vertex -9.5 -4 1
      vertex -9.45 -4.75 1
      vertex 9.5 -4 1
    endloop
  endfacet
  facet normal 0 0 1
    outer loop
      vertex -10.3041 -4.63756 1
      vertex -9.5 -4 1
      vertex -10.147 -3.91481 1
    endloop
  endfacet
  facet normal 0 0 1
    outer loop
      vertex -9.5 -4 1
      vertex -10.3041 -4.63756 1
      vertex -9.45 -4.75 1
    endloop
  endfacet
  facet normal 0 0 1
    outer loop
      vertex -11.1 -4.30788 1
      vertex -10.147 -3.91481 1
      vertex -10.75 -3.66506 1
    endloop
  endfacet
  facet normal 0 0 1
    outer loop
      vertex -10.147 -3.91481 1
      vertex -11.1 -4.30788 1
      vertex -10.3041 -4.63756 1
    endloop
  endfacet
  facet normal 0 0 1
    outer loop
      vertex -11.7835 -3.78345 1
      vertex -10.75 -3.66506 1
      vertex -11.2678 -3.26777 1
    endloop
  endfacet
  facet normal 0 0 1
    outer loop
      vertex -11.7835 -3.78345 1
      vertex -11.2678 -3.26777 1
      vertex -11.6651 -2.75 1
    endloop
  endfacet
  facet normal 0 0 1
    outer loop
      vertex -10.75 -3.66506 1
      vertex -11.7835 -3.78345 1
      vertex -11.1 -4.30788 1
    endloop
  endfacet
  facet normal 0 0 1
    outer loop
      vertex -12.3079 -3.1 1
      vertex -11.6651 -2.75 1
      vertex -11.9148 -2.14705 1
    endloop
  endfacet
  facet normal 0 0 1
    outer loop
      vertex -12.6376 -2.3041 1
      vertex -11.9148 -2.14705 1
      vertex -12 -1.5 1
    endloop
  endfacet
  facet normal 0 0 1
    outer loop
      vertex -11.6651 -2.75 1
      vertex -12.3079 -3.1 1
      vertex -11.7835 -3.78345 1
    endloop
  endfacet
  facet normal 0 0 1
    outer loop
      vertex -12 1.5 1
      vertex -12.75 1.45 1
      vertex -12 -1.5 1
    endloop
  endfacet
  facet normal 0 0 1
    outer loop
      vertex -12 1.5 1
      vertex -12.6376 2.3041 1
      vertex -12.75 1.45 1
    endloop
  endfacet
  facet normal -0 0 1
    outer loop
      vertex -12.75 -1.45 1
      vertex -12 -1.5 1
      vertex -12.75 1.45 1
    endloop
  endfacet
  facet normal 0 -0 1
    outer loop
      vertex -12.6376 -2.3041 1
      vertex -12 -1.5 1
      vertex -12.75 -1.45 1
    endloop
  endfacet
  facet normal 0 0 1
    outer loop
      vertex -11.9148 -2.14705 1
      vertex -12.6376 -2.3041 1
      vertex -12.3079 -3.1 1
    endloop
  endfacet
  facet normal -0.608734 -0.793375 0
    outer loop
      vertex 11.1 4.30788 1
      vertex 11.7835 3.78345 1.5
      vertex 11.1 4.30788 1.5
    endloop
  endfacet
  facet normal -0.608734 -0.793375 -0
    outer loop
      vertex 11.7835 3.78345 1.5
      vertex 11.1 4.30788 1
      vertex 11.7835 3.78345 1
    endloop
  endfacet
endsolid OpenSCAD_Model
