solid OpenSCAD_Model
  facet normal -0.83141 -0.55566 -4.94787e-18
    outer loop
      vertex -18.7147 -7.17472 0
      vertex -18.899 -6.89896 1.5
      vertex -18.899 -6.89896 0
    endloop
  endfacet
  facet normal -0.83141 -0.55566 -4.94787e-18
    outer loop
      vertex -18.899 -6.89896 1.5
      vertex -18.7147 -7.17472 0
      vertex -18.7147 -7.17472 1.5
    endloop
  endfacet
  facet normal -0.980787 -0.195084 2.54653e-19
    outer loop
      vertex -18.65 -7.5 0
      vertex -18.7147 -7.17472 1.5
      vertex -18.7147 -7.17472 0
    endloop
  endfacet
  facet normal -0.980787 -0.195084 2.54653e-19
    outer loop
      vertex -18.7147 -7.17472 1.5
      vertex -18.65 -7.5 0
      vertex -18.65 -7.5 1.5
    endloop
  endfacet
  facet normal -0.55566 -0.831409 0
    outer loop
      vertex -19.1747 -6.7147 0
      vertex -18.899 -6.89896 1.5
      vertex -19.1747 -6.7147 1.5
    endloop
  endfacet
  facet normal -0.55566 -0.831409 -0
    outer loop
      vertex -18.899 -6.89896 1.5
      vertex -19.1747 -6.7147 0
      vertex -18.899 -6.89896 0
    endloop
  endfacet
  facet normal -0.195072 -0.980789 0
    outer loop
      vertex -19.5 -6.65 0
      vertex -19.1747 -6.7147 1.5
      vertex -19.5 -6.65 1.5
    endloop
  endfacet
  facet normal -0.195072 -0.980789 -0
    outer loop
      vertex -19.1747 -6.7147 1.5
      vertex -19.5 -6.65 0
      vertex -19.1747 -6.7147 0
    endloop
  endfacet
  facet normal 0.83141 0.55566 3.28648e-18
    outer loop
      vertex -20.101 -8.10104 1.5
      vertex -20.2853 -7.82528 0
      vertex -20.2853 -7.82528 1.5
    endloop
  endfacet
  facet normal 0.83141 0.55566 3.28648e-18
    outer loop
      vertex -20.2853 -7.82528 0
      vertex -20.101 -8.10104 1.5
      vertex -20.101 -8.10104 0
    endloop
  endfacet
  facet normal 0.980787 -0.195084 -2.54653e-19
    outer loop
      vertex -20.35 -7.5 1.5
      vertex -20.2853 -7.17472 0
      vertex -20.2853 -7.17472 1.5
    endloop
  endfacet
  facet normal 0.980787 -0.195084 -2.54653e-19
    outer loop
      vertex -20.2853 -7.17472 0
      vertex -20.35 -7.5 1.5
      vertex -20.35 -7.5 0
    endloop
  endfacet
  facet normal -0.980787 0.195084 -2.54653e-19
    outer loop
      vertex -18.7147 -7.82528 0
      vertex -18.65 -7.5 1.5
      vertex -18.65 -7.5 0
    endloop
  endfacet
  facet normal -0.980787 0.195084 -2.54653e-19
    outer loop
      vertex -18.65 -7.5 1.5
      vertex -18.7147 -7.82528 0
      vertex -18.7147 -7.82528 1.5
    endloop
  endfacet
  facet normal 0.55566 -0.831409 0
    outer loop
      vertex -20.101 -6.89896 0
      vertex -19.8253 -6.7147 1.5
      vertex -20.101 -6.89896 1.5
    endloop
  endfacet
  facet normal 0.55566 -0.831409 0
    outer loop
      vertex -19.8253 -6.7147 1.5
      vertex -20.101 -6.89896 0
      vertex -19.8253 -6.7147 0
    endloop
  endfacet
  facet normal -0.55566 0.831409 0
    outer loop
      vertex -18.899 -8.10104 0
      vertex -19.1747 -8.2853 1.5
      vertex -18.899 -8.10104 1.5
    endloop
  endfacet
  facet normal -0.55566 0.831409 0
    outer loop
      vertex -19.1747 -8.2853 1.5
      vertex -18.899 -8.10104 0
      vertex -19.1747 -8.2853 0
    endloop
  endfacet
  facet normal -0.195072 0.980789 0
    outer loop
      vertex -19.1747 -8.2853 0
      vertex -19.5 -8.35 1.5
      vertex -19.1747 -8.2853 1.5
    endloop
  endfacet
  facet normal -0.195072 0.980789 0
    outer loop
      vertex -19.5 -8.35 1.5
      vertex -19.1747 -8.2853 0
      vertex -19.5 -8.35 0
    endloop
  endfacet
  facet normal 0.83141 -0.55566 4.94787e-18
    outer loop
      vertex -20.2853 -7.17472 1.5
      vertex -20.101 -6.89896 0
      vertex -20.101 -6.89896 1.5
    endloop
  endfacet
  facet normal 0.83141 -0.55566 4.94787e-18
    outer loop
      vertex -20.101 -6.89896 0
      vertex -20.2853 -7.17472 1.5
      vertex -20.2853 -7.17472 0
    endloop
  endfacet
  facet normal 0.195072 -0.980789 0
    outer loop
      vertex -19.8253 -6.7147 0
      vertex -19.5 -6.65 1.5
      vertex -19.8253 -6.7147 1.5
    endloop
  endfacet
  facet normal 0.195072 -0.980789 0
    outer loop
      vertex -19.5 -6.65 1.5
      vertex -19.8253 -6.7147 0
      vertex -19.5 -6.65 0
    endloop
  endfacet
  facet normal 0.195072 0.980789 -0
    outer loop
      vertex -19.5 -8.35 0
      vertex -19.8253 -8.2853 1.5
      vertex -19.5 -8.35 1.5
    endloop
  endfacet
  facet normal 0.195072 0.980789 0
    outer loop
      vertex -19.8253 -8.2853 1.5
      vertex -19.5 -8.35 0
      vertex -19.8253 -8.2853 0
    endloop
  endfacet
  facet normal -0.83141 0.55566 -3.28648e-18
    outer loop
      vertex -18.899 -8.10104 0
      vertex -18.7147 -7.82528 1.5
      vertex -18.7147 -7.82528 0
    endloop
  endfacet
  facet normal -0.83141 0.55566 -3.28648e-18
    outer loop
      vertex -18.7147 -7.82528 1.5
      vertex -18.899 -8.10104 0
      vertex -18.899 -8.10104 1.5
    endloop
  endfacet
  facet normal 0.55566 0.831409 -0
    outer loop
      vertex -19.8253 -8.2853 0
      vertex -20.101 -8.10104 1.5
      vertex -19.8253 -8.2853 1.5
    endloop
  endfacet
  facet normal 0.55566 0.831409 0
    outer loop
      vertex -20.101 -8.10104 1.5
      vertex -19.8253 -8.2853 0
      vertex -20.101 -8.10104 0
    endloop
  endfacet
  facet normal 0.980787 0.195084 2.54653e-19
    outer loop
      vertex -20.2853 -7.82528 1.5
      vertex -20.35 -7.5 0
      vertex -20.35 -7.5 1.5
    endloop
  endfacet
  facet normal 0.980787 0.195084 2.54653e-19
    outer loop
      vertex -20.35 -7.5 0
      vertex -20.2853 -7.82528 1.5
      vertex -20.2853 -7.82528 0
    endloop
  endfacet
  facet normal -0.83141 -0.55566 3.28648e-18
    outer loop
      vertex -18.7147 7.82528 0
      vertex -18.899 8.10104 1.5
      vertex -18.899 8.10104 0
    endloop
  endfacet
  facet normal -0.83141 -0.55566 3.28648e-18
    outer loop
      vertex -18.899 8.10104 1.5
      vertex -18.7147 7.82528 0
      vertex -18.7147 7.82528 1.5
    endloop
  endfacet
  facet normal -0.980787 -0.195084 2.54653e-19
    outer loop
      vertex -18.65 7.5 0
      vertex -18.7147 7.82528 1.5
      vertex -18.7147 7.82528 0
    endloop
  endfacet
  facet normal -0.980787 -0.195084 2.54653e-19
    outer loop
      vertex -18.7147 7.82528 1.5
      vertex -18.65 7.5 0
      vertex -18.65 7.5 1.5
    endloop
  endfacet
  facet normal -0.55566 -0.831409 0
    outer loop
      vertex -19.1747 8.2853 0
      vertex -18.899 8.10104 1.5
      vertex -19.1747 8.2853 1.5
    endloop
  endfacet
  facet normal -0.55566 -0.831409 -0
    outer loop
      vertex -18.899 8.10104 1.5
      vertex -19.1747 8.2853 0
      vertex -18.899 8.10104 0
    endloop
  endfacet
  facet normal 0.980787 0.195084 2.54653e-19
    outer loop
      vertex -20.2853 7.17472 1.5
      vertex -20.35 7.5 0
      vertex -20.35 7.5 1.5
    endloop
  endfacet
  facet normal 0.980787 0.195084 2.54653e-19
    outer loop
      vertex -20.35 7.5 0
      vertex -20.2853 7.17472 1.5
      vertex -20.2853 7.17472 0
    endloop
  endfacet
  facet normal 0.195072 -0.980789 0
    outer loop
      vertex -19.8253 8.2853 0
      vertex -19.5 8.35 1.5
      vertex -19.8253 8.2853 1.5
    endloop
  endfacet
  facet normal 0.195072 -0.980789 0
    outer loop
      vertex -19.5 8.35 1.5
      vertex -19.8253 8.2853 0
      vertex -19.5 8.35 0
    endloop
  endfacet
  facet normal 0.83141 -0.55566 -3.28648e-18
    outer loop
      vertex -20.2853 7.82528 1.5
      vertex -20.101 8.10104 0
      vertex -20.101 8.10104 1.5
    endloop
  endfacet
  facet normal 0.83141 -0.55566 -3.28648e-18
    outer loop
      vertex -20.101 8.10104 0
      vertex -20.2853 7.82528 1.5
      vertex -20.2853 7.82528 0
    endloop
  endfacet
  facet normal -0.195072 0.980789 0
    outer loop
      vertex -19.1747 6.7147 0
      vertex -19.5 6.65 1.5
      vertex -19.1747 6.7147 1.5
    endloop
  endfacet
  facet normal -0.195072 0.980789 0
    outer loop
      vertex -19.5 6.65 1.5
      vertex -19.1747 6.7147 0
      vertex -19.5 6.65 0
    endloop
  endfacet
  facet normal 0.195072 0.980789 -0
    outer loop
      vertex -19.5 6.65 0
      vertex -19.8253 6.7147 1.5
      vertex -19.5 6.65 1.5
    endloop
  endfacet
  facet normal 0.195072 0.980789 0
    outer loop
      vertex -19.8253 6.7147 1.5
      vertex -19.5 6.65 0
      vertex -19.8253 6.7147 0
    endloop
  endfacet
  facet normal -0.980787 0.195084 -2.54653e-19
    outer loop
      vertex -18.7147 7.17472 0
      vertex -18.65 7.5 1.5
      vertex -18.65 7.5 0
    endloop
  endfacet
  facet normal -0.980787 0.195084 -2.54653e-19
    outer loop
      vertex -18.65 7.5 1.5
      vertex -18.7147 7.17472 0
      vertex -18.7147 7.17472 1.5
    endloop
  endfacet
  facet normal -0.195072 -0.980789 0
    outer loop
      vertex -19.5 8.35 0
      vertex -19.1747 8.2853 1.5
      vertex -19.5 8.35 1.5
    endloop
  endfacet
  facet normal -0.195072 -0.980789 -0
    outer loop
      vertex -19.1747 8.2853 1.5
      vertex -19.5 8.35 0
      vertex -19.1747 8.2853 0
    endloop
  endfacet
  facet normal -0.55566 0.831409 0
    outer loop
      vertex -18.899 6.89896 0
      vertex -19.1747 6.7147 1.5
      vertex -18.899 6.89896 1.5
    endloop
  endfacet
  facet normal -0.55566 0.831409 0
    outer loop
      vertex -19.1747 6.7147 1.5
      vertex -18.899 6.89896 0
      vertex -19.1747 6.7147 0
    endloop
  endfacet
  facet normal -0.83141 0.55566 4.94787e-18
    outer loop
      vertex -18.899 6.89896 0
      vertex -18.7147 7.17472 1.5
      vertex -18.7147 7.17472 0
    endloop
  endfacet
  facet normal -0.83141 0.55566 4.94787e-18
    outer loop
      vertex -18.7147 7.17472 1.5
      vertex -18.899 6.89896 0
      vertex -18.899 6.89896 1.5
    endloop
  endfacet
  facet normal 0.83141 0.55566 -4.94787e-18
    outer loop
      vertex -20.101 6.89896 1.5
      vertex -20.2853 7.17472 0
      vertex -20.2853 7.17472 1.5
    endloop
  endfacet
  facet normal 0.83141 0.55566 -4.94787e-18
    outer loop
      vertex -20.2853 7.17472 0
      vertex -20.101 6.89896 1.5
      vertex -20.101 6.89896 0
    endloop
  endfacet
  facet normal 0.980787 -0.195084 -2.54653e-19
    outer loop
      vertex -20.35 7.5 1.5
      vertex -20.2853 7.82528 0
      vertex -20.2853 7.82528 1.5
    endloop
  endfacet
  facet normal 0.980787 -0.195084 -2.54653e-19
    outer loop
      vertex -20.2853 7.82528 0
      vertex -20.35 7.5 1.5
      vertex -20.35 7.5 0
    endloop
  endfacet
  facet normal 0.55566 -0.831409 0
    outer loop
      vertex -20.101 8.10104 0
      vertex -19.8253 8.2853 1.5
      vertex -20.101 8.10104 1.5
    endloop
  endfacet
  facet normal 0.55566 -0.831409 0
    outer loop
      vertex -19.8253 8.2853 1.5
      vertex -20.101 8.10104 0
      vertex -19.8253 8.2853 0
    endloop
  endfacet
  facet normal 0.55566 0.831409 -0
    outer loop
      vertex -19.8253 6.7147 0
      vertex -20.101 6.89896 1.5
      vertex -19.8253 6.7147 1.5
    endloop
  endfacet
  facet normal 0.55566 0.831409 0
    outer loop
      vertex -20.101 6.89896 1.5
      vertex -19.8253 6.7147 0
      vertex -20.101 6.89896 0
    endloop
  endfacet
  facet normal 0.195072 0.980789 -0
    outer loop
      vertex 19.5 -8.35 0
      vertex 19.1747 -8.2853 1.5
      vertex 19.5 -8.35 1.5
    endloop
  endfacet
  facet normal 0.195072 0.980789 0
    outer loop
      vertex 19.1747 -8.2853 1.5
      vertex 19.5 -8.35 0
      vertex 19.1747 -8.2853 0
    endloop
  endfacet
  facet normal -0.83141 -0.55566 -4.94787e-18
    outer loop
      vertex 20.2853 -7.17472 0
      vertex 20.101 -6.89896 1.5
      vertex 20.101 -6.89896 0
    endloop
  endfacet
  facet normal -0.83141 -0.55566 -4.94787e-18
    outer loop
      vertex 20.101 -6.89896 1.5
      vertex 20.2853 -7.17472 0
      vertex 20.2853 -7.17472 1.5
    endloop
  endfacet
  facet normal -0.980787 -0.195084 2.54653e-19
    outer loop
      vertex 20.35 -7.5 0
      vertex 20.2853 -7.17472 1.5
      vertex 20.2853 -7.17472 0
    endloop
  endfacet
  facet normal -0.980787 -0.195084 2.54653e-19
    outer loop
      vertex 20.2853 -7.17472 1.5
      vertex 20.35 -7.5 0
      vertex 20.35 -7.5 1.5
    endloop
  endfacet
  facet normal -0.55566 -0.831409 0
    outer loop
      vertex 19.8253 -6.7147 0
      vertex 20.101 -6.89896 1.5
      vertex 19.8253 -6.7147 1.5
    endloop
  endfacet
  facet normal -0.55566 -0.831409 -0
    outer loop
      vertex 20.101 -6.89896 1.5
      vertex 19.8253 -6.7147 0
      vertex 20.101 -6.89896 0
    endloop
  endfacet
  facet normal -0.83141 0.55566 -3.28648e-18
    outer loop
      vertex 20.101 -8.10104 0
      vertex 20.2853 -7.82528 1.5
      vertex 20.2853 -7.82528 0
    endloop
  endfacet
  facet normal -0.83141 0.55566 -3.28648e-18
    outer loop
      vertex 20.2853 -7.82528 1.5
      vertex 20.101 -8.10104 0
      vertex 20.101 -8.10104 1.5
    endloop
  endfacet
  facet normal -0.55566 0.831409 0
    outer loop
      vertex 20.101 -8.10104 0
      vertex 19.8253 -8.2853 1.5
      vertex 20.101 -8.10104 1.5
    endloop
  endfacet
  facet normal -0.55566 0.831409 0
    outer loop
      vertex 19.8253 -8.2853 1.5
      vertex 20.101 -8.10104 0
      vertex 19.8253 -8.2853 0
    endloop
  endfacet
  facet normal 0.980787 -0.195084 -2.54653e-19
    outer loop
      vertex 18.65 -7.5 1.5
      vertex 18.7147 -7.17472 0
      vertex 18.7147 -7.17472 1.5
    endloop
  endfacet
  facet normal 0.980787 -0.195084 -2.54653e-19
    outer loop
      vertex 18.7147 -7.17472 0
      vertex 18.65 -7.5 1.5
      vertex 18.65 -7.5 0
    endloop
  endfacet
  facet normal -0.195072 0.980789 0
    outer loop
      vertex 19.8253 -8.2853 0
      vertex 19.5 -8.35 1.5
      vertex 19.8253 -8.2853 1.5
    endloop
  endfacet
  facet normal -0.195072 0.980789 0
    outer loop
      vertex 19.5 -8.35 1.5
      vertex 19.8253 -8.2853 0
      vertex 19.5 -8.35 0
    endloop
  endfacet
  facet normal 0.55566 -0.831409 0
    outer loop
      vertex 18.899 -6.89896 0
      vertex 19.1747 -6.7147 1.5
      vertex 18.899 -6.89896 1.5
    endloop
  endfacet
  facet normal 0.55566 -0.831409 0
    outer loop
      vertex 19.1747 -6.7147 1.5
      vertex 18.899 -6.89896 0
      vertex 19.1747 -6.7147 0
    endloop
  endfacet
  facet normal -0.980787 0.195084 -2.54653e-19
    outer loop
      vertex 20.2853 -7.82528 0
      vertex 20.35 -7.5 1.5
      vertex 20.35 -7.5 0
    endloop
  endfacet
  facet normal -0.980787 0.195084 -2.54653e-19
    outer loop
      vertex 20.35 -7.5 1.5
      vertex 20.2853 -7.82528 0
      vertex 20.2853 -7.82528 1.5
    endloop
  endfacet
  facet normal 0.980787 0.195084 2.54653e-19
    outer loop
      vertex 18.7147 -7.82528 1.5
      vertex 18.65 -7.5 0
      vertex 18.65 -7.5 1.5
    endloop
  endfacet
  facet normal 0.980787 0.195084 2.54653e-19
    outer loop
      vertex 18.65 -7.5 0
      vertex 18.7147 -7.82528 1.5
      vertex 18.7147 -7.82528 0
    endloop
  endfacet
  facet normal 0.195072 -0.980789 0
    outer loop
      vertex 19.1747 -6.7147 0
      vertex 19.5 -6.65 1.5
      vertex 19.1747 -6.7147 1.5
    endloop
  endfacet
  facet normal 0.195072 -0.980789 0
    outer loop
      vertex 19.5 -6.65 1.5
      vertex 19.1747 -6.7147 0
      vertex 19.5 -6.65 0
    endloop
  endfacet
  facet normal -0.195072 -0.980789 0
    outer loop
      vertex 19.5 -6.65 0
      vertex 19.8253 -6.7147 1.5
      vertex 19.5 -6.65 1.5
    endloop
  endfacet
  facet normal -0.195072 -0.980789 -0
    outer loop
      vertex 19.8253 -6.7147 1.5
      vertex 19.5 -6.65 0
      vertex 19.8253 -6.7147 0
    endloop
  endfacet
  facet normal 0.83141 -0.55566 4.94787e-18
    outer loop
      vertex 18.7147 -7.17472 1.5
      vertex 18.899 -6.89896 0
      vertex 18.899 -6.89896 1.5
    endloop
  endfacet
  facet normal 0.83141 -0.55566 4.94787e-18
    outer loop
      vertex 18.899 -6.89896 0
      vertex 18.7147 -7.17472 1.5
      vertex 18.7147 -7.17472 0
    endloop
  endfacet
  facet normal 0.55566 0.831409 -0
    outer loop
      vertex 19.1747 -8.2853 0
      vertex 18.899 -8.10104 1.5
      vertex 19.1747 -8.2853 1.5
    endloop
  endfacet
  facet normal 0.55566 0.831409 0
    outer loop
      vertex 18.899 -8.10104 1.5
      vertex 19.1747 -8.2853 0
      vertex 18.899 -8.10104 0
    endloop
  endfacet
  facet normal 0.83141 0.55566 3.28648e-18
    outer loop
      vertex 18.899 -8.10104 1.5
      vertex 18.7147 -7.82528 0
      vertex 18.7147 -7.82528 1.5
    endloop
  endfacet
  facet normal 0.83141 0.55566 3.28648e-18
    outer loop
      vertex 18.7147 -7.82528 0
      vertex 18.899 -8.10104 1.5
      vertex 18.899 -8.10104 0
    endloop
  endfacet
  facet normal -0.83141 -0.55566 3.28648e-18
    outer loop
      vertex 20.2853 7.82528 0
      vertex 20.101 8.10104 1.5
      vertex 20.101 8.10104 0
    endloop
  endfacet
  facet normal -0.83141 -0.55566 3.28648e-18
    outer loop
      vertex 20.101 8.10104 1.5
      vertex 20.2853 7.82528 0
      vertex 20.2853 7.82528 1.5
    endloop
  endfacet
  facet normal -0.980787 -0.195084 2.54653e-19
    outer loop
      vertex 20.35 7.5 0
      vertex 20.2853 7.82528 1.5
      vertex 20.2853 7.82528 0
    endloop
  endfacet
  facet normal -0.980787 -0.195084 2.54653e-19
    outer loop
      vertex 20.2853 7.82528 1.5
      vertex 20.35 7.5 0
      vertex 20.35 7.5 1.5
    endloop
  endfacet
  facet normal -0.55566 -0.831409 0
    outer loop
      vertex 19.8253 8.2853 0
      vertex 20.101 8.10104 1.5
      vertex 19.8253 8.2853 1.5
    endloop
  endfacet
  facet normal -0.55566 -0.831409 -0
    outer loop
      vertex 20.101 8.10104 1.5
      vertex 19.8253 8.2853 0
      vertex 20.101 8.10104 0
    endloop
  endfacet
  facet normal 0.980787 0.195084 2.54653e-19
    outer loop
      vertex 18.7147 7.17472 1.5
      vertex 18.65 7.5 0
      vertex 18.65 7.5 1.5
    endloop
  endfacet
  facet normal 0.980787 0.195084 2.54653e-19
    outer loop
      vertex 18.65 7.5 0
      vertex 18.7147 7.17472 1.5
      vertex 18.7147 7.17472 0
    endloop
  endfacet
  facet normal 0.195072 -0.980789 0
    outer loop
      vertex 19.1747 8.2853 0
      vertex 19.5 8.35 1.5
      vertex 19.1747 8.2853 1.5
    endloop
  endfacet
  facet normal 0.195072 -0.980789 0
    outer loop
      vertex 19.5 8.35 1.5
      vertex 19.1747 8.2853 0
      vertex 19.5 8.35 0
    endloop
  endfacet
  facet normal 0.83141 -0.55566 -3.28648e-18
    outer loop
      vertex 18.7147 7.82528 1.5
      vertex 18.899 8.10104 0
      vertex 18.899 8.10104 1.5
    endloop
  endfacet
  facet normal 0.83141 -0.55566 -3.28648e-18
    outer loop
      vertex 18.899 8.10104 0
      vertex 18.7147 7.82528 1.5
      vertex 18.7147 7.82528 0
    endloop
  endfacet
  facet normal -0.195072 0.980789 0
    outer loop
      vertex 19.8253 6.7147 0
      vertex 19.5 6.65 1.5
      vertex 19.8253 6.7147 1.5
    endloop
  endfacet
  facet normal -0.195072 0.980789 0
    outer loop
      vertex 19.5 6.65 1.5
      vertex 19.8253 6.7147 0
      vertex 19.5 6.65 0
    endloop
  endfacet
  facet normal 0.195072 0.980789 -0
    outer loop
      vertex 19.5 6.65 0
      vertex 19.1747 6.7147 1.5
      vertex 19.5 6.65 1.5
    endloop
  endfacet
  facet normal 0.195072 0.980789 0
    outer loop
      vertex 19.1747 6.7147 1.5
      vertex 19.5 6.65 0
      vertex 19.1747 6.7147 0
    endloop
  endfacet
  facet normal -0.980787 0.195084 -2.54653e-19
    outer loop
      vertex 20.2853 7.17472 0
      vertex 20.35 7.5 1.5
      vertex 20.35 7.5 0
    endloop
  endfacet
  facet normal -0.980787 0.195084 -2.54653e-19
    outer loop
      vertex 20.35 7.5 1.5
      vertex 20.2853 7.17472 0
      vertex 20.2853 7.17472 1.5
    endloop
  endfacet
  facet normal -0.195072 -0.980789 0
    outer loop
      vertex 19.5 8.35 0
      vertex 19.8253 8.2853 1.5
      vertex 19.5 8.35 1.5
    endloop
  endfacet
  facet normal -0.195072 -0.980789 -0
    outer loop
      vertex 19.8253 8.2853 1.5
      vertex 19.5 8.35 0
      vertex 19.8253 8.2853 0
    endloop
  endfacet
  facet normal -0.55566 0.831409 0
    outer loop
      vertex 20.101 6.89896 0
      vertex 19.8253 6.7147 1.5
      vertex 20.101 6.89896 1.5
    endloop
  endfacet
  facet normal -0.55566 0.831409 0
    outer loop
      vertex 19.8253 6.7147 1.5
      vertex 20.101 6.89896 0
      vertex 19.8253 6.7147 0
    endloop
  endfacet
  facet normal -0.83141 0.55566 4.94787e-18
    outer loop
      vertex 20.101 6.89896 0
      vertex 20.2853 7.17472 1.5
      vertex 20.2853 7.17472 0
    endloop
  endfacet
  facet normal -0.83141 0.55566 4.94787e-18
    outer loop
      vertex 20.2853 7.17472 1.5
      vertex 20.101 6.89896 0
      vertex 20.101 6.89896 1.5
    endloop
  endfacet
  facet normal 0.83141 0.55566 -4.94787e-18
    outer loop
      vertex 18.899 6.89896 1.5
      vertex 18.7147 7.17472 0
      vertex 18.7147 7.17472 1.5
    endloop
  endfacet
  facet normal 0.83141 0.55566 -4.94787e-18
    outer loop
      vertex 18.7147 7.17472 0
      vertex 18.899 6.89896 1.5
      vertex 18.899 6.89896 0
    endloop
  endfacet
  facet normal 0.980787 -0.195084 -2.54653e-19
    outer loop
      vertex 18.65 7.5 1.5
      vertex 18.7147 7.82528 0
      vertex 18.7147 7.82528 1.5
    endloop
  endfacet
  facet normal 0.980787 -0.195084 -2.54653e-19
    outer loop
      vertex 18.7147 7.82528 0
      vertex 18.65 7.5 1.5
      vertex 18.65 7.5 0
    endloop
  endfacet
  facet normal 0.55566 -0.831409 0
    outer loop
      vertex 18.899 8.10104 0
      vertex 19.1747 8.2853 1.5
      vertex 18.899 8.10104 1.5
    endloop
  endfacet
  facet normal 0.55566 -0.831409 0
    outer loop
      vertex 19.1747 8.2853 1.5
      vertex 18.899 8.10104 0
      vertex 19.1747 8.2853 0
    endloop
  endfacet
  facet normal 0.55566 0.831409 -0
    outer loop
      vertex 19.1747 6.7147 0
      vertex 18.899 6.89896 1.5
      vertex 19.1747 6.7147 1.5
    endloop
  endfacet
  facet normal 0.55566 0.831409 0
    outer loop
      vertex 18.899 6.89896 1.5
      vertex 19.1747 6.7147 0
      vertex 18.899 6.89896 0
    endloop
  endfacet
  facet normal 0.471329 -0.881957 0
    outer loop
      vertex 22.148 -11.7716 0
      vertex 22.6667 -11.4944 9
      vertex 22.148 -11.7716 9
    endloop
  endfacet
  facet normal 0.471329 -0.881957 0
    outer loop
      vertex 22.6667 -11.4944 9
      vertex 22.148 -11.7716 0
      vertex 22.6667 -11.4944 0
    endloop
  endfacet
  facet normal -0.290451 0.95689 0
    outer loop
      vertex -21.5853 11.9424 0
      vertex -22.148 11.7716 9
      vertex -21.5853 11.9424 9
    endloop
  endfacet
  facet normal -0.290451 0.95689 0
    outer loop
      vertex -22.148 11.7716 9
      vertex -21.5853 11.9424 0
      vertex -22.148 11.7716 0
    endloop
  endfacet
  facet normal 1 -0 0
    outer loop
      vertex 24 -9 9
      vertex 24 9 0
      vertex 24 9 9
    endloop
  endfacet
  facet normal 1 0 0
    outer loop
      vertex 24 9 0
      vertex 24 -9 9
      vertex 24 -9 0
    endloop
  endfacet
  facet normal 0 -1 0
    outer loop
      vertex -21 -12 9
      vertex 0 -12 0.288397
      vertex 21 -12 9
    endloop
  endfacet
  facet normal 0 -1 0
    outer loop
      vertex -21 -12 9
      vertex -0.587264 -12 0.279646
      vertex 0 -12 0.288397
    endloop
  endfacet
  facet normal 0 -1 0
    outer loop
      vertex -21 -12 9
      vertex -1.42812 -12 0.267115
      vertex -0.587264 -12 0.279646
    endloop
  endfacet
  facet normal 0 -1 0
    outer loop
      vertex -21 -12 9
      vertex -2.33042 -12 0.226905
      vertex -1.42812 -12 0.267115
    endloop
  endfacet
  facet normal 0 -1 0
    outer loop
      vertex -21 -12 9
      vertex -2.88423 -12 0.202225
      vertex -2.33042 -12 0.226905
    endloop
  endfacet
  facet normal 0 -1 0
    outer loop
      vertex -21 -12 9
      vertex -3.38547 -12 0.165235
      vertex -2.88423 -12 0.202225
    endloop
  endfacet
  facet normal 0 -1 0
    outer loop
      vertex -21 -12 9
      vertex -4.39853 -12 0.0904758
      vertex -3.38547 -12 0.165235
    endloop
  endfacet
  facet normal 0 -1 0
    outer loop
      vertex -21 -12 9
      vertex -4.81015 -12 0.0483592
      vertex -4.39853 -12 0.0904758
    endloop
  endfacet
  facet normal 0 -1 0
    outer loop
      vertex -5.28279 -12 0
      vertex -21 -12 9
      vertex -21 -12 0
    endloop
  endfacet
  facet normal 0 -1 0
    outer loop
      vertex -21 -12 9
      vertex -5.28279 -12 0
      vertex -4.81015 -12 0.0483592
    endloop
  endfacet
  facet normal 0 -1 0
    outer loop
      vertex 0.587264 -12 0.279646
      vertex 21 -12 9
      vertex 0 -12 0.288397
    endloop
  endfacet
  facet normal 0 -1 0
    outer loop
      vertex 1.42812 -12 0.267115
      vertex 21 -12 9
      vertex 0.587264 -12 0.279646
    endloop
  endfacet
  facet normal 0 -1 0
    outer loop
      vertex 2.33042 -12 0.226905
      vertex 21 -12 9
      vertex 1.42812 -12 0.267115
    endloop
  endfacet
  facet normal 0 -1 0
    outer loop
      vertex 2.88423 -12 0.202225
      vertex 21 -12 9
      vertex 2.33042 -12 0.226905
    endloop
  endfacet
  facet normal 0 -1 0
    outer loop
      vertex 3.38547 -12 0.165235
      vertex 21 -12 9
      vertex 2.88423 -12 0.202225
    endloop
  endfacet
  facet normal 0 -1 0
    outer loop
      vertex 4.39853 -12 0.0904758
      vertex 21 -12 9
      vertex 3.38547 -12 0.165235
    endloop
  endfacet
  facet normal 0 -1 0
    outer loop
      vertex 4.81015 -12 0.0483592
      vertex 21 -12 9
      vertex 4.39853 -12 0.0904758
    endloop
  endfacet
  facet normal 0 -1 0
    outer loop
      vertex 5.28279 -12 0
      vertex 21 -12 9
      vertex 4.81015 -12 0.0483592
    endloop
  endfacet
  facet normal 0 -1 -0
    outer loop
      vertex 21 -12 9
      vertex 5.28279 -12 0
      vertex 21 -12 0
    endloop
  endfacet
  facet normal -0.772994 -0.634413 -1.38502e-18
    outer loop
      vertex -23.1213 -11.1213 0
      vertex -23.4944 -10.6667 9
      vertex -23.4944 -10.6667 0
    endloop
  endfacet
  facet normal -0.772994 -0.634413 -1.38502e-18
    outer loop
      vertex -23.4944 -10.6667 9
      vertex -23.1213 -11.1213 0
      vertex -23.1213 -11.1213 9
    endloop
  endfacet
  facet normal -0.995192 -0.0979429 -4.93359e-19
    outer loop
      vertex -23.9424 -9.58527 0
      vertex -24 -9 9
      vertex -24 -9 0
    endloop
  endfacet
  facet normal -0.995192 -0.0979429 -4.93359e-19
    outer loop
      vertex -24 -9 9
      vertex -23.9424 -9.58527 0
      vertex -23.9424 -9.58527 9
    endloop
  endfacet
  facet normal -0.471329 -0.881957 0
    outer loop
      vertex -22.6667 -11.4944 0
      vertex -22.148 -11.7716 9
      vertex -22.6667 -11.4944 9
    endloop
  endfacet
  facet normal -0.471329 -0.881957 -0
    outer loop
      vertex -22.148 -11.7716 9
      vertex -22.6667 -11.4944 0
      vertex -22.148 -11.7716 0
    endloop
  endfacet
  facet normal 0.881957 -0.471329 9.70951e-20
    outer loop
      vertex 23.4944 -10.6667 9
      vertex 23.7716 -10.148 0
      vertex 23.7716 -10.148 9
    endloop
  endfacet
  facet normal 0.881957 -0.471329 9.70951e-20
    outer loop
      vertex 23.7716 -10.148 0
      vertex 23.4944 -10.6667 9
      vertex 23.4944 -10.6667 0
    endloop
  endfacet
  facet normal -0.097938 0.995193 0
    outer loop
      vertex -21 12 0
      vertex -21.5853 11.9424 9
      vertex -21 12 9
    endloop
  endfacet
  facet normal -0.097938 0.995193 0
    outer loop
      vertex -21.5853 11.9424 9
      vertex -21 12 0
      vertex -21.5853 11.9424 0
    endloop
  endfacet
  facet normal 0 1 0
    outer loop
      vertex 21 12 9
      vertex 4.5 12 6
      vertex -21 12 9
    endloop
  endfacet
  facet normal 0 1 -0
    outer loop
      vertex 21 12 0
      vertex 4.5 12 6
      vertex 21 12 9
    endloop
  endfacet
  facet normal 0 1 0
    outer loop
      vertex 4.5 12 2
      vertex 0 12 0.288397
      vertex -4.5 12 2
    endloop
  endfacet
  facet normal 0 1 0
    outer loop
      vertex 4.5 12 2
      vertex 0.587264 12 0.279646
      vertex 0 12 0.288397
    endloop
  endfacet
  facet normal 0 1 -0
    outer loop
      vertex 5.28279 12 0
      vertex 4.5 12 6
      vertex 21 12 0
    endloop
  endfacet
  facet normal 0 1 0
    outer loop
      vertex 4.5 12 2
      vertex 1.42812 12 0.267115
      vertex 0.587264 12 0.279646
    endloop
  endfacet
  facet normal 0 1 0
    outer loop
      vertex 4.5 12 2
      vertex 2.33042 12 0.226905
      vertex 1.42812 12 0.267115
    endloop
  endfacet
  facet normal 0 1 0
    outer loop
      vertex 4.5 12 2
      vertex 2.88423 12 0.202225
      vertex 2.33042 12 0.226905
    endloop
  endfacet
  facet normal 0 1 0
    outer loop
      vertex 4.5 12 2
      vertex 3.38547 12 0.165235
      vertex 2.88423 12 0.202225
    endloop
  endfacet
  facet normal 0 1 0
    outer loop
      vertex 4.5 12 2
      vertex 4.39853 12 0.0904758
      vertex 3.38547 12 0.165235
    endloop
  endfacet
  facet normal 0 1 0
    outer loop
      vertex 4.5 12 2
      vertex 4.81015 12 0.0483592
      vertex 4.39853 12 0.0904758
    endloop
  endfacet
  facet normal 0 1 0
    outer loop
      vertex 4.5 12 6
      vertex 5.28279 12 0
      vertex 4.5 12 2
    endloop
  endfacet
  facet normal 0 1 0
    outer loop
      vertex 4.5 12 2
      vertex 5.28279 12 0
      vertex 4.81015 12 0.0483592
    endloop
  endfacet
  facet normal 0 1 -0
    outer loop
      vertex -4.5 12 6
      vertex -21 12 9
      vertex 4.5 12 6
    endloop
  endfacet
  facet normal 0 1 0
    outer loop
      vertex -5.28279 12 0
      vertex -4.5 12 6
      vertex -4.5 12 2
    endloop
  endfacet
  facet normal 0 1 -0
    outer loop
      vertex -0.587264 12 0.279646
      vertex -4.5 12 2
      vertex 0 12 0.288397
    endloop
  endfacet
  facet normal 0 1 -0
    outer loop
      vertex -1.42812 12 0.267115
      vertex -4.5 12 2
      vertex -0.587264 12 0.279646
    endloop
  endfacet
  facet normal 0 1 -0
    outer loop
      vertex -2.33042 12 0.226905
      vertex -4.5 12 2
      vertex -1.42812 12 0.267115
    endloop
  endfacet
  facet normal 0 1 -0
    outer loop
      vertex -2.88423 12 0.202225
      vertex -4.5 12 2
      vertex -2.33042 12 0.226905
    endloop
  endfacet
  facet normal 0 1 -0
    outer loop
      vertex -3.38547 12 0.165235
      vertex -4.5 12 2
      vertex -2.88423 12 0.202225
    endloop
  endfacet
  facet normal 0 1 -0
    outer loop
      vertex -4.39853 12 0.0904758
      vertex -4.5 12 2
      vertex -3.38547 12 0.165235
    endloop
  endfacet
  facet normal 0 1 0
    outer loop
      vertex -4.81015 12 0.0483592
      vertex -4.5 12 2
      vertex -4.39853 12 0.0904758
    endloop
  endfacet
  facet normal 0 1 0
    outer loop
      vertex -5.28279 12 0
      vertex -4.5 12 2
      vertex -4.81015 12 0.0483592
    endloop
  endfacet
  facet normal 0 1 0
    outer loop
      vertex -4.5 12 6
      vertex -5.28279 12 0
      vertex -21 12 0
    endloop
  endfacet
  facet normal 0 1 0
    outer loop
      vertex -4.5 12 6
      vertex -21 12 0
      vertex -21 12 9
    endloop
  endfacet
  facet normal -0.881957 -0.471329 -9.70951e-20
    outer loop
      vertex -23.4944 -10.6667 0
      vertex -23.7716 -10.148 9
      vertex -23.7716 -10.148 0
    endloop
  endfacet
  facet normal -0.881957 -0.471329 -9.70951e-20
    outer loop
      vertex -23.7716 -10.148 9
      vertex -23.4944 -10.6667 0
      vertex -23.4944 -10.6667 9
    endloop
  endfacet
  facet normal -0.956894 0.290437 2.78363e-19
    outer loop
      vertex -23.9424 9.58527 0
      vertex -23.7716 10.148 9
      vertex -23.7716 10.148 0
    endloop
  endfacet
  facet normal -0.956894 0.290437 2.78363e-19
    outer loop
      vertex -23.7716 10.148 9
      vertex -23.9424 9.58527 0
      vertex -23.9424 9.58527 9
    endloop
  endfacet
  facet normal 0.097938 0.995193 -0
    outer loop
      vertex 21.5853 11.9424 0
      vertex 21 12 9
      vertex 21.5853 11.9424 9
    endloop
  endfacet
  facet normal 0.097938 0.995193 0
    outer loop
      vertex 21 12 9
      vertex 21.5853 11.9424 0
      vertex 21 12 0
    endloop
  endfacet
  facet normal 0.471329 0.881957 -0
    outer loop
      vertex 22.6667 11.4944 0
      vertex 22.148 11.7716 9
      vertex 22.6667 11.4944 9
    endloop
  endfacet
  facet normal 0.471329 0.881957 0
    outer loop
      vertex 22.148 11.7716 9
      vertex 22.6667 11.4944 0
      vertex 22.148 11.7716 0
    endloop
  endfacet
  facet normal -0.634413 -0.772994 0
    outer loop
      vertex -23.1213 -11.1213 0
      vertex -22.6667 -11.4944 9
      vertex -23.1213 -11.1213 9
    endloop
  endfacet
  facet normal -0.634413 -0.772994 -0
    outer loop
      vertex -22.6667 -11.4944 9
      vertex -23.1213 -11.1213 0
      vertex -22.6667 -11.4944 0
    endloop
  endfacet
  facet normal 0.772994 -0.634413 1.38502e-18
    outer loop
      vertex 23.1213 -11.1213 9
      vertex 23.4944 -10.6667 0
      vertex 23.4944 -10.6667 9
    endloop
  endfacet
  facet normal 0.772994 -0.634413 1.38502e-18
    outer loop
      vertex 23.4944 -10.6667 0
      vertex 23.1213 -11.1213 9
      vertex 23.1213 -11.1213 0
    endloop
  endfacet
  facet normal -0.097938 -0.995193 0
    outer loop
      vertex -21.5853 -11.9424 0
      vertex -21 -12 9
      vertex -21.5853 -11.9424 9
    endloop
  endfacet
  facet normal -0.097938 -0.995193 -0
    outer loop
      vertex -21 -12 9
      vertex -21.5853 -11.9424 0
      vertex -21 -12 0
    endloop
  endfacet
  facet normal 0.290451 0.95689 -0
    outer loop
      vertex 22.148 11.7716 0
      vertex 21.5853 11.9424 9
      vertex 22.148 11.7716 9
    endloop
  endfacet
  facet normal 0.290451 0.95689 0
    outer loop
      vertex 21.5853 11.9424 9
      vertex 22.148 11.7716 0
      vertex 21.5853 11.9424 0
    endloop
  endfacet
  facet normal -1 0 0
    outer loop
      vertex -24 -9 0
      vertex -24 9 9
      vertex -24 9 0
    endloop
  endfacet
  facet normal -1 -0 0
    outer loop
      vertex -24 9 9
      vertex -24 -9 0
      vertex -24 -9 9
    endloop
  endfacet
  facet normal -0.471329 0.881957 0
    outer loop
      vertex -22.148 11.7716 0
      vertex -22.6667 11.4944 9
      vertex -22.148 11.7716 9
    endloop
  endfacet
  facet normal -0.471329 0.881957 0
    outer loop
      vertex -22.6667 11.4944 9
      vertex -22.148 11.7716 0
      vertex -22.6667 11.4944 0
    endloop
  endfacet
  facet normal -0.290451 -0.95689 0
    outer loop
      vertex -22.148 -11.7716 0
      vertex -21.5853 -11.9424 9
      vertex -22.148 -11.7716 9
    endloop
  endfacet
  facet normal -0.290451 -0.95689 -0
    outer loop
      vertex -21.5853 -11.9424 9
      vertex -22.148 -11.7716 0
      vertex -21.5853 -11.9424 0
    endloop
  endfacet
  facet normal 0.995192 0.0979429 -4.93359e-19
    outer loop
      vertex 24 9 9
      vertex 23.9424 9.58527 0
      vertex 23.9424 9.58527 9
    endloop
  endfacet
  facet normal 0.995192 0.0979429 -4.93359e-19
    outer loop
      vertex 23.9424 9.58527 0
      vertex 24 9 9
      vertex 24 9 0
    endloop
  endfacet
  facet normal -0.956894 -0.290437 -2.78363e-19
    outer loop
      vertex -23.7716 -10.148 0
      vertex -23.9424 -9.58527 9
      vertex -23.9424 -9.58527 0
    endloop
  endfacet
  facet normal -0.956894 -0.290437 -2.78363e-19
    outer loop
      vertex -23.9424 -9.58527 9
      vertex -23.7716 -10.148 0
      vertex -23.7716 -10.148 9
    endloop
  endfacet
  facet normal 0.956894 -0.290437 2.78363e-19
    outer loop
      vertex 23.7716 -10.148 9
      vertex 23.9424 -9.58527 0
      vertex 23.9424 -9.58527 9
    endloop
  endfacet
  facet normal 0.956894 -0.290437 2.78363e-19
    outer loop
      vertex 23.9424 -9.58527 0
      vertex 23.7716 -10.148 9
      vertex 23.7716 -10.148 0
    endloop
  endfacet
  facet normal -0.995192 0.0979429 4.93359e-19
    outer loop
      vertex -24 9 0
      vertex -23.9424 9.58527 9
      vertex -23.9424 9.58527 0
    endloop
  endfacet
  facet normal -0.995192 0.0979429 4.93359e-19
    outer loop
      vertex -23.9424 9.58527 9
      vertex -24 9 0
      vertex -24 9 9
    endloop
  endfacet
  facet normal 0.634413 -0.772994 0
    outer loop
      vertex 22.6667 -11.4944 0
      vertex 23.1213 -11.1213 9
      vertex 22.6667 -11.4944 9
    endloop
  endfacet
  facet normal 0.634413 -0.772994 0
    outer loop
      vertex 23.1213 -11.1213 9
      vertex 22.6667 -11.4944 0
      vertex 23.1213 -11.1213 0
    endloop
  endfacet
  facet normal 0.097938 -0.995193 0
    outer loop
      vertex 21 -12 0
      vertex 21.5853 -11.9424 9
      vertex 21 -12 9
    endloop
  endfacet
  facet normal 0.097938 -0.995193 0
    outer loop
      vertex 21.5853 -11.9424 9
      vertex 21 -12 0
      vertex 21.5853 -11.9424 0
    endloop
  endfacet
  facet normal -0.881957 0.471329 9.70951e-20
    outer loop
      vertex -23.7716 10.148 0
      vertex -23.4944 10.6667 9
      vertex -23.4944 10.6667 0
    endloop
  endfacet
  facet normal -0.881957 0.471329 9.70951e-20
    outer loop
      vertex -23.4944 10.6667 9
      vertex -23.7716 10.148 0
      vertex -23.7716 10.148 9
    endloop
  endfacet
  facet normal -0.634413 0.772994 0
    outer loop
      vertex -22.6667 11.4944 0
      vertex -23.1213 11.1213 9
      vertex -22.6667 11.4944 9
    endloop
  endfacet
  facet normal -0.634413 0.772994 0
    outer loop
      vertex -23.1213 11.1213 9
      vertex -22.6667 11.4944 0
      vertex -23.1213 11.1213 0
    endloop
  endfacet
  facet normal 0.772994 0.634413 -1.38502e-18
    outer loop
      vertex 23.4944 10.6667 9
      vertex 23.1213 11.1213 0
      vertex 23.1213 11.1213 9
    endloop
  endfacet
  facet normal 0.772994 0.634413 -1.38502e-18
    outer loop
      vertex 23.1213 11.1213 0
      vertex 23.4944 10.6667 9
      vertex 23.4944 10.6667 0
    endloop
  endfacet
  facet normal 0 0 1
    outer loop
      vertex 22.1654 8.75116 9
      vertex 24 9 9
      vertex 23.9424 9.58527 9
    endloop
  endfacet
  facet normal 0 0 1
    outer loop
      vertex 24 9 9
      vertex 22.2 8.4 9
      vertex 24 -9 9
    endloop
  endfacet
  facet normal 0 0 1
    outer loop
      vertex 22.063 9.08883 9
      vertex 23.9424 9.58527 9
      vertex 23.7716 10.148 9
    endloop
  endfacet
  facet normal -0 0 1
    outer loop
      vertex 22.2 -8.4 9
      vertex 24 -9 9
      vertex 22.2 8.4 9
    endloop
  endfacet
  facet normal 0 0 1
    outer loop
      vertex 21.8966 9.40003 9
      vertex 23.7716 10.148 9
      vertex 23.4944 10.6667 9
    endloop
  endfacet
  facet normal -0 0 1
    outer loop
      vertex 22.1654 -8.75116 9
      vertex 24 -9 9
      vertex 22.2 -8.4 9
    endloop
  endfacet
  facet normal 0 0 1
    outer loop
      vertex 21.6728 9.67279 9
      vertex 23.4944 10.6667 9
      vertex 23.1213 11.1213 9
    endloop
  endfacet
  facet normal 0 0 1
    outer loop
      vertex 24 -9 9
      vertex 22.1654 -8.75116 9
      vertex 23.9424 -9.58527 9
    endloop
  endfacet
  facet normal 0 0 1
    outer loop
      vertex 21.6728 9.67279 9
      vertex 23.1213 11.1213 9
      vertex 22.6667 11.4944 9
    endloop
  endfacet
  facet normal -0 0 1
    outer loop
      vertex 22.063 -9.08883 9
      vertex 23.9424 -9.58527 9
      vertex 22.1654 -8.75116 9
    endloop
  endfacet
  facet normal 0 0 1
    outer loop
      vertex 23.9424 -9.58527 9
      vertex 22.063 -9.08883 9
      vertex 23.7716 -10.148 9
    endloop
  endfacet
  facet normal 0 0 1
    outer loop
      vertex 24 9 9
      vertex 22.1654 8.75116 9
      vertex 22.2 8.4 9
    endloop
  endfacet
  facet normal 0 0 1
    outer loop
      vertex 21.4 9.89664 9
      vertex 22.6667 11.4944 9
      vertex 22.148 11.7716 9
    endloop
  endfacet
  facet normal 0 0 1
    outer loop
      vertex 23.9424 9.58527 9
      vertex 22.063 9.08883 9
      vertex 22.1654 8.75116 9
    endloop
  endfacet
  facet normal 0 0 1
    outer loop
      vertex 23.7716 10.148 9
      vertex 21.8966 9.40003 9
      vertex 22.063 9.08883 9
    endloop
  endfacet
  facet normal 0 0 1
    outer loop
      vertex 23.4944 10.6667 9
      vertex 21.6728 9.67279 9
      vertex 21.8966 9.40003 9
    endloop
  endfacet
  facet normal 0 0 1
    outer loop
      vertex 21.0888 10.063 9
      vertex 22.148 11.7716 9
      vertex 21.5853 11.9424 9
    endloop
  endfacet
  facet normal 0 0 1
    outer loop
      vertex 22.6667 11.4944 9
      vertex 21.4 9.89664 9
      vertex 21.6728 9.67279 9
    endloop
  endfacet
  facet normal 0 0 1
    outer loop
      vertex 22.148 11.7716 9
      vertex 21.0888 10.063 9
      vertex 21.4 9.89664 9
    endloop
  endfacet
  facet normal 0 0 1
    outer loop
      vertex 21 12 9
      vertex 21.0888 10.063 9
      vertex 21.5853 11.9424 9
    endloop
  endfacet
  facet normal 0 0 1
    outer loop
      vertex 21 12 9
      vertex 20.7512 10.1654 9
      vertex 21.0888 10.063 9
    endloop
  endfacet
  facet normal 0 0 1
    outer loop
      vertex 21 12 9
      vertex 20.4 10.2 9
      vertex 20.7512 10.1654 9
    endloop
  endfacet
  facet normal 0 0 1
    outer loop
      vertex 21 12 9
      vertex -20.4 10.2 9
      vertex 20.4 10.2 9
    endloop
  endfacet
  facet normal -0 0 1
    outer loop
      vertex -21 12 9
      vertex -20.4 10.2 9
      vertex 21 12 9
    endloop
  endfacet
  facet normal 0 0 1
    outer loop
      vertex -21 12 9
      vertex -20.7512 10.1654 9
      vertex -20.4 10.2 9
    endloop
  endfacet
  facet normal 0 0 1
    outer loop
      vertex -21 12 9
      vertex -21.0888 10.063 9
      vertex -20.7512 10.1654 9
    endloop
  endfacet
  facet normal -0 0 1
    outer loop
      vertex -21.5853 11.9424 9
      vertex -21.0888 10.063 9
      vertex -21 12 9
    endloop
  endfacet
  facet normal -0 0 1
    outer loop
      vertex -22.148 11.7716 9
      vertex -21.0888 10.063 9
      vertex -21.5853 11.9424 9
    endloop
  endfacet
  facet normal 0 0 1
    outer loop
      vertex -21.0888 10.063 9
      vertex -22.148 11.7716 9
      vertex -21.4 9.89664 9
    endloop
  endfacet
  facet normal -0 0 1
    outer loop
      vertex -22.6667 11.4944 9
      vertex -21.4 9.89664 9
      vertex -22.148 11.7716 9
    endloop
  endfacet
  facet normal 0 0 1
    outer loop
      vertex -21.4 9.89664 9
      vertex -22.6667 11.4944 9
      vertex -21.6728 9.67279 9
    endloop
  endfacet
  facet normal -0 0 1
    outer loop
      vertex -23.1213 11.1213 9
      vertex -21.6728 9.67279 9
      vertex -22.6667 11.4944 9
    endloop
  endfacet
  facet normal -0 0 1
    outer loop
      vertex -23.4944 10.6667 9
      vertex -21.6728 9.67279 9
      vertex -23.1213 11.1213 9
    endloop
  endfacet
  facet normal 0 0 1
    outer loop
      vertex -21.6728 9.67279 9
      vertex -23.4944 10.6667 9
      vertex -21.8966 9.40003 9
    endloop
  endfacet
  facet normal 0 0 1
    outer loop
      vertex -21.8966 9.40003 9
      vertex -23.7716 10.148 9
      vertex -22.063 9.08883 9
    endloop
  endfacet
  facet normal -0 0 1
    outer loop
      vertex -23.7716 10.148 9
      vertex -21.8966 9.40003 9
      vertex -23.4944 10.6667 9
    endloop
  endfacet
  facet normal -0 0 1
    outer loop
      vertex 21.8966 -9.40003 9
      vertex 23.7716 -10.148 9
      vertex 22.063 -9.08883 9
    endloop
  endfacet
  facet normal 0 0 1
    outer loop
      vertex 23.7716 -10.148 9
      vertex 21.8966 -9.40003 9
      vertex 23.4944 -10.6667 9
    endloop
  endfacet
  facet normal -0 0 1
    outer loop
      vertex 21.6728 -9.67279 9
      vertex 23.4944 -10.6667 9
      vertex 21.8966 -9.40003 9
    endloop
  endfacet
  facet normal 0 0 1
    outer loop
      vertex 23.4944 -10.6667 9
      vertex 21.6728 -9.67279 9
      vertex 23.1213 -11.1213 9
    endloop
  endfacet
  facet normal 0 0 1
    outer loop
      vertex 23.1213 -11.1213 9
      vertex 21.6728 -9.67279 9
      vertex 22.6667 -11.4944 9
    endloop
  endfacet
  facet normal -0 0 1
    outer loop
      vertex 21.4 -9.89664 9
      vertex 22.6667 -11.4944 9
      vertex 21.6728 -9.67279 9
    endloop
  endfacet
  facet normal 0 0 1
    outer loop
      vertex 22.6667 -11.4944 9
      vertex 21.4 -9.89664 9
      vertex 22.148 -11.7716 9
    endloop
  endfacet
  facet normal -0 0 1
    outer loop
      vertex 21.0888 -10.063 9
      vertex 22.148 -11.7716 9
      vertex 21.4 -9.89664 9
    endloop
  endfacet
  facet normal 0 0 1
    outer loop
      vertex 22.148 -11.7716 9
      vertex 21.0888 -10.063 9
      vertex 21.5853 -11.9424 9
    endloop
  endfacet
  facet normal 0 0 1
    outer loop
      vertex 21.0888 -10.063 9
      vertex 21 -12 9
      vertex 21.5853 -11.9424 9
    endloop
  endfacet
  facet normal -0 0 1
    outer loop
      vertex 20.7512 -10.1654 9
      vertex 21 -12 9
      vertex 21.0888 -10.063 9
    endloop
  endfacet
  facet normal -0 0 1
    outer loop
      vertex 20.4 -10.2 9
      vertex 21 -12 9
      vertex 20.7512 -10.1654 9
    endloop
  endfacet
  facet normal -0 0 1
    outer loop
      vertex -20.4 -10.2 9
      vertex 21 -12 9
      vertex 20.4 -10.2 9
    endloop
  endfacet
  facet normal 0 0 1
    outer loop
      vertex -20.4 -10.2 9
      vertex -21 -12 9
      vertex 21 -12 9
    endloop
  endfacet
  facet normal 0 0 1
    outer loop
      vertex -20.7512 -10.1654 9
      vertex -21 -12 9
      vertex -20.4 -10.2 9
    endloop
  endfacet
  facet normal 0 0 1
    outer loop
      vertex -21.0888 -10.063 9
      vertex -21 -12 9
      vertex -20.7512 -10.1654 9
    endloop
  endfacet
  facet normal 0 0 1
    outer loop
      vertex -22.148 -11.7716 9
      vertex -21.0888 -10.063 9
      vertex -21.4 -9.89664 9
    endloop
  endfacet
  facet normal 0 0 1
    outer loop
      vertex -21.0888 -10.063 9
      vertex -21.5853 -11.9424 9
      vertex -21 -12 9
    endloop
  endfacet
  facet normal 0 0 1
    outer loop
      vertex -22.6667 -11.4944 9
      vertex -21.4 -9.89664 9
      vertex -21.6728 -9.67279 9
    endloop
  endfacet
  facet normal 0 0 1
    outer loop
      vertex -23.4944 -10.6667 9
      vertex -21.6728 -9.67279 9
      vertex -21.8966 -9.40003 9
    endloop
  endfacet
  facet normal 0 0 1
    outer loop
      vertex -23.7716 -10.148 9
      vertex -21.8966 -9.40003 9
      vertex -22.063 -9.08883 9
    endloop
  endfacet
  facet normal 0 0 1
    outer loop
      vertex -21.0888 -10.063 9
      vertex -22.148 -11.7716 9
      vertex -21.5853 -11.9424 9
    endloop
  endfacet
  facet normal 0 0 1
    outer loop
      vertex -23.9424 -9.58527 9
      vertex -22.063 -9.08883 9
      vertex -22.1654 -8.75116 9
    endloop
  endfacet
  facet normal 0 0 1
    outer loop
      vertex -24 -9 9
      vertex -22.1654 -8.75116 9
      vertex -22.2 -8.4 9
    endloop
  endfacet
  facet normal 0 0 1
    outer loop
      vertex -22.2 8.4 9
      vertex -24 9 9
      vertex -22.2 -8.4 9
    endloop
  endfacet
  facet normal 0 0 1
    outer loop
      vertex -24 -9 9
      vertex -22.2 -8.4 9
      vertex -24 9 9
    endloop
  endfacet
  facet normal -0 0 1
    outer loop
      vertex -23.9424 9.58527 9
      vertex -22.063 9.08883 9
      vertex -23.7716 10.148 9
    endloop
  endfacet
  facet normal 0 0 1
    outer loop
      vertex -22.1654 -8.75116 9
      vertex -24 -9 9
      vertex -23.9424 -9.58527 9
    endloop
  endfacet
  facet normal 0 0 1
    outer loop
      vertex -22.063 9.08883 9
      vertex -23.9424 9.58527 9
      vertex -22.1654 8.75116 9
    endloop
  endfacet
  facet normal 0 0 1
    outer loop
      vertex -21.4 -9.89664 9
      vertex -22.6667 -11.4944 9
      vertex -22.148 -11.7716 9
    endloop
  endfacet
  facet normal -0 0 1
    outer loop
      vertex -24 9 9
      vertex -22.1654 8.75116 9
      vertex -23.9424 9.58527 9
    endloop
  endfacet
  facet normal 0 0 1
    outer loop
      vertex -21.6728 -9.67279 9
      vertex -23.1213 -11.1213 9
      vertex -22.6667 -11.4944 9
    endloop
  endfacet
  facet normal 0 0 1
    outer loop
      vertex -22.1654 8.75116 9
      vertex -24 9 9
      vertex -22.2 8.4 9
    endloop
  endfacet
  facet normal 0 0 1
    outer loop
      vertex -21.6728 -9.67279 9
      vertex -23.4944 -10.6667 9
      vertex -23.1213 -11.1213 9
    endloop
  endfacet
  facet normal 0 0 1
    outer loop
      vertex -21.8966 -9.40003 9
      vertex -23.7716 -10.148 9
      vertex -23.4944 -10.6667 9
    endloop
  endfacet
  facet normal 0 0 1
    outer loop
      vertex -22.063 -9.08883 9
      vertex -23.9424 -9.58527 9
      vertex -23.7716 -10.148 9
    endloop
  endfacet
  facet normal 0.290451 -0.95689 0
    outer loop
      vertex 21.5853 -11.9424 0
      vertex 22.148 -11.7716 9
      vertex 21.5853 -11.9424 9
    endloop
  endfacet
  facet normal 0.290451 -0.95689 0
    outer loop
      vertex 22.148 -11.7716 9
      vertex 21.5853 -11.9424 0
      vertex 22.148 -11.7716 0
    endloop
  endfacet
  facet normal 0.995192 -0.0979429 4.93359e-19
    outer loop
      vertex 23.9424 -9.58527 9
      vertex 24 -9 0
      vertex 24 -9 9
    endloop
  endfacet
  facet normal 0.995192 -0.0979429 4.93359e-19
    outer loop
      vertex 24 -9 0
      vertex 23.9424 -9.58527 9
      vertex 23.9424 -9.58527 0
    endloop
  endfacet
  facet normal -0 0 -1
    outer loop
      vertex -15.2058 -2.20487 0
      vertex -19.5 -6.65 0
      vertex -15.3763 -1.25332 0
    endloop
  endfacet
  facet normal 0 0 -1
    outer loop
      vertex -15.4507 0 0
      vertex -18.7147 7.17472 0
      vertex -18.65 7.5 0
    endloop
  endfacet
  facet normal -0 0 -1
    outer loop
      vertex -15.3763 -1.25332 0
      vertex -19.5 -6.65 0
      vertex -15.3937 -0.960797 0
    endloop
  endfacet
  facet normal 0 0 -1
    outer loop
      vertex -15.4507 0 0
      vertex -18.899 6.89896 0
      vertex -18.7147 7.17472 0
    endloop
  endfacet
  facet normal 0 0 -1
    outer loop
      vertex -19.8253 -6.7147 0
      vertex -15.3937 -0.960797 0
      vertex -19.5 -6.65 0
    endloop
  endfacet
  facet normal 0 0 -1
    outer loop
      vertex -15.4507 0 0
      vertex -19.1747 6.7147 0
      vertex -18.899 6.89896 0
    endloop
  endfacet
  facet normal -0 0 -1
    outer loop
      vertex -15.3937 -0.960797 0
      vertex -19.8253 -6.7147 0
      vertex -15.4507 0 0
    endloop
  endfacet
  facet normal 0 0 -1
    outer loop
      vertex -15.4507 0 0
      vertex -19.5 6.65 0
      vertex -19.1747 6.7147 0
    endloop
  endfacet
  facet normal 0 0 -1
    outer loop
      vertex -19.8253 6.7147 0
      vertex -15.4507 0 0
      vertex -19.8253 -6.7147 0
    endloop
  endfacet
  facet normal 0 0 -1
    outer loop
      vertex -15.4507 0 0
      vertex -19.8253 6.7147 0
      vertex -19.5 6.65 0
    endloop
  endfacet
  facet normal 0 0 -1
    outer loop
      vertex -20.101 -6.89896 0
      vertex -19.8253 6.7147 0
      vertex -19.8253 -6.7147 0
    endloop
  endfacet
  facet normal 0 0 -1
    outer loop
      vertex -20.101 -6.89896 0
      vertex -20.101 6.89896 0
      vertex -19.8253 6.7147 0
    endloop
  endfacet
  facet normal 0 0 -1
    outer loop
      vertex -24 -9 0
      vertex -20.101 -6.89896 0
      vertex -20.2853 -7.17472 0
    endloop
  endfacet
  facet normal -0 0 -1
    outer loop
      vertex -20.101 -6.89896 0
      vertex -24 -9 0
      vertex -20.101 6.89896 0
    endloop
  endfacet
  facet normal 0 0 -1
    outer loop
      vertex -24 -9 0
      vertex -20.2853 -7.17472 0
      vertex -20.35 -7.5 0
    endloop
  endfacet
  facet normal 0 0 -1
    outer loop
      vertex -24 9 0
      vertex -20.101 6.89896 0
      vertex -24 -9 0
    endloop
  endfacet
  facet normal 0 0 -1
    outer loop
      vertex -21 -12 0
      vertex -7.58697 -11.1264 0
      vertex -7.28342 -11.277 0
    endloop
  endfacet
  facet normal 0 0 -1
    outer loop
      vertex -21 -12 0
      vertex -9.51758 -10.0588 0
      vertex -8.58396 -10.6318 0
    endloop
  endfacet
  facet normal -0 0 -1
    outer loop
      vertex -14.1233 -5.15806 0
      vertex -18.7147 -7.17472 0
      vertex -14.2746 -4.8933 0
    endloop
  endfacet
  facet normal 0 0 -1
    outer loop
      vertex -19.1747 -6.7147 0
      vertex -14.7854 -3.71181 0
      vertex -18.899 -6.89896 0
    endloop
  endfacet
  facet normal 0 0 -1
    outer loop
      vertex -19.5 -6.65 0
      vertex -15.1538 -2.49458 0
      vertex -19.1747 -6.7147 0
    endloop
  endfacet
  facet normal -0 0 -1
    outer loop
      vertex -15.0678 -2.77868 0
      vertex -19.1747 -6.7147 0
      vertex -15.1538 -2.49458 0
    endloop
  endfacet
  facet normal -0 0 -1
    outer loop
      vertex -14.7854 -3.71181 0
      vertex -19.1747 -6.7147 0
      vertex -15.0678 -2.77868 0
    endloop
  endfacet
  facet normal -0 0 -1
    outer loop
      vertex -14.3938 -4.61754 0
      vertex -18.899 -6.89896 0
      vertex -14.7854 -3.71181 0
    endloop
  endfacet
  facet normal 0 0 -1
    outer loop
      vertex -18.899 -6.89896 0
      vertex -14.3938 -4.61754 0
      vertex -18.7147 -7.17472 0
    endloop
  endfacet
  facet normal -0 0 -1
    outer loop
      vertex -14.2746 -4.8933 0
      vertex -18.7147 -7.17472 0
      vertex -14.3938 -4.61754 0
    endloop
  endfacet
  facet normal 0 0 -1
    outer loop
      vertex -18.7147 -7.17472 0
      vertex -14.1233 -5.15806 0
      vertex -18.65 -7.5 0
    endloop
  endfacet
  facet normal -0 0 -1
    outer loop
      vertex -13.6263 -6.02766 0
      vertex -18.65 -7.5 0
      vertex -14.1233 -5.15806 0
    endloop
  endfacet
  facet normal -0 0 -1
    outer loop
      vertex -13.0287 -6.85275 0
      vertex -18.65 -7.5 0
      vertex -13.6263 -6.02766 0
    endloop
  endfacet
  facet normal 0 0 -1
    outer loop
      vertex -18.7147 -7.82528 0
      vertex -13.0287 -6.85275 0
      vertex -12.8468 -7.10397 0
    endloop
  endfacet
  facet normal 0 0 -1
    outer loop
      vertex -18.7147 -7.82528 0
      vertex -12.8468 -7.10397 0
      vertex -12.636 -7.33921 0
    endloop
  endfacet
  facet normal 0 0 -1
    outer loop
      vertex -18.899 -8.10104 0
      vertex -12.636 -7.33921 0
      vertex -11.9436 -8.11186 0
    endloop
  endfacet
  facet normal 0 0 -1
    outer loop
      vertex -21 -12 0
      vertex -11.9436 -8.11186 0
      vertex -11.163 -8.82462 0
    endloop
  endfacet
  facet normal 0 0 -1
    outer loop
      vertex -21 -12 0
      vertex -11.163 -8.82462 0
      vertex -10.9253 -9.04163 0
    endloop
  endfacet
  facet normal 0 0 -1
    outer loop
      vertex -21 -12 0
      vertex -10.9253 -9.04163 0
      vertex -10.6631 -9.23832 0
    endloop
  endfacet
  facet normal 0 0 -1
    outer loop
      vertex -21 -12 0
      vertex -10.6631 -9.23832 0
      vertex -9.80183 -9.88433 0
    endloop
  endfacet
  facet normal -0 0 -1
    outer loop
      vertex -9.51758 -10.0588 0
      vertex -21 -12 0
      vertex -9.80183 -9.88433 0
    endloop
  endfacet
  facet normal -0 0 -1
    outer loop
      vertex -7.58697 -11.1264 0
      vertex -21 -12 0
      vertex -8.58396 -10.6318 0
    endloop
  endfacet
  facet normal 0 0 -1
    outer loop
      vertex -21 -12 0
      vertex -7.28342 -11.277 0
      vertex -6.9635 -11.4022 0
    endloop
  endfacet
  facet normal 0 0 -1
    outer loop
      vertex -21 -12 0
      vertex -6.9635 -11.4022 0
      vertex -5.91273 -11.8135 0
    endloop
  endfacet
  facet normal 0 0 -1
    outer loop
      vertex -13.0287 -6.85275 0
      vertex -18.7147 -7.82528 0
      vertex -18.65 -7.5 0
    endloop
  endfacet
  facet normal 0 0 -1
    outer loop
      vertex -12.636 -7.33921 0
      vertex -18.899 -8.10104 0
      vertex -18.7147 -7.82528 0
    endloop
  endfacet
  facet normal 0 0 -1
    outer loop
      vertex -21 -12 0
      vertex -5.91273 -11.8135 0
      vertex -5.28279 -12 0
    endloop
  endfacet
  facet normal -0 0 -1
    outer loop
      vertex -11.9436 -8.11186 0
      vertex -21 -12 0
      vertex -18.899 -8.10104 0
    endloop
  endfacet
  facet normal 0 0 -1
    outer loop
      vertex -18.899 -8.10104 0
      vertex -21 -12 0
      vertex -19.1747 -8.2853 0
    endloop
  endfacet
  facet normal 0 0 -1
    outer loop
      vertex -19.1747 -8.2853 0
      vertex -21 -12 0
      vertex -19.5 -8.35 0
    endloop
  endfacet
  facet normal 0 0 -1
    outer loop
      vertex -22.6667 -11.4944 0
      vertex -20.101 -8.10104 0
      vertex -22.148 -11.7716 0
    endloop
  endfacet
  facet normal 0 0 -1
    outer loop
      vertex -22.148 -11.7716 0
      vertex -20.101 -8.10104 0
      vertex -21.5853 -11.9424 0
    endloop
  endfacet
  facet normal -0 0 -1
    outer loop
      vertex -19.8253 -8.2853 0
      vertex -21.5853 -11.9424 0
      vertex -20.101 -8.10104 0
    endloop
  endfacet
  facet normal 0 0 -1
    outer loop
      vertex -21.5853 -11.9424 0
      vertex -19.8253 -8.2853 0
      vertex -21 -12 0
    endloop
  endfacet
  facet normal -0 0 -1
    outer loop
      vertex -19.5 -8.35 0
      vertex -21 -12 0
      vertex -19.8253 -8.2853 0
    endloop
  endfacet
  facet normal 0 0 -1
    outer loop
      vertex -21 12 0
      vertex -7.58697 11.1264 0
      vertex -8.58396 10.6318 0
    endloop
  endfacet
  facet normal 0 0 -1
    outer loop
      vertex -21 12 0
      vertex -9.51758 10.0588 0
      vertex -9.80183 9.88433 0
    endloop
  endfacet
  facet normal 0 0 -1
    outer loop
      vertex -18.65 7.5 0
      vertex -14.3938 4.61754 0
      vertex -14.7854 3.71181 0
    endloop
  endfacet
  facet normal 0 0 -1
    outer loop
      vertex -18.65 7.5 0
      vertex -15.2058 2.20487 0
      vertex -15.3763 1.25332 0
    endloop
  endfacet
  facet normal -0 0 -1
    outer loop
      vertex -15.1538 -2.49458 0
      vertex -19.5 -6.65 0
      vertex -15.2058 -2.20487 0
    endloop
  endfacet
  facet normal 0 0 -1
    outer loop
      vertex -15.4507 0 0
      vertex -18.65 7.5 0
      vertex -15.3937 0.960797 0
    endloop
  endfacet
  facet normal 0 0 -1
    outer loop
      vertex -15.3937 0.960797 0
      vertex -18.65 7.5 0
      vertex -15.3763 1.25332 0
    endloop
  endfacet
  facet normal 0 0 -1
    outer loop
      vertex -15.2058 2.20487 0
      vertex -18.65 7.5 0
      vertex -15.1538 2.49458 0
    endloop
  endfacet
  facet normal 0 0 -1
    outer loop
      vertex -15.1538 2.49458 0
      vertex -18.65 7.5 0
      vertex -15.0678 2.77868 0
    endloop
  endfacet
  facet normal 0 0 -1
    outer loop
      vertex -15.0678 2.77868 0
      vertex -18.65 7.5 0
      vertex -14.7854 3.71181 0
    endloop
  endfacet
  facet normal 0 0 -1
    outer loop
      vertex -14.3938 4.61754 0
      vertex -18.65 7.5 0
      vertex -14.2746 4.8933 0
    endloop
  endfacet
  facet normal 0 0 -1
    outer loop
      vertex -18.65 7.5 0
      vertex -14.1233 5.15806 0
      vertex -14.2746 4.8933 0
    endloop
  endfacet
  facet normal 0 0 -1
    outer loop
      vertex -18.65 7.5 0
      vertex -13.6263 6.02766 0
      vertex -14.1233 5.15806 0
    endloop
  endfacet
  facet normal 0 0 -1
    outer loop
      vertex -18.65 7.5 0
      vertex -13.0287 6.85275 0
      vertex -13.6263 6.02766 0
    endloop
  endfacet
  facet normal 0 0 -1
    outer loop
      vertex -18.7147 7.82528 0
      vertex -13.0287 6.85275 0
      vertex -18.65 7.5 0
    endloop
  endfacet
  facet normal 0 0 -1
    outer loop
      vertex -13.0287 6.85275 0
      vertex -18.7147 7.82528 0
      vertex -12.8468 7.10397 0
    endloop
  endfacet
  facet normal 0 0 -1
    outer loop
      vertex -12.8468 7.10397 0
      vertex -18.7147 7.82528 0
      vertex -12.636 7.33921 0
    endloop
  endfacet
  facet normal 0 0 -1
    outer loop
      vertex -18.899 8.10104 0
      vertex -12.636 7.33921 0
      vertex -18.7147 7.82528 0
    endloop
  endfacet
  facet normal 0 0 -1
    outer loop
      vertex -12.636 7.33921 0
      vertex -18.899 8.10104 0
      vertex -11.9436 8.11186 0
    endloop
  endfacet
  facet normal 0 0 -1
    outer loop
      vertex -21 12 0
      vertex -11.9436 8.11186 0
      vertex -18.899 8.10104 0
    endloop
  endfacet
  facet normal 0 0 -1
    outer loop
      vertex -11.9436 8.11186 0
      vertex -21 12 0
      vertex -11.163 8.82462 0
    endloop
  endfacet
  facet normal 0 0 -1
    outer loop
      vertex -11.163 8.82462 0
      vertex -21 12 0
      vertex -10.9253 9.04163 0
    endloop
  endfacet
  facet normal 0 0 -1
    outer loop
      vertex -10.9253 9.04163 0
      vertex -21 12 0
      vertex -10.6631 9.23832 0
    endloop
  endfacet
  facet normal 0 0 -1
    outer loop
      vertex -10.6631 9.23832 0
      vertex -21 12 0
      vertex -9.80183 9.88433 0
    endloop
  endfacet
  facet normal 0 0 -1
    outer loop
      vertex -9.51758 10.0588 0
      vertex -21 12 0
      vertex -8.58396 10.6318 0
    endloop
  endfacet
  facet normal 0 0 -1
    outer loop
      vertex -7.58697 11.1264 0
      vertex -21 12 0
      vertex -7.28342 11.277 0
    endloop
  endfacet
  facet normal 0 0 -1
    outer loop
      vertex -7.28342 11.277 0
      vertex -21 12 0
      vertex -6.9635 11.4022 0
    endloop
  endfacet
  facet normal 0 0 -1
    outer loop
      vertex -6.9635 11.4022 0
      vertex -21 12 0
      vertex -5.91273 11.8135 0
    endloop
  endfacet
  facet normal 0 0 -1
    outer loop
      vertex -21 12 0
      vertex -18.899 8.10104 0
      vertex -19.1747 8.2853 0
    endloop
  endfacet
  facet normal 0 0 -1
    outer loop
      vertex -21 12 0
      vertex -19.1747 8.2853 0
      vertex -19.5 8.35 0
    endloop
  endfacet
  facet normal 0 0 -1
    outer loop
      vertex -21 12 0
      vertex -19.5 8.35 0
      vertex -19.8253 8.2853 0
    endloop
  endfacet
  facet normal 0 0 -1
    outer loop
      vertex -5.91273 11.8135 0
      vertex -21 12 0
      vertex -5.28279 12 0
    endloop
  endfacet
  facet normal 0 0 -1
    outer loop
      vertex -21.5853 11.9424 0
      vertex -19.8253 8.2853 0
      vertex -20.101 8.10104 0
    endloop
  endfacet
  facet normal 0 0 -1
    outer loop
      vertex -23.9424 9.58527 0
      vertex -20.101 8.10104 0
      vertex -20.2853 7.82528 0
    endloop
  endfacet
  facet normal 0 0 -1
    outer loop
      vertex -24 9 0
      vertex -20.2853 7.82528 0
      vertex -20.35 7.5 0
    endloop
  endfacet
  facet normal 0 0 -1
    outer loop
      vertex -20.101 6.89896 0
      vertex -24 9 0
      vertex -20.2853 7.17472 0
    endloop
  endfacet
  facet normal 0 0 -1
    outer loop
      vertex -23.1213 -11.1213 0
      vertex -20.101 -8.10104 0
      vertex -22.6667 -11.4944 0
    endloop
  endfacet
  facet normal 0 0 -1
    outer loop
      vertex -20.2853 7.17472 0
      vertex -24 9 0
      vertex -20.35 7.5 0
    endloop
  endfacet
  facet normal 0 0 -1
    outer loop
      vertex -23.4944 -10.6667 0
      vertex -20.101 -8.10104 0
      vertex -23.1213 -11.1213 0
    endloop
  endfacet
  facet normal 0 0 -1
    outer loop
      vertex -20.2853 7.82528 0
      vertex -24 9 0
      vertex -23.9424 9.58527 0
    endloop
  endfacet
  facet normal 0 0 -1
    outer loop
      vertex -23.7716 -10.148 0
      vertex -20.101 -8.10104 0
      vertex -23.4944 -10.6667 0
    endloop
  endfacet
  facet normal 0 0 -1
    outer loop
      vertex -19.8253 8.2853 0
      vertex -21.5853 11.9424 0
      vertex -21 12 0
    endloop
  endfacet
  facet normal 0 0 -1
    outer loop
      vertex -23.9424 -9.58527 0
      vertex -20.101 -8.10104 0
      vertex -23.7716 -10.148 0
    endloop
  endfacet
  facet normal 0 0 -1
    outer loop
      vertex -20.101 8.10104 0
      vertex -22.148 11.7716 0
      vertex -21.5853 11.9424 0
    endloop
  endfacet
  facet normal -0 0 -1
    outer loop
      vertex -20.101 -8.10104 0
      vertex -23.9424 -9.58527 0
      vertex -20.2853 -7.82528 0
    endloop
  endfacet
  facet normal 0 0 -1
    outer loop
      vertex -20.101 8.10104 0
      vertex -22.6667 11.4944 0
      vertex -22.148 11.7716 0
    endloop
  endfacet
  facet normal 0 0 -1
    outer loop
      vertex -24 -9 0
      vertex -20.2853 -7.82528 0
      vertex -23.9424 -9.58527 0
    endloop
  endfacet
  facet normal 0 0 -1
    outer loop
      vertex -20.101 8.10104 0
      vertex -23.1213 11.1213 0
      vertex -22.6667 11.4944 0
    endloop
  endfacet
  facet normal -0 0 -1
    outer loop
      vertex -20.2853 -7.82528 0
      vertex -24 -9 0
      vertex -20.35 -7.5 0
    endloop
  endfacet
  facet normal 0 0 -1
    outer loop
      vertex -20.101 8.10104 0
      vertex -23.4944 10.6667 0
      vertex -23.1213 11.1213 0
    endloop
  endfacet
  facet normal 0 0 -1
    outer loop
      vertex -20.101 8.10104 0
      vertex -23.7716 10.148 0
      vertex -23.4944 10.6667 0
    endloop
  endfacet
  facet normal 0 0 -1
    outer loop
      vertex -20.101 8.10104 0
      vertex -23.9424 9.58527 0
      vertex -23.7716 10.148 0
    endloop
  endfacet
  facet normal 0 0 -1
    outer loop
      vertex 24 -9 0
      vertex 20.101 -6.89896 0
      vertex 24 9 0
    endloop
  endfacet
  facet normal 0 0 -1
    outer loop
      vertex 24 9 0
      vertex 20.2853 7.17472 0
      vertex 20.35 7.5 0
    endloop
  endfacet
  facet normal 0 0 -1
    outer loop
      vertex 20.101 6.89896 0
      vertex 24 9 0
      vertex 20.101 -6.89896 0
    endloop
  endfacet
  facet normal 0 0 -1
    outer loop
      vertex 24 9 0
      vertex 20.101 6.89896 0
      vertex 20.2853 7.17472 0
    endloop
  endfacet
  facet normal 0 0 -1
    outer loop
      vertex 19.8253 -6.7147 0
      vertex 20.101 6.89896 0
      vertex 20.101 -6.89896 0
    endloop
  endfacet
  facet normal 0 0 -1
    outer loop
      vertex 19.8253 -6.7147 0
      vertex 19.8253 6.7147 0
      vertex 20.101 6.89896 0
    endloop
  endfacet
  facet normal 0 0 -1
    outer loop
      vertex 15.3937 -0.960797 0
      vertex 19.8253 -6.7147 0
      vertex 19.5 -6.65 0
    endloop
  endfacet
  facet normal 0 0 -1
    outer loop
      vertex 19.8253 -6.7147 0
      vertex 15.4507 0 0
      vertex 19.8253 6.7147 0
    endloop
  endfacet
  facet normal 0 0 -1
    outer loop
      vertex 15.1538 -2.49458 0
      vertex 19.5 -6.65 0
      vertex 19.1747 -6.7147 0
    endloop
  endfacet
  facet normal 0 0 -1
    outer loop
      vertex 15.3937 0.960797 0
      vertex 19.8253 6.7147 0
      vertex 15.4507 0 0
    endloop
  endfacet
  facet normal 0 0 -1
    outer loop
      vertex 14.7854 -3.71181 0
      vertex 19.1747 -6.7147 0
      vertex 18.899 -6.89896 0
    endloop
  endfacet
  facet normal 0 0 -1
    outer loop
      vertex 19.8253 6.7147 0
      vertex 15.3937 0.960797 0
      vertex 19.5 6.65 0
    endloop
  endfacet
  facet normal 0 0 -1
    outer loop
      vertex 14.3938 -4.61754 0
      vertex 18.899 -6.89896 0
      vertex 18.7147 -7.17472 0
    endloop
  endfacet
  facet normal 0 0 -1
    outer loop
      vertex 15.3763 1.25332 0
      vertex 19.5 6.65 0
      vertex 15.3937 0.960797 0
    endloop
  endfacet
  facet normal 0 0 -1
    outer loop
      vertex 14.1233 -5.15806 0
      vertex 18.7147 -7.17472 0
      vertex 18.65 -7.5 0
    endloop
  endfacet
  facet normal 0 0 -1
    outer loop
      vertex 15.2058 2.20487 0
      vertex 19.5 6.65 0
      vertex 15.3763 1.25332 0
    endloop
  endfacet
  facet normal 0 0 -1
    outer loop
      vertex 20.2853 -7.82528 0
      vertex 24 -9 0
      vertex 23.9424 -9.58527 0
    endloop
  endfacet
  facet normal 0 0 -1
    outer loop
      vertex 20.2853 -7.17472 0
      vertex 24 -9 0
      vertex 20.35 -7.5 0
    endloop
  endfacet
  facet normal 0 0 -1
    outer loop
      vertex 20.101 -8.10104 0
      vertex 23.9424 -9.58527 0
      vertex 23.7716 -10.148 0
    endloop
  endfacet
  facet normal 0 0 -1
    outer loop
      vertex 20.101 -6.89896 0
      vertex 24 -9 0
      vertex 20.2853 -7.17472 0
    endloop
  endfacet
  facet normal 0 0 -1
    outer loop
      vertex 20.101 -8.10104 0
      vertex 23.7716 -10.148 0
      vertex 23.4944 -10.6667 0
    endloop
  endfacet
  facet normal 0 0 -1
    outer loop
      vertex 20.2853 7.82528 0
      vertex 24 9 0
      vertex 20.35 7.5 0
    endloop
  endfacet
  facet normal 0 0 -1
    outer loop
      vertex 20.101 -8.10104 0
      vertex 23.4944 -10.6667 0
      vertex 23.1213 -11.1213 0
    endloop
  endfacet
  facet normal -0 0 -1
    outer loop
      vertex 24 9 0
      vertex 20.2853 7.82528 0
      vertex 23.9424 9.58527 0
    endloop
  endfacet
  facet normal 0 0 -1
    outer loop
      vertex 20.101 -8.10104 0
      vertex 23.1213 -11.1213 0
      vertex 22.6667 -11.4944 0
    endloop
  endfacet
  facet normal 0 0 -1
    outer loop
      vertex 20.101 8.10104 0
      vertex 23.9424 9.58527 0
      vertex 20.2853 7.82528 0
    endloop
  endfacet
  facet normal 0 0 -1
    outer loop
      vertex 20.101 -8.10104 0
      vertex 22.6667 -11.4944 0
      vertex 22.148 -11.7716 0
    endloop
  endfacet
  facet normal -0 0 -1
    outer loop
      vertex 23.9424 9.58527 0
      vertex 20.101 8.10104 0
      vertex 23.7716 10.148 0
    endloop
  endfacet
  facet normal 0 0 -1
    outer loop
      vertex 20.101 -8.10104 0
      vertex 22.148 -11.7716 0
      vertex 21.5853 -11.9424 0
    endloop
  endfacet
  facet normal -0 0 -1
    outer loop
      vertex 23.7716 10.148 0
      vertex 20.101 8.10104 0
      vertex 23.4944 10.6667 0
    endloop
  endfacet
  facet normal 0 0 -1
    outer loop
      vertex 19.8253 -8.2853 0
      vertex 21.5853 -11.9424 0
      vertex 21 -12 0
    endloop
  endfacet
  facet normal -0 0 -1
    outer loop
      vertex 23.4944 10.6667 0
      vertex 20.101 8.10104 0
      vertex 23.1213 11.1213 0
    endloop
  endfacet
  facet normal -0 0 -1
    outer loop
      vertex 23.1213 11.1213 0
      vertex 20.101 8.10104 0
      vertex 22.6667 11.4944 0
    endloop
  endfacet
  facet normal 0 0 -1
    outer loop
      vertex 24 -9 0
      vertex 20.2853 -7.82528 0
      vertex 20.35 -7.5 0
    endloop
  endfacet
  facet normal 0 0 -1
    outer loop
      vertex 23.9424 -9.58527 0
      vertex 20.101 -8.10104 0
      vertex 20.2853 -7.82528 0
    endloop
  endfacet
  facet normal 0 0 -1
    outer loop
      vertex 21.5853 -11.9424 0
      vertex 19.8253 -8.2853 0
      vertex 20.101 -8.10104 0
    endloop
  endfacet
  facet normal 0 0 -1
    outer loop
      vertex 21 -12 0
      vertex 19.5 -8.35 0
      vertex 19.8253 -8.2853 0
    endloop
  endfacet
  facet normal 0 0 -1
    outer loop
      vertex 21 -12 0
      vertex 19.1747 -8.2853 0
      vertex 19.5 -8.35 0
    endloop
  endfacet
  facet normal 0 0 -1
    outer loop
      vertex 21 -12 0
      vertex 18.899 -8.10104 0
      vertex 19.1747 -8.2853 0
    endloop
  endfacet
  facet normal 0 0 -1
    outer loop
      vertex 11.9436 -8.11186 0
      vertex 18.899 -8.10104 0
      vertex 21 -12 0
    endloop
  endfacet
  facet normal 0 0 -1
    outer loop
      vertex 15.1538 2.49458 0
      vertex 19.5 6.65 0
      vertex 15.2058 2.20487 0
    endloop
  endfacet
  facet normal 0 0 -1
    outer loop
      vertex 13.0287 -6.85275 0
      vertex 18.65 -7.5 0
      vertex 18.7147 -7.82528 0
    endloop
  endfacet
  facet normal 0 0 -1
    outer loop
      vertex 19.8253 -6.7147 0
      vertex 15.3937 -0.960797 0
      vertex 15.4507 0 0
    endloop
  endfacet
  facet normal 0 0 -1
    outer loop
      vertex 19.5 -6.65 0
      vertex 15.3763 -1.25332 0
      vertex 15.3937 -0.960797 0
    endloop
  endfacet
  facet normal 0 0 -1
    outer loop
      vertex 19.5 -6.65 0
      vertex 15.2058 -2.20487 0
      vertex 15.3763 -1.25332 0
    endloop
  endfacet
  facet normal 0 -0 -1
    outer loop
      vertex 12.636 -7.33921 0
      vertex 18.899 -8.10104 0
      vertex 11.9436 -8.11186 0
    endloop
  endfacet
  facet normal 0 0 -1
    outer loop
      vertex 19.5 -6.65 0
      vertex 15.1538 -2.49458 0
      vertex 15.2058 -2.20487 0
    endloop
  endfacet
  facet normal 0 0 -1
    outer loop
      vertex 19.1747 -6.7147 0
      vertex 15.0678 -2.77868 0
      vertex 15.1538 -2.49458 0
    endloop
  endfacet
  facet normal 0 0 -1
    outer loop
      vertex 19.1747 -6.7147 0
      vertex 14.7854 -3.71181 0
      vertex 15.0678 -2.77868 0
    endloop
  endfacet
  facet normal 0 0 -1
    outer loop
      vertex 18.899 -6.89896 0
      vertex 14.3938 -4.61754 0
      vertex 14.7854 -3.71181 0
    endloop
  endfacet
  facet normal 0 0 -1
    outer loop
      vertex 18.7147 -7.17472 0
      vertex 14.2746 -4.8933 0
      vertex 14.3938 -4.61754 0
    endloop
  endfacet
  facet normal 0 0 -1
    outer loop
      vertex 18.7147 -7.17472 0
      vertex 14.1233 -5.15806 0
      vertex 14.2746 -4.8933 0
    endloop
  endfacet
  facet normal 0 0 -1
    outer loop
      vertex 18.65 -7.5 0
      vertex 13.6263 -6.02766 0
      vertex 14.1233 -5.15806 0
    endloop
  endfacet
  facet normal 0 0 -1
    outer loop
      vertex 18.65 -7.5 0
      vertex 13.0287 -6.85275 0
      vertex 13.6263 -6.02766 0
    endloop
  endfacet
  facet normal 0 0 -1
    outer loop
      vertex 18.7147 -7.82528 0
      vertex 12.8468 -7.10397 0
      vertex 13.0287 -6.85275 0
    endloop
  endfacet
  facet normal 0 0 -1
    outer loop
      vertex 18.7147 -7.82528 0
      vertex 12.636 -7.33921 0
      vertex 12.8468 -7.10397 0
    endloop
  endfacet
  facet normal 0 0 -1
    outer loop
      vertex 18.899 -8.10104 0
      vertex 12.636 -7.33921 0
      vertex 18.7147 -7.82528 0
    endloop
  endfacet
  facet normal 0 0 -1
    outer loop
      vertex 21 -12 0
      vertex 11.163 -8.82462 0
      vertex 11.9436 -8.11186 0
    endloop
  endfacet
  facet normal 0 0 -1
    outer loop
      vertex 21 -12 0
      vertex 10.9253 -9.04163 0
      vertex 11.163 -8.82462 0
    endloop
  endfacet
  facet normal 0 0 -1
    outer loop
      vertex 21 -12 0
      vertex 10.6631 -9.23832 0
      vertex 10.9253 -9.04163 0
    endloop
  endfacet
  facet normal 0 0 -1
    outer loop
      vertex 21 -12 0
      vertex 9.80183 -9.88433 0
      vertex 10.6631 -9.23832 0
    endloop
  endfacet
  facet normal 0 0 -1
    outer loop
      vertex 21 -12 0
      vertex 9.51758 -10.0588 0
      vertex 9.80183 -9.88433 0
    endloop
  endfacet
  facet normal 0 0 -1
    outer loop
      vertex 21 -12 0
      vertex 8.58396 -10.6318 0
      vertex 9.51758 -10.0588 0
    endloop
  endfacet
  facet normal 0 0 -1
    outer loop
      vertex 21 -12 0
      vertex 7.58697 -11.1264 0
      vertex 8.58396 -10.6318 0
    endloop
  endfacet
  facet normal 0 0 -1
    outer loop
      vertex 21 -12 0
      vertex 7.28342 -11.277 0
      vertex 7.58697 -11.1264 0
    endloop
  endfacet
  facet normal 0 0 -1
    outer loop
      vertex 21 -12 0
      vertex 6.9635 -11.4022 0
      vertex 7.28342 -11.277 0
    endloop
  endfacet
  facet normal 0 0 -1
    outer loop
      vertex 21 -12 0
      vertex 5.91273 -11.8135 0
      vertex 6.9635 -11.4022 0
    endloop
  endfacet
  facet normal 0 -0 -1
    outer loop
      vertex 5.91273 -11.8135 0
      vertex 21 -12 0
      vertex 5.28279 -12 0
    endloop
  endfacet
  facet normal -0 0 -1
    outer loop
      vertex 22.6667 11.4944 0
      vertex 20.101 8.10104 0
      vertex 22.148 11.7716 0
    endloop
  endfacet
  facet normal -0 0 -1
    outer loop
      vertex 22.148 11.7716 0
      vertex 20.101 8.10104 0
      vertex 21.5853 11.9424 0
    endloop
  endfacet
  facet normal 0 0 -1
    outer loop
      vertex 19.8253 8.2853 0
      vertex 21.5853 11.9424 0
      vertex 20.101 8.10104 0
    endloop
  endfacet
  facet normal -0 0 -1
    outer loop
      vertex 21.5853 11.9424 0
      vertex 19.8253 8.2853 0
      vertex 21 12 0
    endloop
  endfacet
  facet normal 0 0 -1
    outer loop
      vertex 19.5 8.35 0
      vertex 21 12 0
      vertex 19.8253 8.2853 0
    endloop
  endfacet
  facet normal 0 0 -1
    outer loop
      vertex 19.1747 8.2853 0
      vertex 21 12 0
      vertex 19.5 8.35 0
    endloop
  endfacet
  facet normal 0 0 -1
    outer loop
      vertex 18.899 8.10104 0
      vertex 21 12 0
      vertex 19.1747 8.2853 0
    endloop
  endfacet
  facet normal 0 0 -1
    outer loop
      vertex 12.636 7.33921 0
      vertex 18.899 8.10104 0
      vertex 18.7147 7.82528 0
    endloop
  endfacet
  facet normal -0 0 -1
    outer loop
      vertex 19.5 6.65 0
      vertex 15.1538 2.49458 0
      vertex 19.1747 6.7147 0
    endloop
  endfacet
  facet normal 0 0 -1
    outer loop
      vertex 15.0678 2.77868 0
      vertex 19.1747 6.7147 0
      vertex 15.1538 2.49458 0
    endloop
  endfacet
  facet normal 0 0 -1
    outer loop
      vertex 14.7854 3.71181 0
      vertex 19.1747 6.7147 0
      vertex 15.0678 2.77868 0
    endloop
  endfacet
  facet normal -0 0 -1
    outer loop
      vertex 19.1747 6.7147 0
      vertex 14.7854 3.71181 0
      vertex 18.899 6.89896 0
    endloop
  endfacet
  facet normal 0 0 -1
    outer loop
      vertex 14.3938 4.61754 0
      vertex 18.899 6.89896 0
      vertex 14.7854 3.71181 0
    endloop
  endfacet
  facet normal -0 0 -1
    outer loop
      vertex 18.899 6.89896 0
      vertex 14.3938 4.61754 0
      vertex 18.7147 7.17472 0
    endloop
  endfacet
  facet normal 0 0 -1
    outer loop
      vertex 14.2746 4.8933 0
      vertex 18.7147 7.17472 0
      vertex 14.3938 4.61754 0
    endloop
  endfacet
  facet normal 0 0 -1
    outer loop
      vertex 14.1233 5.15806 0
      vertex 18.7147 7.17472 0
      vertex 14.2746 4.8933 0
    endloop
  endfacet
  facet normal -0 0 -1
    outer loop
      vertex 18.7147 7.17472 0
      vertex 14.1233 5.15806 0
      vertex 18.65 7.5 0
    endloop
  endfacet
  facet normal 0 0 -1
    outer loop
      vertex 13.6263 6.02766 0
      vertex 18.65 7.5 0
      vertex 14.1233 5.15806 0
    endloop
  endfacet
  facet normal 0 0 -1
    outer loop
      vertex 13.0287 6.85275 0
      vertex 18.65 7.5 0
      vertex 13.6263 6.02766 0
    endloop
  endfacet
  facet normal -0 0 -1
    outer loop
      vertex 18.65 7.5 0
      vertex 13.0287 6.85275 0
      vertex 18.7147 7.82528 0
    endloop
  endfacet
  facet normal 0 0 -1
    outer loop
      vertex 12.8468 7.10397 0
      vertex 18.7147 7.82528 0
      vertex 13.0287 6.85275 0
    endloop
  endfacet
  facet normal 0 0 -1
    outer loop
      vertex 12.636 7.33921 0
      vertex 18.7147 7.82528 0
      vertex 12.8468 7.10397 0
    endloop
  endfacet
  facet normal -0 0 -1
    outer loop
      vertex 18.899 8.10104 0
      vertex 12.636 7.33921 0
      vertex 11.9436 8.11186 0
    endloop
  endfacet
  facet normal 0 0 -1
    outer loop
      vertex 18.899 8.10104 0
      vertex 11.9436 8.11186 0
      vertex 21 12 0
    endloop
  endfacet
  facet normal 0 0 -1
    outer loop
      vertex 11.163 8.82462 0
      vertex 21 12 0
      vertex 11.9436 8.11186 0
    endloop
  endfacet
  facet normal 0 0 -1
    outer loop
      vertex 10.9253 9.04163 0
      vertex 21 12 0
      vertex 11.163 8.82462 0
    endloop
  endfacet
  facet normal 0 0 -1
    outer loop
      vertex 10.6631 9.23832 0
      vertex 21 12 0
      vertex 10.9253 9.04163 0
    endloop
  endfacet
  facet normal 0 0 -1
    outer loop
      vertex 9.80183 9.88433 0
      vertex 21 12 0
      vertex 10.6631 9.23832 0
    endloop
  endfacet
  facet normal 0 0 -1
    outer loop
      vertex 9.51758 10.0588 0
      vertex 21 12 0
      vertex 9.80183 9.88433 0
    endloop
  endfacet
  facet normal 0 0 -1
    outer loop
      vertex 8.58396 10.6318 0
      vertex 21 12 0
      vertex 9.51758 10.0588 0
    endloop
  endfacet
  facet normal 0 0 -1
    outer loop
      vertex 7.58697 11.1264 0
      vertex 21 12 0
      vertex 8.58396 10.6318 0
    endloop
  endfacet
  facet normal 0 0 -1
    outer loop
      vertex 7.28342 11.277 0
      vertex 21 12 0
      vertex 7.58697 11.1264 0
    endloop
  endfacet
  facet normal 0 0 -1
    outer loop
      vertex 6.9635 11.4022 0
      vertex 21 12 0
      vertex 7.28342 11.277 0
    endloop
  endfacet
  facet normal 0 0 -1
    outer loop
      vertex 5.91273 11.8135 0
      vertex 21 12 0
      vertex 6.9635 11.4022 0
    endloop
  endfacet
  facet normal -0 0 -1
    outer loop
      vertex 21 12 0
      vertex 5.91273 11.8135 0
      vertex 5.28279 12 0
    endloop
  endfacet
  facet normal -0.772994 0.634413 1.38502e-18
    outer loop
      vertex -23.4944 10.6667 0
      vertex -23.1213 11.1213 9
      vertex -23.1213 11.1213 0
    endloop
  endfacet
  facet normal -0.772994 0.634413 1.38502e-18
    outer loop
      vertex -23.1213 11.1213 9
      vertex -23.4944 10.6667 0
      vertex -23.4944 10.6667 9
    endloop
  endfacet
  facet normal 0.956894 0.290437 -2.78363e-19
    outer loop
      vertex 23.9424 9.58527 9
      vertex 23.7716 10.148 0
      vertex 23.7716 10.148 9
    endloop
  endfacet
  facet normal 0.956894 0.290437 -2.78363e-19
    outer loop
      vertex 23.7716 10.148 0
      vertex 23.9424 9.58527 9
      vertex 23.9424 9.58527 0
    endloop
  endfacet
  facet normal 0.634413 0.772994 -0
    outer loop
      vertex 23.1213 11.1213 0
      vertex 22.6667 11.4944 9
      vertex 23.1213 11.1213 9
    endloop
  endfacet
  facet normal 0.634413 0.772994 0
    outer loop
      vertex 22.6667 11.4944 9
      vertex 23.1213 11.1213 0
      vertex 22.6667 11.4944 0
    endloop
  endfacet
  facet normal 0.881957 0.471329 -9.70951e-20
    outer loop
      vertex 23.7716 10.148 9
      vertex 23.4944 10.6667 0
      vertex 23.4944 10.6667 9
    endloop
  endfacet
  facet normal 0.881957 0.471329 -9.70951e-20
    outer loop
      vertex 23.4944 10.6667 0
      vertex 23.7716 10.148 9
      vertex 23.7716 10.148 0
    endloop
  endfacet
  facet normal 0.63434 -0.773054 0
    outer loop
      vertex -21.6728 9.67279 1.5
      vertex -21.4 9.89664 9
      vertex -21.6728 9.67279 9
    endloop
  endfacet
  facet normal 0.63434 -0.773054 0
    outer loop
      vertex -21.4 9.89664 9
      vertex -21.6728 9.67279 1.5
      vertex -21.4 9.89664 1.5
    endloop
  endfacet
  facet normal 0 1 -0
    outer loop
      vertex 20.4 -10.2 1.5
      vertex -20.4 -10.2 9
      vertex 20.4 -10.2 9
    endloop
  endfacet
  facet normal 0 1 0
    outer loop
      vertex -20.4 -10.2 9
      vertex 20.4 -10.2 1.5
      vertex -20.4 -10.2 1.5
    endloop
  endfacet
  facet normal -0.956965 -0.290204 -2.1275e-19
    outer loop
      vertex 22.1654 8.75116 1.5
      vertex 22.063 9.08883 9
      vertex 22.063 9.08883 1.5
    endloop
  endfacet
  facet normal -0.956965 -0.290204 -2.1275e-19
    outer loop
      vertex 22.063 9.08883 9
      vertex 22.1654 8.75116 1.5
      vertex 22.1654 8.75116 9
    endloop
  endfacet
  facet normal 1 -0 0
    outer loop
      vertex -22.2 -8.4 9
      vertex -22.2 8.4 1.5
      vertex -22.2 8.4 9
    endloop
  endfacet
  facet normal 1 0 0
    outer loop
      vertex -22.2 8.4 1.5
      vertex -22.2 -8.4 9
      vertex -22.2 -8.4 1.5
    endloop
  endfacet
  facet normal 0.88185 0.471529 -1.10697e-18
    outer loop
      vertex -21.8966 -9.40003 9
      vertex -22.063 -9.08883 1.5
      vertex -22.063 -9.08883 9
    endloop
  endfacet
  facet normal 0.88185 0.471529 -1.10697e-18
    outer loop
      vertex -22.063 -9.08883 1.5
      vertex -21.8966 -9.40003 9
      vertex -21.8966 -9.40003 1.5
    endloop
  endfacet
  facet normal 0.773078 0.634311 -3.08018e-19
    outer loop
      vertex -21.6728 -9.67279 9
      vertex -21.8966 -9.40003 1.5
      vertex -21.8966 -9.40003 9
    endloop
  endfacet
  facet normal 0.773078 0.634311 -3.08018e-19
    outer loop
      vertex -21.8966 -9.40003 1.5
      vertex -21.6728 -9.67279 9
      vertex -21.6728 -9.67279 1.5
    endloop
  endfacet
  facet normal 0.471441 0.881898 -0
    outer loop
      vertex -21.0888 -10.063 1.5
      vertex -21.4 -9.89664 9
      vertex -21.0888 -10.063 9
    endloop
  endfacet
  facet normal 0.471441 0.881898 0
    outer loop
      vertex -21.4 -9.89664 9
      vertex -21.0888 -10.063 1.5
      vertex -21.4 -9.89664 1.5
    endloop
  endfacet
  facet normal 0.956965 -0.290204 2.1275e-19
    outer loop
      vertex -22.1654 8.75116 9
      vertex -22.063 9.08883 1.5
      vertex -22.063 9.08883 9
    endloop
  endfacet
  facet normal 0.956965 -0.290204 2.1275e-19
    outer loop
      vertex -22.063 9.08883 1.5
      vertex -22.1654 8.75116 9
      vertex -22.1654 8.75116 1.5
    endloop
  endfacet
  facet normal 0 -1 0
    outer loop
      vertex -20.4 10.2 9
      vertex -4.5 10.2 6
      vertex 20.4 10.2 9
    endloop
  endfacet
  facet normal 0 -1 0
    outer loop
      vertex -20.4 10.2 1.5
      vertex -4.5 10.2 6
      vertex -20.4 10.2 9
    endloop
  endfacet
  facet normal 0 -1 -0
    outer loop
      vertex -4.5 10.2 2
      vertex -20.4 10.2 1.5
      vertex 4.5 10.2 2
    endloop
  endfacet
  facet normal 0 -1 -0
    outer loop
      vertex -4.5 10.2 6
      vertex -20.4 10.2 1.5
      vertex -4.5 10.2 2
    endloop
  endfacet
  facet normal 0 -1 0
    outer loop
      vertex 4.5 10.2 6
      vertex 20.4 10.2 9
      vertex -4.5 10.2 6
    endloop
  endfacet
  facet normal 0 -1 0
    outer loop
      vertex 20.4 10.2 1.5
      vertex 4.5 10.2 6
      vertex 4.5 10.2 2
    endloop
  endfacet
  facet normal 0 -1 0
    outer loop
      vertex 4.5 10.2 6
      vertex 20.4 10.2 1.5
      vertex 20.4 10.2 9
    endloop
  endfacet
  facet normal 0 -1 0
    outer loop
      vertex 20.4 10.2 1.5
      vertex 4.5 10.2 2
      vertex -20.4 10.2 1.5
    endloop
  endfacet
  facet normal 0.995181 -0.0980558 -1.87309e-19
    outer loop
      vertex -22.2 8.4 9
      vertex -22.1654 8.75116 1.5
      vertex -22.1654 8.75116 9
    endloop
  endfacet
  facet normal 0.995181 -0.0980558 -1.87309e-19
    outer loop
      vertex -22.1654 8.75116 1.5
      vertex -22.2 8.4 9
      vertex -22.2 8.4 1.5
    endloop
  endfacet
  facet normal 0.88185 -0.471529 1.10697e-18
    outer loop
      vertex -22.063 9.08883 9
      vertex -21.8966 9.40003 1.5
      vertex -21.8966 9.40003 9
    endloop
  endfacet
  facet normal 0.88185 -0.471529 1.10697e-18
    outer loop
      vertex -21.8966 9.40003 1.5
      vertex -22.063 9.08883 9
      vertex -22.063 9.08883 1.5
    endloop
  endfacet
  facet normal 0.63434 0.773054 -0
    outer loop
      vertex -21.4 -9.89664 1.5
      vertex -21.6728 -9.67279 9
      vertex -21.4 -9.89664 9
    endloop
  endfacet
  facet normal 0.63434 0.773054 0
    outer loop
      vertex -21.6728 -9.67279 9
      vertex -21.4 -9.89664 1.5
      vertex -21.6728 -9.67279 1.5
    endloop
  endfacet
  facet normal -0.88185 -0.471529 -1.10697e-18
    outer loop
      vertex 22.063 9.08883 1.5
      vertex 21.8966 9.40003 9
      vertex 21.8966 9.40003 1.5
    endloop
  endfacet
  facet normal -0.88185 -0.471529 -1.10697e-18
    outer loop
      vertex 21.8966 9.40003 9
      vertex 22.063 9.08883 1.5
      vertex 22.063 9.08883 9
    endloop
  endfacet
  facet normal 0.773078 -0.634311 3.08018e-19
    outer loop
      vertex -21.8966 9.40003 9
      vertex -21.6728 9.67279 1.5
      vertex -21.6728 9.67279 9
    endloop
  endfacet
  facet normal 0.773078 -0.634311 3.08018e-19
    outer loop
      vertex -21.6728 9.67279 1.5
      vertex -21.8966 9.40003 9
      vertex -21.8966 9.40003 1.5
    endloop
  endfacet
  facet normal 0.290259 0.956948 -0
    outer loop
      vertex -20.7512 -10.1654 1.5
      vertex -21.0888 -10.063 9
      vertex -20.7512 -10.1654 9
    endloop
  endfacet
  facet normal 0.290259 0.956948 0
    outer loop
      vertex -21.0888 -10.063 9
      vertex -20.7512 -10.1654 1.5
      vertex -21.0888 -10.063 1.5
    endloop
  endfacet
  facet normal -0.471441 -0.881898 0
    outer loop
      vertex 21.0888 10.063 1.5
      vertex 21.4 9.89664 9
      vertex 21.0888 10.063 9
    endloop
  endfacet
  facet normal -0.471441 -0.881898 -0
    outer loop
      vertex 21.4 9.89664 9
      vertex 21.0888 10.063 1.5
      vertex 21.4 9.89664 1.5
    endloop
  endfacet
  facet normal 0.995181 0.0980558 1.87309e-19
    outer loop
      vertex -22.1654 -8.75116 9
      vertex -22.2 -8.4 1.5
      vertex -22.2 -8.4 9
    endloop
  endfacet
  facet normal 0.995181 0.0980558 1.87309e-19
    outer loop
      vertex -22.2 -8.4 1.5
      vertex -22.1654 -8.75116 9
      vertex -22.1654 -8.75116 1.5
    endloop
  endfacet
  facet normal 0.956965 0.290204 -2.1275e-19
    outer loop
      vertex -22.063 -9.08883 9
      vertex -22.1654 -8.75116 1.5
      vertex -22.1654 -8.75116 9
    endloop
  endfacet
  facet normal 0.956965 0.290204 -2.1275e-19
    outer loop
      vertex -22.1654 -8.75116 1.5
      vertex -22.063 -9.08883 9
      vertex -22.063 -9.08883 1.5
    endloop
  endfacet
  facet normal 0 0 1
    outer loop
      vertex -10.75 9 1.5
      vertex -18.899 6.89896 1.5
      vertex -10.75 -9 1.5
    endloop
  endfacet
  facet normal 0 0 1
    outer loop
      vertex -10.75 -9 1.5
      vertex -18.7147 -7.17472 1.5
      vertex -18.65 -7.5 1.5
    endloop
  endfacet
  facet normal -0 0 1
    outer loop
      vertex -18.899 -6.89896 1.5
      vertex -10.75 -9 1.5
      vertex -18.899 6.89896 1.5
    endloop
  endfacet
  facet normal 0 0 1
    outer loop
      vertex -10.75 -9 1.5
      vertex -18.899 -6.89896 1.5
      vertex -18.7147 -7.17472 1.5
    endloop
  endfacet
  facet normal -0 0 1
    outer loop
      vertex -19.1747 6.7147 1.5
      vertex -18.899 -6.89896 1.5
      vertex -18.899 6.89896 1.5
    endloop
  endfacet
  facet normal 0 0 1
    outer loop
      vertex -19.1747 6.7147 1.5
      vertex -19.1747 -6.7147 1.5
      vertex -18.899 -6.89896 1.5
    endloop
  endfacet
  facet normal -0 0 1
    outer loop
      vertex -19.5 6.65 1.5
      vertex -19.1747 -6.7147 1.5
      vertex -19.1747 6.7147 1.5
    endloop
  endfacet
  facet normal 0 0 1
    outer loop
      vertex -19.5 6.65 1.5
      vertex -19.5 -6.65 1.5
      vertex -19.1747 -6.7147 1.5
    endloop
  endfacet
  facet normal 0 0 1
    outer loop
      vertex -19.8253 6.7147 1.5
      vertex -19.5 -6.65 1.5
      vertex -19.5 6.65 1.5
    endloop
  endfacet
  facet normal 0 0 1
    outer loop
      vertex -19.8253 6.7147 1.5
      vertex -19.8253 -6.7147 1.5
      vertex -19.5 -6.65 1.5
    endloop
  endfacet
  facet normal 0 0 1
    outer loop
      vertex -20.101 6.89896 1.5
      vertex -19.8253 -6.7147 1.5
      vertex -19.8253 6.7147 1.5
    endloop
  endfacet
  facet normal 0 0 1
    outer loop
      vertex -20.101 6.89896 1.5
      vertex -20.101 -6.89896 1.5
      vertex -19.8253 -6.7147 1.5
    endloop
  endfacet
  facet normal 0 0 1
    outer loop
      vertex -22.2 8.4 1.5
      vertex -20.101 6.89896 1.5
      vertex -20.2853 7.17472 1.5
    endloop
  endfacet
  facet normal 0 0 1
    outer loop
      vertex -20.101 6.89896 1.5
      vertex -22.2 8.4 1.5
      vertex -20.101 -6.89896 1.5
    endloop
  endfacet
  facet normal 0 0 1
    outer loop
      vertex -22.2 8.4 1.5
      vertex -20.2853 7.17472 1.5
      vertex -20.35 7.5 1.5
    endloop
  endfacet
  facet normal 0 0 1
    outer loop
      vertex -22.2 -8.4 1.5
      vertex -20.101 -6.89896 1.5
      vertex -22.2 8.4 1.5
    endloop
  endfacet
  facet normal 0 0 1
    outer loop
      vertex 22.2 8.4 1.5
      vertex 20.101 6.89896 1.5
      vertex 22.2 -8.4 1.5
    endloop
  endfacet
  facet normal 0 0 1
    outer loop
      vertex 22.2 -8.4 1.5
      vertex 20.2853 -7.17472 1.5
      vertex 20.35 -7.5 1.5
    endloop
  endfacet
  facet normal -0 0 1
    outer loop
      vertex 20.101 -6.89896 1.5
      vertex 22.2 -8.4 1.5
      vertex 20.101 6.89896 1.5
    endloop
  endfacet
  facet normal 0 0 1
    outer loop
      vertex 22.2 -8.4 1.5
      vertex 20.101 -6.89896 1.5
      vertex 20.2853 -7.17472 1.5
    endloop
  endfacet
  facet normal -0 0 1
    outer loop
      vertex 19.8253 6.7147 1.5
      vertex 20.101 -6.89896 1.5
      vertex 20.101 6.89896 1.5
    endloop
  endfacet
  facet normal 0 0 1
    outer loop
      vertex 19.8253 6.7147 1.5
      vertex 19.8253 -6.7147 1.5
      vertex 20.101 -6.89896 1.5
    endloop
  endfacet
  facet normal -0 0 1
    outer loop
      vertex 19.5 6.65 1.5
      vertex 19.8253 -6.7147 1.5
      vertex 19.8253 6.7147 1.5
    endloop
  endfacet
  facet normal 0 0 1
    outer loop
      vertex 19.5 6.65 1.5
      vertex 19.5 -6.65 1.5
      vertex 19.8253 -6.7147 1.5
    endloop
  endfacet
  facet normal 0 0 1
    outer loop
      vertex 19.1747 6.7147 1.5
      vertex 19.5 -6.65 1.5
      vertex 19.5 6.65 1.5
    endloop
  endfacet
  facet normal 0 0 1
    outer loop
      vertex 19.1747 6.7147 1.5
      vertex 19.1747 -6.7147 1.5
      vertex 19.5 -6.65 1.5
    endloop
  endfacet
  facet normal 0 0 1
    outer loop
      vertex 18.899 6.89896 1.5
      vertex 19.1747 -6.7147 1.5
      vertex 19.1747 6.7147 1.5
    endloop
  endfacet
  facet normal 0 0 1
    outer loop
      vertex 18.899 6.89896 1.5
      vertex 18.899 -6.89896 1.5
      vertex 19.1747 -6.7147 1.5
    endloop
  endfacet
  facet normal 0 0 1
    outer loop
      vertex 10.75 9 1.5
      vertex 18.899 6.89896 1.5
      vertex 18.7147 7.17472 1.5
    endloop
  endfacet
  facet normal 0 0 1
    outer loop
      vertex 18.899 6.89896 1.5
      vertex 10.75 9 1.5
      vertex 18.899 -6.89896 1.5
    endloop
  endfacet
  facet normal 0 0 1
    outer loop
      vertex 10.75 9 1.5
      vertex 18.7147 7.17472 1.5
      vertex 18.65 7.5 1.5
    endloop
  endfacet
  facet normal 0 0 1
    outer loop
      vertex 10.75 -9 1.5
      vertex 18.899 -6.89896 1.5
      vertex 10.75 9 1.5
    endloop
  endfacet
  facet normal 0 0 1
    outer loop
      vertex 20.2853 7.82528 1.5
      vertex 22.2 8.4 1.5
      vertex 22.1654 8.75116 1.5
    endloop
  endfacet
  facet normal 0 0 1
    outer loop
      vertex 20.2853 7.17472 1.5
      vertex 22.2 8.4 1.5
      vertex 20.35 7.5 1.5
    endloop
  endfacet
  facet normal 0 0 1
    outer loop
      vertex 20.101 8.10104 1.5
      vertex 22.1654 8.75116 1.5
      vertex 22.063 9.08883 1.5
    endloop
  endfacet
  facet normal 0 0 1
    outer loop
      vertex 20.101 6.89896 1.5
      vertex 22.2 8.4 1.5
      vertex 20.2853 7.17472 1.5
    endloop
  endfacet
  facet normal 0 0 1
    outer loop
      vertex 20.101 8.10104 1.5
      vertex 22.063 9.08883 1.5
      vertex 21.8966 9.40003 1.5
    endloop
  endfacet
  facet normal -0 0 1
    outer loop
      vertex 20.2853 -7.82528 1.5
      vertex 22.2 -8.4 1.5
      vertex 20.35 -7.5 1.5
    endloop
  endfacet
  facet normal 0 0 1
    outer loop
      vertex 20.101 8.10104 1.5
      vertex 21.8966 9.40003 1.5
      vertex 21.6728 9.67279 1.5
    endloop
  endfacet
  facet normal 0 0 1
    outer loop
      vertex 22.2 -8.4 1.5
      vertex 20.2853 -7.82528 1.5
      vertex 22.1654 -8.75116 1.5
    endloop
  endfacet
  facet normal 0 0 1
    outer loop
      vertex 20.101 8.10104 1.5
      vertex 21.6728 9.67279 1.5
      vertex 21.4 9.89664 1.5
    endloop
  endfacet
  facet normal -0 0 1
    outer loop
      vertex 20.101 -8.10104 1.5
      vertex 22.1654 -8.75116 1.5
      vertex 20.2853 -7.82528 1.5
    endloop
  endfacet
  facet normal 0 0 1
    outer loop
      vertex 20.101 8.10104 1.5
      vertex 21.4 9.89664 1.5
      vertex 21.0888 10.063 1.5
    endloop
  endfacet
  facet normal 0 0 1
    outer loop
      vertex 22.1654 -8.75116 1.5
      vertex 20.101 -8.10104 1.5
      vertex 22.063 -9.08883 1.5
    endloop
  endfacet
  facet normal 0 0 1
    outer loop
      vertex 20.101 8.10104 1.5
      vertex 21.0888 10.063 1.5
      vertex 20.7512 10.1654 1.5
    endloop
  endfacet
  facet normal 0 0 1
    outer loop
      vertex 22.063 -9.08883 1.5
      vertex 20.101 -8.10104 1.5
      vertex 21.8966 -9.40003 1.5
    endloop
  endfacet
  facet normal 0 0 1
    outer loop
      vertex 19.8253 8.2853 1.5
      vertex 20.7512 10.1654 1.5
      vertex 20.4 10.2 1.5
    endloop
  endfacet
  facet normal 0 0 1
    outer loop
      vertex 21.8966 -9.40003 1.5
      vertex 20.101 -8.10104 1.5
      vertex 21.6728 -9.67279 1.5
    endloop
  endfacet
  facet normal 0 0 1
    outer loop
      vertex 21.6728 -9.67279 1.5
      vertex 20.101 -8.10104 1.5
      vertex 21.4 -9.89664 1.5
    endloop
  endfacet
  facet normal 0 0 1
    outer loop
      vertex 22.2 8.4 1.5
      vertex 20.2853 7.82528 1.5
      vertex 20.35 7.5 1.5
    endloop
  endfacet
  facet normal 0 0 1
    outer loop
      vertex 22.1654 8.75116 1.5
      vertex 20.101 8.10104 1.5
      vertex 20.2853 7.82528 1.5
    endloop
  endfacet
  facet normal 0 0 1
    outer loop
      vertex 20.7512 10.1654 1.5
      vertex 19.8253 8.2853 1.5
      vertex 20.101 8.10104 1.5
    endloop
  endfacet
  facet normal 0 0 1
    outer loop
      vertex 20.4 10.2 1.5
      vertex 19.5 8.35 1.5
      vertex 19.8253 8.2853 1.5
    endloop
  endfacet
  facet normal 0 0 1
    outer loop
      vertex 20.4 10.2 1.5
      vertex 19.1747 8.2853 1.5
      vertex 19.5 8.35 1.5
    endloop
  endfacet
  facet normal 0 0 1
    outer loop
      vertex 20.4 10.2 1.5
      vertex 18.899 8.10104 1.5
      vertex 19.1747 8.2853 1.5
    endloop
  endfacet
  facet normal 0 0 1
    outer loop
      vertex 18.899 -6.89896 1.5
      vertex 10.75 -9 1.5
      vertex 18.7147 -7.17472 1.5
    endloop
  endfacet
  facet normal 0 0 1
    outer loop
      vertex 18.7147 7.82528 1.5
      vertex 10.75 9 1.5
      vertex 18.65 7.5 1.5
    endloop
  endfacet
  facet normal 0 0 1
    outer loop
      vertex 18.899 8.10104 1.5
      vertex 10.75 9 1.5
      vertex 18.7147 7.82528 1.5
    endloop
  endfacet
  facet normal 0 0 1
    outer loop
      vertex 20.4 10.2 1.5
      vertex 10.75 9 1.5
      vertex 18.899 8.10104 1.5
    endloop
  endfacet
  facet normal 0 0 1
    outer loop
      vertex 20.4 10.2 1.5
      vertex -10.75 9 1.5
      vertex 10.75 9 1.5
    endloop
  endfacet
  facet normal 0 0 1
    outer loop
      vertex -18.7147 7.17472 1.5
      vertex -10.75 9 1.5
      vertex -18.65 7.5 1.5
    endloop
  endfacet
  facet normal 0 0 1
    outer loop
      vertex -10.75 9 1.5
      vertex -18.7147 7.82528 1.5
      vertex -18.65 7.5 1.5
    endloop
  endfacet
  facet normal 0 0 1
    outer loop
      vertex -10.75 9 1.5
      vertex -18.899 8.10104 1.5
      vertex -18.7147 7.82528 1.5
    endloop
  endfacet
  facet normal 0 0 1
    outer loop
      vertex -20.4 10.2 1.5
      vertex -18.899 8.10104 1.5
      vertex -10.75 9 1.5
    endloop
  endfacet
  facet normal 0 0 1
    outer loop
      vertex -18.899 8.10104 1.5
      vertex -20.4 10.2 1.5
      vertex -19.1747 8.2853 1.5
    endloop
  endfacet
  facet normal -0 0 1
    outer loop
      vertex -21.4 9.89664 1.5
      vertex -20.101 8.10104 1.5
      vertex -21.0888 10.063 1.5
    endloop
  endfacet
  facet normal -0 0 1
    outer loop
      vertex -21.0888 10.063 1.5
      vertex -20.101 8.10104 1.5
      vertex -20.7512 10.1654 1.5
    endloop
  endfacet
  facet normal 0 0 1
    outer loop
      vertex -19.8253 8.2853 1.5
      vertex -20.7512 10.1654 1.5
      vertex -20.101 8.10104 1.5
    endloop
  endfacet
  facet normal -0 0 1
    outer loop
      vertex -20.7512 10.1654 1.5
      vertex -19.8253 8.2853 1.5
      vertex -20.4 10.2 1.5
    endloop
  endfacet
  facet normal 0 0 1
    outer loop
      vertex -19.5 8.35 1.5
      vertex -20.4 10.2 1.5
      vertex -19.8253 8.2853 1.5
    endloop
  endfacet
  facet normal 0 0 1
    outer loop
      vertex -19.1747 8.2853 1.5
      vertex -20.4 10.2 1.5
      vertex -19.5 8.35 1.5
    endloop
  endfacet
  facet normal -0 0 1
    outer loop
      vertex -20.4 10.2 1.5
      vertex -10.75 9 1.5
      vertex 20.4 10.2 1.5
    endloop
  endfacet
  facet normal 0 0 1
    outer loop
      vertex 21.4 -9.89664 1.5
      vertex 20.101 -8.10104 1.5
      vertex 21.0888 -10.063 1.5
    endloop
  endfacet
  facet normal 0 0 1
    outer loop
      vertex 21.0888 -10.063 1.5
      vertex 20.101 -8.10104 1.5
      vertex 20.7512 -10.1654 1.5
    endloop
  endfacet
  facet normal -0 0 1
    outer loop
      vertex 19.8253 -8.2853 1.5
      vertex 20.7512 -10.1654 1.5
      vertex 20.101 -8.10104 1.5
    endloop
  endfacet
  facet normal 0 0 1
    outer loop
      vertex 20.7512 -10.1654 1.5
      vertex 19.8253 -8.2853 1.5
      vertex 20.4 -10.2 1.5
    endloop
  endfacet
  facet normal -0 0 1
    outer loop
      vertex 19.5 -8.35 1.5
      vertex 20.4 -10.2 1.5
      vertex 19.8253 -8.2853 1.5
    endloop
  endfacet
  facet normal 0 0 1
    outer loop
      vertex 19.1747 -8.2853 1.5
      vertex 20.4 -10.2 1.5
      vertex 19.5 -8.35 1.5
    endloop
  endfacet
  facet normal 0 0 1
    outer loop
      vertex 18.899 -8.10104 1.5
      vertex 20.4 -10.2 1.5
      vertex 19.1747 -8.2853 1.5
    endloop
  endfacet
  facet normal 0 0 1
    outer loop
      vertex 18.7147 -7.17472 1.5
      vertex 10.75 -9 1.5
      vertex 18.65 -7.5 1.5
    endloop
  endfacet
  facet normal 0 0 1
    outer loop
      vertex 18.65 -7.5 1.5
      vertex 10.75 -9 1.5
      vertex 18.7147 -7.82528 1.5
    endloop
  endfacet
  facet normal 0 0 1
    outer loop
      vertex 10.75 -9 1.5
      vertex 18.899 -8.10104 1.5
      vertex 18.7147 -7.82528 1.5
    endloop
  endfacet
  facet normal -0 0 1
    outer loop
      vertex 10.75 -9 1.5
      vertex 20.4 -10.2 1.5
      vertex 18.899 -8.10104 1.5
    endloop
  endfacet
  facet normal -0 0 1
    outer loop
      vertex -10.75 -9 1.5
      vertex 20.4 -10.2 1.5
      vertex 10.75 -9 1.5
    endloop
  endfacet
  facet normal 0 0 1
    outer loop
      vertex -18.899 6.89896 1.5
      vertex -10.75 9 1.5
      vertex -18.7147 7.17472 1.5
    endloop
  endfacet
  facet normal -0 0 1
    outer loop
      vertex -18.7147 -7.82528 1.5
      vertex -10.75 -9 1.5
      vertex -18.65 -7.5 1.5
    endloop
  endfacet
  facet normal -0 0 1
    outer loop
      vertex -18.899 -8.10104 1.5
      vertex -10.75 -9 1.5
      vertex -18.7147 -7.82528 1.5
    endloop
  endfacet
  facet normal 0 0 1
    outer loop
      vertex -20.4 -10.2 1.5
      vertex -18.899 -8.10104 1.5
      vertex -19.1747 -8.2853 1.5
    endloop
  endfacet
  facet normal 0 0 1
    outer loop
      vertex -20.4 -10.2 1.5
      vertex -19.1747 -8.2853 1.5
      vertex -19.5 -8.35 1.5
    endloop
  endfacet
  facet normal 0 0 1
    outer loop
      vertex -10.75 -9 1.5
      vertex -20.4 -10.2 1.5
      vertex 20.4 -10.2 1.5
    endloop
  endfacet
  facet normal 0 0 1
    outer loop
      vertex -18.899 -8.10104 1.5
      vertex -20.4 -10.2 1.5
      vertex -10.75 -9 1.5
    endloop
  endfacet
  facet normal 0 0 1
    outer loop
      vertex -19.8253 -8.2853 1.5
      vertex -20.4 -10.2 1.5
      vertex -19.5 -8.35 1.5
    endloop
  endfacet
  facet normal 0 0 1
    outer loop
      vertex -20.7512 -10.1654 1.5
      vertex -19.8253 -8.2853 1.5
      vertex -20.101 -8.10104 1.5
    endloop
  endfacet
  facet normal 0 0 1
    outer loop
      vertex -22.1654 -8.75116 1.5
      vertex -20.101 -8.10104 1.5
      vertex -20.2853 -7.82528 1.5
    endloop
  endfacet
  facet normal 0 0 1
    outer loop
      vertex -22.2 -8.4 1.5
      vertex -20.2853 -7.82528 1.5
      vertex -20.35 -7.5 1.5
    endloop
  endfacet
  facet normal 0 0 1
    outer loop
      vertex -20.101 -6.89896 1.5
      vertex -22.2 -8.4 1.5
      vertex -20.2853 -7.17472 1.5
    endloop
  endfacet
  facet normal -0 0 1
    outer loop
      vertex -21.6728 9.67279 1.5
      vertex -20.101 8.10104 1.5
      vertex -21.4 9.89664 1.5
    endloop
  endfacet
  facet normal 0 0 1
    outer loop
      vertex -20.2853 -7.17472 1.5
      vertex -22.2 -8.4 1.5
      vertex -20.35 -7.5 1.5
    endloop
  endfacet
  facet normal -0 0 1
    outer loop
      vertex -21.8966 9.40003 1.5
      vertex -20.101 8.10104 1.5
      vertex -21.6728 9.67279 1.5
    endloop
  endfacet
  facet normal 0 0 1
    outer loop
      vertex -20.2853 -7.82528 1.5
      vertex -22.2 -8.4 1.5
      vertex -22.1654 -8.75116 1.5
    endloop
  endfacet
  facet normal -0 0 1
    outer loop
      vertex -22.063 9.08883 1.5
      vertex -20.101 8.10104 1.5
      vertex -21.8966 9.40003 1.5
    endloop
  endfacet
  facet normal 0 0 1
    outer loop
      vertex -19.8253 -8.2853 1.5
      vertex -20.7512 -10.1654 1.5
      vertex -20.4 -10.2 1.5
    endloop
  endfacet
  facet normal -0 0 1
    outer loop
      vertex -22.1654 8.75116 1.5
      vertex -20.101 8.10104 1.5
      vertex -22.063 9.08883 1.5
    endloop
  endfacet
  facet normal 0 0 1
    outer loop
      vertex -20.101 -8.10104 1.5
      vertex -21.0888 -10.063 1.5
      vertex -20.7512 -10.1654 1.5
    endloop
  endfacet
  facet normal 0 0 1
    outer loop
      vertex -20.101 8.10104 1.5
      vertex -22.1654 8.75116 1.5
      vertex -20.2853 7.82528 1.5
    endloop
  endfacet
  facet normal 0 0 1
    outer loop
      vertex -20.101 -8.10104 1.5
      vertex -21.4 -9.89664 1.5
      vertex -21.0888 -10.063 1.5
    endloop
  endfacet
  facet normal -0 0 1
    outer loop
      vertex -22.2 8.4 1.5
      vertex -20.2853 7.82528 1.5
      vertex -22.1654 8.75116 1.5
    endloop
  endfacet
  facet normal 0 0 1
    outer loop
      vertex -20.101 -8.10104 1.5
      vertex -21.6728 -9.67279 1.5
      vertex -21.4 -9.89664 1.5
    endloop
  endfacet
  facet normal 0 0 1
    outer loop
      vertex -20.2853 7.82528 1.5
      vertex -22.2 8.4 1.5
      vertex -20.35 7.5 1.5
    endloop
  endfacet
  facet normal 0 0 1
    outer loop
      vertex -20.101 -8.10104 1.5
      vertex -21.8966 -9.40003 1.5
      vertex -21.6728 -9.67279 1.5
    endloop
  endfacet
  facet normal 0 0 1
    outer loop
      vertex -20.101 -8.10104 1.5
      vertex -22.063 -9.08883 1.5
      vertex -21.8966 -9.40003 1.5
    endloop
  endfacet
  facet normal 0 0 1
    outer loop
      vertex -20.101 -8.10104 1.5
      vertex -22.1654 -8.75116 1.5
      vertex -22.063 -9.08883 1.5
    endloop
  endfacet
  facet normal -0.290259 0.956948 0
    outer loop
      vertex 21.0888 -10.063 1.5
      vertex 20.7512 -10.1654 9
      vertex 21.0888 -10.063 9
    endloop
  endfacet
  facet normal -0.290259 0.956948 0
    outer loop
      vertex 20.7512 -10.1654 9
      vertex 21.0888 -10.063 1.5
      vertex 20.7512 -10.1654 1.5
    endloop
  endfacet
  facet normal -0.290259 -0.956948 0
    outer loop
      vertex 20.7512 10.1654 1.5
      vertex 21.0888 10.063 9
      vertex 20.7512 10.1654 9
    endloop
  endfacet
  facet normal -0.290259 -0.956948 -0
    outer loop
      vertex 21.0888 10.063 9
      vertex 20.7512 10.1654 1.5
      vertex 21.0888 10.063 1.5
    endloop
  endfacet
  facet normal -0.88185 0.471529 1.10697e-18
    outer loop
      vertex 21.8966 -9.40003 1.5
      vertex 22.063 -9.08883 9
      vertex 22.063 -9.08883 1.5
    endloop
  endfacet
  facet normal -0.88185 0.471529 1.10697e-18
    outer loop
      vertex 22.063 -9.08883 9
      vertex 21.8966 -9.40003 1.5
      vertex 21.8966 -9.40003 9
    endloop
  endfacet
  facet normal -0.956965 0.290204 2.1275e-19
    outer loop
      vertex 22.063 -9.08883 1.5
      vertex 22.1654 -8.75116 9
      vertex 22.1654 -8.75116 1.5
    endloop
  endfacet
  facet normal -0.956965 0.290204 2.1275e-19
    outer loop
      vertex 22.1654 -8.75116 9
      vertex 22.063 -9.08883 1.5
      vertex 22.063 -9.08883 9
    endloop
  endfacet
  facet normal -0.773078 0.634311 3.08018e-19
    outer loop
      vertex 21.6728 -9.67279 1.5
      vertex 21.8966 -9.40003 9
      vertex 21.8966 -9.40003 1.5
    endloop
  endfacet
  facet normal -0.773078 0.634311 3.08018e-19
    outer loop
      vertex 21.8966 -9.40003 9
      vertex 21.6728 -9.67279 1.5
      vertex 21.6728 -9.67279 9
    endloop
  endfacet
  facet normal -1 0 0
    outer loop
      vertex 22.2 -8.4 1.5
      vertex 22.2 8.4 9
      vertex 22.2 8.4 1.5
    endloop
  endfacet
  facet normal -1 -0 0
    outer loop
      vertex 22.2 8.4 9
      vertex 22.2 -8.4 1.5
      vertex 22.2 -8.4 9
    endloop
  endfacet
  facet normal 0.290259 -0.956948 0
    outer loop
      vertex -21.0888 10.063 1.5
      vertex -20.7512 10.1654 9
      vertex -21.0888 10.063 9
    endloop
  endfacet
  facet normal 0.290259 -0.956948 0
    outer loop
      vertex -20.7512 10.1654 9
      vertex -21.0888 10.063 1.5
      vertex -20.7512 10.1654 1.5
    endloop
  endfacet
  facet normal -0.0980447 0.995182 0
    outer loop
      vertex 20.7512 -10.1654 1.5
      vertex 20.4 -10.2 9
      vertex 20.7512 -10.1654 9
    endloop
  endfacet
  facet normal -0.0980447 0.995182 0
    outer loop
      vertex 20.4 -10.2 9
      vertex 20.7512 -10.1654 1.5
      vertex 20.4 -10.2 1.5
    endloop
  endfacet
  facet normal -0.471441 0.881898 0
    outer loop
      vertex 21.4 -9.89664 1.5
      vertex 21.0888 -10.063 9
      vertex 21.4 -9.89664 9
    endloop
  endfacet
  facet normal -0.471441 0.881898 0
    outer loop
      vertex 21.0888 -10.063 9
      vertex 21.4 -9.89664 1.5
      vertex 21.0888 -10.063 1.5
    endloop
  endfacet
  facet normal -0.0980447 -0.995182 0
    outer loop
      vertex 20.4 10.2 1.5
      vertex 20.7512 10.1654 9
      vertex 20.4 10.2 9
    endloop
  endfacet
  facet normal -0.0980447 -0.995182 -0
    outer loop
      vertex 20.7512 10.1654 9
      vertex 20.4 10.2 1.5
      vertex 20.7512 10.1654 1.5
    endloop
  endfacet
  facet normal 0.0980447 0.995182 -0
    outer loop
      vertex -20.4 -10.2 1.5
      vertex -20.7512 -10.1654 9
      vertex -20.4 -10.2 9
    endloop
  endfacet
  facet normal 0.0980447 0.995182 0
    outer loop
      vertex -20.7512 -10.1654 9
      vertex -20.4 -10.2 1.5
      vertex -20.7512 -10.1654 1.5
    endloop
  endfacet
  facet normal -0.63434 0.773054 0
    outer loop
      vertex 21.6728 -9.67279 1.5
      vertex 21.4 -9.89664 9
      vertex 21.6728 -9.67279 9
    endloop
  endfacet
  facet normal -0.63434 0.773054 0
    outer loop
      vertex 21.4 -9.89664 9
      vertex 21.6728 -9.67279 1.5
      vertex 21.4 -9.89664 1.5
    endloop
  endfacet
  facet normal 0.471441 -0.881898 0
    outer loop
      vertex -21.4 9.89664 1.5
      vertex -21.0888 10.063 9
      vertex -21.4 9.89664 9
    endloop
  endfacet
  facet normal 0.471441 -0.881898 0
    outer loop
      vertex -21.0888 10.063 9
      vertex -21.4 9.89664 1.5
      vertex -21.0888 10.063 1.5
    endloop
  endfacet
  facet normal -0.995181 -0.0980558 1.87309e-19
    outer loop
      vertex 22.2 8.4 1.5
      vertex 22.1654 8.75116 9
      vertex 22.1654 8.75116 1.5
    endloop
  endfacet
  facet normal -0.995181 -0.0980558 1.87309e-19
    outer loop
      vertex 22.1654 8.75116 9
      vertex 22.2 8.4 1.5
      vertex 22.2 8.4 9
    endloop
  endfacet
  facet normal 0.0980447 -0.995182 0
    outer loop
      vertex -20.7512 10.1654 1.5
      vertex -20.4 10.2 9
      vertex -20.7512 10.1654 9
    endloop
  endfacet
  facet normal 0.0980447 -0.995182 0
    outer loop
      vertex -20.4 10.2 9
      vertex -20.7512 10.1654 1.5
      vertex -20.4 10.2 1.5
    endloop
  endfacet
  facet normal -0.995181 0.0980558 -1.87309e-19
    outer loop
      vertex 22.1654 -8.75116 1.5
      vertex 22.2 -8.4 9
      vertex 22.2 -8.4 1.5
    endloop
  endfacet
  facet normal -0.995181 0.0980558 -1.87309e-19
    outer loop
      vertex 22.2 -8.4 9
      vertex 22.1654 -8.75116 1.5
      vertex 22.1654 -8.75116 9
    endloop
  endfacet
  facet normal -0.773078 -0.634311 -3.08018e-19
    outer loop
      vertex 21.8966 9.40003 1.5
      vertex 21.6728 9.67279 9
      vertex 21.6728 9.67279 1.5
    endloop
  endfacet
  facet normal -0.773078 -0.634311 -3.08018e-19
    outer loop
      vertex 21.6728 9.67279 9
      vertex 21.8966 9.40003 1.5
      vertex 21.8966 9.40003 9
    endloop
  endfacet
  facet normal -0.63434 -0.773054 0
    outer loop
      vertex 21.4 9.89664 1.5
      vertex 21.6728 9.67279 9
      vertex 21.4 9.89664 9
    endloop
  endfacet
  facet normal -0.63434 -0.773054 -0
    outer loop
      vertex 21.6728 9.67279 9
      vertex 21.4 9.89664 1.5
      vertex 21.6728 9.67279 1.5
    endloop
  endfacet
  facet normal -0.0829129 0.211837 -0.973781
    outer loop
      vertex 4.15358 -7.65144 1.4
      vertex 4.64922 -9.28901 1.00156
      vertex 3.88268 -7.75747 1.4
    endloop
  endfacet
  facet normal -0.170985 -0.278573 -0.945072
    outer loop
      vertex 7.70725 7.77212 1.00156
      vertex 9.51758 10.0588 0
      vertex 9.80183 9.88433 0
    endloop
  endfacet
  facet normal -0.170984 -0.278574 -0.945072
    outer loop
      vertex 9.51758 10.0588 0
      vertex 7.70725 7.77212 1.00156
      vertex 6.74963 8.35989 1.00156
    endloop
  endfacet
  facet normal -0.287341 0.0514862 -0.956443
    outer loop
      vertex 15.3763 -1.25332 0
      vertex 15.2058 -2.20487 0
      vertex 12.0905 -0.985498 1.00156
    endloop
  endfacet
  facet normal 0.17628 0.100744 -0.979171
    outer loop
      vertex -10.7145 -4.73959 1.00156
      vertex -9.37362 -3.21325 1.4
      vertex -9.07604 -3.73395 1.4
    endloop
  endfacet
  facet normal 0.176288 0.100738 -0.97917
    outer loop
      vertex -9.37362 -3.21325 1.4
      vertex -10.7145 -4.73959 1.00156
      vertex -11.2242 -3.84763 1.00156
    endloop
  endfacet
  facet normal 0.13054 -0.174033 -0.976049
    outer loop
      vertex -6.95221 6.10386 1.4
      vertex -7.17425 5.93731 1.4
      vertex -8.59065 7.1095 1.00156
    endloop
  endfacet
  facet normal 0.147324 0.296968 -0.943454
    outer loop
      vertex -6.74963 -8.35989 1.00156
      vertex -7.58697 -11.1264 0
      vertex -8.58396 -10.6318 0
    endloop
  endfacet
  facet normal -0.261776 -0.149612 -0.953462
    outer loop
      vertex 13.6263 6.02766 0
      vertex 14.1233 5.15806 0
      vertex 10.7145 4.73959 1.00156
    endloop
  endfacet
  facet normal 0.195083 0.0115631 -0.980719
    outer loop
      vertex -12.0905 -0.985498 1.00156
      vertex -10.1312 -0.247705 1.4
      vertex -10.0971 -0.823013 1.4
    endloop
  endfacet
  facet normal 0.195077 0.0115799 -0.98072
    outer loop
      vertex -10.1312 -0.247705 1.4
      vertex -12.0905 -0.985498 1.00156
      vertex -12.149 0 1.00156
    endloop
  endfacet
  facet normal 0.290239 0.0172641 -0.956798
    outer loop
      vertex -15.3937 -0.960797 0
      vertex -12.0905 -0.985498 1.00156
      vertex -15.3763 -1.25332 0
    endloop
  endfacet
  facet normal 0.290239 0.0172288 -0.956799
    outer loop
      vertex -12.0905 -0.985498 1.00156
      vertex -15.3937 -0.960797 0
      vertex -12.149 0 1.00156
    endloop
  endfacet
  facet normal 0.144151 0.157871 -0.976881
    outer loop
      vertex -8.59065 -7.1095 1.00156
      vertex -7.84291 -5.32677 1.4
      vertex -7.3755 -5.75356 1.4
    endloop
  endfacet
  facet normal 0.144153 0.15787 -0.976881
    outer loop
      vertex -7.84291 -5.32677 1.4
      vertex -8.59065 -7.1095 1.00156
      vertex -9.39131 -6.37841 1.00156
    endloop
  endfacet
  facet normal 0.00949968 0.233681 -0.972267
    outer loop
      vertex 0 -10.0544 1.00156
      vertex -0.695164 -8.36837 1.4
      vertex 0 -8.39663 1.4
    endloop
  endfacet
  facet normal 0.0095178 0.233688 -0.972265
    outer loop
      vertex -0.695164 -8.36837 1.4
      vertex 0 -10.0544 1.00156
      vertex -1.19081 -10.0059 1.00156
    endloop
  endfacet
  facet normal -0.247989 0.179615 -0.951966
    outer loop
      vertex 13.6263 -6.02766 0
      vertex 13.0287 -6.85275 0
      vertex 10.7145 -4.73959 1.00156
    endloop
  endfacet
  facet normal 0.28734 -0.0514909 -0.956444
    outer loop
      vertex -15.2058 2.20487 0
      vertex -11.9156 1.96151 1.00156
      vertex -12.0905 0.985498 1.00156
    endloop
  endfacet
  facet normal 0.287333 -0.0515733 -0.956441
    outer loop
      vertex -11.9156 1.96151 1.00156
      vertex -15.2058 2.20487 0
      vertex -15.1538 2.49458 0
    endloop
  endfacet
  facet normal 0.290242 0.0172188 -0.956798
    outer loop
      vertex -12.149 0 1.00156
      vertex -15.3937 -0.960797 0
      vertex -15.4507 0 0
    endloop
  endfacet
  facet normal 0.213459 -0.233776 -0.948569
    outer loop
      vertex -11.163 8.82462 0
      vertex -9.39131 6.37841 1.00156
      vertex -11.9436 8.11186 0
    endloop
  endfacet
  facet normal -0.176288 -0.100738 -0.97917
    outer loop
      vertex 9.37362 3.21325 1.4
      vertex 10.7145 4.73959 1.00156
      vertex 11.2242 3.84763 1.00156
    endloop
  endfacet
  facet normal -0.17628 -0.100744 -0.979171
    outer loop
      vertex 10.7145 4.73959 1.00156
      vertex 9.37362 3.21325 1.4
      vertex 9.07604 3.73395 1.4
    endloop
  endfacet
  facet normal -0.290239 0.0172641 -0.956798
    outer loop
      vertex 12.0905 -0.985498 1.00156
      vertex 15.3937 -0.960797 0
      vertex 15.3763 -1.25332 0
    endloop
  endfacet
  facet normal -0.290239 0.0172288 -0.956799
    outer loop
      vertex 15.3937 -0.960797 0
      vertex 12.0905 -0.985498 1.00156
      vertex 12.149 0 1.00156
    endloop
  endfacet
  facet normal -0.130539 -0.174034 -0.976049
    outer loop
      vertex 6.95221 6.10386 1.4
      vertex 7.70725 7.77212 1.00156
      vertex 8.59065 7.1095 1.00156
    endloop
  endfacet
  facet normal -0.130541 -0.174034 -0.976049
    outer loop
      vertex 7.70725 7.77212 1.00156
      vertex 6.95221 6.10386 1.4
      vertex 6.43651 6.49068 1.4
    endloop
  endfacet
  facet normal -0.009502 0.233693 -0.972264
    outer loop
      vertex 0.994474 -8.3562 1.4
      vertex 1.19081 -10.0059 1.00156
      vertex 0.695164 -8.36837 1.4
    endloop
  endfacet
  facet normal -0.009502 -0.233693 -0.972264
    outer loop
      vertex 1.19081 10.0059 1.00156
      vertex 0.994474 8.3562 1.4
      vertex 0.695164 8.36837 1.4
    endloop
  endfacet
  facet normal 0.195083 -0.0115631 -0.980719
    outer loop
      vertex -10.1312 0.247705 1.4
      vertex -12.0905 0.985498 1.00156
      vertex -10.0971 0.823013 1.4
    endloop
  endfacet
  facet normal 0.195077 -0.0115799 -0.98072
    outer loop
      vertex -12.0905 0.985498 1.00156
      vertex -10.1312 0.247705 1.4
      vertex -12.149 0 1.00156
    endloop
  endfacet
  facet normal 0.247981 0.179618 -0.951968
    outer loop
      vertex -12.8468 -7.10397 0
      vertex -10.7145 -4.73959 1.00156
      vertex -10.1015 -5.5859 1.00156
    endloop
  endfacet
  facet normal 0.248019 0.179582 -0.951965
    outer loop
      vertex -10.7145 -4.73959 1.00156
      vertex -12.8468 -7.10397 0
      vertex -13.0287 -6.85275 0
    endloop
  endfacet
  facet normal 0.0139896 0.344126 -0.938819
    outer loop
      vertex -0.587264 -12 0.279646
      vertex 0 -10.0544 1.00156
      vertex 0 -12 0.288397
    endloop
  endfacet
  facet normal 0.0140155 0.344119 -0.938821
    outer loop
      vertex 0 -10.0544 1.00156
      vertex -0.587264 -12 0.279646
      vertex -1.19081 -10.0059 1.00156
    endloop
  endfacet
  facet normal -0.0095178 0.233688 -0.972265
    outer loop
      vertex 0 -10.0544 1.00156
      vertex 0.695164 -8.36837 1.4
      vertex 1.19081 -10.0059 1.00156
    endloop
  endfacet
  facet normal -0.00949968 0.233681 -0.972267
    outer loop
      vertex 0.695164 -8.36837 1.4
      vertex 0 -10.0544 1.00156
      vertex 0 -8.39663 1.4
    endloop
  endfacet
  facet normal 0.19317 -0.0346322 -0.980554
    outer loop
      vertex -12.0905 0.985498 1.00156
      vertex -9.99495 1.39278 1.4
      vertex -10.0971 0.823013 1.4
    endloop
  endfacet
  facet normal 0.193167 -0.0346152 -0.980555
    outer loop
      vertex -9.99495 1.39278 1.4
      vertex -12.0905 0.985498 1.00156
      vertex -11.9156 1.96151 1.00156
    endloop
  endfacet
  facet normal -0.273022 0.118016 -0.954742
    outer loop
      vertex 11.2242 -3.84763 1.00156
      vertex 14.3938 -4.61754 0
      vertex 14.2746 -4.8933 0
    endloop
  endfacet
  facet normal -0.273013 0.11805 -0.95474
    outer loop
      vertex 14.3938 -4.61754 0
      vertex 11.2242 -3.84763 1.00156
      vertex 11.6259 -2.91862 1.00156
    endloop
  endfacet
  facet normal -0.193107 0.257454 -0.946798
    outer loop
      vertex 10.6631 -9.23832 0
      vertex 9.80183 -9.88433 0
      vertex 7.70725 -7.77212 1.00156
    endloop
  endfacet
  facet normal -0.189365 -0.0573125 -0.980233
    outer loop
      vertex 11.6259 2.91862 1.00156
      vertex 9.78186 2.19684 1.4
      vertex 9.70905 2.43741 1.4
    endloop
  endfacet
  facet normal -0.193165 -0.0346219 -0.980555
    outer loop
      vertex 11.9156 1.96151 1.00156
      vertex 9.99495 1.39278 1.4
      vertex 9.95098 1.6381 1.4
    endloop
  endfacet
  facet normal -0.19317 -0.0346322 -0.980554
    outer loop
      vertex 9.99495 1.39278 1.4
      vertex 12.0905 0.985498 1.00156
      vertex 10.0971 0.823013 1.4
    endloop
  endfacet
  facet normal -0.193167 -0.0346152 -0.980555
    outer loop
      vertex 12.0905 0.985498 1.00156
      vertex 9.99495 1.39278 1.4
      vertex 11.9156 1.96151 1.00156
    endloop
  endfacet
  facet normal -0.28734 -0.0514909 -0.956444
    outer loop
      vertex 11.9156 1.96151 1.00156
      vertex 15.2058 2.20487 0
      vertex 12.0905 0.985498 1.00156
    endloop
  endfacet
  facet normal -0.287333 -0.0515733 -0.956441
    outer loop
      vertex 15.2058 2.20487 0
      vertex 11.9156 1.96151 1.00156
      vertex 15.1538 2.49458 0
    endloop
  endfacet
  facet normal 0.130541 0.174034 -0.976049
    outer loop
      vertex -7.70725 -7.77212 1.00156
      vertex -6.95221 -6.10386 1.4
      vertex -6.43651 -6.49068 1.4
    endloop
  endfacet
  facet normal 0.130539 0.174034 -0.976049
    outer loop
      vertex -6.95221 -6.10386 1.4
      vertex -7.70725 -7.77212 1.00156
      vertex -8.59065 -7.1095 1.00156
    endloop
  endfacet
  facet normal 0.195077 -0.0115768 -0.98072
    outer loop
      vertex -10.1312 0.247705 1.4
      vertex -10.1459 0 1.4
      vertex -12.149 0 1.00156
    endloop
  endfacet
  facet normal 0.195077 0.0115768 -0.98072
    outer loop
      vertex -10.1459 0 1.4
      vertex -10.1312 -0.247705 1.4
      vertex -12.149 0 1.00156
    endloop
  endfacet
  facet normal -0.248019 -0.179582 -0.951965
    outer loop
      vertex 10.7145 4.73959 1.00156
      vertex 12.8468 7.10397 0
      vertex 13.0287 6.85275 0
    endloop
  endfacet
  facet normal -0.247981 -0.179618 -0.951968
    outer loop
      vertex 12.8468 7.10397 0
      vertex 10.7145 4.73959 1.00156
      vertex 10.1015 5.5859 1.00156
    endloop
  endfacet
  facet normal -0.281578 -0.085216 -0.955747
    outer loop
      vertex 14.7854 3.71181 0
      vertex 15.0678 2.77868 0
      vertex 11.6259 2.91862 1.00156
    endloop
  endfacet
  facet normal -0.115697 0.1885 -0.975234
    outer loop
      vertex 5.87747 -6.83381 1.4
      vertex 6.74963 -8.35989 1.00156
      vertex 5.63678 -6.98154 1.4
    endloop
  endfacet
  facet normal -0.130539 0.174034 -0.976049
    outer loop
      vertex 7.70725 -7.77212 1.00156
      vertex 6.95221 -6.10386 1.4
      vertex 8.59065 -7.1095 1.00156
    endloop
  endfacet
  facet normal -0.130541 0.174034 -0.976049
    outer loop
      vertex 6.95221 -6.10386 1.4
      vertex 7.70725 -7.77212 1.00156
      vertex 6.43651 -6.49068 1.4
    endloop
  endfacet
  facet normal -0.273018 0.118042 -0.95474
    outer loop
      vertex 14.7854 -3.71181 0
      vertex 14.3938 -4.61754 0
      vertex 11.6259 -2.91862 1.00156
    endloop
  endfacet
  facet normal -0.170985 0.278573 -0.945072
    outer loop
      vertex 9.51758 -10.0588 0
      vertex 7.70725 -7.77212 1.00156
      vertex 9.80183 -9.88433 0
    endloop
  endfacet
  facet normal -0.170984 0.278574 -0.945072
    outer loop
      vertex 7.70725 -7.77212 1.00156
      vertex 9.51758 -10.0588 0
      vertex 6.74963 -8.35989 1.00156
    endloop
  endfacet
  facet normal 0.0962597 0.325069 -0.940778
    outer loop
      vertex -4.39853 -12 0.0904758
      vertex -4.64922 -9.28901 1.00156
      vertex -3.52667 -9.62142 1.00156
    endloop
  endfacet
  facet normal 0.0962596 0.325069 -0.940778
    outer loop
      vertex -4.64922 -9.28901 1.00156
      vertex -4.39853 -12 0.0904758
      vertex -4.81015 -12 0.0483592
    endloop
  endfacet
  facet normal 0.170984 0.278574 -0.945072
    outer loop
      vertex -9.51758 -10.0588 0
      vertex -7.70725 -7.77212 1.00156
      vertex -6.74963 -8.35989 1.00156
    endloop
  endfacet
  facet normal 0.170985 0.278573 -0.945072
    outer loop
      vertex -7.70725 -7.77212 1.00156
      vertex -9.51758 -10.0588 0
      vertex -9.80183 -9.88433 0
    endloop
  endfacet
  facet normal -0.261776 0.149612 -0.953462
    outer loop
      vertex 14.1233 -5.15806 0
      vertex 13.6263 -6.02766 0
      vertex 10.7145 -4.73959 1.00156
    endloop
  endfacet
  facet normal 0.0693557 0.334562 -0.939818
    outer loop
      vertex -3.38547 -12 0.165235
      vertex -2.37015 -9.86116 1.00156
      vertex -2.88423 -12 0.202225
    endloop
  endfacet
  facet normal 0.0693531 0.334563 -0.939818
    outer loop
      vertex -2.37015 -9.86116 1.00156
      vertex -3.38547 -12 0.165235
      vertex -3.52667 -9.62142 1.00156
    endloop
  endfacet
  facet normal -0.213459 -0.233776 -0.948569
    outer loop
      vertex 11.163 8.82462 0
      vertex 11.9436 8.11186 0
      vertex 9.39131 6.37841 1.00156
    endloop
  endfacet
  facet normal -0.167141 -0.12105 -0.978474
    outer loop
      vertex 10.7145 4.73959 1.00156
      vertex 8.94791 3.95814 1.4
      vertex 8.79385 4.17086 1.4
    endloop
  endfacet
  facet normal -0.167137 -0.121061 -0.978473
    outer loop
      vertex 8.79385 4.17086 1.4
      vertex 10.1015 5.5859 1.00156
      vertex 10.7145 4.73959 1.00156
    endloop
  endfacet
  facet normal -0.167145 -0.121054 -0.978473
    outer loop
      vertex 10.1015 5.5859 1.00156
      vertex 8.79385 4.17086 1.4
      vertex 8.43603 4.66492 1.4
    endloop
  endfacet
  facet normal -0.115698 -0.188499 -0.975234
    outer loop
      vertex 6.43651 6.49068 1.4
      vertex 6.74963 8.35989 1.00156
      vertex 7.70725 7.77212 1.00156
    endloop
  endfacet
  facet normal -0.115698 -0.188499 -0.975234
    outer loop
      vertex 6.74963 8.35989 1.00156
      vertex 6.43651 6.49068 1.4
      vertex 5.87747 6.83381 1.4
    endloop
  endfacet
  facet normal -0.170978 -0.278583 -0.94507
    outer loop
      vertex 8.58396 10.6318 0
      vertex 9.51758 10.0588 0
      vertex 6.74963 8.35989 1.00156
    endloop
  endfacet
  facet normal 0.167141 -0.12105 -0.978474
    outer loop
      vertex -8.79385 4.17086 1.4
      vertex -8.94791 3.95814 1.4
      vertex -10.7145 4.73959 1.00156
    endloop
  endfacet
  facet normal -0.0418526 -0.34092 -0.93916
    outer loop
      vertex 1.42812 12 0.267115
      vertex 2.33042 12 0.226905
      vertex 1.19081 10.0059 1.00156
    endloop
  endfacet
  facet normal -0.013991 -0.344112 -0.938824
    outer loop
      vertex 1.42812 12 0.267115
      vertex 1.19081 10.0059 1.00156
      vertex 0.587264 12 0.279646
    endloop
  endfacet
  facet normal 0.281578 -0.085216 -0.955747
    outer loop
      vertex -14.7854 3.71181 0
      vertex -11.6259 2.91862 1.00156
      vertex -15.0678 2.77868 0
    endloop
  endfacet
  facet normal 0.193165 -0.0346219 -0.980555
    outer loop
      vertex -9.95098 1.6381 1.4
      vertex -9.99495 1.39278 1.4
      vertex -11.9156 1.96151 1.00156
    endloop
  endfacet
  facet normal 0.287333 0.0515733 -0.956441
    outer loop
      vertex -15.2058 -2.20487 0
      vertex -11.9156 -1.96151 1.00156
      vertex -15.1538 -2.49458 0
    endloop
  endfacet
  facet normal 0.28734 0.0514909 -0.956444
    outer loop
      vertex -11.9156 -1.96151 1.00156
      vertex -15.2058 -2.20487 0
      vertex -12.0905 -0.985498 1.00156
    endloop
  endfacet
  facet normal 0.0829158 0.211836 -0.973781
    outer loop
      vertex -4.64922 -9.28901 1.00156
      vertex -4.78276 -7.40517 1.4
      vertex -4.15358 -7.65144 1.4
    endloop
  endfacet
  facet normal 0.0829161 0.211837 -0.973781
    outer loop
      vertex -4.78276 -7.40517 1.4
      vertex -4.64922 -9.28901 1.00156
      vertex -5.727 -8.86715 1.00156
    endloop
  endfacet
  facet normal 0.122324 0.312506 -0.942007
    outer loop
      vertex -4.64922 -9.28901 1.00156
      vertex -5.91273 -11.8135 0
      vertex -6.9635 -11.4022 0
    endloop
  endfacet
  facet normal -0.0284092 0.231478 -0.972425
    outer loop
      vertex 1.19081 -10.0059 1.00156
      vertex 1.68294 -8.27168 1.4
      vertex 2.37015 -9.86116 1.00156
    endloop
  endfacet
  facet normal -0.0284179 0.23148 -0.972424
    outer loop
      vertex 1.68294 -8.27168 1.4
      vertex 1.19081 -10.0059 1.00156
      vertex 0.994474 -8.3562 1.4
    endloop
  endfacet
  facet normal -0.19312 0.257441 -0.946799
    outer loop
      vertex 10.6631 -9.23832 0
      vertex 8.59065 -7.1095 1.00156
      vertex 10.9253 -9.04163 0
    endloop
  endfacet
  facet normal -0.193109 0.257451 -0.946799
    outer loop
      vertex 8.59065 -7.1095 1.00156
      vertex 10.6631 -9.23832 0
      vertex 7.70725 -7.77212 1.00156
    endloop
  endfacet
  facet normal -0.193167 0.0346152 -0.980555
    outer loop
      vertex 9.99495 -1.39278 1.4
      vertex 12.0905 -0.985498 1.00156
      vertex 11.9156 -1.96151 1.00156
    endloop
  endfacet
  facet normal -0.19317 0.0346322 -0.980554
    outer loop
      vertex 12.0905 -0.985498 1.00156
      vertex 9.99495 -1.39278 1.4
      vertex 10.0971 -0.823013 1.4
    endloop
  endfacet
  facet normal -0.0139896 0.344126 -0.938819
    outer loop
      vertex 0 -10.0544 1.00156
      vertex 0.587264 -12 0.279646
      vertex 0 -12 0.288397
    endloop
  endfacet
  facet normal -0.0140155 0.344119 -0.938821
    outer loop
      vertex 0.587264 -12 0.279646
      vertex 0 -10.0544 1.00156
      vertex 1.19081 -10.0059 1.00156
    endloop
  endfacet
  facet normal 0.0962578 0.325069 -0.940779
    outer loop
      vertex -5.28279 -12 0
      vertex -4.64922 -9.28901 1.00156
      vertex -4.81015 -12 0.0483592
    endloop
  endfacet
  facet normal 0.0962412 0.325073 -0.940779
    outer loop
      vertex -4.64922 -9.28901 1.00156
      vertex -5.28279 -12 0
      vertex -5.91273 -11.8135 0
    endloop
  endfacet
  facet normal 0.213459 0.233776 -0.948569
    outer loop
      vertex -9.39131 -6.37841 1.00156
      vertex -11.163 -8.82462 0
      vertex -11.9436 -8.11186 0
    endloop
  endfacet
  facet normal -0.167137 0.121061 -0.978473
    outer loop
      vertex 10.1015 -5.5859 1.00156
      vertex 8.79385 -4.17086 1.4
      vertex 10.7145 -4.73959 1.00156
    endloop
  endfacet
  facet normal -0.167145 0.121054 -0.978473
    outer loop
      vertex 8.79385 -4.17086 1.4
      vertex 10.1015 -5.5859 1.00156
      vertex 8.43603 -4.66492 1.4
    endloop
  endfacet
  facet normal -0.287341 -0.0514862 -0.956443
    outer loop
      vertex 15.2058 2.20487 0
      vertex 15.3763 1.25332 0
      vertex 12.0905 0.985498 1.00156
    endloop
  endfacet
  facet normal -0.195077 -0.0115799 -0.98072
    outer loop
      vertex 10.1312 0.247705 1.4
      vertex 12.0905 0.985498 1.00156
      vertex 12.149 0 1.00156
    endloop
  endfacet
  facet normal -0.195083 -0.0115631 -0.980719
    outer loop
      vertex 12.0905 0.985498 1.00156
      vertex 10.1312 0.247705 1.4
      vertex 10.0971 0.823013 1.4
    endloop
  endfacet
  facet normal -0.290239 -0.0172288 -0.956799
    outer loop
      vertex 12.0905 0.985498 1.00156
      vertex 15.3937 0.960797 0
      vertex 12.149 0 1.00156
    endloop
  endfacet
  facet normal -0.290239 -0.0172641 -0.956798
    outer loop
      vertex 15.3937 0.960797 0
      vertex 12.0905 0.985498 1.00156
      vertex 15.3763 1.25332 0
    endloop
  endfacet
  facet normal -0.176278 -0.100747 -0.979171
    outer loop
      vertex 10.7145 4.73959 1.00156
      vertex 9.07604 3.73395 1.4
      vertex 8.94791 3.95814 1.4
    endloop
  endfacet
  facet normal -0.21344 -0.23379 -0.94857
    outer loop
      vertex 9.39131 6.37841 1.00156
      vertex 10.9253 9.04163 0
      vertex 11.163 8.82462 0
    endloop
  endfacet
  facet normal -0.213463 -0.233776 -0.948568
    outer loop
      vertex 10.9253 9.04163 0
      vertex 9.39131 6.37841 1.00156
      vertex 8.59065 7.1095 1.00156
    endloop
  endfacet
  facet normal 0.0470718 0.227069 -0.97274
    outer loop
      vertex -2.37015 -9.86116 1.00156
      vertex -2.94521 -8.03507 1.4
      vertex -2.27006 -8.17503 1.4
    endloop
  endfacet
  facet normal 0.0470699 0.227068 -0.972741
    outer loop
      vertex -2.94521 -8.03507 1.4
      vertex -2.37015 -9.86116 1.00156
      vertex -3.52667 -9.62142 1.00156
    endloop
  endfacet
  facet normal 0.17628 -0.100744 -0.979171
    outer loop
      vertex -9.37362 3.21325 1.4
      vertex -10.7145 4.73959 1.00156
      vertex -9.07604 3.73395 1.4
    endloop
  endfacet
  facet normal 0.176288 -0.100738 -0.97917
    outer loop
      vertex -10.7145 4.73959 1.00156
      vertex -9.37362 3.21325 1.4
      vertex -11.2242 3.84763 1.00156
    endloop
  endfacet
  facet normal 0.013991 -0.344112 -0.938824
    outer loop
      vertex -0.587264 12 0.279646
      vertex -1.19081 10.0059 1.00156
      vertex -1.42812 12 0.267115
    endloop
  endfacet
  facet normal 0.0284179 -0.23148 -0.972424
    outer loop
      vertex -1.68294 8.27168 1.4
      vertex -1.19081 10.0059 1.00156
      vertex -0.994474 8.3562 1.4
    endloop
  endfacet
  facet normal 0.0284092 -0.231478 -0.972425
    outer loop
      vertex -1.19081 10.0059 1.00156
      vertex -1.68294 8.27168 1.4
      vertex -2.37015 9.86116 1.00156
    endloop
  endfacet
  facet normal 0.273013 -0.11805 -0.95474
    outer loop
      vertex -14.3938 4.61754 0
      vertex -11.2242 3.84763 1.00156
      vertex -11.6259 2.91862 1.00156
    endloop
  endfacet
  facet normal 0.273022 -0.118016 -0.954742
    outer loop
      vertex -11.2242 3.84763 1.00156
      vertex -14.3938 4.61754 0
      vertex -14.2746 4.8933 0
    endloop
  endfacet
  facet normal 0.273018 -0.118042 -0.95474
    outer loop
      vertex -14.3938 4.61754 0
      vertex -11.6259 2.91862 1.00156
      vertex -14.7854 3.71181 0
    endloop
  endfacet
  facet normal 0.0693557 -0.334562 -0.939818
    outer loop
      vertex -2.37015 9.86116 1.00156
      vertex -3.38547 12 0.165235
      vertex -2.88423 12 0.202225
    endloop
  endfacet
  facet normal 0.0693531 -0.334563 -0.939818
    outer loop
      vertex -3.38547 12 0.165235
      vertex -2.37015 9.86116 1.00156
      vertex -3.52667 9.62142 1.00156
    endloop
  endfacet
  facet normal 0.189365 0.0573125 -0.980233
    outer loop
      vertex -9.78186 -2.19684 1.4
      vertex -9.70905 -2.43741 1.4
      vertex -11.6259 -2.91862 1.00156
    endloop
  endfacet
  facet normal 0.156395 0.140155 -0.9777
    outer loop
      vertex -9.39131 -6.37841 1.00156
      vertex -8.25752 -4.86412 1.4
      vertex -7.84291 -5.32677 1.4
    endloop
  endfacet
  facet normal 0.156398 0.140153 -0.9777
    outer loop
      vertex -8.25752 -4.86412 1.4
      vertex -9.39131 -6.37841 1.00156
      vertex -10.1015 -5.5859 1.00156
    endloop
  endfacet
  facet normal 0.247989 0.179615 -0.951966
    outer loop
      vertex -10.7145 -4.73959 1.00156
      vertex -13.0287 -6.85275 0
      vertex -13.6263 -6.02766 0
    endloop
  endfacet
  facet normal 0.189363 0.0573167 -0.980233
    outer loop
      vertex -11.6259 -2.91862 1.00156
      vertex -9.95098 -1.6381 1.4
      vertex -9.78186 -2.19684 1.4
    endloop
  endfacet
  facet normal 0.189363 0.0573169 -0.980233
    outer loop
      vertex -9.95098 -1.6381 1.4
      vertex -11.6259 -2.91862 1.00156
      vertex -11.9156 -1.96151 1.00156
    endloop
  endfacet
  facet normal 0.0652951 0.220503 -0.973198
    outer loop
      vertex -3.22736 -7.95152 1.4
      vertex -2.94521 -8.03507 1.4
      vertex -3.52667 -9.62142 1.00156
    endloop
  endfacet
  facet normal -0.0284161 -0.231475 -0.972426
    outer loop
      vertex 2.37015 9.86116 1.00156
      vertex 1.97937 8.23529 1.4
      vertex 1.68294 8.27168 1.4
    endloop
  endfacet
  facet normal -0.0693557 0.334562 -0.939818
    outer loop
      vertex 2.37015 -9.86116 1.00156
      vertex 3.38547 -12 0.165235
      vertex 2.88423 -12 0.202225
    endloop
  endfacet
  facet normal -0.0693531 0.334563 -0.939818
    outer loop
      vertex 3.38547 -12 0.165235
      vertex 2.37015 -9.86116 1.00156
      vertex 3.52667 -9.62142 1.00156
    endloop
  endfacet
  facet normal -0.0962596 0.325069 -0.940778
    outer loop
      vertex 4.39853 -12 0.0904758
      vertex 4.64922 -9.28901 1.00156
      vertex 4.81015 -12 0.0483592
    endloop
  endfacet
  facet normal -0.0962597 0.325069 -0.940778
    outer loop
      vertex 4.64922 -9.28901 1.00156
      vertex 4.39853 -12 0.0904758
      vertex 3.52667 -9.62142 1.00156
    endloop
  endfacet
  facet normal -0.147324 0.296968 -0.943454
    outer loop
      vertex 8.58396 -10.6318 0
      vertex 7.58697 -11.1264 0
      vertex 6.74963 -8.35989 1.00156
    endloop
  endfacet
  facet normal -0.013991 0.344112 -0.938824
    outer loop
      vertex 1.19081 -10.0059 1.00156
      vertex 1.42812 -12 0.267115
      vertex 0.587264 -12 0.279646
    endloop
  endfacet
  facet normal -0.0693543 0.334563 -0.939818
    outer loop
      vertex 3.52667 -9.62142 1.00156
      vertex 4.39853 -12 0.0904758
      vertex 3.38547 -12 0.165235
    endloop
  endfacet
  facet normal 0.0418526 0.34092 -0.93916
    outer loop
      vertex -1.19081 -10.0059 1.00156
      vertex -1.42812 -12 0.267115
      vertex -2.33042 -12 0.226905
    endloop
  endfacet
  facet normal 0.013991 0.344112 -0.938824
    outer loop
      vertex -1.19081 -10.0059 1.00156
      vertex -0.587264 -12 0.279646
      vertex -1.42812 -12 0.267115
    endloop
  endfacet
  facet normal 0.0652942 0.220503 -0.973198
    outer loop
      vertex -3.52667 -9.62142 1.00156
      vertex -3.88268 -7.75747 1.4
      vertex -3.22736 -7.95152 1.4
    endloop
  endfacet
  facet normal 0.0652955 0.220503 -0.973198
    outer loop
      vertex -3.88268 -7.75747 1.4
      vertex -3.52667 -9.62142 1.00156
      vertex -4.64922 -9.28901 1.00156
    endloop
  endfacet
  facet normal 0.0829129 0.211837 -0.973781
    outer loop
      vertex -4.15358 -7.65144 1.4
      vertex -3.88268 -7.75747 1.4
      vertex -4.64922 -9.28901 1.00156
    endloop
  endfacet
  facet normal 0.0693543 0.334563 -0.939818
    outer loop
      vertex -3.52667 -9.62142 1.00156
      vertex -3.38547 -12 0.165235
      vertex -4.39853 -12 0.0904758
    endloop
  endfacet
  facet normal 0.122321 0.312509 -0.942006
    outer loop
      vertex -6.9635 -11.4022 0
      vertex -5.727 -8.86715 1.00156
      vertex -4.64922 -9.28901 1.00156
    endloop
  endfacet
  facet normal 0.122303 0.312518 -0.942006
    outer loop
      vertex -5.727 -8.86715 1.00156
      vertex -6.9635 -11.4022 0
      vertex -7.28342 -11.277 0
    endloop
  endfacet
  facet normal 0.147329 0.296957 -0.943457
    outer loop
      vertex -7.58697 -11.1264 0
      vertex -5.727 -8.86715 1.00156
      vertex -7.28342 -11.277 0
    endloop
  endfacet
  facet normal 0.147309 0.296973 -0.943455
    outer loop
      vertex -5.727 -8.86715 1.00156
      vertex -7.58697 -11.1264 0
      vertex -6.74963 -8.35989 1.00156
    endloop
  endfacet
  facet normal -0.189363 0.0573169 -0.980233
    outer loop
      vertex 11.6259 -2.91862 1.00156
      vertex 9.95098 -1.6381 1.4
      vertex 11.9156 -1.96151 1.00156
    endloop
  endfacet
  facet normal -0.189363 0.0573167 -0.980233
    outer loop
      vertex 9.95098 -1.6381 1.4
      vertex 11.6259 -2.91862 1.00156
      vertex 9.78186 -2.19684 1.4
    endloop
  endfacet
  facet normal -0.281578 0.085216 -0.955747
    outer loop
      vertex 15.0678 -2.77868 0
      vertex 14.7854 -3.71181 0
      vertex 11.6259 -2.91862 1.00156
    endloop
  endfacet
  facet normal -0.193165 0.0346219 -0.980555
    outer loop
      vertex 9.99495 -1.39278 1.4
      vertex 11.9156 -1.96151 1.00156
      vertex 9.95098 -1.6381 1.4
    endloop
  endfacet
  facet normal -0.195077 -0.0115768 -0.98072
    outer loop
      vertex 12.149 0 1.00156
      vertex 10.1459 0 1.4
      vertex 10.1312 0.247705 1.4
    endloop
  endfacet
  facet normal -0.115698 0.188499 -0.975234
    outer loop
      vertex 6.74963 -8.35989 1.00156
      vertex 6.43651 -6.49068 1.4
      vertex 7.70725 -7.77212 1.00156
    endloop
  endfacet
  facet normal -0.115698 0.188499 -0.975234
    outer loop
      vertex 6.43651 -6.49068 1.4
      vertex 6.74963 -8.35989 1.00156
      vertex 5.87747 -6.83381 1.4
    endloop
  endfacet
  facet normal -0.170978 0.278583 -0.94507
    outer loop
      vertex 9.51758 -10.0588 0
      vertex 8.58396 -10.6318 0
      vertex 6.74963 -8.35989 1.00156
    endloop
  endfacet
  facet normal 0.287341 0.0514862 -0.956443
    outer loop
      vertex -12.0905 -0.985498 1.00156
      vertex -15.2058 -2.20487 0
      vertex -15.3763 -1.25332 0
    endloop
  endfacet
  facet normal -0.290242 -0.0172188 -0.956798
    outer loop
      vertex 15.3937 0.960797 0
      vertex 15.4507 0 0
      vertex 12.149 0 1.00156
    endloop
  endfacet
  facet normal -0.290242 0.0172188 -0.956798
    outer loop
      vertex 15.4507 0 0
      vertex 15.3937 -0.960797 0
      vertex 12.149 0 1.00156
    endloop
  endfacet
  facet normal -0.281576 -0.085236 -0.955746
    outer loop
      vertex 11.9156 1.96151 1.00156
      vertex 15.0678 2.77868 0
      vertex 15.1538 2.49458 0
    endloop
  endfacet
  facet normal -0.281578 -0.0852286 -0.955746
    outer loop
      vertex 15.0678 2.77868 0
      vertex 11.9156 1.96151 1.00156
      vertex 11.6259 2.91862 1.00156
    endloop
  endfacet
  facet normal -0.189363 -0.0573169 -0.980233
    outer loop
      vertex 9.95098 1.6381 1.4
      vertex 11.6259 2.91862 1.00156
      vertex 11.9156 1.96151 1.00156
    endloop
  endfacet
  facet normal -0.189363 -0.0573167 -0.980233
    outer loop
      vertex 11.6259 2.91862 1.00156
      vertex 9.95098 1.6381 1.4
      vertex 9.78186 2.19684 1.4
    endloop
  endfacet
  facet normal -0.183715 -0.0794308 -0.979765
    outer loop
      vertex 11.6259 2.91862 1.00156
      vertex 9.70905 2.43741 1.4
      vertex 9.60809 2.67092 1.4
    endloop
  endfacet
  facet normal -0.183714 -0.0794373 -0.979765
    outer loop
      vertex 9.60809 2.67092 1.4
      vertex 11.2242 3.84763 1.00156
      vertex 11.6259 2.91862 1.00156
    endloop
  endfacet
  facet normal -0.18372 -0.0794293 -0.979764
    outer loop
      vertex 11.2242 3.84763 1.00156
      vertex 9.60809 2.67092 1.4
      vertex 9.37362 3.21325 1.4
    endloop
  endfacet
  facet normal -0.0693531 -0.334563 -0.939818
    outer loop
      vertex 2.37015 9.86116 1.00156
      vertex 3.38547 12 0.165235
      vertex 3.52667 9.62142 1.00156
    endloop
  endfacet
  facet normal -0.0693557 -0.334562 -0.939818
    outer loop
      vertex 3.38547 12 0.165235
      vertex 2.37015 9.86116 1.00156
      vertex 2.88423 12 0.202225
    endloop
  endfacet
  facet normal 0.261776 -0.149612 -0.953462
    outer loop
      vertex -13.6263 6.02766 0
      vertex -10.7145 4.73959 1.00156
      vertex -14.1233 5.15806 0
    endloop
  endfacet
  facet normal -0.0962596 -0.325069 -0.940778
    outer loop
      vertex 4.64922 9.28901 1.00156
      vertex 4.39853 12 0.0904758
      vertex 4.81015 12 0.0483592
    endloop
  endfacet
  facet normal -0.0962597 -0.325069 -0.940778
    outer loop
      vertex 4.39853 12 0.0904758
      vertex 4.64922 9.28901 1.00156
      vertex 3.52667 9.62142 1.00156
    endloop
  endfacet
  facet normal -0.156398 -0.140154 -0.9777
    outer loop
      vertex 10.1015 5.5859 1.00156
      vertex 8.43603 4.66492 1.4
      vertex 8.25752 4.86412 1.4
    endloop
  endfacet
  facet normal -0.156398 -0.140153 -0.9777
    outer loop
      vertex 8.25752 4.86412 1.4
      vertex 9.39131 6.37841 1.00156
      vertex 10.1015 5.5859 1.00156
    endloop
  endfacet
  facet normal -0.156395 -0.140155 -0.9777
    outer loop
      vertex 9.39131 6.37841 1.00156
      vertex 8.25752 4.86412 1.4
      vertex 7.84291 5.32677 1.4
    endloop
  endfacet
  facet normal -0.19312 -0.257441 -0.946799
    outer loop
      vertex 8.59065 7.1095 1.00156
      vertex 10.6631 9.23832 0
      vertex 10.9253 9.04163 0
    endloop
  endfacet
  facet normal -0.193109 -0.257451 -0.946799
    outer loop
      vertex 10.6631 9.23832 0
      vertex 8.59065 7.1095 1.00156
      vertex 7.70725 7.77212 1.00156
    endloop
  endfacet
  facet normal -0.193107 -0.257454 -0.946798
    outer loop
      vertex 9.80183 9.88433 0
      vertex 10.6631 9.23832 0
      vertex 7.70725 7.77212 1.00156
    endloop
  endfacet
  facet normal 0.009502 0.233693 -0.972264
    outer loop
      vertex -0.994474 -8.3562 1.4
      vertex -0.695164 -8.36837 1.4
      vertex -1.19081 -10.0059 1.00156
    endloop
  endfacet
  facet normal 0.183715 -0.0794308 -0.979765
    outer loop
      vertex -9.60809 2.67092 1.4
      vertex -9.70905 2.43741 1.4
      vertex -11.6259 2.91862 1.00156
    endloop
  endfacet
  facet normal 0.290242 -0.0172188 -0.956798
    outer loop
      vertex -15.3937 0.960797 0
      vertex -12.149 0 1.00156
      vertex -15.4507 0 0
    endloop
  endfacet
  facet normal 0.287341 -0.0514862 -0.956443
    outer loop
      vertex -15.2058 2.20487 0
      vertex -12.0905 0.985498 1.00156
      vertex -15.3763 1.25332 0
    endloop
  endfacet
  facet normal 0.290239 -0.0172288 -0.956799
    outer loop
      vertex -15.3937 0.960797 0
      vertex -12.0905 0.985498 1.00156
      vertex -12.149 0 1.00156
    endloop
  endfacet
  facet normal 0.290239 -0.0172641 -0.956798
    outer loop
      vertex -12.0905 0.985498 1.00156
      vertex -15.3937 0.960797 0
      vertex -15.3763 1.25332 0
    endloop
  endfacet
  facet normal 0.281578 -0.0852286 -0.955746
    outer loop
      vertex -11.9156 1.96151 1.00156
      vertex -15.0678 2.77868 0
      vertex -11.6259 2.91862 1.00156
    endloop
  endfacet
  facet normal 0.281576 -0.085236 -0.955746
    outer loop
      vertex -15.0678 2.77868 0
      vertex -11.9156 1.96151 1.00156
      vertex -15.1538 2.49458 0
    endloop
  endfacet
  facet normal 0.189363 -0.0573167 -0.980233
    outer loop
      vertex -9.95098 1.6381 1.4
      vertex -11.6259 2.91862 1.00156
      vertex -9.78186 2.19684 1.4
    endloop
  endfacet
  facet normal 0.189363 -0.0573169 -0.980233
    outer loop
      vertex -11.6259 2.91862 1.00156
      vertex -9.95098 1.6381 1.4
      vertex -11.9156 1.96151 1.00156
    endloop
  endfacet
  facet normal 0.176278 0.100747 -0.979171
    outer loop
      vertex -9.07604 -3.73395 1.4
      vertex -8.94791 -3.95814 1.4
      vertex -10.7145 -4.73959 1.00156
    endloop
  endfacet
  facet normal 0.0962578 -0.325069 -0.940779
    outer loop
      vertex -4.64922 9.28901 1.00156
      vertex -5.28279 12 0
      vertex -4.81015 12 0.0483592
    endloop
  endfacet
  facet normal 0.0962412 -0.325073 -0.940779
    outer loop
      vertex -5.28279 12 0
      vertex -4.64922 9.28901 1.00156
      vertex -5.91273 11.8135 0
    endloop
  endfacet
  facet normal 0.261779 -0.149591 -0.953464
    outer loop
      vertex -11.2242 3.84763 1.00156
      vertex -14.1233 5.15806 0
      vertex -10.7145 4.73959 1.00156
    endloop
  endfacet
  facet normal 0.261777 -0.149595 -0.953464
    outer loop
      vertex -14.1233 5.15806 0
      vertex -11.2242 3.84763 1.00156
      vertex -14.2746 4.8933 0
    endloop
  endfacet
  facet normal -0.247989 -0.179615 -0.951966
    outer loop
      vertex 13.0287 6.85275 0
      vertex 13.6263 6.02766 0
      vertex 10.7145 4.73959 1.00156
    endloop
  endfacet
  facet normal -0.261777 -0.149595 -0.953464
    outer loop
      vertex 11.2242 3.84763 1.00156
      vertex 14.1233 5.15806 0
      vertex 14.2746 4.8933 0
    endloop
  endfacet
  facet normal -0.261779 -0.149591 -0.953464
    outer loop
      vertex 14.1233 5.15806 0
      vertex 11.2242 3.84763 1.00156
      vertex 10.7145 4.73959 1.00156
    endloop
  endfacet
  facet normal -0.213459 0.233776 -0.948569
    outer loop
      vertex 11.9436 -8.11186 0
      vertex 11.163 -8.82462 0
      vertex 9.39131 -6.37841 1.00156
    endloop
  endfacet
  facet normal 0.193167 0.0346152 -0.980555
    outer loop
      vertex -12.0905 -0.985498 1.00156
      vertex -9.99495 -1.39278 1.4
      vertex -11.9156 -1.96151 1.00156
    endloop
  endfacet
  facet normal 0.19317 0.0346322 -0.980554
    outer loop
      vertex -9.99495 -1.39278 1.4
      vertex -12.0905 -0.985498 1.00156
      vertex -10.0971 -0.823013 1.4
    endloop
  endfacet
  facet normal 0.273022 0.118016 -0.954742
    outer loop
      vertex -14.3938 -4.61754 0
      vertex -11.2242 -3.84763 1.00156
      vertex -14.2746 -4.8933 0
    endloop
  endfacet
  facet normal 0.273013 0.11805 -0.95474
    outer loop
      vertex -11.2242 -3.84763 1.00156
      vertex -14.3938 -4.61754 0
      vertex -11.6259 -2.91862 1.00156
    endloop
  endfacet
  facet normal 0.144147 0.157875 -0.976881
    outer loop
      vertex -7.3755 -5.75356 1.4
      vertex -7.17425 -5.93731 1.4
      vertex -8.59065 -7.1095 1.00156
    endloop
  endfacet
  facet normal 0.13054 0.174033 -0.976049
    outer loop
      vertex -7.17425 -5.93731 1.4
      vertex -6.95221 -6.10386 1.4
      vertex -8.59065 -7.1095 1.00156
    endloop
  endfacet
  facet normal -0.144153 -0.15787 -0.976881
    outer loop
      vertex 7.84291 5.32677 1.4
      vertex 8.59065 7.1095 1.00156
      vertex 9.39131 6.37841 1.00156
    endloop
  endfacet
  facet normal -0.144151 -0.157871 -0.976881
    outer loop
      vertex 8.59065 7.1095 1.00156
      vertex 7.84291 5.32677 1.4
      vertex 7.3755 5.75356 1.4
    endloop
  endfacet
  facet normal 0.115697 0.1885 -0.975234
    outer loop
      vertex -5.87747 -6.83381 1.4
      vertex -5.63678 -6.98154 1.4
      vertex -6.74963 -8.35989 1.00156
    endloop
  endfacet
  facet normal 0.0997731 0.201137 -0.974469
    outer loop
      vertex -5.727 -8.86715 1.00156
      vertex -5.37974 -7.10904 1.4
      vertex -4.78276 -7.40517 1.4
    endloop
  endfacet
  facet normal 0.0997709 0.201137 -0.974469
    outer loop
      vertex -5.37974 -7.10904 1.4
      vertex -5.727 -8.86715 1.00156
      vertex -6.74963 -8.35989 1.00156
    endloop
  endfacet
  facet normal -0.183714 0.0794373 -0.979765
    outer loop
      vertex 11.2242 -3.84763 1.00156
      vertex 9.60809 -2.67092 1.4
      vertex 11.6259 -2.91862 1.00156
    endloop
  endfacet
  facet normal -0.18372 0.0794293 -0.979764
    outer loop
      vertex 9.60809 -2.67092 1.4
      vertex 11.2242 -3.84763 1.00156
      vertex 9.37362 -3.21325 1.4
    endloop
  endfacet
  facet normal -0.0652951 0.220503 -0.973198
    outer loop
      vertex 3.22736 -7.95152 1.4
      vertex 3.52667 -9.62142 1.00156
      vertex 2.94521 -8.03507 1.4
    endloop
  endfacet
  facet normal -0.0418527 0.340926 -0.939158
    outer loop
      vertex 2.33042 -12 0.226905
      vertex 2.37015 -9.86116 1.00156
      vertex 2.88423 -12 0.202225
    endloop
  endfacet
  facet normal -0.0418417 0.340926 -0.939159
    outer loop
      vertex 2.37015 -9.86116 1.00156
      vertex 2.33042 -12 0.226905
      vertex 1.19081 -10.0059 1.00156
    endloop
  endfacet
  facet normal -0.0418526 0.34092 -0.93916
    outer loop
      vertex 2.33042 -12 0.226905
      vertex 1.42812 -12 0.267115
      vertex 1.19081 -10.0059 1.00156
    endloop
  endfacet
  facet normal 0.0418417 0.340926 -0.939159
    outer loop
      vertex -2.33042 -12 0.226905
      vertex -2.37015 -9.86116 1.00156
      vertex -1.19081 -10.0059 1.00156
    endloop
  endfacet
  facet normal 0.0418527 0.340926 -0.939158
    outer loop
      vertex -2.37015 -9.86116 1.00156
      vertex -2.33042 -12 0.226905
      vertex -2.88423 -12 0.202225
    endloop
  endfacet
  facet normal 0.0284179 0.23148 -0.972424
    outer loop
      vertex -1.19081 -10.0059 1.00156
      vertex -1.68294 -8.27168 1.4
      vertex -0.994474 -8.3562 1.4
    endloop
  endfacet
  facet normal 0.0284092 0.231478 -0.972425
    outer loop
      vertex -1.68294 -8.27168 1.4
      vertex -1.19081 -10.0059 1.00156
      vertex -2.37015 -9.86116 1.00156
    endloop
  endfacet
  facet normal -0.189365 0.0573125 -0.980233
    outer loop
      vertex 9.78186 -2.19684 1.4
      vertex 11.6259 -2.91862 1.00156
      vertex 9.70905 -2.43741 1.4
    endloop
  endfacet
  facet normal -0.281576 0.085236 -0.955746
    outer loop
      vertex 15.0678 -2.77868 0
      vertex 11.9156 -1.96151 1.00156
      vertex 15.1538 -2.49458 0
    endloop
  endfacet
  facet normal -0.281578 0.0852286 -0.955746
    outer loop
      vertex 11.9156 -1.96151 1.00156
      vertex 15.0678 -2.77868 0
      vertex 11.6259 -2.91862 1.00156
    endloop
  endfacet
  facet normal -0.287333 0.0515733 -0.956441
    outer loop
      vertex 11.9156 -1.96151 1.00156
      vertex 15.2058 -2.20487 0
      vertex 15.1538 -2.49458 0
    endloop
  endfacet
  facet normal -0.28734 0.0514909 -0.956444
    outer loop
      vertex 15.2058 -2.20487 0
      vertex 11.9156 -1.96151 1.00156
      vertex 12.0905 -0.985498 1.00156
    endloop
  endfacet
  facet normal -0.183715 0.0794308 -0.979765
    outer loop
      vertex 9.70905 -2.43741 1.4
      vertex 11.6259 -2.91862 1.00156
      vertex 9.60809 -2.67092 1.4
    endloop
  endfacet
  facet normal -0.231824 0.207746 -0.950315
    outer loop
      vertex 12.636 -7.33921 0
      vertex 11.9436 -8.11186 0
      vertex 9.39131 -6.37841 1.00156
    endloop
  endfacet
  facet normal -0.176278 0.100747 -0.979171
    outer loop
      vertex 9.07604 -3.73395 1.4
      vertex 10.7145 -4.73959 1.00156
      vertex 8.94791 -3.95814 1.4
    endloop
  endfacet
  facet normal -0.122303 0.312518 -0.942006
    outer loop
      vertex 6.9635 -11.4022 0
      vertex 5.727 -8.86715 1.00156
      vertex 7.28342 -11.277 0
    endloop
  endfacet
  facet normal -0.122321 0.312509 -0.942006
    outer loop
      vertex 5.727 -8.86715 1.00156
      vertex 6.9635 -11.4022 0
      vertex 4.64922 -9.28901 1.00156
    endloop
  endfacet
  facet normal 0.193107 0.257454 -0.946798
    outer loop
      vertex -7.70725 -7.77212 1.00156
      vertex -9.80183 -9.88433 0
      vertex -10.6631 -9.23832 0
    endloop
  endfacet
  facet normal 0.281578 0.0852286 -0.955746
    outer loop
      vertex -15.0678 -2.77868 0
      vertex -11.9156 -1.96151 1.00156
      vertex -11.6259 -2.91862 1.00156
    endloop
  endfacet
  facet normal 0.281576 0.085236 -0.955746
    outer loop
      vertex -11.9156 -1.96151 1.00156
      vertex -15.0678 -2.77868 0
      vertex -15.1538 -2.49458 0
    endloop
  endfacet
  facet normal -0.195077 0.0115768 -0.98072
    outer loop
      vertex 10.1459 0 1.4
      vertex 12.149 0 1.00156
      vertex 10.1312 -0.247705 1.4
    endloop
  endfacet
  facet normal -0.195077 0.0115799 -0.98072
    outer loop
      vertex 12.0905 -0.985498 1.00156
      vertex 10.1312 -0.247705 1.4
      vertex 12.149 0 1.00156
    endloop
  endfacet
  facet normal -0.195083 0.0115631 -0.980719
    outer loop
      vertex 10.1312 -0.247705 1.4
      vertex 12.0905 -0.985498 1.00156
      vertex 10.0971 -0.823013 1.4
    endloop
  endfacet
  facet normal -0.0652955 -0.220503 -0.973198
    outer loop
      vertex 3.88268 7.75747 1.4
      vertex 3.52667 9.62142 1.00156
      vertex 4.64922 9.28901 1.00156
    endloop
  endfacet
  facet normal -0.0652942 -0.220503 -0.973198
    outer loop
      vertex 3.52667 9.62142 1.00156
      vertex 3.88268 7.75747 1.4
      vertex 3.22736 7.95152 1.4
    endloop
  endfacet
  facet normal -0.147324 -0.296968 -0.943454
    outer loop
      vertex 7.58697 11.1264 0
      vertex 8.58396 10.6318 0
      vertex 6.74963 8.35989 1.00156
    endloop
  endfacet
  facet normal -0.0418527 -0.340926 -0.939158
    outer loop
      vertex 2.37015 9.86116 1.00156
      vertex 2.33042 12 0.226905
      vertex 2.88423 12 0.202225
    endloop
  endfacet
  facet normal -0.0418417 -0.340926 -0.939159
    outer loop
      vertex 2.33042 12 0.226905
      vertex 2.37015 9.86116 1.00156
      vertex 1.19081 10.0059 1.00156
    endloop
  endfacet
  facet normal -0.0284092 -0.231478 -0.972425
    outer loop
      vertex 1.68294 8.27168 1.4
      vertex 1.19081 10.0059 1.00156
      vertex 2.37015 9.86116 1.00156
    endloop
  endfacet
  facet normal -0.0284179 -0.23148 -0.972424
    outer loop
      vertex 1.19081 10.0059 1.00156
      vertex 1.68294 8.27168 1.4
      vertex 0.994474 8.3562 1.4
    endloop
  endfacet
  facet normal -0.144147 -0.157875 -0.976881
    outer loop
      vertex 8.59065 7.1095 1.00156
      vertex 7.3755 5.75356 1.4
      vertex 7.17425 5.93731 1.4
    endloop
  endfacet
  facet normal -0.0652951 -0.220503 -0.973198
    outer loop
      vertex 3.52667 9.62142 1.00156
      vertex 3.22736 7.95152 1.4
      vertex 2.94521 8.03507 1.4
    endloop
  endfacet
  facet normal -0.0470699 -0.227068 -0.972741
    outer loop
      vertex 2.94521 8.03507 1.4
      vertex 2.37015 9.86116 1.00156
      vertex 3.52667 9.62142 1.00156
    endloop
  endfacet
  facet normal -0.0470718 -0.227069 -0.97274
    outer loop
      vertex 2.37015 9.86116 1.00156
      vertex 2.94521 8.03507 1.4
      vertex 2.27006 8.17503 1.4
    endloop
  endfacet
  facet normal -0.13054 -0.174033 -0.976049
    outer loop
      vertex 8.59065 7.1095 1.00156
      vertex 7.17425 5.93731 1.4
      vertex 6.95221 6.10386 1.4
    endloop
  endfacet
  facet normal 0.189365 -0.0573125 -0.980233
    outer loop
      vertex -9.70905 2.43741 1.4
      vertex -9.78186 2.19684 1.4
      vertex -11.6259 2.91862 1.00156
    endloop
  endfacet
  facet normal 0.18372 -0.0794293 -0.979764
    outer loop
      vertex -9.60809 2.67092 1.4
      vertex -11.2242 3.84763 1.00156
      vertex -9.37362 3.21325 1.4
    endloop
  endfacet
  facet normal 0.183714 -0.0794373 -0.979765
    outer loop
      vertex -11.2242 3.84763 1.00156
      vertex -9.60809 2.67092 1.4
      vertex -11.6259 2.91862 1.00156
    endloop
  endfacet
  facet normal 0.0997705 0.201137 -0.974469
    outer loop
      vertex -5.63678 -6.98154 1.4
      vertex -5.37974 -7.10904 1.4
      vertex -6.74963 -8.35989 1.00156
    endloop
  endfacet
  facet normal -0.167141 0.12105 -0.978474
    outer loop
      vertex 8.94791 -3.95814 1.4
      vertex 10.7145 -4.73959 1.00156
      vertex 8.79385 -4.17086 1.4
    endloop
  endfacet
  facet normal 0.144151 -0.157871 -0.976881
    outer loop
      vertex -7.84291 5.32677 1.4
      vertex -8.59065 7.1095 1.00156
      vertex -7.3755 5.75356 1.4
    endloop
  endfacet
  facet normal 0.144153 -0.15787 -0.976881
    outer loop
      vertex -8.59065 7.1095 1.00156
      vertex -7.84291 5.32677 1.4
      vertex -9.39131 6.37841 1.00156
    endloop
  endfacet
  facet normal 0.156398 -0.140154 -0.9777
    outer loop
      vertex -8.25752 4.86412 1.4
      vertex -8.43603 4.66492 1.4
      vertex -10.1015 5.5859 1.00156
    endloop
  endfacet
  facet normal 0.247989 -0.179615 -0.951966
    outer loop
      vertex -13.0287 6.85275 0
      vertex -10.7145 4.73959 1.00156
      vertex -13.6263 6.02766 0
    endloop
  endfacet
  facet normal -0.231824 -0.207746 -0.950315
    outer loop
      vertex 11.9436 8.11186 0
      vertex 12.636 7.33921 0
      vertex 9.39131 6.37841 1.00156
    endloop
  endfacet
  facet normal -0.231826 -0.207741 -0.950316
    outer loop
      vertex 10.1015 5.5859 1.00156
      vertex 12.636 7.33921 0
      vertex 12.8468 7.10397 0
    endloop
  endfacet
  facet normal -0.231824 -0.207744 -0.950316
    outer loop
      vertex 12.636 7.33921 0
      vertex 10.1015 5.5859 1.00156
      vertex 9.39131 6.37841 1.00156
    endloop
  endfacet
  facet normal -0.273013 -0.11805 -0.95474
    outer loop
      vertex 11.2242 3.84763 1.00156
      vertex 14.3938 4.61754 0
      vertex 11.6259 2.91862 1.00156
    endloop
  endfacet
  facet normal -0.273022 -0.118016 -0.954742
    outer loop
      vertex 14.3938 4.61754 0
      vertex 11.2242 3.84763 1.00156
      vertex 14.2746 4.8933 0
    endloop
  endfacet
  facet normal -0.273018 -0.118042 -0.95474
    outer loop
      vertex 14.3938 4.61754 0
      vertex 14.7854 3.71181 0
      vertex 11.6259 2.91862 1.00156
    endloop
  endfacet
  facet normal 0.115698 0.188499 -0.975234
    outer loop
      vertex -6.74963 -8.35989 1.00156
      vertex -6.43651 -6.49068 1.4
      vertex -5.87747 -6.83381 1.4
    endloop
  endfacet
  facet normal 0.115698 0.188499 -0.975234
    outer loop
      vertex -6.43651 -6.49068 1.4
      vertex -6.74963 -8.35989 1.00156
      vertex -7.70725 -7.77212 1.00156
    endloop
  endfacet
  facet normal 0.183715 0.0794308 -0.979765
    outer loop
      vertex -9.70905 -2.43741 1.4
      vertex -9.60809 -2.67092 1.4
      vertex -11.6259 -2.91862 1.00156
    endloop
  endfacet
  facet normal 0.18372 0.0794293 -0.979764
    outer loop
      vertex -11.2242 -3.84763 1.00156
      vertex -9.60809 -2.67092 1.4
      vertex -9.37362 -3.21325 1.4
    endloop
  endfacet
  facet normal 0.183714 0.0794373 -0.979765
    outer loop
      vertex -9.60809 -2.67092 1.4
      vertex -11.2242 -3.84763 1.00156
      vertex -11.6259 -2.91862 1.00156
    endloop
  endfacet
  facet normal 0.193165 0.0346219 -0.980555
    outer loop
      vertex -9.99495 -1.39278 1.4
      vertex -9.95098 -1.6381 1.4
      vertex -11.9156 -1.96151 1.00156
    endloop
  endfacet
  facet normal 0.231824 0.207746 -0.950315
    outer loop
      vertex -9.39131 -6.37841 1.00156
      vertex -11.9436 -8.11186 0
      vertex -12.636 -7.33921 0
    endloop
  endfacet
  facet normal 0.231824 0.207744 -0.950316
    outer loop
      vertex -12.636 -7.33921 0
      vertex -10.1015 -5.5859 1.00156
      vertex -9.39131 -6.37841 1.00156
    endloop
  endfacet
  facet normal 0.231826 0.207741 -0.950316
    outer loop
      vertex -10.1015 -5.5859 1.00156
      vertex -12.636 -7.33921 0
      vertex -12.8468 -7.10397 0
    endloop
  endfacet
  facet normal 0.213463 0.233776 -0.948568
    outer loop
      vertex -10.9253 -9.04163 0
      vertex -9.39131 -6.37841 1.00156
      vertex -8.59065 -7.1095 1.00156
    endloop
  endfacet
  facet normal 0.21344 0.23379 -0.94857
    outer loop
      vertex -9.39131 -6.37841 1.00156
      vertex -10.9253 -9.04163 0
      vertex -11.163 -8.82462 0
    endloop
  endfacet
  facet normal 0.193109 0.257451 -0.946799
    outer loop
      vertex -10.6631 -9.23832 0
      vertex -8.59065 -7.1095 1.00156
      vertex -7.70725 -7.77212 1.00156
    endloop
  endfacet
  facet normal 0.19312 0.257441 -0.946799
    outer loop
      vertex -8.59065 -7.1095 1.00156
      vertex -10.6631 -9.23832 0
      vertex -10.9253 -9.04163 0
    endloop
  endfacet
  facet normal -0.0284161 0.231475 -0.972426
    outer loop
      vertex 1.97937 -8.23529 1.4
      vertex 2.37015 -9.86116 1.00156
      vertex 1.68294 -8.27168 1.4
    endloop
  endfacet
  facet normal -0.147329 0.296957 -0.943457
    outer loop
      vertex 5.727 -8.86715 1.00156
      vertex 7.58697 -11.1264 0
      vertex 7.28342 -11.277 0
    endloop
  endfacet
  facet normal -0.147309 0.296973 -0.943455
    outer loop
      vertex 7.58697 -11.1264 0
      vertex 5.727 -8.86715 1.00156
      vertex 6.74963 -8.35989 1.00156
    endloop
  endfacet
  facet normal -0.0652955 0.220503 -0.973198
    outer loop
      vertex 3.52667 -9.62142 1.00156
      vertex 3.88268 -7.75747 1.4
      vertex 4.64922 -9.28901 1.00156
    endloop
  endfacet
  facet normal -0.0652942 0.220503 -0.973198
    outer loop
      vertex 3.88268 -7.75747 1.4
      vertex 3.52667 -9.62142 1.00156
      vertex 3.22736 -7.95152 1.4
    endloop
  endfacet
  facet normal -0.0470713 0.227069 -0.972741
    outer loop
      vertex 2.27006 -8.17503 1.4
      vertex 2.37015 -9.86116 1.00156
      vertex 1.97937 -8.23529 1.4
    endloop
  endfacet
  facet normal -0.0470699 0.227068 -0.972741
    outer loop
      vertex 2.37015 -9.86116 1.00156
      vertex 2.94521 -8.03507 1.4
      vertex 3.52667 -9.62142 1.00156
    endloop
  endfacet
  facet normal -0.0470718 0.227069 -0.97274
    outer loop
      vertex 2.94521 -8.03507 1.4
      vertex 2.37015 -9.86116 1.00156
      vertex 2.27006 -8.17503 1.4
    endloop
  endfacet
  facet normal 0.193107 -0.257454 -0.946798
    outer loop
      vertex -9.80183 9.88433 0
      vertex -7.70725 7.77212 1.00156
      vertex -10.6631 9.23832 0
    endloop
  endfacet
  facet normal 0.0470713 0.227069 -0.972741
    outer loop
      vertex -2.27006 -8.17503 1.4
      vertex -1.97937 -8.23529 1.4
      vertex -2.37015 -9.86116 1.00156
    endloop
  endfacet
  facet normal 0.0284161 0.231475 -0.972426
    outer loop
      vertex -1.97937 -8.23529 1.4
      vertex -1.68294 -8.27168 1.4
      vertex -2.37015 -9.86116 1.00156
    endloop
  endfacet
  facet normal 0.170978 0.278583 -0.94507
    outer loop
      vertex -6.74963 -8.35989 1.00156
      vertex -8.58396 -10.6318 0
      vertex -9.51758 -10.0588 0
    endloop
  endfacet
  facet normal 0.156398 0.140154 -0.9777
    outer loop
      vertex -8.43603 -4.66492 1.4
      vertex -8.25752 -4.86412 1.4
      vertex -10.1015 -5.5859 1.00156
    endloop
  endfacet
  facet normal -0.231826 0.207741 -0.950316
    outer loop
      vertex 12.636 -7.33921 0
      vertex 10.1015 -5.5859 1.00156
      vertex 12.8468 -7.10397 0
    endloop
  endfacet
  facet normal -0.231824 0.207744 -0.950316
    outer loop
      vertex 10.1015 -5.5859 1.00156
      vertex 12.636 -7.33921 0
      vertex 9.39131 -6.37841 1.00156
    endloop
  endfacet
  facet normal -0.144153 0.15787 -0.976881
    outer loop
      vertex 8.59065 -7.1095 1.00156
      vertex 7.84291 -5.32677 1.4
      vertex 9.39131 -6.37841 1.00156
    endloop
  endfacet
  facet normal -0.144151 0.157871 -0.976881
    outer loop
      vertex 7.84291 -5.32677 1.4
      vertex 8.59065 -7.1095 1.00156
      vertex 7.3755 -5.75356 1.4
    endloop
  endfacet
  facet normal -0.122324 0.312506 -0.942007
    outer loop
      vertex 6.9635 -11.4022 0
      vertex 5.91273 -11.8135 0
      vertex 4.64922 -9.28901 1.00156
    endloop
  endfacet
  facet normal -0.0962578 0.325069 -0.940779
    outer loop
      vertex 4.64922 -9.28901 1.00156
      vertex 5.28279 -12 0
      vertex 4.81015 -12 0.0483592
    endloop
  endfacet
  facet normal -0.0962412 0.325073 -0.940779
    outer loop
      vertex 5.28279 -12 0
      vertex 4.64922 -9.28901 1.00156
      vertex 5.91273 -11.8135 0
    endloop
  endfacet
  facet normal 0.261776 0.149612 -0.953462
    outer loop
      vertex -10.7145 -4.73959 1.00156
      vertex -13.6263 -6.02766 0
      vertex -14.1233 -5.15806 0
    endloop
  endfacet
  facet normal 0.261779 0.149591 -0.953464
    outer loop
      vertex -14.1233 -5.15806 0
      vertex -11.2242 -3.84763 1.00156
      vertex -10.7145 -4.73959 1.00156
    endloop
  endfacet
  facet normal 0.261777 0.149595 -0.953464
    outer loop
      vertex -11.2242 -3.84763 1.00156
      vertex -14.1233 -5.15806 0
      vertex -14.2746 -4.8933 0
    endloop
  endfacet
  facet normal -0.0693543 -0.334563 -0.939818
    outer loop
      vertex 4.39853 12 0.0904758
      vertex 3.52667 9.62142 1.00156
      vertex 3.38547 12 0.165235
    endloop
  endfacet
  facet normal -0.0829129 -0.211837 -0.973781
    outer loop
      vertex 4.64922 9.28901 1.00156
      vertex 4.15358 7.65144 1.4
      vertex 3.88268 7.75747 1.4
    endloop
  endfacet
  facet normal -0.115697 -0.1885 -0.975234
    outer loop
      vertex 6.74963 8.35989 1.00156
      vertex 5.87747 6.83381 1.4
      vertex 5.63678 6.98154 1.4
    endloop
  endfacet
  facet normal -0.0997705 -0.201137 -0.974469
    outer loop
      vertex 6.74963 8.35989 1.00156
      vertex 5.63678 6.98154 1.4
      vertex 5.37974 7.10904 1.4
    endloop
  endfacet
  facet normal -0.122303 -0.312518 -0.942006
    outer loop
      vertex 5.727 8.86715 1.00156
      vertex 6.9635 11.4022 0
      vertex 7.28342 11.277 0
    endloop
  endfacet
  facet normal -0.122321 -0.312509 -0.942006
    outer loop
      vertex 6.9635 11.4022 0
      vertex 5.727 8.86715 1.00156
      vertex 4.64922 9.28901 1.00156
    endloop
  endfacet
  facet normal -0.0829161 -0.211837 -0.973781
    outer loop
      vertex 4.78276 7.40517 1.4
      vertex 4.64922 9.28901 1.00156
      vertex 5.727 8.86715 1.00156
    endloop
  endfacet
  facet normal -0.0829158 -0.211836 -0.973781
    outer loop
      vertex 4.64922 9.28901 1.00156
      vertex 4.78276 7.40517 1.4
      vertex 4.15358 7.65144 1.4
    endloop
  endfacet
  facet normal -0.0470713 -0.227069 -0.972741
    outer loop
      vertex 2.37015 9.86116 1.00156
      vertex 2.27006 8.17503 1.4
      vertex 1.97937 8.23529 1.4
    endloop
  endfacet
  facet normal 0.176278 -0.100747 -0.979171
    outer loop
      vertex -8.94791 3.95814 1.4
      vertex -9.07604 3.73395 1.4
      vertex -10.7145 4.73959 1.00156
    endloop
  endfacet
  facet normal 0.115698 -0.188499 -0.975234
    outer loop
      vertex -6.43651 6.49068 1.4
      vertex -6.74963 8.35989 1.00156
      vertex -5.87747 6.83381 1.4
    endloop
  endfacet
  facet normal 0.115698 -0.188499 -0.975234
    outer loop
      vertex -6.74963 8.35989 1.00156
      vertex -6.43651 6.49068 1.4
      vertex -7.70725 7.77212 1.00156
    endloop
  endfacet
  facet normal 0.0418417 -0.340926 -0.939159
    outer loop
      vertex -2.37015 9.86116 1.00156
      vertex -2.33042 12 0.226905
      vertex -1.19081 10.0059 1.00156
    endloop
  endfacet
  facet normal 0.0418527 -0.340926 -0.939158
    outer loop
      vertex -2.33042 12 0.226905
      vertex -2.37015 9.86116 1.00156
      vertex -2.88423 12 0.202225
    endloop
  endfacet
  facet normal 0.0962597 -0.325069 -0.940778
    outer loop
      vertex -4.64922 9.28901 1.00156
      vertex -4.39853 12 0.0904758
      vertex -3.52667 9.62142 1.00156
    endloop
  endfacet
  facet normal 0.0962596 -0.325069 -0.940778
    outer loop
      vertex -4.39853 12 0.0904758
      vertex -4.64922 9.28901 1.00156
      vertex -4.81015 12 0.0483592
    endloop
  endfacet
  facet normal 0.231824 -0.207746 -0.950315
    outer loop
      vertex -11.9436 8.11186 0
      vertex -9.39131 6.37841 1.00156
      vertex -12.636 7.33921 0
    endloop
  endfacet
  facet normal 0.00949968 -0.233681 -0.972267
    outer loop
      vertex -0.695164 8.36837 1.4
      vertex 0 10.0544 1.00156
      vertex 0 8.39663 1.4
    endloop
  endfacet
  facet normal 0.0095178 -0.233688 -0.972265
    outer loop
      vertex 0 10.0544 1.00156
      vertex -0.695164 8.36837 1.4
      vertex -1.19081 10.0059 1.00156
    endloop
  endfacet
  facet normal -0.00949968 -0.233681 -0.972267
    outer loop
      vertex 0 10.0544 1.00156
      vertex 0.695164 8.36837 1.4
      vertex 0 8.39663 1.4
    endloop
  endfacet
  facet normal -0.0095178 -0.233688 -0.972265
    outer loop
      vertex 0.695164 8.36837 1.4
      vertex 0 10.0544 1.00156
      vertex 1.19081 10.0059 1.00156
    endloop
  endfacet
  facet normal -0.0829161 0.211837 -0.973781
    outer loop
      vertex 4.64922 -9.28901 1.00156
      vertex 4.78276 -7.40517 1.4
      vertex 5.727 -8.86715 1.00156
    endloop
  endfacet
  facet normal -0.0829158 0.211836 -0.973781
    outer loop
      vertex 4.78276 -7.40517 1.4
      vertex 4.64922 -9.28901 1.00156
      vertex 4.15358 -7.65144 1.4
    endloop
  endfacet
  facet normal -0.0997709 0.201137 -0.974469
    outer loop
      vertex 5.727 -8.86715 1.00156
      vertex 5.37974 -7.10904 1.4
      vertex 6.74963 -8.35989 1.00156
    endloop
  endfacet
  facet normal -0.0997731 0.201137 -0.974469
    outer loop
      vertex 5.37974 -7.10904 1.4
      vertex 5.727 -8.86715 1.00156
      vertex 4.78276 -7.40517 1.4
    endloop
  endfacet
  facet normal -0.0997705 0.201137 -0.974469
    outer loop
      vertex 5.63678 -6.98154 1.4
      vertex 6.74963 -8.35989 1.00156
      vertex 5.37974 -7.10904 1.4
    endloop
  endfacet
  facet normal -0.21344 0.23379 -0.94857
    outer loop
      vertex 10.9253 -9.04163 0
      vertex 9.39131 -6.37841 1.00156
      vertex 11.163 -8.82462 0
    endloop
  endfacet
  facet normal -0.213463 0.233776 -0.948568
    outer loop
      vertex 9.39131 -6.37841 1.00156
      vertex 10.9253 -9.04163 0
      vertex 8.59065 -7.1095 1.00156
    endloop
  endfacet
  facet normal -0.13054 0.174033 -0.976049
    outer loop
      vertex 7.17425 -5.93731 1.4
      vertex 8.59065 -7.1095 1.00156
      vertex 6.95221 -6.10386 1.4
    endloop
  endfacet
  facet normal -0.261777 0.149595 -0.953464
    outer loop
      vertex 14.1233 -5.15806 0
      vertex 11.2242 -3.84763 1.00156
      vertex 14.2746 -4.8933 0
    endloop
  endfacet
  facet normal -0.261779 0.149591 -0.953464
    outer loop
      vertex 11.2242 -3.84763 1.00156
      vertex 14.1233 -5.15806 0
      vertex 10.7145 -4.73959 1.00156
    endloop
  endfacet
  facet normal -0.176288 0.100738 -0.97917
    outer loop
      vertex 10.7145 -4.73959 1.00156
      vertex 9.37362 -3.21325 1.4
      vertex 11.2242 -3.84763 1.00156
    endloop
  endfacet
  facet normal -0.17628 0.100744 -0.979171
    outer loop
      vertex 9.37362 -3.21325 1.4
      vertex 10.7145 -4.73959 1.00156
      vertex 9.07604 -3.73395 1.4
    endloop
  endfacet
  facet normal -0.248019 0.179582 -0.951965
    outer loop
      vertex 12.8468 -7.10397 0
      vertex 10.7145 -4.73959 1.00156
      vertex 13.0287 -6.85275 0
    endloop
  endfacet
  facet normal -0.247981 0.179618 -0.951968
    outer loop
      vertex 10.7145 -4.73959 1.00156
      vertex 12.8468 -7.10397 0
      vertex 10.1015 -5.5859 1.00156
    endloop
  endfacet
  facet normal 0.273018 0.118042 -0.95474
    outer loop
      vertex -11.6259 -2.91862 1.00156
      vertex -14.3938 -4.61754 0
      vertex -14.7854 -3.71181 0
    endloop
  endfacet
  facet normal 0.281578 0.085216 -0.955747
    outer loop
      vertex -11.6259 -2.91862 1.00156
      vertex -14.7854 -3.71181 0
      vertex -15.0678 -2.77868 0
    endloop
  endfacet
  facet normal -0.0962412 -0.325073 -0.940779
    outer loop
      vertex 4.64922 9.28901 1.00156
      vertex 5.28279 12 0
      vertex 5.91273 11.8135 0
    endloop
  endfacet
  facet normal -0.0962578 -0.325069 -0.940779
    outer loop
      vertex 5.28279 12 0
      vertex 4.64922 9.28901 1.00156
      vertex 4.81015 12 0.0483592
    endloop
  endfacet
  facet normal -0.122324 -0.312506 -0.942007
    outer loop
      vertex 5.91273 11.8135 0
      vertex 6.9635 11.4022 0
      vertex 4.64922 9.28901 1.00156
    endloop
  endfacet
  facet normal -0.0997709 -0.201137 -0.974469
    outer loop
      vertex 5.37974 7.10904 1.4
      vertex 5.727 8.86715 1.00156
      vertex 6.74963 8.35989 1.00156
    endloop
  endfacet
  facet normal -0.0997731 -0.201137 -0.974469
    outer loop
      vertex 5.727 8.86715 1.00156
      vertex 5.37974 7.10904 1.4
      vertex 4.78276 7.40517 1.4
    endloop
  endfacet
  facet normal -0.147309 -0.296973 -0.943455
    outer loop
      vertex 5.727 8.86715 1.00156
      vertex 7.58697 11.1264 0
      vertex 6.74963 8.35989 1.00156
    endloop
  endfacet
  facet normal -0.147329 -0.296957 -0.943457
    outer loop
      vertex 7.58697 11.1264 0
      vertex 5.727 8.86715 1.00156
      vertex 7.28342 11.277 0
    endloop
  endfacet
  facet normal 0.213463 -0.233776 -0.948568
    outer loop
      vertex -9.39131 6.37841 1.00156
      vertex -10.9253 9.04163 0
      vertex -8.59065 7.1095 1.00156
    endloop
  endfacet
  facet normal 0.21344 -0.23379 -0.94857
    outer loop
      vertex -10.9253 9.04163 0
      vertex -9.39131 6.37841 1.00156
      vertex -11.163 8.82462 0
    endloop
  endfacet
  facet normal 0.144147 -0.157875 -0.976881
    outer loop
      vertex -7.17425 5.93731 1.4
      vertex -7.3755 5.75356 1.4
      vertex -8.59065 7.1095 1.00156
    endloop
  endfacet
  facet normal 0.009502 -0.233693 -0.972264
    outer loop
      vertex -0.695164 8.36837 1.4
      vertex -0.994474 8.3562 1.4
      vertex -1.19081 10.0059 1.00156
    endloop
  endfacet
  facet normal 0.0284161 -0.231475 -0.972426
    outer loop
      vertex -1.68294 8.27168 1.4
      vertex -1.97937 8.23529 1.4
      vertex -2.37015 9.86116 1.00156
    endloop
  endfacet
  facet normal 0.0470713 -0.227069 -0.972741
    outer loop
      vertex -1.97937 8.23529 1.4
      vertex -2.27006 8.17503 1.4
      vertex -2.37015 9.86116 1.00156
    endloop
  endfacet
  facet normal 0.167141 0.12105 -0.978474
    outer loop
      vertex -8.94791 -3.95814 1.4
      vertex -8.79385 -4.17086 1.4
      vertex -10.7145 -4.73959 1.00156
    endloop
  endfacet
  facet normal 0.167145 0.121054 -0.978473
    outer loop
      vertex -10.1015 -5.5859 1.00156
      vertex -8.79385 -4.17086 1.4
      vertex -8.43603 -4.66492 1.4
    endloop
  endfacet
  facet normal 0.167137 0.121061 -0.978473
    outer loop
      vertex -8.79385 -4.17086 1.4
      vertex -10.1015 -5.5859 1.00156
      vertex -10.7145 -4.73959 1.00156
    endloop
  endfacet
  facet normal -0.144147 0.157875 -0.976881
    outer loop
      vertex 7.3755 -5.75356 1.4
      vertex 8.59065 -7.1095 1.00156
      vertex 7.17425 -5.93731 1.4
    endloop
  endfacet
  facet normal -0.156398 0.140154 -0.9777
    outer loop
      vertex 8.43603 -4.66492 1.4
      vertex 10.1015 -5.5859 1.00156
      vertex 8.25752 -4.86412 1.4
    endloop
  endfacet
  facet normal -0.156398 0.140153 -0.9777
    outer loop
      vertex 9.39131 -6.37841 1.00156
      vertex 8.25752 -4.86412 1.4
      vertex 10.1015 -5.5859 1.00156
    endloop
  endfacet
  facet normal -0.156395 0.140155 -0.9777
    outer loop
      vertex 8.25752 -4.86412 1.4
      vertex 9.39131 -6.37841 1.00156
      vertex 7.84291 -5.32677 1.4
    endloop
  endfacet
  facet normal 0.147324 -0.296968 -0.943454
    outer loop
      vertex -7.58697 11.1264 0
      vertex -6.74963 8.35989 1.00156
      vertex -8.58396 10.6318 0
    endloop
  endfacet
  facet normal 0.231824 -0.207744 -0.950316
    outer loop
      vertex -10.1015 5.5859 1.00156
      vertex -12.636 7.33921 0
      vertex -9.39131 6.37841 1.00156
    endloop
  endfacet
  facet normal 0.231826 -0.207741 -0.950316
    outer loop
      vertex -12.636 7.33921 0
      vertex -10.1015 5.5859 1.00156
      vertex -12.8468 7.10397 0
    endloop
  endfacet
  facet normal 0.156395 -0.140155 -0.9777
    outer loop
      vertex -8.25752 4.86412 1.4
      vertex -9.39131 6.37841 1.00156
      vertex -7.84291 5.32677 1.4
    endloop
  endfacet
  facet normal 0.156398 -0.140153 -0.9777
    outer loop
      vertex -9.39131 6.37841 1.00156
      vertex -8.25752 4.86412 1.4
      vertex -10.1015 5.5859 1.00156
    endloop
  endfacet
  facet normal 0.193109 -0.257451 -0.946799
    outer loop
      vertex -8.59065 7.1095 1.00156
      vertex -10.6631 9.23832 0
      vertex -7.70725 7.77212 1.00156
    endloop
  endfacet
  facet normal 0.19312 -0.257441 -0.946799
    outer loop
      vertex -10.6631 9.23832 0
      vertex -8.59065 7.1095 1.00156
      vertex -10.9253 9.04163 0
    endloop
  endfacet
  facet normal 0.0418526 -0.34092 -0.93916
    outer loop
      vertex -1.42812 12 0.267115
      vertex -1.19081 10.0059 1.00156
      vertex -2.33042 12 0.226905
    endloop
  endfacet
  facet normal -0.0140155 -0.344119 -0.938821
    outer loop
      vertex 0 10.0544 1.00156
      vertex 0.587264 12 0.279646
      vertex 1.19081 10.0059 1.00156
    endloop
  endfacet
  facet normal -0.0139896 -0.344126 -0.938819
    outer loop
      vertex 0.587264 12 0.279646
      vertex 0 10.0544 1.00156
      vertex 0 12 0.288397
    endloop
  endfacet
  facet normal 0.0139896 -0.344126 -0.938819
    outer loop
      vertex 0 10.0544 1.00156
      vertex -0.587264 12 0.279646
      vertex 0 12 0.288397
    endloop
  endfacet
  facet normal 0.0140155 -0.344119 -0.938821
    outer loop
      vertex -0.587264 12 0.279646
      vertex 0 10.0544 1.00156
      vertex -1.19081 10.0059 1.00156
    endloop
  endfacet
  facet normal 0.0829129 -0.211837 -0.973781
    outer loop
      vertex -3.88268 7.75747 1.4
      vertex -4.15358 7.65144 1.4
      vertex -4.64922 9.28901 1.00156
    endloop
  endfacet
  facet normal 0.247981 -0.179618 -0.951968
    outer loop
      vertex -10.7145 4.73959 1.00156
      vertex -12.8468 7.10397 0
      vertex -10.1015 5.5859 1.00156
    endloop
  endfacet
  facet normal 0.248019 -0.179582 -0.951965
    outer loop
      vertex -12.8468 7.10397 0
      vertex -10.7145 4.73959 1.00156
      vertex -13.0287 6.85275 0
    endloop
  endfacet
  facet normal 0.167145 -0.121054 -0.978473
    outer loop
      vertex -8.79385 4.17086 1.4
      vertex -10.1015 5.5859 1.00156
      vertex -8.43603 4.66492 1.4
    endloop
  endfacet
  facet normal 0.167137 -0.121061 -0.978473
    outer loop
      vertex -10.1015 5.5859 1.00156
      vertex -8.79385 4.17086 1.4
      vertex -10.7145 4.73959 1.00156
    endloop
  endfacet
  facet normal 0.122321 -0.312509 -0.942006
    outer loop
      vertex -5.727 8.86715 1.00156
      vertex -6.9635 11.4022 0
      vertex -4.64922 9.28901 1.00156
    endloop
  endfacet
  facet normal 0.122303 -0.312518 -0.942006
    outer loop
      vertex -6.9635 11.4022 0
      vertex -5.727 8.86715 1.00156
      vertex -7.28342 11.277 0
    endloop
  endfacet
  facet normal 0.0829158 -0.211836 -0.973781
    outer loop
      vertex -4.78276 7.40517 1.4
      vertex -4.64922 9.28901 1.00156
      vertex -4.15358 7.65144 1.4
    endloop
  endfacet
  facet normal 0.0829161 -0.211837 -0.973781
    outer loop
      vertex -4.64922 9.28901 1.00156
      vertex -4.78276 7.40517 1.4
      vertex -5.727 8.86715 1.00156
    endloop
  endfacet
  facet normal 0.122324 -0.312506 -0.942007
    outer loop
      vertex -5.91273 11.8135 0
      vertex -4.64922 9.28901 1.00156
      vertex -6.9635 11.4022 0
    endloop
  endfacet
  facet normal 0.0652942 -0.220503 -0.973198
    outer loop
      vertex -3.88268 7.75747 1.4
      vertex -3.52667 9.62142 1.00156
      vertex -3.22736 7.95152 1.4
    endloop
  endfacet
  facet normal 0.0652955 -0.220503 -0.973198
    outer loop
      vertex -3.52667 9.62142 1.00156
      vertex -3.88268 7.75747 1.4
      vertex -4.64922 9.28901 1.00156
    endloop
  endfacet
  facet normal 0.0693543 -0.334563 -0.939818
    outer loop
      vertex -3.38547 12 0.165235
      vertex -3.52667 9.62142 1.00156
      vertex -4.39853 12 0.0904758
    endloop
  endfacet
  facet normal 0.170978 -0.278583 -0.94507
    outer loop
      vertex -8.58396 10.6318 0
      vertex -6.74963 8.35989 1.00156
      vertex -9.51758 10.0588 0
    endloop
  endfacet
  facet normal 0.0652951 -0.220503 -0.973198
    outer loop
      vertex -2.94521 8.03507 1.4
      vertex -3.22736 7.95152 1.4
      vertex -3.52667 9.62142 1.00156
    endloop
  endfacet
  facet normal 0.0470718 -0.227069 -0.97274
    outer loop
      vertex -2.94521 8.03507 1.4
      vertex -2.37015 9.86116 1.00156
      vertex -2.27006 8.17503 1.4
    endloop
  endfacet
  facet normal 0.0470699 -0.227068 -0.972741
    outer loop
      vertex -2.37015 9.86116 1.00156
      vertex -2.94521 8.03507 1.4
      vertex -3.52667 9.62142 1.00156
    endloop
  endfacet
  facet normal 0.115697 -0.1885 -0.975234
    outer loop
      vertex -5.63678 6.98154 1.4
      vertex -5.87747 6.83381 1.4
      vertex -6.74963 8.35989 1.00156
    endloop
  endfacet
  facet normal 0.0997705 -0.201137 -0.974469
    outer loop
      vertex -5.37974 7.10904 1.4
      vertex -5.63678 6.98154 1.4
      vertex -6.74963 8.35989 1.00156
    endloop
  endfacet
  facet normal 0.130541 -0.174034 -0.976049
    outer loop
      vertex -6.95221 6.10386 1.4
      vertex -7.70725 7.77212 1.00156
      vertex -6.43651 6.49068 1.4
    endloop
  endfacet
  facet normal 0.130539 -0.174034 -0.976049
    outer loop
      vertex -7.70725 7.77212 1.00156
      vertex -6.95221 6.10386 1.4
      vertex -8.59065 7.1095 1.00156
    endloop
  endfacet
  facet normal 0.170984 -0.278574 -0.945072
    outer loop
      vertex -7.70725 7.77212 1.00156
      vertex -9.51758 10.0588 0
      vertex -6.74963 8.35989 1.00156
    endloop
  endfacet
  facet normal 0.170985 -0.278573 -0.945072
    outer loop
      vertex -9.51758 10.0588 0
      vertex -7.70725 7.77212 1.00156
      vertex -9.80183 9.88433 0
    endloop
  endfacet
  facet normal 0.0997731 -0.201137 -0.974469
    outer loop
      vertex -5.37974 7.10904 1.4
      vertex -5.727 8.86715 1.00156
      vertex -4.78276 7.40517 1.4
    endloop
  endfacet
  facet normal 0.0997709 -0.201137 -0.974469
    outer loop
      vertex -5.727 8.86715 1.00156
      vertex -5.37974 7.10904 1.4
      vertex -6.74963 8.35989 1.00156
    endloop
  endfacet
  facet normal 0.147309 -0.296973 -0.943455
    outer loop
      vertex -7.58697 11.1264 0
      vertex -5.727 8.86715 1.00156
      vertex -6.74963 8.35989 1.00156
    endloop
  endfacet
  facet normal 0.147329 -0.296957 -0.943457
    outer loop
      vertex -5.727 8.86715 1.00156
      vertex -7.58697 11.1264 0
      vertex -7.28342 11.277 0
    endloop
  endfacet
  facet normal -1 0 0
    outer loop
      vertex 10.75 -9 1.4
      vertex 10.75 9 1.5
      vertex 10.75 9 1.4
    endloop
  endfacet
  facet normal -1 -0 0
    outer loop
      vertex 10.75 9 1.5
      vertex 10.75 -9 1.4
      vertex 10.75 -9 1.5
    endloop
  endfacet
  facet normal 0 0 1
    outer loop
      vertex 10.75 9 1.4
      vertex 10.1459 0 1.4
      vertex 10.75 -9 1.4
    endloop
  endfacet
  facet normal 0 0 1
    outer loop
      vertex 10.75 9 1.4
      vertex 10.1312 0.247705 1.4
      vertex 10.1459 0 1.4
    endloop
  endfacet
  facet normal 0 0 1
    outer loop
      vertex 10.75 9 1.4
      vertex 10.0971 0.823013 1.4
      vertex 10.1312 0.247705 1.4
    endloop
  endfacet
  facet normal 0 0 1
    outer loop
      vertex 10.75 9 1.4
      vertex 9.99495 1.39278 1.4
      vertex 10.0971 0.823013 1.4
    endloop
  endfacet
  facet normal 0 0 1
    outer loop
      vertex 10.75 9 1.4
      vertex 9.95098 1.6381 1.4
      vertex 9.99495 1.39278 1.4
    endloop
  endfacet
  facet normal 0 0 1
    outer loop
      vertex 10.75 9 1.4
      vertex 9.78186 2.19684 1.4
      vertex 9.95098 1.6381 1.4
    endloop
  endfacet
  facet normal 0 0 1
    outer loop
      vertex 10.75 9 1.4
      vertex 9.70905 2.43741 1.4
      vertex 9.78186 2.19684 1.4
    endloop
  endfacet
  facet normal 0 0 1
    outer loop
      vertex 10.75 9 1.4
      vertex 9.60809 2.67092 1.4
      vertex 9.70905 2.43741 1.4
    endloop
  endfacet
  facet normal 0 0 1
    outer loop
      vertex 10.75 9 1.4
      vertex 9.37362 3.21325 1.4
      vertex 9.60809 2.67092 1.4
    endloop
  endfacet
  facet normal 0 0 1
    outer loop
      vertex 10.75 9 1.4
      vertex 9.07604 3.73395 1.4
      vertex 9.37362 3.21325 1.4
    endloop
  endfacet
  facet normal 0 0 1
    outer loop
      vertex 10.75 9 1.4
      vertex 8.94791 3.95814 1.4
      vertex 9.07604 3.73395 1.4
    endloop
  endfacet
  facet normal 0 0 1
    outer loop
      vertex 10.75 9 1.4
      vertex 8.79385 4.17086 1.4
      vertex 8.94791 3.95814 1.4
    endloop
  endfacet
  facet normal 0 0 1
    outer loop
      vertex 10.75 9 1.4
      vertex 8.43603 4.66492 1.4
      vertex 8.79385 4.17086 1.4
    endloop
  endfacet
  facet normal 0 0 1
    outer loop
      vertex 10.75 9 1.4
      vertex 8.25752 4.86412 1.4
      vertex 8.43603 4.66492 1.4
    endloop
  endfacet
  facet normal 0 0 1
    outer loop
      vertex 10.75 9 1.4
      vertex 7.84291 5.32677 1.4
      vertex 8.25752 4.86412 1.4
    endloop
  endfacet
  facet normal 0 0 1
    outer loop
      vertex 10.75 9 1.4
      vertex 7.3755 5.75356 1.4
      vertex 7.84291 5.32677 1.4
    endloop
  endfacet
  facet normal 0 0 1
    outer loop
      vertex 10.75 9 1.4
      vertex 7.17425 5.93731 1.4
      vertex 7.3755 5.75356 1.4
    endloop
  endfacet
  facet normal 0 0 1
    outer loop
      vertex 10.75 9 1.4
      vertex 6.95221 6.10386 1.4
      vertex 7.17425 5.93731 1.4
    endloop
  endfacet
  facet normal 0 0 1
    outer loop
      vertex 10.75 9 1.4
      vertex 6.43651 6.49068 1.4
      vertex 6.95221 6.10386 1.4
    endloop
  endfacet
  facet normal 0 0 1
    outer loop
      vertex 10.75 9 1.4
      vertex 5.87747 6.83381 1.4
      vertex 6.43651 6.49068 1.4
    endloop
  endfacet
  facet normal 0 0 1
    outer loop
      vertex 10.75 9 1.4
      vertex 5.63678 6.98154 1.4
      vertex 5.87747 6.83381 1.4
    endloop
  endfacet
  facet normal 0 0 1
    outer loop
      vertex 10.75 9 1.4
      vertex 5.37974 7.10904 1.4
      vertex 5.63678 6.98154 1.4
    endloop
  endfacet
  facet normal 0 0 1
    outer loop
      vertex 10.75 9 1.4
      vertex 4.78276 7.40517 1.4
      vertex 5.37974 7.10904 1.4
    endloop
  endfacet
  facet normal 0 0 1
    outer loop
      vertex 10.75 9 1.4
      vertex 4.15358 7.65144 1.4
      vertex 4.78276 7.40517 1.4
    endloop
  endfacet
  facet normal 0 0 1
    outer loop
      vertex 10.75 9 1.4
      vertex 3.88268 7.75747 1.4
      vertex 4.15358 7.65144 1.4
    endloop
  endfacet
  facet normal 0 0 1
    outer loop
      vertex 10.75 9 1.4
      vertex 3.22736 7.95152 1.4
      vertex 3.88268 7.75747 1.4
    endloop
  endfacet
  facet normal 0 0 1
    outer loop
      vertex 10.75 9 1.4
      vertex 2.94521 8.03507 1.4
      vertex 3.22736 7.95152 1.4
    endloop
  endfacet
  facet normal 0 0 1
    outer loop
      vertex 10.75 9 1.4
      vertex 2.27006 8.17503 1.4
      vertex 2.94521 8.03507 1.4
    endloop
  endfacet
  facet normal 0 0 1
    outer loop
      vertex 10.75 9 1.4
      vertex 1.97937 8.23529 1.4
      vertex 2.27006 8.17503 1.4
    endloop
  endfacet
  facet normal 0 0 1
    outer loop
      vertex 10.75 9 1.4
      vertex 1.68294 8.27168 1.4
      vertex 1.97937 8.23529 1.4
    endloop
  endfacet
  facet normal 0 0 1
    outer loop
      vertex 10.75 9 1.4
      vertex 0.994474 8.3562 1.4
      vertex 1.68294 8.27168 1.4
    endloop
  endfacet
  facet normal 0 0 1
    outer loop
      vertex 10.75 9 1.4
      vertex 0.695164 8.36837 1.4
      vertex 0.994474 8.3562 1.4
    endloop
  endfacet
  facet normal 0 0 1
    outer loop
      vertex 10.75 9 1.4
      vertex 0 8.39663 1.4
      vertex 0.695164 8.36837 1.4
    endloop
  endfacet
  facet normal -0 0 1
    outer loop
      vertex -10.75 9 1.4
      vertex 0 8.39663 1.4
      vertex 10.75 9 1.4
    endloop
  endfacet
  facet normal 0 0 1
    outer loop
      vertex 0 8.39663 1.4
      vertex -10.75 9 1.4
      vertex -0.695164 8.36837 1.4
    endloop
  endfacet
  facet normal 0 0 1
    outer loop
      vertex -10.75 9 1.4
      vertex -1.68294 8.27168 1.4
      vertex -0.994474 8.3562 1.4
    endloop
  endfacet
  facet normal 0 0 1
    outer loop
      vertex -10.75 9 1.4
      vertex -4.15358 7.65144 1.4
      vertex -3.88268 7.75747 1.4
    endloop
  endfacet
  facet normal 0 0 1
    outer loop
      vertex -10.75 9 1.4
      vertex -7.3755 5.75356 1.4
      vertex -7.17425 5.93731 1.4
    endloop
  endfacet
  facet normal 0 0 1
    outer loop
      vertex -10.75 9 1.4
      vertex -8.25752 4.86412 1.4
      vertex -7.84291 5.32677 1.4
    endloop
  endfacet
  facet normal 0 0 1
    outer loop
      vertex -10.75 9 1.4
      vertex -8.79385 4.17086 1.4
      vertex -8.43603 4.66492 1.4
    endloop
  endfacet
  facet normal 0 0 1
    outer loop
      vertex -10.75 9 1.4
      vertex -9.07604 3.73395 1.4
      vertex -8.94791 3.95814 1.4
    endloop
  endfacet
  facet normal 0 0 1
    outer loop
      vertex -10.1312 0.247705 1.4
      vertex -10.75 9 1.4
      vertex -10.1459 0 1.4
    endloop
  endfacet
  facet normal 0 0 1
    outer loop
      vertex -10.0971 0.823013 1.4
      vertex -10.75 9 1.4
      vertex -10.1312 0.247705 1.4
    endloop
  endfacet
  facet normal 0 0 1
    outer loop
      vertex -9.99495 1.39278 1.4
      vertex -10.75 9 1.4
      vertex -10.0971 0.823013 1.4
    endloop
  endfacet
  facet normal 0 0 1
    outer loop
      vertex -9.95098 1.6381 1.4
      vertex -10.75 9 1.4
      vertex -9.99495 1.39278 1.4
    endloop
  endfacet
  facet normal 0 0 1
    outer loop
      vertex -9.78186 2.19684 1.4
      vertex -10.75 9 1.4
      vertex -9.95098 1.6381 1.4
    endloop
  endfacet
  facet normal 0 0 1
    outer loop
      vertex -9.70905 2.43741 1.4
      vertex -10.75 9 1.4
      vertex -9.78186 2.19684 1.4
    endloop
  endfacet
  facet normal 0 0 1
    outer loop
      vertex -9.60809 2.67092 1.4
      vertex -10.75 9 1.4
      vertex -9.70905 2.43741 1.4
    endloop
  endfacet
  facet normal 0 0 1
    outer loop
      vertex -9.37362 3.21325 1.4
      vertex -10.75 9 1.4
      vertex -9.60809 2.67092 1.4
    endloop
  endfacet
  facet normal 0 0 1
    outer loop
      vertex -9.07604 3.73395 1.4
      vertex -10.75 9 1.4
      vertex -9.37362 3.21325 1.4
    endloop
  endfacet
  facet normal 0 0 1
    outer loop
      vertex -8.79385 4.17086 1.4
      vertex -10.75 9 1.4
      vertex -8.94791 3.95814 1.4
    endloop
  endfacet
  facet normal 0 0 1
    outer loop
      vertex -8.25752 4.86412 1.4
      vertex -10.75 9 1.4
      vertex -8.43603 4.66492 1.4
    endloop
  endfacet
  facet normal 0 0 1
    outer loop
      vertex -7.3755 5.75356 1.4
      vertex -10.75 9 1.4
      vertex -7.84291 5.32677 1.4
    endloop
  endfacet
  facet normal 0 0 1
    outer loop
      vertex -6.95221 6.10386 1.4
      vertex -10.75 9 1.4
      vertex -7.17425 5.93731 1.4
    endloop
  endfacet
  facet normal 0 0 1
    outer loop
      vertex -6.43651 6.49068 1.4
      vertex -10.75 9 1.4
      vertex -6.95221 6.10386 1.4
    endloop
  endfacet
  facet normal 0 0 1
    outer loop
      vertex -5.87747 6.83381 1.4
      vertex -10.75 9 1.4
      vertex -6.43651 6.49068 1.4
    endloop
  endfacet
  facet normal 0 0 1
    outer loop
      vertex -5.63678 6.98154 1.4
      vertex -10.75 9 1.4
      vertex -5.87747 6.83381 1.4
    endloop
  endfacet
  facet normal 0 0 1
    outer loop
      vertex -5.37974 7.10904 1.4
      vertex -10.75 9 1.4
      vertex -5.63678 6.98154 1.4
    endloop
  endfacet
  facet normal 0 0 1
    outer loop
      vertex -4.78276 7.40517 1.4
      vertex -10.75 9 1.4
      vertex -5.37974 7.10904 1.4
    endloop
  endfacet
  facet normal 0 0 1
    outer loop
      vertex -4.15358 7.65144 1.4
      vertex -10.75 9 1.4
      vertex -4.78276 7.40517 1.4
    endloop
  endfacet
  facet normal 0 0 1
    outer loop
      vertex -3.22736 7.95152 1.4
      vertex -10.75 9 1.4
      vertex -3.88268 7.75747 1.4
    endloop
  endfacet
  facet normal 0 0 1
    outer loop
      vertex -2.94521 8.03507 1.4
      vertex -10.75 9 1.4
      vertex -3.22736 7.95152 1.4
    endloop
  endfacet
  facet normal 0 0 1
    outer loop
      vertex -2.27006 8.17503 1.4
      vertex -10.75 9 1.4
      vertex -2.94521 8.03507 1.4
    endloop
  endfacet
  facet normal 0 0 1
    outer loop
      vertex -1.97937 8.23529 1.4
      vertex -10.75 9 1.4
      vertex -2.27006 8.17503 1.4
    endloop
  endfacet
  facet normal 0 0 1
    outer loop
      vertex -1.68294 8.27168 1.4
      vertex -10.75 9 1.4
      vertex -1.97937 8.23529 1.4
    endloop
  endfacet
  facet normal 0 0 1
    outer loop
      vertex -0.695164 8.36837 1.4
      vertex -10.75 9 1.4
      vertex -0.994474 8.3562 1.4
    endloop
  endfacet
  facet normal -0 0 1
    outer loop
      vertex 10.1312 -0.247705 1.4
      vertex 10.75 -9 1.4
      vertex 10.1459 0 1.4
    endloop
  endfacet
  facet normal -0 0 1
    outer loop
      vertex 10.0971 -0.823013 1.4
      vertex 10.75 -9 1.4
      vertex 10.1312 -0.247705 1.4
    endloop
  endfacet
  facet normal -0 0 1
    outer loop
      vertex 9.99495 -1.39278 1.4
      vertex 10.75 -9 1.4
      vertex 10.0971 -0.823013 1.4
    endloop
  endfacet
  facet normal -0 0 1
    outer loop
      vertex 9.95098 -1.6381 1.4
      vertex 10.75 -9 1.4
      vertex 9.99495 -1.39278 1.4
    endloop
  endfacet
  facet normal -0 0 1
    outer loop
      vertex 9.78186 -2.19684 1.4
      vertex 10.75 -9 1.4
      vertex 9.95098 -1.6381 1.4
    endloop
  endfacet
  facet normal -0 0 1
    outer loop
      vertex 9.70905 -2.43741 1.4
      vertex 10.75 -9 1.4
      vertex 9.78186 -2.19684 1.4
    endloop
  endfacet
  facet normal -0 0 1
    outer loop
      vertex 9.60809 -2.67092 1.4
      vertex 10.75 -9 1.4
      vertex 9.70905 -2.43741 1.4
    endloop
  endfacet
  facet normal -0 0 1
    outer loop
      vertex 9.37362 -3.21325 1.4
      vertex 10.75 -9 1.4
      vertex 9.60809 -2.67092 1.4
    endloop
  endfacet
  facet normal -0 0 1
    outer loop
      vertex 9.07604 -3.73395 1.4
      vertex 10.75 -9 1.4
      vertex 9.37362 -3.21325 1.4
    endloop
  endfacet
  facet normal -0 0 1
    outer loop
      vertex 8.94791 -3.95814 1.4
      vertex 10.75 -9 1.4
      vertex 9.07604 -3.73395 1.4
    endloop
  endfacet
  facet normal -0 0 1
    outer loop
      vertex 8.79385 -4.17086 1.4
      vertex 10.75 -9 1.4
      vertex 8.94791 -3.95814 1.4
    endloop
  endfacet
  facet normal -0 0 1
    outer loop
      vertex 8.43603 -4.66492 1.4
      vertex 10.75 -9 1.4
      vertex 8.79385 -4.17086 1.4
    endloop
  endfacet
  facet normal -0 0 1
    outer loop
      vertex 8.25752 -4.86412 1.4
      vertex 10.75 -9 1.4
      vertex 8.43603 -4.66492 1.4
    endloop
  endfacet
  facet normal -0 0 1
    outer loop
      vertex 7.84291 -5.32677 1.4
      vertex 10.75 -9 1.4
      vertex 8.25752 -4.86412 1.4
    endloop
  endfacet
  facet normal -0 0 1
    outer loop
      vertex 7.3755 -5.75356 1.4
      vertex 10.75 -9 1.4
      vertex 7.84291 -5.32677 1.4
    endloop
  endfacet
  facet normal -0 0 1
    outer loop
      vertex 7.17425 -5.93731 1.4
      vertex 10.75 -9 1.4
      vertex 7.3755 -5.75356 1.4
    endloop
  endfacet
  facet normal -0 0 1
    outer loop
      vertex 6.95221 -6.10386 1.4
      vertex 10.75 -9 1.4
      vertex 7.17425 -5.93731 1.4
    endloop
  endfacet
  facet normal -0 0 1
    outer loop
      vertex 6.43651 -6.49068 1.4
      vertex 10.75 -9 1.4
      vertex 6.95221 -6.10386 1.4
    endloop
  endfacet
  facet normal -0 0 1
    outer loop
      vertex 5.87747 -6.83381 1.4
      vertex 10.75 -9 1.4
      vertex 6.43651 -6.49068 1.4
    endloop
  endfacet
  facet normal -0 0 1
    outer loop
      vertex 5.63678 -6.98154 1.4
      vertex 10.75 -9 1.4
      vertex 5.87747 -6.83381 1.4
    endloop
  endfacet
  facet normal -0 0 1
    outer loop
      vertex 5.37974 -7.10904 1.4
      vertex 10.75 -9 1.4
      vertex 5.63678 -6.98154 1.4
    endloop
  endfacet
  facet normal -0 0 1
    outer loop
      vertex 4.78276 -7.40517 1.4
      vertex 10.75 -9 1.4
      vertex 5.37974 -7.10904 1.4
    endloop
  endfacet
  facet normal -0 0 1
    outer loop
      vertex 4.15358 -7.65144 1.4
      vertex 10.75 -9 1.4
      vertex 4.78276 -7.40517 1.4
    endloop
  endfacet
  facet normal -0 0 1
    outer loop
      vertex 3.88268 -7.75747 1.4
      vertex 10.75 -9 1.4
      vertex 4.15358 -7.65144 1.4
    endloop
  endfacet
  facet normal -0 0 1
    outer loop
      vertex 3.22736 -7.95152 1.4
      vertex 10.75 -9 1.4
      vertex 3.88268 -7.75747 1.4
    endloop
  endfacet
  facet normal -0 0 1
    outer loop
      vertex 2.94521 -8.03507 1.4
      vertex 10.75 -9 1.4
      vertex 3.22736 -7.95152 1.4
    endloop
  endfacet
  facet normal -0 0 1
    outer loop
      vertex 2.27006 -8.17503 1.4
      vertex 10.75 -9 1.4
      vertex 2.94521 -8.03507 1.4
    endloop
  endfacet
  facet normal -0 0 1
    outer loop
      vertex 1.97937 -8.23529 1.4
      vertex 10.75 -9 1.4
      vertex 2.27006 -8.17503 1.4
    endloop
  endfacet
  facet normal -0 0 1
    outer loop
      vertex 1.68294 -8.27168 1.4
      vertex 10.75 -9 1.4
      vertex 1.97937 -8.23529 1.4
    endloop
  endfacet
  facet normal -0 0 1
    outer loop
      vertex 0.994474 -8.3562 1.4
      vertex 10.75 -9 1.4
      vertex 1.68294 -8.27168 1.4
    endloop
  endfacet
  facet normal -0 0 1
    outer loop
      vertex 0.695164 -8.36837 1.4
      vertex 10.75 -9 1.4
      vertex 0.994474 -8.3562 1.4
    endloop
  endfacet
  facet normal -0 0 1
    outer loop
      vertex 0 -8.39663 1.4
      vertex 10.75 -9 1.4
      vertex 0.695164 -8.36837 1.4
    endloop
  endfacet
  facet normal 0 0 1
    outer loop
      vertex -10.75 -9 1.4
      vertex 0 -8.39663 1.4
      vertex -0.695164 -8.36837 1.4
    endloop
  endfacet
  facet normal 0 0 1
    outer loop
      vertex -10.75 -9 1.4
      vertex -0.695164 -8.36837 1.4
      vertex -0.994474 -8.3562 1.4
    endloop
  endfacet
  facet normal 0 0 1
    outer loop
      vertex -10.75 -9 1.4
      vertex -1.68294 -8.27168 1.4
      vertex -1.97937 -8.23529 1.4
    endloop
  endfacet
  facet normal 0 0 1
    outer loop
      vertex -10.75 -9 1.4
      vertex -4.15358 -7.65144 1.4
      vertex -4.78276 -7.40517 1.4
    endloop
  endfacet
  facet normal 0 0 1
    outer loop
      vertex -10.75 -9 1.4
      vertex -7.3755 -5.75356 1.4
      vertex -7.84291 -5.32677 1.4
    endloop
  endfacet
  facet normal 0 0 1
    outer loop
      vertex -10.75 -9 1.4
      vertex -8.25752 -4.86412 1.4
      vertex -8.43603 -4.66492 1.4
    endloop
  endfacet
  facet normal 0 0 1
    outer loop
      vertex -10.75 -9 1.4
      vertex -8.79385 -4.17086 1.4
      vertex -8.94791 -3.95814 1.4
    endloop
  endfacet
  facet normal 0 0 1
    outer loop
      vertex -10.75 -9 1.4
      vertex -9.07604 -3.73395 1.4
      vertex -9.37362 -3.21325 1.4
    endloop
  endfacet
  facet normal 0 0 1
    outer loop
      vertex -10.75 -9 1.4
      vertex -10.1459 0 1.4
      vertex -10.75 9 1.4
    endloop
  endfacet
  facet normal 0 0 1
    outer loop
      vertex -10.1459 0 1.4
      vertex -10.75 -9 1.4
      vertex -10.1312 -0.247705 1.4
    endloop
  endfacet
  facet normal 0 0 1
    outer loop
      vertex 0 -8.39663 1.4
      vertex -10.75 -9 1.4
      vertex 10.75 -9 1.4
    endloop
  endfacet
  facet normal 0 0 1
    outer loop
      vertex -1.68294 -8.27168 1.4
      vertex -10.75 -9 1.4
      vertex -0.994474 -8.3562 1.4
    endloop
  endfacet
  facet normal 0 0 1
    outer loop
      vertex -2.27006 -8.17503 1.4
      vertex -10.75 -9 1.4
      vertex -1.97937 -8.23529 1.4
    endloop
  endfacet
  facet normal 0 0 1
    outer loop
      vertex -2.94521 -8.03507 1.4
      vertex -10.75 -9 1.4
      vertex -2.27006 -8.17503 1.4
    endloop
  endfacet
  facet normal 0 0 1
    outer loop
      vertex -3.22736 -7.95152 1.4
      vertex -10.75 -9 1.4
      vertex -2.94521 -8.03507 1.4
    endloop
  endfacet
  facet normal 0 0 1
    outer loop
      vertex -3.88268 -7.75747 1.4
      vertex -10.75 -9 1.4
      vertex -3.22736 -7.95152 1.4
    endloop
  endfacet
  facet normal 0 0 1
    outer loop
      vertex -4.15358 -7.65144 1.4
      vertex -10.75 -9 1.4
      vertex -3.88268 -7.75747 1.4
    endloop
  endfacet
  facet normal 0 0 1
    outer loop
      vertex -5.37974 -7.10904 1.4
      vertex -10.75 -9 1.4
      vertex -4.78276 -7.40517 1.4
    endloop
  endfacet
  facet normal 0 0 1
    outer loop
      vertex -5.63678 -6.98154 1.4
      vertex -10.75 -9 1.4
      vertex -5.37974 -7.10904 1.4
    endloop
  endfacet
  facet normal 0 0 1
    outer loop
      vertex -5.87747 -6.83381 1.4
      vertex -10.75 -9 1.4
      vertex -5.63678 -6.98154 1.4
    endloop
  endfacet
  facet normal 0 0 1
    outer loop
      vertex -6.43651 -6.49068 1.4
      vertex -10.75 -9 1.4
      vertex -5.87747 -6.83381 1.4
    endloop
  endfacet
  facet normal 0 0 1
    outer loop
      vertex -6.95221 -6.10386 1.4
      vertex -10.75 -9 1.4
      vertex -6.43651 -6.49068 1.4
    endloop
  endfacet
  facet normal 0 0 1
    outer loop
      vertex -7.17425 -5.93731 1.4
      vertex -10.75 -9 1.4
      vertex -6.95221 -6.10386 1.4
    endloop
  endfacet
  facet normal 0 0 1
    outer loop
      vertex -7.3755 -5.75356 1.4
      vertex -10.75 -9 1.4
      vertex -7.17425 -5.93731 1.4
    endloop
  endfacet
  facet normal 0 0 1
    outer loop
      vertex -8.25752 -4.86412 1.4
      vertex -10.75 -9 1.4
      vertex -7.84291 -5.32677 1.4
    endloop
  endfacet
  facet normal 0 0 1
    outer loop
      vertex -8.79385 -4.17086 1.4
      vertex -10.75 -9 1.4
      vertex -8.43603 -4.66492 1.4
    endloop
  endfacet
  facet normal 0 0 1
    outer loop
      vertex -9.07604 -3.73395 1.4
      vertex -10.75 -9 1.4
      vertex -8.94791 -3.95814 1.4
    endloop
  endfacet
  facet normal 0 0 1
    outer loop
      vertex -9.60809 -2.67092 1.4
      vertex -10.75 -9 1.4
      vertex -9.37362 -3.21325 1.4
    endloop
  endfacet
  facet normal 0 0 1
    outer loop
      vertex -9.70905 -2.43741 1.4
      vertex -10.75 -9 1.4
      vertex -9.60809 -2.67092 1.4
    endloop
  endfacet
  facet normal 0 0 1
    outer loop
      vertex -9.78186 -2.19684 1.4
      vertex -10.75 -9 1.4
      vertex -9.70905 -2.43741 1.4
    endloop
  endfacet
  facet normal 0 0 1
    outer loop
      vertex -9.95098 -1.6381 1.4
      vertex -10.75 -9 1.4
      vertex -9.78186 -2.19684 1.4
    endloop
  endfacet
  facet normal 0 0 1
    outer loop
      vertex -9.99495 -1.39278 1.4
      vertex -10.75 -9 1.4
      vertex -9.95098 -1.6381 1.4
    endloop
  endfacet
  facet normal 0 0 1
    outer loop
      vertex -10.0971 -0.823013 1.4
      vertex -10.75 -9 1.4
      vertex -9.99495 -1.39278 1.4
    endloop
  endfacet
  facet normal 0 0 1
    outer loop
      vertex -10.1312 -0.247705 1.4
      vertex -10.75 -9 1.4
      vertex -10.0971 -0.823013 1.4
    endloop
  endfacet
  facet normal 1 -0 0
    outer loop
      vertex -10.75 -9 1.5
      vertex -10.75 9 1.4
      vertex -10.75 9 1.5
    endloop
  endfacet
  facet normal 1 0 0
    outer loop
      vertex -10.75 9 1.4
      vertex -10.75 -9 1.5
      vertex -10.75 -9 1.4
    endloop
  endfacet
  facet normal 0 -1 0
    outer loop
      vertex -10.75 9 1.4
      vertex 10.75 9 1.5
      vertex -10.75 9 1.5
    endloop
  endfacet
  facet normal 0 -1 -0
    outer loop
      vertex 10.75 9 1.5
      vertex -10.75 9 1.4
      vertex 10.75 9 1.4
    endloop
  endfacet
  facet normal 0 1 -0
    outer loop
      vertex 10.75 -9 1.4
      vertex -10.75 -9 1.5
      vertex 10.75 -9 1.5
    endloop
  endfacet
  facet normal 0 1 0
    outer loop
      vertex -10.75 -9 1.5
      vertex 10.75 -9 1.4
      vertex -10.75 -9 1.4
    endloop
  endfacet
  facet normal -1 0 0
    outer loop
      vertex 4.5 10.2 2
      vertex 4.5 12 6
      vertex 4.5 12 2
    endloop
  endfacet
  facet normal -1 -0 0
    outer loop
      vertex 4.5 12 6
      vertex 4.5 10.2 2
      vertex 4.5 10.2 6
    endloop
  endfacet
  facet normal 0 0 -1
    outer loop
      vertex -4.5 10.2 6
      vertex 4.5 12 6
      vertex 4.5 10.2 6
    endloop
  endfacet
  facet normal -0 0 -1
    outer loop
      vertex 4.5 12 6
      vertex -4.5 10.2 6
      vertex -4.5 12 6
    endloop
  endfacet
  facet normal -0 0 1
    outer loop
      vertex -4.5 12 2
      vertex 4.5 10.2 2
      vertex 4.5 12 2
    endloop
  endfacet
  facet normal 0 0 1
    outer loop
      vertex 4.5 10.2 2
      vertex -4.5 12 2
      vertex -4.5 10.2 2
    endloop
  endfacet
  facet normal 1 -0 0
    outer loop
      vertex -4.5 10.2 6
      vertex -4.5 12 2
      vertex -4.5 12 6
    endloop
  endfacet
  facet normal 1 0 0
    outer loop
      vertex -4.5 12 2
      vertex -4.5 10.2 6
      vertex -4.5 10.2 2
    endloop
  endfacet
endsolid OpenSCAD_Model
