solid OpenSCAD_Model
  facet normal 0.471329 -0.881957 0
    outer loop
      vertex 22.148 -11.7716 0
      vertex 22.6667 -11.4944 4
      vertex 22.148 -11.7716 4
    endloop
  endfacet
  facet normal 0.471329 -0.881957 0
    outer loop
      vertex 22.6667 -11.4944 4
      vertex 22.148 -11.7716 0
      vertex 22.6667 -11.4944 0
    endloop
  endfacet
  facet normal -0.290451 0.95689 0
    outer loop
      vertex -21.5853 11.9424 0
      vertex -22.148 11.7716 4
      vertex -21.5853 11.9424 4
    endloop
  endfacet
  facet normal -0.290451 0.95689 0
    outer loop
      vertex -22.148 11.7716 4
      vertex -21.5853 11.9424 0
      vertex -22.148 11.7716 0
    endloop
  endfacet
  facet normal 1 -0 0
    outer loop
      vertex 24 -9 4
      vertex 24 9 0
      vertex 24 9 4
    endloop
  endfacet
  facet normal 1 0 0
    outer loop
      vertex 24 9 0
      vertex 24 -9 4
      vertex 24 -9 0
    endloop
  endfacet
  facet normal 0 -1 0
    outer loop
      vertex -21 -12 0
      vertex 21 -12 4
      vertex -21 -12 4
    endloop
  endfacet
  facet normal 0 -1 -0
    outer loop
      vertex 21 -12 4
      vertex -21 -12 0
      vertex 21 -12 0
    endloop
  endfacet
  facet normal -0.772994 -0.634413 -3.1163e-18
    outer loop
      vertex -23.1213 -11.1213 0
      vertex -23.4944 -10.6667 4
      vertex -23.4944 -10.6667 0
    endloop
  endfacet
  facet normal -0.772994 -0.634413 -3.1163e-18
    outer loop
      vertex -23.4944 -10.6667 4
      vertex -23.1213 -11.1213 0
      vertex -23.1213 -11.1213 4
    endloop
  endfacet
  facet normal -0.995192 -0.0979429 -1.11006e-18
    outer loop
      vertex -23.9424 -9.58527 0
      vertex -24 -9 4
      vertex -24 -9 0
    endloop
  endfacet
  facet normal -0.995192 -0.0979429 -1.11006e-18
    outer loop
      vertex -24 -9 4
      vertex -23.9424 -9.58527 0
      vertex -23.9424 -9.58527 4
    endloop
  endfacet
  facet normal -0.471329 -0.881957 0
    outer loop
      vertex -22.6667 -11.4944 0
      vertex -22.148 -11.7716 4
      vertex -22.6667 -11.4944 4
    endloop
  endfacet
  facet normal -0.471329 -0.881957 -0
    outer loop
      vertex -22.148 -11.7716 4
      vertex -22.6667 -11.4944 0
      vertex -22.148 -11.7716 0
    endloop
  endfacet
  facet normal 0.881957 -0.471329 2.18464e-19
    outer loop
      vertex 23.4944 -10.6667 4
      vertex 23.7716 -10.148 0
      vertex 23.7716 -10.148 4
    endloop
  endfacet
  facet normal 0.881957 -0.471329 2.18464e-19
    outer loop
      vertex 23.7716 -10.148 0
      vertex 23.4944 -10.6667 4
      vertex 23.4944 -10.6667 0
    endloop
  endfacet
  facet normal 0 1 -0
    outer loop
      vertex 21 12 0
      vertex -21 12 4
      vertex 21 12 4
    endloop
  endfacet
  facet normal 0 1 0
    outer loop
      vertex -21 12 4
      vertex 21 12 0
      vertex -21 12 0
    endloop
  endfacet
  facet normal -0.881957 -0.471329 -2.18464e-19
    outer loop
      vertex -23.4944 -10.6667 0
      vertex -23.7716 -10.148 4
      vertex -23.7716 -10.148 0
    endloop
  endfacet
  facet normal -0.881957 -0.471329 -2.18464e-19
    outer loop
      vertex -23.7716 -10.148 4
      vertex -23.4944 -10.6667 0
      vertex -23.4944 -10.6667 4
    endloop
  endfacet
  facet normal -0.956894 0.290437 6.26317e-19
    outer loop
      vertex -23.9424 9.58527 0
      vertex -23.7716 10.148 4
      vertex -23.7716 10.148 0
    endloop
  endfacet
  facet normal -0.956894 0.290437 6.26317e-19
    outer loop
      vertex -23.7716 10.148 4
      vertex -23.9424 9.58527 0
      vertex -23.9424 9.58527 4
    endloop
  endfacet
  facet normal 0.097938 0.995193 -0
    outer loop
      vertex 21.5853 11.9424 0
      vertex 21 12 4
      vertex 21.5853 11.9424 4
    endloop
  endfacet
  facet normal 0.097938 0.995193 0
    outer loop
      vertex 21 12 4
      vertex 21.5853 11.9424 0
      vertex 21 12 0
    endloop
  endfacet
  facet normal 0.471329 0.881957 -0
    outer loop
      vertex 22.6667 11.4944 0
      vertex 22.148 11.7716 4
      vertex 22.6667 11.4944 4
    endloop
  endfacet
  facet normal 0.471329 0.881957 0
    outer loop
      vertex 22.148 11.7716 4
      vertex 22.6667 11.4944 0
      vertex 22.148 11.7716 0
    endloop
  endfacet
  facet normal -0.634413 -0.772994 0
    outer loop
      vertex -23.1213 -11.1213 0
      vertex -22.6667 -11.4944 4
      vertex -23.1213 -11.1213 4
    endloop
  endfacet
  facet normal -0.634413 -0.772994 -0
    outer loop
      vertex -22.6667 -11.4944 4
      vertex -23.1213 -11.1213 0
      vertex -22.6667 -11.4944 0
    endloop
  endfacet
  facet normal 0.772994 -0.634413 3.1163e-18
    outer loop
      vertex 23.1213 -11.1213 4
      vertex 23.4944 -10.6667 0
      vertex 23.4944 -10.6667 4
    endloop
  endfacet
  facet normal 0.772994 -0.634413 3.1163e-18
    outer loop
      vertex 23.4944 -10.6667 0
      vertex 23.1213 -11.1213 4
      vertex 23.1213 -11.1213 0
    endloop
  endfacet
  facet normal -0.097938 -0.995193 0
    outer loop
      vertex -21.5853 -11.9424 0
      vertex -21 -12 4
      vertex -21.5853 -11.9424 4
    endloop
  endfacet
  facet normal -0.097938 -0.995193 -0
    outer loop
      vertex -21 -12 4
      vertex -21.5853 -11.9424 0
      vertex -21 -12 0
    endloop
  endfacet
  facet normal 0.290451 0.95689 -0
    outer loop
      vertex 22.148 11.7716 0
      vertex 21.5853 11.9424 4
      vertex 22.148 11.7716 4
    endloop
  endfacet
  facet normal 0.290451 0.95689 0
    outer loop
      vertex 21.5853 11.9424 4
      vertex 22.148 11.7716 0
      vertex 21.5853 11.9424 0
    endloop
  endfacet
  facet normal -1 0 0
    outer loop
      vertex -24 -9 0
      vertex -24 9 4
      vertex -24 9 0
    endloop
  endfacet
  facet normal -1 -0 0
    outer loop
      vertex -24 9 4
      vertex -24 -9 0
      vertex -24 -9 4
    endloop
  endfacet
  facet normal -0.471329 0.881957 0
    outer loop
      vertex -22.148 11.7716 0
      vertex -22.6667 11.4944 4
      vertex -22.148 11.7716 4
    endloop
  endfacet
  facet normal -0.471329 0.881957 0
    outer loop
      vertex -22.6667 11.4944 4
      vertex -22.148 11.7716 0
      vertex -22.6667 11.4944 0
    endloop
  endfacet
  facet normal -0.290451 -0.95689 0
    outer loop
      vertex -22.148 -11.7716 0
      vertex -21.5853 -11.9424 4
      vertex -22.148 -11.7716 4
    endloop
  endfacet
  facet normal -0.290451 -0.95689 -0
    outer loop
      vertex -21.5853 -11.9424 4
      vertex -22.148 -11.7716 0
      vertex -21.5853 -11.9424 0
    endloop
  endfacet
  facet normal -0.956894 -0.290437 -6.26317e-19
    outer loop
      vertex -23.7716 -10.148 0
      vertex -23.9424 -9.58527 4
      vertex -23.9424 -9.58527 0
    endloop
  endfacet
  facet normal -0.956894 -0.290437 -6.26317e-19
    outer loop
      vertex -23.9424 -9.58527 4
      vertex -23.7716 -10.148 0
      vertex -23.7716 -10.148 4
    endloop
  endfacet
  facet normal 0.956894 -0.290437 6.26317e-19
    outer loop
      vertex 23.7716 -10.148 4
      vertex 23.9424 -9.58527 0
      vertex 23.9424 -9.58527 4
    endloop
  endfacet
  facet normal 0.956894 -0.290437 6.26317e-19
    outer loop
      vertex 23.9424 -9.58527 0
      vertex 23.7716 -10.148 4
      vertex 23.7716 -10.148 0
    endloop
  endfacet
  facet normal -0.995192 0.0979429 1.11006e-18
    outer loop
      vertex -24 9 0
      vertex -23.9424 9.58527 4
      vertex -23.9424 9.58527 0
    endloop
  endfacet
  facet normal -0.995192 0.0979429 1.11006e-18
    outer loop
      vertex -23.9424 9.58527 4
      vertex -24 9 0
      vertex -24 9 4
    endloop
  endfacet
  facet normal 0.634413 -0.772994 0
    outer loop
      vertex 22.6667 -11.4944 0
      vertex 23.1213 -11.1213 4
      vertex 22.6667 -11.4944 4
    endloop
  endfacet
  facet normal 0.634413 -0.772994 0
    outer loop
      vertex 23.1213 -11.1213 4
      vertex 22.6667 -11.4944 0
      vertex 23.1213 -11.1213 0
    endloop
  endfacet
  facet normal 0.097938 -0.995193 0
    outer loop
      vertex 21 -12 0
      vertex 21.5853 -11.9424 4
      vertex 21 -12 4
    endloop
  endfacet
  facet normal 0.097938 -0.995193 0
    outer loop
      vertex 21.5853 -11.9424 4
      vertex 21 -12 0
      vertex 21.5853 -11.9424 0
    endloop
  endfacet
  facet normal -0.097938 0.995193 0
    outer loop
      vertex -21 12 0
      vertex -21.5853 11.9424 4
      vertex -21 12 4
    endloop
  endfacet
  facet normal -0.097938 0.995193 0
    outer loop
      vertex -21.5853 11.9424 4
      vertex -21 12 0
      vertex -21.5853 11.9424 0
    endloop
  endfacet
  facet normal -0.881957 0.471329 2.18464e-19
    outer loop
      vertex -23.7716 10.148 0
      vertex -23.4944 10.6667 4
      vertex -23.4944 10.6667 0
    endloop
  endfacet
  facet normal -0.881957 0.471329 2.18464e-19
    outer loop
      vertex -23.4944 10.6667 4
      vertex -23.7716 10.148 0
      vertex -23.7716 10.148 4
    endloop
  endfacet
  facet normal -0.634413 0.772994 0
    outer loop
      vertex -22.6667 11.4944 0
      vertex -23.1213 11.1213 4
      vertex -22.6667 11.4944 4
    endloop
  endfacet
  facet normal -0.634413 0.772994 0
    outer loop
      vertex -23.1213 11.1213 4
      vertex -22.6667 11.4944 0
      vertex -23.1213 11.1213 0
    endloop
  endfacet
  facet normal 0.772994 0.634413 -3.1163e-18
    outer loop
      vertex 23.4944 10.6667 4
      vertex 23.1213 11.1213 0
      vertex 23.1213 11.1213 4
    endloop
  endfacet
  facet normal 0.772994 0.634413 -3.1163e-18
    outer loop
      vertex 23.1213 11.1213 0
      vertex 23.4944 10.6667 4
      vertex 23.4944 10.6667 0
    endloop
  endfacet
  facet normal 0 0 1
    outer loop
      vertex 22.1654 8.75116 4
      vertex 24 9 4
      vertex 23.9424 9.58527 4
    endloop
  endfacet
  facet normal 0 0 1
    outer loop
      vertex 24 9 4
      vertex 22.2 8.4 4
      vertex 24 -9 4
    endloop
  endfacet
  facet normal 0 0 1
    outer loop
      vertex 22.063 9.08883 4
      vertex 23.9424 9.58527 4
      vertex 23.7716 10.148 4
    endloop
  endfacet
  facet normal -0 0 1
    outer loop
      vertex 22.2 -8.4 4
      vertex 24 -9 4
      vertex 22.2 8.4 4
    endloop
  endfacet
  facet normal 0 0 1
    outer loop
      vertex 21.8966 9.40003 4
      vertex 23.7716 10.148 4
      vertex 23.4944 10.6667 4
    endloop
  endfacet
  facet normal -0 0 1
    outer loop
      vertex 22.1654 -8.75116 4
      vertex 24 -9 4
      vertex 22.2 -8.4 4
    endloop
  endfacet
  facet normal 0 0 1
    outer loop
      vertex 21.6728 9.67279 4
      vertex 23.4944 10.6667 4
      vertex 23.1213 11.1213 4
    endloop
  endfacet
  facet normal 0 0 1
    outer loop
      vertex 24 -9 4
      vertex 22.1654 -8.75116 4
      vertex 23.9424 -9.58527 4
    endloop
  endfacet
  facet normal 0 0 1
    outer loop
      vertex 21.6728 9.67279 4
      vertex 23.1213 11.1213 4
      vertex 22.6667 11.4944 4
    endloop
  endfacet
  facet normal -0 0 1
    outer loop
      vertex 22.063 -9.08883 4
      vertex 23.9424 -9.58527 4
      vertex 22.1654 -8.75116 4
    endloop
  endfacet
  facet normal 0 0 1
    outer loop
      vertex 23.9424 -9.58527 4
      vertex 22.063 -9.08883 4
      vertex 23.7716 -10.148 4
    endloop
  endfacet
  facet normal 0 0 1
    outer loop
      vertex 24 9 4
      vertex 22.1654 8.75116 4
      vertex 22.2 8.4 4
    endloop
  endfacet
  facet normal 0 0 1
    outer loop
      vertex 21.4 9.89664 4
      vertex 22.6667 11.4944 4
      vertex 22.148 11.7716 4
    endloop
  endfacet
  facet normal 0 0 1
    outer loop
      vertex 23.9424 9.58527 4
      vertex 22.063 9.08883 4
      vertex 22.1654 8.75116 4
    endloop
  endfacet
  facet normal 0 0 1
    outer loop
      vertex 23.7716 10.148 4
      vertex 21.8966 9.40003 4
      vertex 22.063 9.08883 4
    endloop
  endfacet
  facet normal 0 0 1
    outer loop
      vertex 23.4944 10.6667 4
      vertex 21.6728 9.67279 4
      vertex 21.8966 9.40003 4
    endloop
  endfacet
  facet normal 0 0 1
    outer loop
      vertex 21.0888 10.063 4
      vertex 22.148 11.7716 4
      vertex 21.5853 11.9424 4
    endloop
  endfacet
  facet normal 0 0 1
    outer loop
      vertex 22.6667 11.4944 4
      vertex 21.4 9.89664 4
      vertex 21.6728 9.67279 4
    endloop
  endfacet
  facet normal 0 0 1
    outer loop
      vertex 22.148 11.7716 4
      vertex 21.0888 10.063 4
      vertex 21.4 9.89664 4
    endloop
  endfacet
  facet normal 0 0 1
    outer loop
      vertex 21 12 4
      vertex 21.0888 10.063 4
      vertex 21.5853 11.9424 4
    endloop
  endfacet
  facet normal 0 0 1
    outer loop
      vertex 21 12 4
      vertex 20.7512 10.1654 4
      vertex 21.0888 10.063 4
    endloop
  endfacet
  facet normal 0 0 1
    outer loop
      vertex 21 12 4
      vertex 20.4 10.2 4
      vertex 20.7512 10.1654 4
    endloop
  endfacet
  facet normal 0 0 1
    outer loop
      vertex 21 12 4
      vertex -20.4 10.2 4
      vertex 20.4 10.2 4
    endloop
  endfacet
  facet normal -0 0 1
    outer loop
      vertex -21 12 4
      vertex -20.4 10.2 4
      vertex 21 12 4
    endloop
  endfacet
  facet normal 0 0 1
    outer loop
      vertex -21 12 4
      vertex -20.7512 10.1654 4
      vertex -20.4 10.2 4
    endloop
  endfacet
  facet normal 0 0 1
    outer loop
      vertex -21 12 4
      vertex -21.0888 10.063 4
      vertex -20.7512 10.1654 4
    endloop
  endfacet
  facet normal -0 0 1
    outer loop
      vertex -21.5853 11.9424 4
      vertex -21.0888 10.063 4
      vertex -21 12 4
    endloop
  endfacet
  facet normal -0 0 1
    outer loop
      vertex -22.148 11.7716 4
      vertex -21.0888 10.063 4
      vertex -21.5853 11.9424 4
    endloop
  endfacet
  facet normal 0 0 1
    outer loop
      vertex -21.0888 10.063 4
      vertex -22.148 11.7716 4
      vertex -21.4 9.89664 4
    endloop
  endfacet
  facet normal -0 0 1
    outer loop
      vertex -22.6667 11.4944 4
      vertex -21.4 9.89664 4
      vertex -22.148 11.7716 4
    endloop
  endfacet
  facet normal 0 0 1
    outer loop
      vertex -21.4 9.89664 4
      vertex -22.6667 11.4944 4
      vertex -21.6728 9.67279 4
    endloop
  endfacet
  facet normal -0 0 1
    outer loop
      vertex -23.1213 11.1213 4
      vertex -21.6728 9.67279 4
      vertex -22.6667 11.4944 4
    endloop
  endfacet
  facet normal -0 0 1
    outer loop
      vertex -23.4944 10.6667 4
      vertex -21.6728 9.67279 4
      vertex -23.1213 11.1213 4
    endloop
  endfacet
  facet normal 0 0 1
    outer loop
      vertex -21.6728 9.67279 4
      vertex -23.4944 10.6667 4
      vertex -21.8966 9.40003 4
    endloop
  endfacet
  facet normal 0 0 1
    outer loop
      vertex -21.8966 9.40003 4
      vertex -23.7716 10.148 4
      vertex -22.063 9.08883 4
    endloop
  endfacet
  facet normal -0 0 1
    outer loop
      vertex -23.7716 10.148 4
      vertex -21.8966 9.40003 4
      vertex -23.4944 10.6667 4
    endloop
  endfacet
  facet normal -0 0 1
    outer loop
      vertex 21.8966 -9.40003 4
      vertex 23.7716 -10.148 4
      vertex 22.063 -9.08883 4
    endloop
  endfacet
  facet normal 0 0 1
    outer loop
      vertex 23.7716 -10.148 4
      vertex 21.8966 -9.40003 4
      vertex 23.4944 -10.6667 4
    endloop
  endfacet
  facet normal -0 0 1
    outer loop
      vertex 21.6728 -9.67279 4
      vertex 23.4944 -10.6667 4
      vertex 21.8966 -9.40003 4
    endloop
  endfacet
  facet normal 0 0 1
    outer loop
      vertex 23.4944 -10.6667 4
      vertex 21.6728 -9.67279 4
      vertex 23.1213 -11.1213 4
    endloop
  endfacet
  facet normal 0 0 1
    outer loop
      vertex 23.1213 -11.1213 4
      vertex 21.6728 -9.67279 4
      vertex 22.6667 -11.4944 4
    endloop
  endfacet
  facet normal -0 0 1
    outer loop
      vertex 21.4 -9.89664 4
      vertex 22.6667 -11.4944 4
      vertex 21.6728 -9.67279 4
    endloop
  endfacet
  facet normal 0 0 1
    outer loop
      vertex 22.6667 -11.4944 4
      vertex 21.4 -9.89664 4
      vertex 22.148 -11.7716 4
    endloop
  endfacet
  facet normal -0 0 1
    outer loop
      vertex 21.0888 -10.063 4
      vertex 22.148 -11.7716 4
      vertex 21.4 -9.89664 4
    endloop
  endfacet
  facet normal 0 0 1
    outer loop
      vertex 22.148 -11.7716 4
      vertex 21.0888 -10.063 4
      vertex 21.5853 -11.9424 4
    endloop
  endfacet
  facet normal 0 0 1
    outer loop
      vertex 21.0888 -10.063 4
      vertex 21 -12 4
      vertex 21.5853 -11.9424 4
    endloop
  endfacet
  facet normal -0 0 1
    outer loop
      vertex 20.7512 -10.1654 4
      vertex 21 -12 4
      vertex 21.0888 -10.063 4
    endloop
  endfacet
  facet normal -0 0 1
    outer loop
      vertex 20.4 -10.2 4
      vertex 21 -12 4
      vertex 20.7512 -10.1654 4
    endloop
  endfacet
  facet normal -0 0 1
    outer loop
      vertex -20.4 -10.2 4
      vertex 21 -12 4
      vertex 20.4 -10.2 4
    endloop
  endfacet
  facet normal 0 0 1
    outer loop
      vertex -20.4 -10.2 4
      vertex -21 -12 4
      vertex 21 -12 4
    endloop
  endfacet
  facet normal 0 0 1
    outer loop
      vertex -20.7512 -10.1654 4
      vertex -21 -12 4
      vertex -20.4 -10.2 4
    endloop
  endfacet
  facet normal 0 0 1
    outer loop
      vertex -21.0888 -10.063 4
      vertex -21 -12 4
      vertex -20.7512 -10.1654 4
    endloop
  endfacet
  facet normal 0 0 1
    outer loop
      vertex -22.148 -11.7716 4
      vertex -21.0888 -10.063 4
      vertex -21.4 -9.89664 4
    endloop
  endfacet
  facet normal 0 0 1
    outer loop
      vertex -21.0888 -10.063 4
      vertex -21.5853 -11.9424 4
      vertex -21 -12 4
    endloop
  endfacet
  facet normal 0 0 1
    outer loop
      vertex -22.6667 -11.4944 4
      vertex -21.4 -9.89664 4
      vertex -21.6728 -9.67279 4
    endloop
  endfacet
  facet normal 0 0 1
    outer loop
      vertex -23.4944 -10.6667 4
      vertex -21.6728 -9.67279 4
      vertex -21.8966 -9.40003 4
    endloop
  endfacet
  facet normal 0 0 1
    outer loop
      vertex -23.7716 -10.148 4
      vertex -21.8966 -9.40003 4
      vertex -22.063 -9.08883 4
    endloop
  endfacet
  facet normal 0 0 1
    outer loop
      vertex -21.0888 -10.063 4
      vertex -22.148 -11.7716 4
      vertex -21.5853 -11.9424 4
    endloop
  endfacet
  facet normal 0 0 1
    outer loop
      vertex -23.9424 -9.58527 4
      vertex -22.063 -9.08883 4
      vertex -22.1654 -8.75116 4
    endloop
  endfacet
  facet normal 0 0 1
    outer loop
      vertex -24 -9 4
      vertex -22.1654 -8.75116 4
      vertex -22.2 -8.4 4
    endloop
  endfacet
  facet normal 0 0 1
    outer loop
      vertex -22.2 8.4 4
      vertex -24 9 4
      vertex -22.2 -8.4 4
    endloop
  endfacet
  facet normal 0 0 1
    outer loop
      vertex -24 -9 4
      vertex -22.2 -8.4 4
      vertex -24 9 4
    endloop
  endfacet
  facet normal -0 0 1
    outer loop
      vertex -23.9424 9.58527 4
      vertex -22.063 9.08883 4
      vertex -23.7716 10.148 4
    endloop
  endfacet
  facet normal 0 0 1
    outer loop
      vertex -22.1654 -8.75116 4
      vertex -24 -9 4
      vertex -23.9424 -9.58527 4
    endloop
  endfacet
  facet normal 0 0 1
    outer loop
      vertex -22.063 9.08883 4
      vertex -23.9424 9.58527 4
      vertex -22.1654 8.75116 4
    endloop
  endfacet
  facet normal 0 0 1
    outer loop
      vertex -21.4 -9.89664 4
      vertex -22.6667 -11.4944 4
      vertex -22.148 -11.7716 4
    endloop
  endfacet
  facet normal -0 0 1
    outer loop
      vertex -24 9 4
      vertex -22.1654 8.75116 4
      vertex -23.9424 9.58527 4
    endloop
  endfacet
  facet normal 0 0 1
    outer loop
      vertex -21.6728 -9.67279 4
      vertex -23.1213 -11.1213 4
      vertex -22.6667 -11.4944 4
    endloop
  endfacet
  facet normal 0 0 1
    outer loop
      vertex -22.1654 8.75116 4
      vertex -24 9 4
      vertex -22.2 8.4 4
    endloop
  endfacet
  facet normal 0 0 1
    outer loop
      vertex -21.6728 -9.67279 4
      vertex -23.4944 -10.6667 4
      vertex -23.1213 -11.1213 4
    endloop
  endfacet
  facet normal 0 0 1
    outer loop
      vertex -21.8966 -9.40003 4
      vertex -23.7716 -10.148 4
      vertex -23.4944 -10.6667 4
    endloop
  endfacet
  facet normal 0 0 1
    outer loop
      vertex -22.063 -9.08883 4
      vertex -23.9424 -9.58527 4
      vertex -23.7716 -10.148 4
    endloop
  endfacet
  facet normal 0.290451 -0.95689 0
    outer loop
      vertex 21.5853 -11.9424 0
      vertex 22.148 -11.7716 4
      vertex 21.5853 -11.9424 4
    endloop
  endfacet
  facet normal 0.290451 -0.95689 0
    outer loop
      vertex 22.148 -11.7716 4
      vertex 21.5853 -11.9424 0
      vertex 22.148 -11.7716 0
    endloop
  endfacet
  facet normal 0.995192 -0.0979429 1.11006e-18
    outer loop
      vertex 23.9424 -9.58527 4
      vertex 24 -9 0
      vertex 24 -9 4
    endloop
  endfacet
  facet normal 0.995192 -0.0979429 1.11006e-18
    outer loop
      vertex 24 -9 0
      vertex 23.9424 -9.58527 4
      vertex 23.9424 -9.58527 0
    endloop
  endfacet
  facet normal 0.995192 0.0979429 -1.11006e-18
    outer loop
      vertex 24 9 4
      vertex 23.9424 9.58527 0
      vertex 23.9424 9.58527 4
    endloop
  endfacet
  facet normal 0.995192 0.0979429 -1.11006e-18
    outer loop
      vertex 23.9424 9.58527 0
      vertex 24 9 4
      vertex 24 9 0
    endloop
  endfacet
  facet normal -0.772994 0.634413 3.1163e-18
    outer loop
      vertex -23.4944 10.6667 0
      vertex -23.1213 11.1213 4
      vertex -23.1213 11.1213 0
    endloop
  endfacet
  facet normal -0.772994 0.634413 3.1163e-18
    outer loop
      vertex -23.1213 11.1213 4
      vertex -23.4944 10.6667 0
      vertex -23.4944 10.6667 4
    endloop
  endfacet
  facet normal 0.956894 0.290437 -6.26317e-19
    outer loop
      vertex 23.9424 9.58527 4
      vertex 23.7716 10.148 0
      vertex 23.7716 10.148 4
    endloop
  endfacet
  facet normal 0.956894 0.290437 -6.26317e-19
    outer loop
      vertex 23.7716 10.148 0
      vertex 23.9424 9.58527 4
      vertex 23.9424 9.58527 0
    endloop
  endfacet
  facet normal 0.634413 0.772994 -0
    outer loop
      vertex 23.1213 11.1213 0
      vertex 22.6667 11.4944 4
      vertex 23.1213 11.1213 4
    endloop
  endfacet
  facet normal 0.634413 0.772994 0
    outer loop
      vertex 22.6667 11.4944 4
      vertex 23.1213 11.1213 0
      vertex 22.6667 11.4944 0
    endloop
  endfacet
  facet normal 0.881957 0.471329 -2.18464e-19
    outer loop
      vertex 23.7716 10.148 4
      vertex 23.4944 10.6667 0
      vertex 23.4944 10.6667 4
    endloop
  endfacet
  facet normal 0.881957 0.471329 -2.18464e-19
    outer loop
      vertex 23.4944 10.6667 0
      vertex 23.7716 10.148 4
      vertex 23.7716 10.148 0
    endloop
  endfacet
  facet normal 0 0 -1
    outer loop
      vertex 21 -12 0
      vertex 24 -9 0
      vertex 23.9424 -9.58527 0
    endloop
  endfacet
  facet normal 0 0 -1
    outer loop
      vertex 24 -9 0
      vertex 12 -1.5 0
      vertex 24 9 0
    endloop
  endfacet
  facet normal 0 0 -1
    outer loop
      vertex 21 -12 0
      vertex 23.9424 -9.58527 0
      vertex 23.7716 -10.148 0
    endloop
  endfacet
  facet normal 0 0 -1
    outer loop
      vertex 12 1.5 0
      vertex 24 9 0
      vertex 12 -1.5 0
    endloop
  endfacet
  facet normal 0 0 -1
    outer loop
      vertex 21 -12 0
      vertex 23.7716 -10.148 0
      vertex 23.4944 -10.6667 0
    endloop
  endfacet
  facet normal 0 0 -1
    outer loop
      vertex 11.9148 2.14705 0
      vertex 24 9 0
      vertex 12 1.5 0
    endloop
  endfacet
  facet normal 0 0 -1
    outer loop
      vertex 21 -12 0
      vertex 23.4944 -10.6667 0
      vertex 23.1213 -11.1213 0
    endloop
  endfacet
  facet normal 0 0 -1
    outer loop
      vertex 11.6651 2.75 0
      vertex 24 9 0
      vertex 11.9148 2.14705 0
    endloop
  endfacet
  facet normal 0 0 -1
    outer loop
      vertex 21 -12 0
      vertex 23.1213 -11.1213 0
      vertex 22.6667 -11.4944 0
    endloop
  endfacet
  facet normal 0 -0 -1
    outer loop
      vertex 21 12 0
      vertex 24 9 0
      vertex 11.6651 2.75 0
    endloop
  endfacet
  facet normal 0 0 -1
    outer loop
      vertex 21 -12 0
      vertex 22.6667 -11.4944 0
      vertex 22.148 -11.7716 0
    endloop
  endfacet
  facet normal 0 0 -1
    outer loop
      vertex 23.9424 9.58527 0
      vertex 21 12 0
      vertex 23.7716 10.148 0
    endloop
  endfacet
  facet normal 0 0 -1
    outer loop
      vertex 21 -12 0
      vertex 22.148 -11.7716 0
      vertex 21.5853 -11.9424 0
    endloop
  endfacet
  facet normal 0 0 -1
    outer loop
      vertex 23.7716 10.148 0
      vertex 21 12 0
      vertex 23.4944 10.6667 0
    endloop
  endfacet
  facet normal -0 0 -1
    outer loop
      vertex 24 -9 0
      vertex 21 -12 0
      vertex 11.6651 -2.75 0
    endloop
  endfacet
  facet normal 0 0 -1
    outer loop
      vertex 23.4944 10.6667 0
      vertex 21 12 0
      vertex 23.1213 11.1213 0
    endloop
  endfacet
  facet normal 0 0 -1
    outer loop
      vertex 23.1213 11.1213 0
      vertex 21 12 0
      vertex 22.6667 11.4944 0
    endloop
  endfacet
  facet normal 0 0 -1
    outer loop
      vertex 24 -9 0
      vertex 11.9148 -2.14705 0
      vertex 12 -1.5 0
    endloop
  endfacet
  facet normal 0 0 -1
    outer loop
      vertex 24 -9 0
      vertex 11.6651 -2.75 0
      vertex 11.9148 -2.14705 0
    endloop
  endfacet
  facet normal 0 0 -1
    outer loop
      vertex 21 -12 0
      vertex 11.2678 -3.26777 0
      vertex 11.6651 -2.75 0
    endloop
  endfacet
  facet normal 0 0 -1
    outer loop
      vertex 21 -12 0
      vertex 10.75 -3.66506 0
      vertex 11.2678 -3.26777 0
    endloop
  endfacet
  facet normal 0 0 -1
    outer loop
      vertex 21 -12 0
      vertex 10.147 -3.91481 0
      vertex 10.75 -3.66506 0
    endloop
  endfacet
  facet normal 0 0 -1
    outer loop
      vertex 21 -12 0
      vertex 9.5 -4 0
      vertex 10.147 -3.91481 0
    endloop
  endfacet
  facet normal 0 0 -1
    outer loop
      vertex 21 -12 0
      vertex -9.5 -4 0
      vertex 9.5 -4 0
    endloop
  endfacet
  facet normal 0 0 -1
    outer loop
      vertex -21 -12 0
      vertex -9.5 -4 0
      vertex 21 -12 0
    endloop
  endfacet
  facet normal -0 0 -1
    outer loop
      vertex -11.9148 -2.14705 0
      vertex -24 -9 0
      vertex -12 -1.5 0
    endloop
  endfacet
  facet normal -0 0 -1
    outer loop
      vertex -11.6651 -2.75 0
      vertex -24 -9 0
      vertex -11.9148 -2.14705 0
    endloop
  endfacet
  facet normal 0 0 -1
    outer loop
      vertex -24 -9 0
      vertex -11.6651 -2.75 0
      vertex -21 -12 0
    endloop
  endfacet
  facet normal -0 0 -1
    outer loop
      vertex -11.2678 -3.26777 0
      vertex -21 -12 0
      vertex -11.6651 -2.75 0
    endloop
  endfacet
  facet normal -0 0 -1
    outer loop
      vertex -10.75 -3.66506 0
      vertex -21 -12 0
      vertex -11.2678 -3.26777 0
    endloop
  endfacet
  facet normal -0 0 -1
    outer loop
      vertex -10.147 -3.91481 0
      vertex -21 -12 0
      vertex -10.75 -3.66506 0
    endloop
  endfacet
  facet normal -0 0 -1
    outer loop
      vertex -9.5 -4 0
      vertex -21 -12 0
      vertex -10.147 -3.91481 0
    endloop
  endfacet
  facet normal 0 0 -1
    outer loop
      vertex 22.6667 11.4944 0
      vertex 21 12 0
      vertex 22.148 11.7716 0
    endloop
  endfacet
  facet normal 0 0 -1
    outer loop
      vertex 22.148 11.7716 0
      vertex 21 12 0
      vertex 21.5853 11.9424 0
    endloop
  endfacet
  facet normal 0 0 -1
    outer loop
      vertex 24 9 0
      vertex 21 12 0
      vertex 23.9424 9.58527 0
    endloop
  endfacet
  facet normal 0 0 -1
    outer loop
      vertex 11.2678 3.26777 0
      vertex 21 12 0
      vertex 11.6651 2.75 0
    endloop
  endfacet
  facet normal 0 0 -1
    outer loop
      vertex 10.75 3.66506 0
      vertex 21 12 0
      vertex 11.2678 3.26777 0
    endloop
  endfacet
  facet normal 0 0 -1
    outer loop
      vertex 10.147 3.91481 0
      vertex 21 12 0
      vertex 10.75 3.66506 0
    endloop
  endfacet
  facet normal 0 0 -1
    outer loop
      vertex 9.5 4 0
      vertex 21 12 0
      vertex 10.147 3.91481 0
    endloop
  endfacet
  facet normal 0 0 -1
    outer loop
      vertex -9.5 4 0
      vertex 21 12 0
      vertex 9.5 4 0
    endloop
  endfacet
  facet normal 0 0 -1
    outer loop
      vertex -21 12 0
      vertex -9.5 4 0
      vertex -10.147 3.91481 0
    endloop
  endfacet
  facet normal -0 0 -1
    outer loop
      vertex -12 -1.5 0
      vertex -24 -9 0
      vertex -12 1.5 0
    endloop
  endfacet
  facet normal 0 0 -1
    outer loop
      vertex -24 9 0
      vertex -12 1.5 0
      vertex -24 -9 0
    endloop
  endfacet
  facet normal 0 0 -1
    outer loop
      vertex -9.5 4 0
      vertex -21 12 0
      vertex 21 12 0
    endloop
  endfacet
  facet normal 0 0 -1
    outer loop
      vertex -10.75 3.66506 0
      vertex -21 12 0
      vertex -10.147 3.91481 0
    endloop
  endfacet
  facet normal 0 0 -1
    outer loop
      vertex -11.2678 3.26777 0
      vertex -21 12 0
      vertex -10.75 3.66506 0
    endloop
  endfacet
  facet normal 0 0 -1
    outer loop
      vertex -11.6651 2.75 0
      vertex -21 12 0
      vertex -11.2678 3.26777 0
    endloop
  endfacet
  facet normal 0 0 -1
    outer loop
      vertex -12 1.5 0
      vertex -24 9 0
      vertex -11.9148 2.14705 0
    endloop
  endfacet
  facet normal 0 0 -1
    outer loop
      vertex -24 -9 0
      vertex -21 -12 0
      vertex -21.5853 -11.9424 0
    endloop
  endfacet
  facet normal 0 0 -1
    outer loop
      vertex -11.9148 2.14705 0
      vertex -24 9 0
      vertex -11.6651 2.75 0
    endloop
  endfacet
  facet normal 0 0 -1
    outer loop
      vertex -24 -9 0
      vertex -21.5853 -11.9424 0
      vertex -22.148 -11.7716 0
    endloop
  endfacet
  facet normal 0 0 -1
    outer loop
      vertex -11.6651 2.75 0
      vertex -24 9 0
      vertex -21 12 0
    endloop
  endfacet
  facet normal 0 0 -1
    outer loop
      vertex -24 -9 0
      vertex -22.148 -11.7716 0
      vertex -22.6667 -11.4944 0
    endloop
  endfacet
  facet normal 0 0 -1
    outer loop
      vertex -21 12 0
      vertex -24 9 0
      vertex -21.5853 11.9424 0
    endloop
  endfacet
  facet normal 0 0 -1
    outer loop
      vertex -24 -9 0
      vertex -22.6667 -11.4944 0
      vertex -23.1213 -11.1213 0
    endloop
  endfacet
  facet normal 0 0 -1
    outer loop
      vertex -21.5853 11.9424 0
      vertex -24 9 0
      vertex -22.148 11.7716 0
    endloop
  endfacet
  facet normal 0 0 -1
    outer loop
      vertex -24 -9 0
      vertex -23.1213 -11.1213 0
      vertex -23.4944 -10.6667 0
    endloop
  endfacet
  facet normal 0 0 -1
    outer loop
      vertex -22.148 11.7716 0
      vertex -24 9 0
      vertex -22.6667 11.4944 0
    endloop
  endfacet
  facet normal 0 0 -1
    outer loop
      vertex -24 -9 0
      vertex -23.4944 -10.6667 0
      vertex -23.7716 -10.148 0
    endloop
  endfacet
  facet normal 0 0 -1
    outer loop
      vertex -22.6667 11.4944 0
      vertex -24 9 0
      vertex -23.1213 11.1213 0
    endloop
  endfacet
  facet normal 0 0 -1
    outer loop
      vertex -24 -9 0
      vertex -23.7716 -10.148 0
      vertex -23.9424 -9.58527 0
    endloop
  endfacet
  facet normal 0 0 -1
    outer loop
      vertex -23.1213 11.1213 0
      vertex -24 9 0
      vertex -23.4944 10.6667 0
    endloop
  endfacet
  facet normal 0 0 -1
    outer loop
      vertex -23.4944 10.6667 0
      vertex -24 9 0
      vertex -23.7716 10.148 0
    endloop
  endfacet
  facet normal 0 0 -1
    outer loop
      vertex -23.7716 10.148 0
      vertex -24 9 0
      vertex -23.9424 9.58527 0
    endloop
  endfacet
  facet normal 1 -0 0
    outer loop
      vertex 30 -11 3.5
      vertex 30 -9.2 0
      vertex 30 -9.2 3.5
    endloop
  endfacet
  facet normal 1 0 0
    outer loop
      vertex 30 -9.2 0
      vertex 30 -11 3.5
      vertex 30 -11 0
    endloop
  endfacet
  facet normal -0 0 1
    outer loop
      vertex 24 -9.2 3.5
      vertex 30 -11 3.5
      vertex 30 -9.2 3.5
    endloop
  endfacet
  facet normal 0 0 1
    outer loop
      vertex 30 -11 3.5
      vertex 24 -9.2 3.5
      vertex 24 -11 3.5
    endloop
  endfacet
  facet normal 0 0 -1
    outer loop
      vertex 24 -11 0
      vertex 30 -9.2 0
      vertex 30 -11 0
    endloop
  endfacet
  facet normal -0 0 -1
    outer loop
      vertex 30 -9.2 0
      vertex 24 -11 0
      vertex 24 -9.2 0
    endloop
  endfacet
  facet normal -1 0 0
    outer loop
      vertex 24 -11 0
      vertex 24 -9.2 3.5
      vertex 24 -9.2 0
    endloop
  endfacet
  facet normal -1 -0 0
    outer loop
      vertex 24 -9.2 3.5
      vertex 24 -11 0
      vertex 24 -11 3.5
    endloop
  endfacet
  facet normal 0 1 -0
    outer loop
      vertex 30 -9.2 0
      vertex 24 -9.2 3.5
      vertex 30 -9.2 3.5
    endloop
  endfacet
  facet normal 0 1 0
    outer loop
      vertex 24 -9.2 3.5
      vertex 30 -9.2 0
      vertex 24 -9.2 0
    endloop
  endfacet
  facet normal 0 -1 0
    outer loop
      vertex 24 -11 0
      vertex 30 -11 3.5
      vertex 24 -11 3.5
    endloop
  endfacet
  facet normal 0 -1 -0
    outer loop
      vertex 30 -11 3.5
      vertex 24 -11 0
      vertex 30 -11 0
    endloop
  endfacet
  facet normal 1 -0 0
    outer loop
      vertex 30 9.2 3.5
      vertex 30 11 0
      vertex 30 11 3.5
    endloop
  endfacet
  facet normal 1 0 0
    outer loop
      vertex 30 11 0
      vertex 30 9.2 3.5
      vertex 30 9.2 0
    endloop
  endfacet
  facet normal -0 0 1
    outer loop
      vertex 24 11 3.5
      vertex 30 9.2 3.5
      vertex 30 11 3.5
    endloop
  endfacet
  facet normal 0 0 1
    outer loop
      vertex 30 9.2 3.5
      vertex 24 11 3.5
      vertex 24 9.2 3.5
    endloop
  endfacet
  facet normal 0 0 -1
    outer loop
      vertex 24 9.2 0
      vertex 30 11 0
      vertex 30 9.2 0
    endloop
  endfacet
  facet normal -0 0 -1
    outer loop
      vertex 30 11 0
      vertex 24 9.2 0
      vertex 24 11 0
    endloop
  endfacet
  facet normal -1 0 0
    outer loop
      vertex 24 9.2 0
      vertex 24 11 3.5
      vertex 24 11 0
    endloop
  endfacet
  facet normal -1 -0 0
    outer loop
      vertex 24 11 3.5
      vertex 24 9.2 0
      vertex 24 9.2 3.5
    endloop
  endfacet
  facet normal 0 1 -0
    outer loop
      vertex 30 11 0
      vertex 24 11 3.5
      vertex 30 11 3.5
    endloop
  endfacet
  facet normal 0 1 0
    outer loop
      vertex 24 11 3.5
      vertex 30 11 0
      vertex 24 11 0
    endloop
  endfacet
  facet normal 0 -1 0
    outer loop
      vertex 24 9.2 0
      vertex 30 9.2 3.5
      vertex 24 9.2 3.5
    endloop
  endfacet
  facet normal 0 -1 -0
    outer loop
      vertex 30 9.2 3.5
      vertex 24 9.2 0
      vertex 30 9.2 0
    endloop
  endfacet
  facet normal 1 -0 0
    outer loop
      vertex -24 -11 3.5
      vertex -24 -9.2 0
      vertex -24 -9.2 3.5
    endloop
  endfacet
  facet normal 1 0 0
    outer loop
      vertex -24 -9.2 0
      vertex -24 -11 3.5
      vertex -24 -11 0
    endloop
  endfacet
  facet normal -0 0 1
    outer loop
      vertex -30 -9.2 3.5
      vertex -24 -11 3.5
      vertex -24 -9.2 3.5
    endloop
  endfacet
  facet normal 0 0 1
    outer loop
      vertex -24 -11 3.5
      vertex -30 -9.2 3.5
      vertex -30 -11 3.5
    endloop
  endfacet
  facet normal 0 0 -1
    outer loop
      vertex -30 -11 0
      vertex -24 -9.2 0
      vertex -24 -11 0
    endloop
  endfacet
  facet normal -0 0 -1
    outer loop
      vertex -24 -9.2 0
      vertex -30 -11 0
      vertex -30 -9.2 0
    endloop
  endfacet
  facet normal -1 0 0
    outer loop
      vertex -30 -11 0
      vertex -30 -9.2 3.5
      vertex -30 -9.2 0
    endloop
  endfacet
  facet normal -1 -0 0
    outer loop
      vertex -30 -9.2 3.5
      vertex -30 -11 0
      vertex -30 -11 3.5
    endloop
  endfacet
  facet normal 0 1 -0
    outer loop
      vertex -24 -9.2 0
      vertex -30 -9.2 3.5
      vertex -24 -9.2 3.5
    endloop
  endfacet
  facet normal 0 1 0
    outer loop
      vertex -30 -9.2 3.5
      vertex -24 -9.2 0
      vertex -30 -9.2 0
    endloop
  endfacet
  facet normal 0 -1 0
    outer loop
      vertex -30 -11 0
      vertex -24 -11 3.5
      vertex -30 -11 3.5
    endloop
  endfacet
  facet normal 0 -1 -0
    outer loop
      vertex -24 -11 3.5
      vertex -30 -11 0
      vertex -24 -11 0
    endloop
  endfacet
  facet normal 1 -0 0
    outer loop
      vertex -24 9.2 3.5
      vertex -24 11 0
      vertex -24 11 3.5
    endloop
  endfacet
  facet normal 1 0 0
    outer loop
      vertex -24 11 0
      vertex -24 9.2 3.5
      vertex -24 9.2 0
    endloop
  endfacet
  facet normal -0 0 1
    outer loop
      vertex -30 11 3.5
      vertex -24 9.2 3.5
      vertex -24 11 3.5
    endloop
  endfacet
  facet normal 0 0 1
    outer loop
      vertex -24 9.2 3.5
      vertex -30 11 3.5
      vertex -30 9.2 3.5
    endloop
  endfacet
  facet normal 0 0 -1
    outer loop
      vertex -30 9.2 0
      vertex -24 11 0
      vertex -24 9.2 0
    endloop
  endfacet
  facet normal -0 0 -1
    outer loop
      vertex -24 11 0
      vertex -30 9.2 0
      vertex -30 11 0
    endloop
  endfacet
  facet normal -1 0 0
    outer loop
      vertex -30 9.2 0
      vertex -30 11 3.5
      vertex -30 11 0
    endloop
  endfacet
  facet normal -1 -0 0
    outer loop
      vertex -30 11 3.5
      vertex -30 9.2 0
      vertex -30 9.2 3.5
    endloop
  endfacet
  facet normal 0 1 -0
    outer loop
      vertex -24 11 0
      vertex -30 11 3.5
      vertex -24 11 3.5
    endloop
  endfacet
  facet normal 0 1 0
    outer loop
      vertex -30 11 3.5
      vertex -24 11 0
      vertex -30 11 0
    endloop
  endfacet
  facet normal 0 -1 0
    outer loop
      vertex -30 9.2 0
      vertex -24 9.2 3.5
      vertex -30 9.2 3.5
    endloop
  endfacet
  facet normal 0 -1 -0
    outer loop
      vertex -24 9.2 3.5
      vertex -30 9.2 0
      vertex -24 9.2 0
    endloop
  endfacet
  facet normal -0.956965 0.290204 7.25283e-19
    outer loop
      vertex 22.063 -9.08883 1.8
      vertex 22.1654 -8.75116 4
      vertex 22.1654 -8.75116 1.8
    endloop
  endfacet
  facet normal -0.956965 0.290204 7.25283e-19
    outer loop
      vertex 22.1654 -8.75116 4
      vertex 22.063 -9.08883 1.8
      vertex 22.063 -9.08883 4
    endloop
  endfacet
  facet normal -0.995181 -0.0980558 6.38554e-19
    outer loop
      vertex 22.2 8.4 1.8
      vertex 22.1654 8.75116 4
      vertex 22.1654 8.75116 1.8
    endloop
  endfacet
  facet normal -0.995181 -0.0980558 6.38554e-19
    outer loop
      vertex 22.1654 8.75116 4
      vertex 22.2 8.4 1.8
      vertex 22.2 8.4 4
    endloop
  endfacet
  facet normal -1 0 0
    outer loop
      vertex 22.2 -8.4 1.8
      vertex 22.2 8.4 4
      vertex 22.2 8.4 1.8
    endloop
  endfacet
  facet normal -1 -0 0
    outer loop
      vertex 22.2 8.4 4
      vertex 22.2 -8.4 1.8
      vertex 22.2 -8.4 4
    endloop
  endfacet
  facet normal -0.471441 0.881898 0
    outer loop
      vertex 21.4 -9.89664 1.8
      vertex 21.0888 -10.063 4
      vertex 21.4 -9.89664 4
    endloop
  endfacet
  facet normal -0.471441 0.881898 0
    outer loop
      vertex 21.0888 -10.063 4
      vertex 21.4 -9.89664 1.8
      vertex 21.0888 -10.063 1.8
    endloop
  endfacet
  facet normal -0.63434 -0.773054 0
    outer loop
      vertex 21.4 9.89664 1.8
      vertex 21.6728 9.67279 4
      vertex 21.4 9.89664 4
    endloop
  endfacet
  facet normal -0.63434 -0.773054 -0
    outer loop
      vertex 21.6728 9.67279 4
      vertex 21.4 9.89664 1.8
      vertex 21.6728 9.67279 1.8
    endloop
  endfacet
  facet normal -0.88185 -0.471529 -3.77375e-18
    outer loop
      vertex 22.063 9.08883 1.8
      vertex 21.8966 9.40003 4
      vertex 21.8966 9.40003 1.8
    endloop
  endfacet
  facet normal -0.88185 -0.471529 -3.77375e-18
    outer loop
      vertex 21.8966 9.40003 4
      vertex 22.063 9.08883 1.8
      vertex 22.063 9.08883 4
    endloop
  endfacet
  facet normal -0.956965 -0.290204 -7.25283e-19
    outer loop
      vertex 22.1654 8.75116 1.8
      vertex 22.063 9.08883 4
      vertex 22.063 9.08883 1.8
    endloop
  endfacet
  facet normal -0.956965 -0.290204 -7.25283e-19
    outer loop
      vertex 22.063 9.08883 4
      vertex 22.1654 8.75116 1.8
      vertex 22.1654 8.75116 4
    endloop
  endfacet
  facet normal 1 -0 0
    outer loop
      vertex -22.2 -8.4 4
      vertex -22.2 8.4 1.8
      vertex -22.2 8.4 4
    endloop
  endfacet
  facet normal 1 0 0
    outer loop
      vertex -22.2 8.4 1.8
      vertex -22.2 -8.4 4
      vertex -22.2 -8.4 1.8
    endloop
  endfacet
  facet normal 0 1 -0
    outer loop
      vertex 20.4 -10.2 1.8
      vertex -20.4 -10.2 4
      vertex 20.4 -10.2 4
    endloop
  endfacet
  facet normal 0 1 0
    outer loop
      vertex -20.4 -10.2 4
      vertex 20.4 -10.2 1.8
      vertex -20.4 -10.2 1.8
    endloop
  endfacet
  facet normal 0 -1 0
    outer loop
      vertex -20.4 10.2 1.8
      vertex 20.4 10.2 4
      vertex -20.4 10.2 4
    endloop
  endfacet
  facet normal 0 -1 -0
    outer loop
      vertex 20.4 10.2 4
      vertex -20.4 10.2 1.8
      vertex 20.4 10.2 1.8
    endloop
  endfacet
  facet normal 0.956965 -0.290204 7.25283e-19
    outer loop
      vertex -22.1654 8.75116 4
      vertex -22.063 9.08883 1.8
      vertex -22.063 9.08883 4
    endloop
  endfacet
  facet normal 0.956965 -0.290204 7.25283e-19
    outer loop
      vertex -22.063 9.08883 1.8
      vertex -22.1654 8.75116 4
      vertex -22.1654 8.75116 1.8
    endloop
  endfacet
  facet normal 0.471441 0.881898 -0
    outer loop
      vertex -21.0888 -10.063 1.8
      vertex -21.4 -9.89664 4
      vertex -21.0888 -10.063 4
    endloop
  endfacet
  facet normal 0.471441 0.881898 0
    outer loop
      vertex -21.4 -9.89664 4
      vertex -21.0888 -10.063 1.8
      vertex -21.4 -9.89664 1.8
    endloop
  endfacet
  facet normal -0.0980447 0.995182 0
    outer loop
      vertex 20.7512 -10.1654 1.8
      vertex 20.4 -10.2 4
      vertex 20.7512 -10.1654 4
    endloop
  endfacet
  facet normal -0.0980447 0.995182 0
    outer loop
      vertex 20.4 -10.2 4
      vertex 20.7512 -10.1654 1.8
      vertex 20.4 -10.2 1.8
    endloop
  endfacet
  facet normal 0.995181 0.0980558 6.38554e-19
    outer loop
      vertex -22.1654 -8.75116 4
      vertex -22.2 -8.4 1.8
      vertex -22.2 -8.4 4
    endloop
  endfacet
  facet normal 0.995181 0.0980558 6.38554e-19
    outer loop
      vertex -22.2 -8.4 1.8
      vertex -22.1654 -8.75116 4
      vertex -22.1654 -8.75116 1.8
    endloop
  endfacet
  facet normal -0.290259 -0.956948 0
    outer loop
      vertex 20.7512 10.1654 1.8
      vertex 21.0888 10.063 4
      vertex 20.7512 10.1654 4
    endloop
  endfacet
  facet normal -0.290259 -0.956948 -0
    outer loop
      vertex 21.0888 10.063 4
      vertex 20.7512 10.1654 1.8
      vertex 21.0888 10.063 1.8
    endloop
  endfacet
  facet normal 0.290259 -0.956948 0
    outer loop
      vertex -21.0888 10.063 1.8
      vertex -20.7512 10.1654 4
      vertex -21.0888 10.063 4
    endloop
  endfacet
  facet normal 0.290259 -0.956948 0
    outer loop
      vertex -20.7512 10.1654 4
      vertex -21.0888 10.063 1.8
      vertex -20.7512 10.1654 1.8
    endloop
  endfacet
  facet normal 0.63434 0.773054 -0
    outer loop
      vertex -21.4 -9.89664 1.8
      vertex -21.6728 -9.67279 4
      vertex -21.4 -9.89664 4
    endloop
  endfacet
  facet normal 0.63434 0.773054 0
    outer loop
      vertex -21.6728 -9.67279 4
      vertex -21.4 -9.89664 1.8
      vertex -21.6728 -9.67279 1.8
    endloop
  endfacet
  facet normal 0.88185 -0.471529 3.77375e-18
    outer loop
      vertex -22.063 9.08883 4
      vertex -21.8966 9.40003 1.8
      vertex -21.8966 9.40003 4
    endloop
  endfacet
  facet normal 0.88185 -0.471529 3.77375e-18
    outer loop
      vertex -21.8966 9.40003 1.8
      vertex -22.063 9.08883 4
      vertex -22.063 9.08883 1.8
    endloop
  endfacet
  facet normal 0.471441 -0.881898 0
    outer loop
      vertex -21.4 9.89664 1.8
      vertex -21.0888 10.063 4
      vertex -21.4 9.89664 4
    endloop
  endfacet
  facet normal 0.471441 -0.881898 0
    outer loop
      vertex -21.0888 10.063 4
      vertex -21.4 9.89664 1.8
      vertex -21.0888 10.063 1.8
    endloop
  endfacet
  facet normal 0.995181 -0.0980558 -6.38554e-19
    outer loop
      vertex -22.2 8.4 4
      vertex -22.1654 8.75116 1.8
      vertex -22.1654 8.75116 4
    endloop
  endfacet
  facet normal 0.995181 -0.0980558 -6.38554e-19
    outer loop
      vertex -22.1654 8.75116 1.8
      vertex -22.2 8.4 4
      vertex -22.2 8.4 1.8
    endloop
  endfacet
  facet normal -0.471441 -0.881898 0
    outer loop
      vertex 21.0888 10.063 1.8
      vertex 21.4 9.89664 4
      vertex 21.0888 10.063 4
    endloop
  endfacet
  facet normal -0.471441 -0.881898 -0
    outer loop
      vertex 21.4 9.89664 4
      vertex 21.0888 10.063 1.8
      vertex 21.4 9.89664 1.8
    endloop
  endfacet
  facet normal -0.88185 0.471529 3.77375e-18
    outer loop
      vertex 21.8966 -9.40003 1.8
      vertex 22.063 -9.08883 4
      vertex 22.063 -9.08883 1.8
    endloop
  endfacet
  facet normal -0.88185 0.471529 3.77375e-18
    outer loop
      vertex 22.063 -9.08883 4
      vertex 21.8966 -9.40003 1.8
      vertex 21.8966 -9.40003 4
    endloop
  endfacet
  facet normal 0.956965 0.290204 -7.25283e-19
    outer loop
      vertex -22.063 -9.08883 4
      vertex -22.1654 -8.75116 1.8
      vertex -22.1654 -8.75116 4
    endloop
  endfacet
  facet normal 0.956965 0.290204 -7.25283e-19
    outer loop
      vertex -22.1654 -8.75116 1.8
      vertex -22.063 -9.08883 4
      vertex -22.063 -9.08883 1.8
    endloop
  endfacet
  facet normal -0.290259 0.956948 0
    outer loop
      vertex 21.0888 -10.063 1.8
      vertex 20.7512 -10.1654 4
      vertex 21.0888 -10.063 4
    endloop
  endfacet
  facet normal -0.290259 0.956948 0
    outer loop
      vertex 20.7512 -10.1654 4
      vertex 21.0888 -10.063 1.8
      vertex 20.7512 -10.1654 1.8
    endloop
  endfacet
  facet normal 0.88185 0.471529 -3.77375e-18
    outer loop
      vertex -21.8966 -9.40003 4
      vertex -22.063 -9.08883 1.8
      vertex -22.063 -9.08883 4
    endloop
  endfacet
  facet normal 0.88185 0.471529 -3.77375e-18
    outer loop
      vertex -22.063 -9.08883 1.8
      vertex -21.8966 -9.40003 4
      vertex -21.8966 -9.40003 1.8
    endloop
  endfacet
  facet normal -0.995181 0.0980558 -6.38554e-19
    outer loop
      vertex 22.1654 -8.75116 1.8
      vertex 22.2 -8.4 4
      vertex 22.2 -8.4 1.8
    endloop
  endfacet
  facet normal -0.995181 0.0980558 -6.38554e-19
    outer loop
      vertex 22.2 -8.4 4
      vertex 22.1654 -8.75116 1.8
      vertex 22.1654 -8.75116 4
    endloop
  endfacet
  facet normal 0.290259 0.956948 -0
    outer loop
      vertex -20.7512 -10.1654 1.8
      vertex -21.0888 -10.063 4
      vertex -20.7512 -10.1654 4
    endloop
  endfacet
  facet normal 0.290259 0.956948 0
    outer loop
      vertex -21.0888 -10.063 4
      vertex -20.7512 -10.1654 1.8
      vertex -21.0888 -10.063 1.8
    endloop
  endfacet
  facet normal 0.0980447 -0.995182 0
    outer loop
      vertex -20.7512 10.1654 1.8
      vertex -20.4 10.2 4
      vertex -20.7512 10.1654 4
    endloop
  endfacet
  facet normal 0.0980447 -0.995182 0
    outer loop
      vertex -20.4 10.2 4
      vertex -20.7512 10.1654 1.8
      vertex -20.4 10.2 1.8
    endloop
  endfacet
  facet normal 0 0 1
    outer loop
      vertex 20.4 10.2 1.8
      vertex 22.2 8.4 1.8
      vertex 22.1654 8.75116 1.8
    endloop
  endfacet
  facet normal 0 0 1
    outer loop
      vertex 22.2 8.4 1.8
      vertex 12.75 1.45 1.8
      vertex 22.2 -8.4 1.8
    endloop
  endfacet
  facet normal 0 0 1
    outer loop
      vertex 20.4 10.2 1.8
      vertex 22.1654 8.75116 1.8
      vertex 22.063 9.08883 1.8
    endloop
  endfacet
  facet normal -0 0 1
    outer loop
      vertex 12.75 -1.45 1.8
      vertex 22.2 -8.4 1.8
      vertex 12.75 1.45 1.8
    endloop
  endfacet
  facet normal 0 0 1
    outer loop
      vertex 20.4 10.2 1.8
      vertex 22.063 9.08883 1.8
      vertex 21.8966 9.40003 1.8
    endloop
  endfacet
  facet normal -0 0 1
    outer loop
      vertex 12.6376 -2.3041 1.8
      vertex 22.2 -8.4 1.8
      vertex 12.75 -1.45 1.8
    endloop
  endfacet
  facet normal 0 0 1
    outer loop
      vertex 20.4 10.2 1.8
      vertex 21.8966 9.40003 1.8
      vertex 21.6728 9.67279 1.8
    endloop
  endfacet
  facet normal -0 0 1
    outer loop
      vertex 12.3079 -3.1 1.8
      vertex 22.2 -8.4 1.8
      vertex 12.6376 -2.3041 1.8
    endloop
  endfacet
  facet normal 0 0 1
    outer loop
      vertex 20.4 10.2 1.8
      vertex 21.6728 9.67279 1.8
      vertex 21.4 9.89664 1.8
    endloop
  endfacet
  facet normal 0 -0 1
    outer loop
      vertex 20.4 -10.2 1.8
      vertex 22.2 -8.4 1.8
      vertex 12.3079 -3.1 1.8
    endloop
  endfacet
  facet normal 0 0 1
    outer loop
      vertex 20.4 10.2 1.8
      vertex 21.4 9.89664 1.8
      vertex 21.0888 10.063 1.8
    endloop
  endfacet
  facet normal 0 0 1
    outer loop
      vertex 22.1654 -8.75116 1.8
      vertex 20.4 -10.2 1.8
      vertex 22.063 -9.08883 1.8
    endloop
  endfacet
  facet normal 0 0 1
    outer loop
      vertex 20.4 10.2 1.8
      vertex 21.0888 10.063 1.8
      vertex 20.7512 10.1654 1.8
    endloop
  endfacet
  facet normal 0 0 1
    outer loop
      vertex 22.063 -9.08883 1.8
      vertex 20.4 -10.2 1.8
      vertex 21.8966 -9.40003 1.8
    endloop
  endfacet
  facet normal 0 0 1
    outer loop
      vertex 22.2 8.4 1.8
      vertex 20.4 10.2 1.8
      vertex 12.3079 3.1 1.8
    endloop
  endfacet
  facet normal 0 0 1
    outer loop
      vertex 21.8966 -9.40003 1.8
      vertex 20.4 -10.2 1.8
      vertex 21.6728 -9.67279 1.8
    endloop
  endfacet
  facet normal 0 0 1
    outer loop
      vertex 21.6728 -9.67279 1.8
      vertex 20.4 -10.2 1.8
      vertex 21.4 -9.89664 1.8
    endloop
  endfacet
  facet normal 0 0 1
    outer loop
      vertex 22.2 8.4 1.8
      vertex 12.6376 2.3041 1.8
      vertex 12.75 1.45 1.8
    endloop
  endfacet
  facet normal 0 0 1
    outer loop
      vertex 22.2 8.4 1.8
      vertex 12.3079 3.1 1.8
      vertex 12.6376 2.3041 1.8
    endloop
  endfacet
  facet normal 0 0 1
    outer loop
      vertex 20.4 10.2 1.8
      vertex 11.7835 3.78345 1.8
      vertex 12.3079 3.1 1.8
    endloop
  endfacet
  facet normal 0 0 1
    outer loop
      vertex 20.4 10.2 1.8
      vertex 11.1 4.30788 1.8
      vertex 11.7835 3.78345 1.8
    endloop
  endfacet
  facet normal 0 0 1
    outer loop
      vertex 20.4 10.2 1.8
      vertex 10.3041 4.63756 1.8
      vertex 11.1 4.30788 1.8
    endloop
  endfacet
  facet normal 0 0 1
    outer loop
      vertex 20.4 10.2 1.8
      vertex 9.45 4.75 1.8
      vertex 10.3041 4.63756 1.8
    endloop
  endfacet
  facet normal 0 0 1
    outer loop
      vertex 20.4 10.2 1.8
      vertex -9.45 4.75 1.8
      vertex 9.45 4.75 1.8
    endloop
  endfacet
  facet normal -0 0 1
    outer loop
      vertex -20.4 10.2 1.8
      vertex -9.45 4.75 1.8
      vertex 20.4 10.2 1.8
    endloop
  endfacet
  facet normal 0 0 1
    outer loop
      vertex -12.6376 2.3041 1.8
      vertex -22.2 8.4 1.8
      vertex -12.75 1.45 1.8
    endloop
  endfacet
  facet normal 0 0 1
    outer loop
      vertex -12.3079 3.1 1.8
      vertex -22.2 8.4 1.8
      vertex -12.6376 2.3041 1.8
    endloop
  endfacet
  facet normal -0 0 1
    outer loop
      vertex -22.2 8.4 1.8
      vertex -12.3079 3.1 1.8
      vertex -20.4 10.2 1.8
    endloop
  endfacet
  facet normal 0 0 1
    outer loop
      vertex -11.7835 3.78345 1.8
      vertex -20.4 10.2 1.8
      vertex -12.3079 3.1 1.8
    endloop
  endfacet
  facet normal 0 0 1
    outer loop
      vertex -11.1 4.30788 1.8
      vertex -20.4 10.2 1.8
      vertex -11.7835 3.78345 1.8
    endloop
  endfacet
  facet normal 0 0 1
    outer loop
      vertex -10.3041 4.63756 1.8
      vertex -20.4 10.2 1.8
      vertex -11.1 4.30788 1.8
    endloop
  endfacet
  facet normal 0 0 1
    outer loop
      vertex -9.45 4.75 1.8
      vertex -20.4 10.2 1.8
      vertex -10.3041 4.63756 1.8
    endloop
  endfacet
  facet normal 0 0 1
    outer loop
      vertex 21.4 -9.89664 1.8
      vertex 20.4 -10.2 1.8
      vertex 21.0888 -10.063 1.8
    endloop
  endfacet
  facet normal 0 0 1
    outer loop
      vertex 21.0888 -10.063 1.8
      vertex 20.4 -10.2 1.8
      vertex 20.7512 -10.1654 1.8
    endloop
  endfacet
  facet normal 0 0 1
    outer loop
      vertex 22.2 -8.4 1.8
      vertex 20.4 -10.2 1.8
      vertex 22.1654 -8.75116 1.8
    endloop
  endfacet
  facet normal -0 0 1
    outer loop
      vertex 11.7835 -3.78345 1.8
      vertex 20.4 -10.2 1.8
      vertex 12.3079 -3.1 1.8
    endloop
  endfacet
  facet normal -0 0 1
    outer loop
      vertex 11.1 -4.30788 1.8
      vertex 20.4 -10.2 1.8
      vertex 11.7835 -3.78345 1.8
    endloop
  endfacet
  facet normal -0 0 1
    outer loop
      vertex 10.3041 -4.63756 1.8
      vertex 20.4 -10.2 1.8
      vertex 11.1 -4.30788 1.8
    endloop
  endfacet
  facet normal -0 0 1
    outer loop
      vertex 9.45 -4.75 1.8
      vertex 20.4 -10.2 1.8
      vertex 10.3041 -4.63756 1.8
    endloop
  endfacet
  facet normal -0 0 1
    outer loop
      vertex -9.45 -4.75 1.8
      vertex 20.4 -10.2 1.8
      vertex 9.45 -4.75 1.8
    endloop
  endfacet
  facet normal 0 0 1
    outer loop
      vertex -20.4 -10.2 1.8
      vertex -9.45 -4.75 1.8
      vertex -10.3041 -4.63756 1.8
    endloop
  endfacet
  facet normal 0 0 1
    outer loop
      vertex -12.75 1.45 1.8
      vertex -22.2 8.4 1.8
      vertex -12.75 -1.45 1.8
    endloop
  endfacet
  facet normal 0 0 1
    outer loop
      vertex -22.2 -8.4 1.8
      vertex -12.75 -1.45 1.8
      vertex -22.2 8.4 1.8
    endloop
  endfacet
  facet normal 0 0 1
    outer loop
      vertex -9.45 -4.75 1.8
      vertex -20.4 -10.2 1.8
      vertex 20.4 -10.2 1.8
    endloop
  endfacet
  facet normal 0 0 1
    outer loop
      vertex -11.1 -4.30788 1.8
      vertex -20.4 -10.2 1.8
      vertex -10.3041 -4.63756 1.8
    endloop
  endfacet
  facet normal 0 0 1
    outer loop
      vertex -11.7835 -3.78345 1.8
      vertex -20.4 -10.2 1.8
      vertex -11.1 -4.30788 1.8
    endloop
  endfacet
  facet normal 0 0 1
    outer loop
      vertex -12.3079 -3.1 1.8
      vertex -20.4 -10.2 1.8
      vertex -11.7835 -3.78345 1.8
    endloop
  endfacet
  facet normal 0 0 1
    outer loop
      vertex -12.75 -1.45 1.8
      vertex -22.2 -8.4 1.8
      vertex -12.6376 -2.3041 1.8
    endloop
  endfacet
  facet normal 0 0 1
    outer loop
      vertex -22.2 8.4 1.8
      vertex -20.4 10.2 1.8
      vertex -20.7512 10.1654 1.8
    endloop
  endfacet
  facet normal 0 0 1
    outer loop
      vertex -12.6376 -2.3041 1.8
      vertex -22.2 -8.4 1.8
      vertex -12.3079 -3.1 1.8
    endloop
  endfacet
  facet normal 0 0 1
    outer loop
      vertex -22.2 8.4 1.8
      vertex -20.7512 10.1654 1.8
      vertex -21.0888 10.063 1.8
    endloop
  endfacet
  facet normal 0 0 1
    outer loop
      vertex -12.3079 -3.1 1.8
      vertex -22.2 -8.4 1.8
      vertex -20.4 -10.2 1.8
    endloop
  endfacet
  facet normal 0 0 1
    outer loop
      vertex -22.2 8.4 1.8
      vertex -21.0888 10.063 1.8
      vertex -21.4 9.89664 1.8
    endloop
  endfacet
  facet normal 0 0 1
    outer loop
      vertex -20.4 -10.2 1.8
      vertex -22.2 -8.4 1.8
      vertex -20.7512 -10.1654 1.8
    endloop
  endfacet
  facet normal 0 0 1
    outer loop
      vertex -22.2 8.4 1.8
      vertex -21.4 9.89664 1.8
      vertex -21.6728 9.67279 1.8
    endloop
  endfacet
  facet normal 0 0 1
    outer loop
      vertex -20.7512 -10.1654 1.8
      vertex -22.2 -8.4 1.8
      vertex -21.0888 -10.063 1.8
    endloop
  endfacet
  facet normal 0 0 1
    outer loop
      vertex -22.2 8.4 1.8
      vertex -21.6728 9.67279 1.8
      vertex -21.8966 9.40003 1.8
    endloop
  endfacet
  facet normal 0 0 1
    outer loop
      vertex -21.0888 -10.063 1.8
      vertex -22.2 -8.4 1.8
      vertex -21.4 -9.89664 1.8
    endloop
  endfacet
  facet normal 0 0 1
    outer loop
      vertex -22.2 8.4 1.8
      vertex -21.8966 9.40003 1.8
      vertex -22.063 9.08883 1.8
    endloop
  endfacet
  facet normal 0 0 1
    outer loop
      vertex -21.4 -9.89664 1.8
      vertex -22.2 -8.4 1.8
      vertex -21.6728 -9.67279 1.8
    endloop
  endfacet
  facet normal 0 0 1
    outer loop
      vertex -22.2 8.4 1.8
      vertex -22.063 9.08883 1.8
      vertex -22.1654 8.75116 1.8
    endloop
  endfacet
  facet normal 0 0 1
    outer loop
      vertex -21.6728 -9.67279 1.8
      vertex -22.2 -8.4 1.8
      vertex -21.8966 -9.40003 1.8
    endloop
  endfacet
  facet normal 0 0 1
    outer loop
      vertex -21.8966 -9.40003 1.8
      vertex -22.2 -8.4 1.8
      vertex -22.063 -9.08883 1.8
    endloop
  endfacet
  facet normal 0 0 1
    outer loop
      vertex -22.063 -9.08883 1.8
      vertex -22.2 -8.4 1.8
      vertex -22.1654 -8.75116 1.8
    endloop
  endfacet
  facet normal 0.773078 -0.634311 1.05006e-18
    outer loop
      vertex -21.8966 9.40003 4
      vertex -21.6728 9.67279 1.8
      vertex -21.6728 9.67279 4
    endloop
  endfacet
  facet normal 0.773078 -0.634311 1.05006e-18
    outer loop
      vertex -21.6728 9.67279 1.8
      vertex -21.8966 9.40003 4
      vertex -21.8966 9.40003 1.8
    endloop
  endfacet
  facet normal -0.773078 -0.634311 -1.05006e-18
    outer loop
      vertex 21.8966 9.40003 1.8
      vertex 21.6728 9.67279 4
      vertex 21.6728 9.67279 1.8
    endloop
  endfacet
  facet normal -0.773078 -0.634311 -1.05006e-18
    outer loop
      vertex 21.6728 9.67279 4
      vertex 21.8966 9.40003 1.8
      vertex 21.8966 9.40003 4
    endloop
  endfacet
  facet normal 0.63434 -0.773054 0
    outer loop
      vertex -21.6728 9.67279 1.8
      vertex -21.4 9.89664 4
      vertex -21.6728 9.67279 4
    endloop
  endfacet
  facet normal 0.63434 -0.773054 0
    outer loop
      vertex -21.4 9.89664 4
      vertex -21.6728 9.67279 1.8
      vertex -21.4 9.89664 1.8
    endloop
  endfacet
  facet normal -0.63434 0.773054 0
    outer loop
      vertex 21.6728 -9.67279 1.8
      vertex 21.4 -9.89664 4
      vertex 21.6728 -9.67279 4
    endloop
  endfacet
  facet normal -0.63434 0.773054 0
    outer loop
      vertex 21.4 -9.89664 4
      vertex 21.6728 -9.67279 1.8
      vertex 21.4 -9.89664 1.8
    endloop
  endfacet
  facet normal -0.0980447 -0.995182 0
    outer loop
      vertex 20.4 10.2 1.8
      vertex 20.7512 10.1654 4
      vertex 20.4 10.2 4
    endloop
  endfacet
  facet normal -0.0980447 -0.995182 -0
    outer loop
      vertex 20.7512 10.1654 4
      vertex 20.4 10.2 1.8
      vertex 20.7512 10.1654 1.8
    endloop
  endfacet
  facet normal 0.773078 0.634311 -1.05006e-18
    outer loop
      vertex -21.6728 -9.67279 4
      vertex -21.8966 -9.40003 1.8
      vertex -21.8966 -9.40003 4
    endloop
  endfacet
  facet normal 0.773078 0.634311 -1.05006e-18
    outer loop
      vertex -21.8966 -9.40003 1.8
      vertex -21.6728 -9.67279 4
      vertex -21.6728 -9.67279 1.8
    endloop
  endfacet
  facet normal -0.773078 0.634311 1.05006e-18
    outer loop
      vertex 21.6728 -9.67279 1.8
      vertex 21.8966 -9.40003 4
      vertex 21.8966 -9.40003 1.8
    endloop
  endfacet
  facet normal -0.773078 0.634311 1.05006e-18
    outer loop
      vertex 21.8966 -9.40003 4
      vertex 21.6728 -9.67279 1.8
      vertex 21.6728 -9.67279 4
    endloop
  endfacet
  facet normal 0.0980447 0.995182 -0
    outer loop
      vertex -20.4 -10.2 1.8
      vertex -20.7512 -10.1654 4
      vertex -20.4 -10.2 4
    endloop
  endfacet
  facet normal 0.0980447 0.995182 0
    outer loop
      vertex -20.7512 -10.1654 4
      vertex -20.4 -10.2 1.8
      vertex -20.7512 -10.1654 1.8
    endloop
  endfacet
  facet normal 0.130543 -0.991443 0
    outer loop
      vertex -10.147 3.91481 0
      vertex -9.5 4 1.3
      vertex -10.147 3.91481 1.3
    endloop
  endfacet
  facet normal 0.130543 -0.991443 0
    outer loop
      vertex -9.5 4 1.3
      vertex -10.147 3.91481 0
      vertex -9.5 4 0
    endloop
  endfacet
  facet normal 0 1 -0
    outer loop
      vertex 9.5 -4 0
      vertex -9.5 -4 1.3
      vertex 9.5 -4 1.3
    endloop
  endfacet
  facet normal 0 1 0
    outer loop
      vertex -9.5 -4 1.3
      vertex 9.5 -4 0
      vertex -9.5 -4 0
    endloop
  endfacet
  facet normal -0.382656 0.923891 0
    outer loop
      vertex 10.75 -3.66506 0
      vertex 10.147 -3.91481 1.3
      vertex 10.75 -3.66506 1.3
    endloop
  endfacet
  facet normal -0.382656 0.923891 0
    outer loop
      vertex 10.147 -3.91481 1.3
      vertex 10.75 -3.66506 0
      vertex 10.147 -3.91481 0
    endloop
  endfacet
  facet normal 0.923907 -0.382618 9.93739e-18
    outer loop
      vertex -11.9148 2.14705 1.3
      vertex -11.6651 2.75 0
      vertex -11.6651 2.75 1.3
    endloop
  endfacet
  facet normal 0.923907 -0.382618 9.93739e-18
    outer loop
      vertex -11.6651 2.75 0
      vertex -11.9148 2.14705 1.3
      vertex -11.9148 2.14705 0
    endloop
  endfacet
  facet normal -0.130543 0.991443 0
    outer loop
      vertex 10.147 -3.91481 0
      vertex 9.5 -4 1.3
      vertex 10.147 -3.91481 1.3
    endloop
  endfacet
  facet normal -0.130543 0.991443 0
    outer loop
      vertex 9.5 -4 1.3
      vertex 10.147 -3.91481 0
      vertex 9.5 -4 0
    endloop
  endfacet
  facet normal 1 -0 0
    outer loop
      vertex -12 -1.5 1.3
      vertex -12 1.5 0
      vertex -12 1.5 1.3
    endloop
  endfacet
  facet normal 1 0 0
    outer loop
      vertex -12 1.5 0
      vertex -12 -1.5 1.3
      vertex -12 -1.5 0
    endloop
  endfacet
  facet normal 0.130543 0.991443 -0
    outer loop
      vertex -9.5 -4 0
      vertex -10.147 -3.91481 1.3
      vertex -9.5 -4 1.3
    endloop
  endfacet
  facet normal 0.130543 0.991443 0
    outer loop
      vertex -10.147 -3.91481 1.3
      vertex -9.5 -4 0
      vertex -10.147 -3.91481 0
    endloop
  endfacet
  facet normal -0.923907 0.382618 9.93739e-18
    outer loop
      vertex 11.6651 -2.75 0
      vertex 11.9148 -2.14705 1.3
      vertex 11.9148 -2.14705 0
    endloop
  endfacet
  facet normal -0.923907 0.382618 9.93739e-18
    outer loop
      vertex 11.9148 -2.14705 1.3
      vertex 11.6651 -2.75 0
      vertex 11.6651 -2.75 1.3
    endloop
  endfacet
  facet normal -0.793353 0.608762 -7.65785e-18
    outer loop
      vertex 11.2678 -3.26777 0
      vertex 11.6651 -2.75 1.3
      vertex 11.6651 -2.75 0
    endloop
  endfacet
  facet normal -0.793353 0.608762 -7.65785e-18
    outer loop
      vertex 11.6651 -2.75 1.3
      vertex 11.2678 -3.26777 0
      vertex 11.2678 -3.26777 1.3
    endloop
  endfacet
  facet normal -0.130543 -0.991443 0
    outer loop
      vertex 9.5 4 0
      vertex 10.147 3.91481 1.3
      vertex 9.5 4 1.3
    endloop
  endfacet
  facet normal -0.130543 -0.991443 -0
    outer loop
      vertex 10.147 3.91481 1.3
      vertex 9.5 4 0
      vertex 10.147 3.91481 0
    endloop
  endfacet
  facet normal -0.991442 0.130548 1.27838e-18
    outer loop
      vertex 11.9148 -2.14705 0
      vertex 12 -1.5 1.3
      vertex 12 -1.5 0
    endloop
  endfacet
  facet normal -0.991442 0.130548 1.27838e-18
    outer loop
      vertex 12 -1.5 1.3
      vertex 11.9148 -2.14705 0
      vertex 11.9148 -2.14705 1.3
    endloop
  endfacet
  facet normal 0 -1 0
    outer loop
      vertex -9.5 4 0
      vertex 9.5 4 1.3
      vertex -9.5 4 1.3
    endloop
  endfacet
  facet normal 0 -1 -0
    outer loop
      vertex 9.5 4 1.3
      vertex -9.5 4 0
      vertex 9.5 4 0
    endloop
  endfacet
  facet normal 0.608731 0.793377 -0
    outer loop
      vertex -10.75 -3.66506 0
      vertex -11.2678 -3.26777 1.3
      vertex -10.75 -3.66506 1.3
    endloop
  endfacet
  facet normal 0.608731 0.793377 0
    outer loop
      vertex -11.2678 -3.26777 1.3
      vertex -10.75 -3.66506 0
      vertex -11.2678 -3.26777 0
    endloop
  endfacet
  facet normal 0.382656 0.923891 -0
    outer loop
      vertex -10.147 -3.91481 0
      vertex -10.75 -3.66506 1.3
      vertex -10.147 -3.91481 1.3
    endloop
  endfacet
  facet normal 0.382656 0.923891 0
    outer loop
      vertex -10.75 -3.66506 1.3
      vertex -10.147 -3.91481 0
      vertex -10.75 -3.66506 0
    endloop
  endfacet
  facet normal 0.793353 -0.608762 -7.65785e-18
    outer loop
      vertex -11.6651 2.75 1.3
      vertex -11.2678 3.26777 0
      vertex -11.2678 3.26777 1.3
    endloop
  endfacet
  facet normal 0.793353 -0.608762 -7.65785e-18
    outer loop
      vertex -11.2678 3.26777 0
      vertex -11.6651 2.75 1.3
      vertex -11.6651 2.75 0
    endloop
  endfacet
  facet normal 0.991442 0.130548 -1.27838e-18
    outer loop
      vertex -11.9148 -2.14705 1.3
      vertex -12 -1.5 0
      vertex -12 -1.5 1.3
    endloop
  endfacet
  facet normal 0.991442 0.130548 -1.27838e-18
    outer loop
      vertex -12 -1.5 0
      vertex -11.9148 -2.14705 1.3
      vertex -11.9148 -2.14705 0
    endloop
  endfacet
  facet normal 0.991442 -0.130548 1.27838e-18
    outer loop
      vertex -12 1.5 1.3
      vertex -11.9148 2.14705 0
      vertex -11.9148 2.14705 1.3
    endloop
  endfacet
  facet normal 0.991442 -0.130548 1.27838e-18
    outer loop
      vertex -11.9148 2.14705 0
      vertex -12 1.5 1.3
      vertex -12 1.5 0
    endloop
  endfacet
  facet normal 0.923907 0.382618 -9.93739e-18
    outer loop
      vertex -11.6651 -2.75 1.3
      vertex -11.9148 -2.14705 0
      vertex -11.9148 -2.14705 1.3
    endloop
  endfacet
  facet normal 0.923907 0.382618 -9.93739e-18
    outer loop
      vertex -11.9148 -2.14705 0
      vertex -11.6651 -2.75 1.3
      vertex -11.6651 -2.75 0
    endloop
  endfacet
  facet normal 0.793353 0.608762 7.65785e-18
    outer loop
      vertex -11.2678 -3.26777 1.3
      vertex -11.6651 -2.75 0
      vertex -11.6651 -2.75 1.3
    endloop
  endfacet
  facet normal 0.793353 0.608762 7.65785e-18
    outer loop
      vertex -11.6651 -2.75 0
      vertex -11.2678 -3.26777 1.3
      vertex -11.2678 -3.26777 0
    endloop
  endfacet
  facet normal -0.382656 -0.923891 0
    outer loop
      vertex 10.147 3.91481 0
      vertex 10.75 3.66506 1.3
      vertex 10.147 3.91481 1.3
    endloop
  endfacet
  facet normal -0.382656 -0.923891 -0
    outer loop
      vertex 10.75 3.66506 1.3
      vertex 10.147 3.91481 0
      vertex 10.75 3.66506 0
    endloop
  endfacet
  facet normal -0.608731 0.793377 0
    outer loop
      vertex 11.2678 -3.26777 0
      vertex 10.75 -3.66506 1.3
      vertex 11.2678 -3.26777 1.3
    endloop
  endfacet
  facet normal -0.608731 0.793377 0
    outer loop
      vertex 10.75 -3.66506 1.3
      vertex 11.2678 -3.26777 0
      vertex 10.75 -3.66506 0
    endloop
  endfacet
  facet normal -0.608731 -0.793377 0
    outer loop
      vertex 10.75 3.66506 0
      vertex 11.2678 3.26777 1.3
      vertex 10.75 3.66506 1.3
    endloop
  endfacet
  facet normal -0.608731 -0.793377 -0
    outer loop
      vertex 11.2678 3.26777 1.3
      vertex 10.75 3.66506 0
      vertex 11.2678 3.26777 0
    endloop
  endfacet
  facet normal -0.991442 -0.130548 -1.27838e-18
    outer loop
      vertex 12 1.5 0
      vertex 11.9148 2.14705 1.3
      vertex 11.9148 2.14705 0
    endloop
  endfacet
  facet normal -0.991442 -0.130548 -1.27838e-18
    outer loop
      vertex 11.9148 2.14705 1.3
      vertex 12 1.5 0
      vertex 12 1.5 1.3
    endloop
  endfacet
  facet normal 0.382656 -0.923891 0
    outer loop
      vertex -10.75 3.66506 0
      vertex -10.147 3.91481 1.3
      vertex -10.75 3.66506 1.3
    endloop
  endfacet
  facet normal 0.382656 -0.923891 0
    outer loop
      vertex -10.147 3.91481 1.3
      vertex -10.75 3.66506 0
      vertex -10.147 3.91481 0
    endloop
  endfacet
  facet normal 0.608731 -0.793377 0
    outer loop
      vertex -11.2678 3.26777 0
      vertex -10.75 3.66506 1.3
      vertex -11.2678 3.26777 1.3
    endloop
  endfacet
  facet normal 0.608731 -0.793377 0
    outer loop
      vertex -10.75 3.66506 1.3
      vertex -11.2678 3.26777 0
      vertex -10.75 3.66506 0
    endloop
  endfacet
  facet normal -0.793353 -0.608762 7.65785e-18
    outer loop
      vertex 11.6651 2.75 0
      vertex 11.2678 3.26777 1.3
      vertex 11.2678 3.26777 0
    endloop
  endfacet
  facet normal -0.793353 -0.608762 7.65785e-18
    outer loop
      vertex 11.2678 3.26777 1.3
      vertex 11.6651 2.75 0
      vertex 11.6651 2.75 1.3
    endloop
  endfacet
  facet normal -0.923907 -0.382618 -9.93739e-18
    outer loop
      vertex 11.9148 2.14705 0
      vertex 11.6651 2.75 1.3
      vertex 11.6651 2.75 0
    endloop
  endfacet
  facet normal -0.923907 -0.382618 -9.93739e-18
    outer loop
      vertex 11.6651 2.75 1.3
      vertex 11.9148 2.14705 0
      vertex 11.9148 2.14705 1.3
    endloop
  endfacet
  facet normal -1 0 0
    outer loop
      vertex 12 -1.5 0
      vertex 12 1.5 1.3
      vertex 12 1.5 0
    endloop
  endfacet
  facet normal -1 -0 0
    outer loop
      vertex 12 1.5 1.3
      vertex 12 -1.5 0
      vertex 12 -1.5 1.3
    endloop
  endfacet
  facet normal -0.608734 -0.793375 0
    outer loop
      vertex 11.1 4.30788 1.3
      vertex 11.7835 3.78345 1.8
      vertex 11.1 4.30788 1.8
    endloop
  endfacet
  facet normal -0.608734 -0.793375 -0
    outer loop
      vertex 11.7835 3.78345 1.8
      vertex 11.1 4.30788 1.3
      vertex 11.7835 3.78345 1.3
    endloop
  endfacet
  facet normal 0 -1 0
    outer loop
      vertex -9.45 4.75 1.3
      vertex 9.45 4.75 1.8
      vertex -9.45 4.75 1.8
    endloop
  endfacet
  facet normal 0 -1 -0
    outer loop
      vertex 9.45 4.75 1.8
      vertex -9.45 4.75 1.3
      vertex 9.45 4.75 1.3
    endloop
  endfacet
  facet normal 0 1 -0
    outer loop
      vertex 9.45 -4.75 1.3
      vertex -9.45 -4.75 1.8
      vertex 9.45 -4.75 1.8
    endloop
  endfacet
  facet normal 0 1 0
    outer loop
      vertex -9.45 -4.75 1.8
      vertex 9.45 -4.75 1.3
      vertex -9.45 -4.75 1.3
    endloop
  endfacet
  facet normal -0.130521 0.991446 0
    outer loop
      vertex 10.3041 -4.63756 1.3
      vertex 9.45 -4.75 1.8
      vertex 10.3041 -4.63756 1.8
    endloop
  endfacet
  facet normal -0.130521 0.991446 0
    outer loop
      vertex 9.45 -4.75 1.8
      vertex 10.3041 -4.63756 1.3
      vertex 9.45 -4.75 1.3
    endloop
  endfacet
  facet normal -0.382691 -0.923876 0
    outer loop
      vertex 10.3041 4.63756 1.3
      vertex 11.1 4.30788 1.8
      vertex 10.3041 4.63756 1.8
    endloop
  endfacet
  facet normal -0.382691 -0.923876 -0
    outer loop
      vertex 11.1 4.30788 1.8
      vertex 10.3041 4.63756 1.3
      vertex 11.1 4.30788 1.3
    endloop
  endfacet
  facet normal 0.130521 0.991446 -0
    outer loop
      vertex -9.45 -4.75 1.3
      vertex -10.3041 -4.63756 1.8
      vertex -9.45 -4.75 1.8
    endloop
  endfacet
  facet normal 0.130521 0.991446 0
    outer loop
      vertex -10.3041 -4.63756 1.8
      vertex -9.45 -4.75 1.3
      vertex -10.3041 -4.63756 1.3
    endloop
  endfacet
  facet normal -0.382691 0.923876 0
    outer loop
      vertex 11.1 -4.30788 1.3
      vertex 10.3041 -4.63756 1.8
      vertex 11.1 -4.30788 1.8
    endloop
  endfacet
  facet normal -0.382691 0.923876 0
    outer loop
      vertex 10.3041 -4.63756 1.8
      vertex 11.1 -4.30788 1.3
      vertex 10.3041 -4.63756 1.3
    endloop
  endfacet
  facet normal 0.130521 -0.991446 0
    outer loop
      vertex -10.3041 4.63756 1.3
      vertex -9.45 4.75 1.8
      vertex -10.3041 4.63756 1.8
    endloop
  endfacet
  facet normal 0.130521 -0.991446 0
    outer loop
      vertex -9.45 4.75 1.8
      vertex -10.3041 4.63756 1.3
      vertex -9.45 4.75 1.3
    endloop
  endfacet
  facet normal 0.923868 0.382711 1.33104e-18
    outer loop
      vertex -12.3079 -3.1 1.8
      vertex -12.6376 -2.3041 1.3
      vertex -12.6376 -2.3041 1.8
    endloop
  endfacet
  facet normal 0.923868 0.382711 1.33104e-18
    outer loop
      vertex -12.6376 -2.3041 1.3
      vertex -12.3079 -3.1 1.8
      vertex -12.3079 -3.1 1.3
    endloop
  endfacet
  facet normal -0.130521 -0.991446 0
    outer loop
      vertex 9.45 4.75 1.3
      vertex 10.3041 4.63756 1.8
      vertex 9.45 4.75 1.8
    endloop
  endfacet
  facet normal -0.130521 -0.991446 -0
    outer loop
      vertex 10.3041 4.63756 1.8
      vertex 9.45 4.75 1.3
      vertex 10.3041 4.63756 1.3
    endloop
  endfacet
  facet normal 0.382691 0.923876 -0
    outer loop
      vertex -10.3041 -4.63756 1.3
      vertex -11.1 -4.30788 1.8
      vertex -10.3041 -4.63756 1.8
    endloop
  endfacet
  facet normal 0.382691 0.923876 0
    outer loop
      vertex -11.1 -4.30788 1.8
      vertex -10.3041 -4.63756 1.3
      vertex -11.1 -4.30788 1.3
    endloop
  endfacet
  facet normal 0.382691 -0.923876 0
    outer loop
      vertex -11.1 4.30788 1.3
      vertex -10.3041 4.63756 1.8
      vertex -11.1 4.30788 1.8
    endloop
  endfacet
  facet normal 0.382691 -0.923876 0
    outer loop
      vertex -10.3041 4.63756 1.8
      vertex -11.1 4.30788 1.3
      vertex -10.3041 4.63756 1.3
    endloop
  endfacet
  facet normal 0.608734 -0.793375 0
    outer loop
      vertex -11.7835 3.78345 1.3
      vertex -11.1 4.30788 1.8
      vertex -11.7835 3.78345 1.8
    endloop
  endfacet
  facet normal 0.608734 -0.793375 0
    outer loop
      vertex -11.1 4.30788 1.8
      vertex -11.7835 3.78345 1.3
      vertex -11.1 4.30788 1.3
    endloop
  endfacet
  facet normal -0.923868 -0.382711 1.33104e-18
    outer loop
      vertex 12.6376 2.3041 1.3
      vertex 12.3079 3.1 1.8
      vertex 12.3079 3.1 1.3
    endloop
  endfacet
  facet normal -0.923868 -0.382711 1.33104e-18
    outer loop
      vertex 12.3079 3.1 1.8
      vertex 12.6376 2.3041 1.3
      vertex 12.6376 2.3041 1.8
    endloop
  endfacet
  facet normal 0.991452 -0.130476 3.96081e-18
    outer loop
      vertex -12.75 1.45 1.8
      vertex -12.6376 2.3041 1.3
      vertex -12.6376 2.3041 1.8
    endloop
  endfacet
  facet normal 0.991452 -0.130476 3.96081e-18
    outer loop
      vertex -12.6376 2.3041 1.3
      vertex -12.75 1.45 1.8
      vertex -12.75 1.45 1.3
    endloop
  endfacet
  facet normal -1 0 0
    outer loop
      vertex 12.75 -1.45 1.3
      vertex 12.75 1.45 1.8
      vertex 12.75 1.45 1.3
    endloop
  endfacet
  facet normal -1 -0 0
    outer loop
      vertex 12.75 1.45 1.8
      vertex 12.75 -1.45 1.3
      vertex 12.75 -1.45 1.8
    endloop
  endfacet
  facet normal -0.991452 0.130476 3.96081e-18
    outer loop
      vertex 12.6376 -2.3041 1.3
      vertex 12.75 -1.45 1.8
      vertex 12.75 -1.45 1.3
    endloop
  endfacet
  facet normal -0.991452 0.130476 3.96081e-18
    outer loop
      vertex 12.75 -1.45 1.8
      vertex 12.6376 -2.3041 1.3
      vertex 12.6376 -2.3041 1.8
    endloop
  endfacet
  facet normal 1 -0 0
    outer loop
      vertex -12.75 -1.45 1.8
      vertex -12.75 1.45 1.3
      vertex -12.75 1.45 1.8
    endloop
  endfacet
  facet normal 1 0 0
    outer loop
      vertex -12.75 1.45 1.3
      vertex -12.75 -1.45 1.8
      vertex -12.75 -1.45 1.3
    endloop
  endfacet
  facet normal -0.923868 0.382711 -1.33104e-18
    outer loop
      vertex 12.3079 -3.1 1.3
      vertex 12.6376 -2.3041 1.8
      vertex 12.6376 -2.3041 1.3
    endloop
  endfacet
  facet normal -0.923868 0.382711 -1.33104e-18
    outer loop
      vertex 12.6376 -2.3041 1.8
      vertex 12.3079 -3.1 1.3
      vertex 12.3079 -3.1 1.8
    endloop
  endfacet
  facet normal -0.991452 -0.130476 -3.96081e-18
    outer loop
      vertex 12.75 1.45 1.3
      vertex 12.6376 2.3041 1.8
      vertex 12.6376 2.3041 1.3
    endloop
  endfacet
  facet normal -0.991452 -0.130476 -3.96081e-18
    outer loop
      vertex 12.6376 2.3041 1.8
      vertex 12.75 1.45 1.3
      vertex 12.75 1.45 1.8
    endloop
  endfacet
  facet normal 0.79337 0.60874 -5.36892e-18
    outer loop
      vertex -11.7835 -3.78345 1.8
      vertex -12.3079 -3.1 1.3
      vertex -12.3079 -3.1 1.8
    endloop
  endfacet
  facet normal 0.79337 0.60874 -5.36892e-18
    outer loop
      vertex -12.3079 -3.1 1.3
      vertex -11.7835 -3.78345 1.8
      vertex -11.7835 -3.78345 1.3
    endloop
  endfacet
  facet normal -0.608734 0.793375 0
    outer loop
      vertex 11.7835 -3.78345 1.3
      vertex 11.1 -4.30788 1.8
      vertex 11.7835 -3.78345 1.8
    endloop
  endfacet
  facet normal -0.608734 0.793375 0
    outer loop
      vertex 11.1 -4.30788 1.8
      vertex 11.7835 -3.78345 1.3
      vertex 11.1 -4.30788 1.3
    endloop
  endfacet
  facet normal 0.991452 0.130476 -3.96081e-18
    outer loop
      vertex -12.6376 -2.3041 1.8
      vertex -12.75 -1.45 1.3
      vertex -12.75 -1.45 1.8
    endloop
  endfacet
  facet normal 0.991452 0.130476 -3.96081e-18
    outer loop
      vertex -12.75 -1.45 1.3
      vertex -12.6376 -2.3041 1.8
      vertex -12.6376 -2.3041 1.3
    endloop
  endfacet
  facet normal -0.79337 -0.60874 -5.36892e-18
    outer loop
      vertex 12.3079 3.1 1.3
      vertex 11.7835 3.78345 1.8
      vertex 11.7835 3.78345 1.3
    endloop
  endfacet
  facet normal -0.79337 -0.60874 -5.36892e-18
    outer loop
      vertex 11.7835 3.78345 1.8
      vertex 12.3079 3.1 1.3
      vertex 12.3079 3.1 1.8
    endloop
  endfacet
  facet normal 0.79337 -0.60874 5.36892e-18
    outer loop
      vertex -12.3079 3.1 1.8
      vertex -11.7835 3.78345 1.3
      vertex -11.7835 3.78345 1.8
    endloop
  endfacet
  facet normal 0.79337 -0.60874 5.36892e-18
    outer loop
      vertex -11.7835 3.78345 1.3
      vertex -12.3079 3.1 1.8
      vertex -12.3079 3.1 1.3
    endloop
  endfacet
  facet normal -0.79337 0.60874 5.36892e-18
    outer loop
      vertex 11.7835 -3.78345 1.3
      vertex 12.3079 -3.1 1.8
      vertex 12.3079 -3.1 1.3
    endloop
  endfacet
  facet normal -0.79337 0.60874 5.36892e-18
    outer loop
      vertex 12.3079 -3.1 1.8
      vertex 11.7835 -3.78345 1.3
      vertex 11.7835 -3.78345 1.8
    endloop
  endfacet
  facet normal 0.608734 0.793375 -0
    outer loop
      vertex -11.1 -4.30788 1.3
      vertex -11.7835 -3.78345 1.8
      vertex -11.1 -4.30788 1.8
    endloop
  endfacet
  facet normal 0.608734 0.793375 0
    outer loop
      vertex -11.7835 -3.78345 1.8
      vertex -11.1 -4.30788 1.3
      vertex -11.7835 -3.78345 1.3
    endloop
  endfacet
  facet normal 0.923868 -0.382711 -1.33104e-18
    outer loop
      vertex -12.6376 2.3041 1.8
      vertex -12.3079 3.1 1.3
      vertex -12.3079 3.1 1.8
    endloop
  endfacet
  facet normal 0.923868 -0.382711 -1.33104e-18
    outer loop
      vertex -12.3079 3.1 1.3
      vertex -12.6376 2.3041 1.8
      vertex -12.6376 2.3041 1.3
    endloop
  endfacet
  facet normal -0 0 1
    outer loop
      vertex 12 1.5 1.3
      vertex 12.75 1.45 1.3
      vertex 12.6376 2.3041 1.3
    endloop
  endfacet
  facet normal 0 0 1
    outer loop
      vertex 12.75 1.45 1.3
      vertex 12 1.5 1.3
      vertex 12.75 -1.45 1.3
    endloop
  endfacet
  facet normal 0 0 1
    outer loop
      vertex 11.9148 2.14705 1.3
      vertex 12.6376 2.3041 1.3
      vertex 12.3079 3.1 1.3
    endloop
  endfacet
  facet normal 0 0 1
    outer loop
      vertex 12 -1.5 1.3
      vertex 12.75 -1.45 1.3
      vertex 12 1.5 1.3
    endloop
  endfacet
  facet normal 0 0 1
    outer loop
      vertex 12.75 -1.45 1.3
      vertex 12 -1.5 1.3
      vertex 12.6376 -2.3041 1.3
    endloop
  endfacet
  facet normal 0 0 1
    outer loop
      vertex 12.6376 2.3041 1.3
      vertex 11.9148 2.14705 1.3
      vertex 12 1.5 1.3
    endloop
  endfacet
  facet normal 0 0 1
    outer loop
      vertex 11.6651 2.75 1.3
      vertex 12.3079 3.1 1.3
      vertex 11.7835 3.78345 1.3
    endloop
  endfacet
  facet normal 0 0 1
    outer loop
      vertex 12.3079 3.1 1.3
      vertex 11.6651 2.75 1.3
      vertex 11.9148 2.14705 1.3
    endloop
  endfacet
  facet normal 0 0 1
    outer loop
      vertex 11.7835 3.78345 1.3
      vertex 11.2678 3.26777 1.3
      vertex 11.6651 2.75 1.3
    endloop
  endfacet
  facet normal 0 0 1
    outer loop
      vertex 10.75 3.66506 1.3
      vertex 11.7835 3.78345 1.3
      vertex 11.1 4.30788 1.3
    endloop
  endfacet
  facet normal 0 0 1
    outer loop
      vertex 11.7835 3.78345 1.3
      vertex 10.75 3.66506 1.3
      vertex 11.2678 3.26777 1.3
    endloop
  endfacet
  facet normal 0 0 1
    outer loop
      vertex 10.147 3.91481 1.3
      vertex 11.1 4.30788 1.3
      vertex 10.3041 4.63756 1.3
    endloop
  endfacet
  facet normal 0 0 1
    outer loop
      vertex 11.1 4.30788 1.3
      vertex 10.147 3.91481 1.3
      vertex 10.75 3.66506 1.3
    endloop
  endfacet
  facet normal 0 0 1
    outer loop
      vertex 10.3041 4.63756 1.3
      vertex 9.5 4 1.3
      vertex 10.147 3.91481 1.3
    endloop
  endfacet
  facet normal 0 0 1
    outer loop
      vertex 9.45 4.75 1.3
      vertex 9.5 4 1.3
      vertex 10.3041 4.63756 1.3
    endloop
  endfacet
  facet normal -0 0 1
    outer loop
      vertex -9.45 4.75 1.3
      vertex 9.5 4 1.3
      vertex 9.45 4.75 1.3
    endloop
  endfacet
  facet normal 0 0 1
    outer loop
      vertex -9.45 4.75 1.3
      vertex -9.5 4 1.3
      vertex 9.5 4 1.3
    endloop
  endfacet
  facet normal -0 0 1
    outer loop
      vertex -10.3041 4.63756 1.3
      vertex -9.5 4 1.3
      vertex -9.45 4.75 1.3
    endloop
  endfacet
  facet normal 0 0 1
    outer loop
      vertex -9.5 4 1.3
      vertex -10.3041 4.63756 1.3
      vertex -10.147 3.91481 1.3
    endloop
  endfacet
  facet normal -0 0 1
    outer loop
      vertex -11.1 4.30788 1.3
      vertex -10.147 3.91481 1.3
      vertex -10.3041 4.63756 1.3
    endloop
  endfacet
  facet normal 0 0 1
    outer loop
      vertex -10.147 3.91481 1.3
      vertex -11.1 4.30788 1.3
      vertex -10.75 3.66506 1.3
    endloop
  endfacet
  facet normal -0 0 1
    outer loop
      vertex -11.7835 3.78345 1.3
      vertex -10.75 3.66506 1.3
      vertex -11.1 4.30788 1.3
    endloop
  endfacet
  facet normal 0 0 1
    outer loop
      vertex -10.75 3.66506 1.3
      vertex -11.7835 3.78345 1.3
      vertex -11.2678 3.26777 1.3
    endloop
  endfacet
  facet normal 0 0 1
    outer loop
      vertex -11.2678 3.26777 1.3
      vertex -11.7835 3.78345 1.3
      vertex -11.6651 2.75 1.3
    endloop
  endfacet
  facet normal -0 0 1
    outer loop
      vertex -12.3079 3.1 1.3
      vertex -11.6651 2.75 1.3
      vertex -11.7835 3.78345 1.3
    endloop
  endfacet
  facet normal 0 0 1
    outer loop
      vertex -11.6651 2.75 1.3
      vertex -12.3079 3.1 1.3
      vertex -11.9148 2.14705 1.3
    endloop
  endfacet
  facet normal 0 0 1
    outer loop
      vertex -11.9148 2.14705 1.3
      vertex -12.6376 2.3041 1.3
      vertex -12 1.5 1.3
    endloop
  endfacet
  facet normal -0 0 1
    outer loop
      vertex -12.6376 2.3041 1.3
      vertex -11.9148 2.14705 1.3
      vertex -12.3079 3.1 1.3
    endloop
  endfacet
  facet normal -0 0 1
    outer loop
      vertex 11.9148 -2.14705 1.3
      vertex 12.6376 -2.3041 1.3
      vertex 12 -1.5 1.3
    endloop
  endfacet
  facet normal 0 0 1
    outer loop
      vertex 12.6376 -2.3041 1.3
      vertex 11.9148 -2.14705 1.3
      vertex 12.3079 -3.1 1.3
    endloop
  endfacet
  facet normal -0 0 1
    outer loop
      vertex 11.6651 -2.75 1.3
      vertex 12.3079 -3.1 1.3
      vertex 11.9148 -2.14705 1.3
    endloop
  endfacet
  facet normal 0 0 1
    outer loop
      vertex 12.3079 -3.1 1.3
      vertex 11.6651 -2.75 1.3
      vertex 11.7835 -3.78345 1.3
    endloop
  endfacet
  facet normal -0 0 1
    outer loop
      vertex 11.2678 -3.26777 1.3
      vertex 11.7835 -3.78345 1.3
      vertex 11.6651 -2.75 1.3
    endloop
  endfacet
  facet normal -0 0 1
    outer loop
      vertex 10.75 -3.66506 1.3
      vertex 11.7835 -3.78345 1.3
      vertex 11.2678 -3.26777 1.3
    endloop
  endfacet
  facet normal 0 0 1
    outer loop
      vertex 11.7835 -3.78345 1.3
      vertex 10.75 -3.66506 1.3
      vertex 11.1 -4.30788 1.3
    endloop
  endfacet
  facet normal -0 0 1
    outer loop
      vertex 10.147 -3.91481 1.3
      vertex 11.1 -4.30788 1.3
      vertex 10.75 -3.66506 1.3
    endloop
  endfacet
  facet normal 0 0 1
    outer loop
      vertex 11.1 -4.30788 1.3
      vertex 10.147 -3.91481 1.3
      vertex 10.3041 -4.63756 1.3
    endloop
  endfacet
  facet normal -0 0 1
    outer loop
      vertex 9.5 -4 1.3
      vertex 10.3041 -4.63756 1.3
      vertex 10.147 -3.91481 1.3
    endloop
  endfacet
  facet normal 0 0 1
    outer loop
      vertex 9.5 -4 1.3
      vertex 9.45 -4.75 1.3
      vertex 10.3041 -4.63756 1.3
    endloop
  endfacet
  facet normal 0 0 1
    outer loop
      vertex 9.5 -4 1.3
      vertex -9.45 -4.75 1.3
      vertex 9.45 -4.75 1.3
    endloop
  endfacet
  facet normal -0 0 1
    outer loop
      vertex -9.5 -4 1.3
      vertex -9.45 -4.75 1.3
      vertex 9.5 -4 1.3
    endloop
  endfacet
  facet normal 0 0 1
    outer loop
      vertex -10.3041 -4.63756 1.3
      vertex -9.5 -4 1.3
      vertex -10.147 -3.91481 1.3
    endloop
  endfacet
  facet normal 0 0 1
    outer loop
      vertex -9.5 -4 1.3
      vertex -10.3041 -4.63756 1.3
      vertex -9.45 -4.75 1.3
    endloop
  endfacet
  facet normal 0 0 1
    outer loop
      vertex -11.1 -4.30788 1.3
      vertex -10.147 -3.91481 1.3
      vertex -10.75 -3.66506 1.3
    endloop
  endfacet
  facet normal 0 0 1
    outer loop
      vertex -10.147 -3.91481 1.3
      vertex -11.1 -4.30788 1.3
      vertex -10.3041 -4.63756 1.3
    endloop
  endfacet
  facet normal 0 0 1
    outer loop
      vertex -11.7835 -3.78345 1.3
      vertex -10.75 -3.66506 1.3
      vertex -11.2678 -3.26777 1.3
    endloop
  endfacet
  facet normal 0 0 1
    outer loop
      vertex -11.7835 -3.78345 1.3
      vertex -11.2678 -3.26777 1.3
      vertex -11.6651 -2.75 1.3
    endloop
  endfacet
  facet normal 0 0 1
    outer loop
      vertex -10.75 -3.66506 1.3
      vertex -11.7835 -3.78345 1.3
      vertex -11.1 -4.30788 1.3
    endloop
  endfacet
  facet normal 0 0 1
    outer loop
      vertex -12.3079 -3.1 1.3
      vertex -11.6651 -2.75 1.3
      vertex -11.9148 -2.14705 1.3
    endloop
  endfacet
  facet normal 0 0 1
    outer loop
      vertex -12.6376 -2.3041 1.3
      vertex -11.9148 -2.14705 1.3
      vertex -12 -1.5 1.3
    endloop
  endfacet
  facet normal 0 0 1
    outer loop
      vertex -11.6651 -2.75 1.3
      vertex -12.3079 -3.1 1.3
      vertex -11.7835 -3.78345 1.3
    endloop
  endfacet
  facet normal 0 0 1
    outer loop
      vertex -12 1.5 1.3
      vertex -12.75 1.45 1.3
      vertex -12 -1.5 1.3
    endloop
  endfacet
  facet normal 0 0 1
    outer loop
      vertex -12 1.5 1.3
      vertex -12.6376 2.3041 1.3
      vertex -12.75 1.45 1.3
    endloop
  endfacet
  facet normal -0 0 1
    outer loop
      vertex -12.75 -1.45 1.3
      vertex -12 -1.5 1.3
      vertex -12.75 1.45 1.3
    endloop
  endfacet
  facet normal 0 -0 1
    outer loop
      vertex -12.6376 -2.3041 1.3
      vertex -12 -1.5 1.3
      vertex -12.75 -1.45 1.3
    endloop
  endfacet
  facet normal 0 0 1
    outer loop
      vertex -11.9148 -2.14705 1.3
      vertex -12.6376 -2.3041 1.3
      vertex -12.3079 -3.1 1.3
    endloop
  endfacet
  facet normal 0.923821 0.382824 -9.28334e-19
    outer loop
      vertex -17.7613 -7.03413 5.3
      vertex -17.9412 -6.6 1.8
      vertex -17.9412 -6.6 5.3
    endloop
  endfacet
  facet normal 0.923821 0.382824 -9.28334e-19
    outer loop
      vertex -17.9412 -6.6 1.8
      vertex -17.7613 -7.03413 5.3
      vertex -17.7613 -7.03413 1.8
    endloop
  endfacet
  facet normal 0.991454 0.130457 -3.79153e-20
    outer loop
      vertex -17.7 -7.5 5.3
      vertex -17.7613 -7.03413 1.8
      vertex -17.7613 -7.03413 5.3
    endloop
  endfacet
  facet normal 0.991454 0.130457 -3.79153e-20
    outer loop
      vertex -17.7613 -7.03413 1.8
      vertex -17.7 -7.5 5.3
      vertex -17.7 -7.5 1.8
    endloop
  endfacet
  facet normal -0.608762 0.793353 0
    outer loop
      vertex -20.4 -5.94115 1.8
      vertex -20.7728 -6.22721 5.3
      vertex -20.4 -5.94115 5.3
    endloop
  endfacet
  facet normal -0.608762 0.793353 0
    outer loop
      vertex -20.7728 -6.22721 5.3
      vertex -20.4 -5.94115 1.8
      vertex -20.7728 -6.22721 1.8
    endloop
  endfacet
  facet normal -0.382701 0.923872 0
    outer loop
      vertex -19.9659 -5.76133 1.8
      vertex -20.4 -5.94115 5.3
      vertex -19.9659 -5.76133 5.3
    endloop
  endfacet
  facet normal -0.382701 0.923872 0
    outer loop
      vertex -20.4 -5.94115 5.3
      vertex -19.9659 -5.76133 1.8
      vertex -20.4 -5.94115 1.8
    endloop
  endfacet
  facet normal 0.608762 -0.793353 0
    outer loop
      vertex -18.6 -9.05885 1.8
      vertex -18.2272 -8.77279 5.3
      vertex -18.6 -9.05885 5.3
    endloop
  endfacet
  facet normal 0.608762 -0.793353 0
    outer loop
      vertex -18.2272 -8.77279 5.3
      vertex -18.6 -9.05885 1.8
      vertex -18.2272 -8.77279 1.8
    endloop
  endfacet
  facet normal 0.608762 0.793353 -0
    outer loop
      vertex -18.2272 -6.22721 1.8
      vertex -18.6 -5.94115 5.3
      vertex -18.2272 -6.22721 5.3
    endloop
  endfacet
  facet normal 0.608762 0.793353 0
    outer loop
      vertex -18.6 -5.94115 5.3
      vertex -18.2272 -6.22721 1.8
      vertex -18.6 -5.94115 1.8
    endloop
  endfacet
  facet normal -0.130512 -0.991447 0
    outer loop
      vertex -19.9659 -9.23867 1.8
      vertex -19.5 -9.3 5.3
      vertex -19.9659 -9.23867 5.3
    endloop
  endfacet
  facet normal -0.130512 -0.991447 -0
    outer loop
      vertex -19.5 -9.3 5.3
      vertex -19.9659 -9.23867 1.8
      vertex -19.5 -9.3 1.8
    endloop
  endfacet
  facet normal 0.130512 0.991447 -0
    outer loop
      vertex -19.0341 -5.76133 1.8
      vertex -19.5 -5.7 5.3
      vertex -19.0341 -5.76133 5.3
    endloop
  endfacet
  facet normal 0.130512 0.991447 0
    outer loop
      vertex -19.5 -5.7 5.3
      vertex -19.0341 -5.76133 1.8
      vertex -19.5 -5.7 1.8
    endloop
  endfacet
  facet normal 0.382701 0.923872 -0
    outer loop
      vertex -18.6 -5.94115 1.8
      vertex -19.0341 -5.76133 5.3
      vertex -18.6 -5.94115 5.3
    endloop
  endfacet
  facet normal 0.382701 0.923872 0
    outer loop
      vertex -19.0341 -5.76133 5.3
      vertex -18.6 -5.94115 1.8
      vertex -19.0341 -5.76133 1.8
    endloop
  endfacet
  facet normal -0.608762 -0.793353 0
    outer loop
      vertex -20.7728 -8.77279 1.8
      vertex -20.4 -9.05885 5.3
      vertex -20.7728 -8.77279 5.3
    endloop
  endfacet
  facet normal -0.608762 -0.793353 -0
    outer loop
      vertex -20.4 -9.05885 5.3
      vertex -20.7728 -8.77279 1.8
      vertex -20.4 -9.05885 1.8
    endloop
  endfacet
  facet normal 0.793407 0.608692 -3.29747e-18
    outer loop
      vertex -17.9412 -6.6 5.3
      vertex -18.2272 -6.22721 1.8
      vertex -18.2272 -6.22721 5.3
    endloop
  endfacet
  facet normal 0.793407 0.608692 -3.29747e-18
    outer loop
      vertex -18.2272 -6.22721 1.8
      vertex -17.9412 -6.6 5.3
      vertex -17.9412 -6.6 1.8
    endloop
  endfacet
  facet normal 0.130512 -0.991447 0
    outer loop
      vertex -19.5 -9.3 1.8
      vertex -19.0341 -9.23867 5.3
      vertex -19.5 -9.3 5.3
    endloop
  endfacet
  facet normal 0.130512 -0.991447 0
    outer loop
      vertex -19.0341 -9.23867 5.3
      vertex -19.5 -9.3 1.8
      vertex -19.0341 -9.23867 1.8
    endloop
  endfacet
  facet normal 0.793407 -0.608692 -2.57598e-18
    outer loop
      vertex -18.2272 -8.77279 5.3
      vertex -17.9412 -8.4 1.8
      vertex -17.9412 -8.4 5.3
    endloop
  endfacet
  facet normal 0.793407 -0.608692 -2.57598e-18
    outer loop
      vertex -17.9412 -8.4 1.8
      vertex -18.2272 -8.77279 5.3
      vertex -18.2272 -8.77279 1.8
    endloop
  endfacet
  facet normal 0.382701 -0.923872 0
    outer loop
      vertex -19.0341 -9.23867 1.8
      vertex -18.6 -9.05885 5.3
      vertex -19.0341 -9.23867 5.3
    endloop
  endfacet
  facet normal 0.382701 -0.923872 0
    outer loop
      vertex -18.6 -9.05885 5.3
      vertex -19.0341 -9.23867 1.8
      vertex -18.6 -9.05885 1.8
    endloop
  endfacet
  facet normal -0.793407 0.608692 3.29747e-18
    outer loop
      vertex -21.0588 -6.6 1.8
      vertex -20.7728 -6.22721 5.3
      vertex -20.7728 -6.22721 1.8
    endloop
  endfacet
  facet normal -0.793407 0.608692 3.29747e-18
    outer loop
      vertex -20.7728 -6.22721 5.3
      vertex -21.0588 -6.6 1.8
      vertex -21.0588 -6.6 5.3
    endloop
  endfacet
  facet normal -0.793407 -0.608692 2.57598e-18
    outer loop
      vertex -20.7728 -8.77279 1.8
      vertex -21.0588 -8.4 5.3
      vertex -21.0588 -8.4 1.8
    endloop
  endfacet
  facet normal -0.793407 -0.608692 2.57598e-18
    outer loop
      vertex -21.0588 -8.4 5.3
      vertex -20.7728 -8.77279 1.8
      vertex -20.7728 -8.77279 5.3
    endloop
  endfacet
  facet normal 0.991454 -0.130457 3.79153e-20
    outer loop
      vertex -17.7613 -7.96587 5.3
      vertex -17.7 -7.5 1.8
      vertex -17.7 -7.5 5.3
    endloop
  endfacet
  facet normal 0.991454 -0.130457 3.79153e-20
    outer loop
      vertex -17.7 -7.5 1.8
      vertex -17.7613 -7.96587 5.3
      vertex -17.7613 -7.96587 1.8
    endloop
  endfacet
  facet normal -0.130512 0.991447 0
    outer loop
      vertex -19.5 -5.7 1.8
      vertex -19.9659 -5.76133 5.3
      vertex -19.5 -5.7 5.3
    endloop
  endfacet
  facet normal -0.130512 0.991447 0
    outer loop
      vertex -19.9659 -5.76133 5.3
      vertex -19.5 -5.7 1.8
      vertex -19.9659 -5.76133 1.8
    endloop
  endfacet
  facet normal -0.923821 -0.382824 -9.28334e-19
    outer loop
      vertex -21.0588 -8.4 1.8
      vertex -21.2387 -7.96587 5.3
      vertex -21.2387 -7.96587 1.8
    endloop
  endfacet
  facet normal -0.923821 -0.382824 -9.28334e-19
    outer loop
      vertex -21.2387 -7.96587 5.3
      vertex -21.0588 -8.4 1.8
      vertex -21.0588 -8.4 5.3
    endloop
  endfacet
  facet normal -0.991454 -0.130457 -3.79153e-20
    outer loop
      vertex -21.2387 -7.96587 1.8
      vertex -21.3 -7.5 5.3
      vertex -21.3 -7.5 1.8
    endloop
  endfacet
  facet normal -0.991454 -0.130457 -3.79153e-20
    outer loop
      vertex -21.3 -7.5 5.3
      vertex -21.2387 -7.96587 1.8
      vertex -21.2387 -7.96587 5.3
    endloop
  endfacet
  facet normal 0.923821 -0.382824 9.28334e-19
    outer loop
      vertex -17.9412 -8.4 5.3
      vertex -17.7613 -7.96587 1.8
      vertex -17.7613 -7.96587 5.3
    endloop
  endfacet
  facet normal 0.923821 -0.382824 9.28334e-19
    outer loop
      vertex -17.7613 -7.96587 1.8
      vertex -17.9412 -8.4 5.3
      vertex -17.9412 -8.4 1.8
    endloop
  endfacet
  facet normal -0.382701 -0.923872 0
    outer loop
      vertex -20.4 -9.05885 1.8
      vertex -19.9659 -9.23867 5.3
      vertex -20.4 -9.05885 5.3
    endloop
  endfacet
  facet normal -0.382701 -0.923872 -0
    outer loop
      vertex -19.9659 -9.23867 5.3
      vertex -20.4 -9.05885 1.8
      vertex -19.9659 -9.23867 1.8
    endloop
  endfacet
  facet normal 0 0 1
    outer loop
      vertex -18.65 -7.5 5.3
      vertex -17.7 -7.5 5.3
      vertex -17.7613 -7.03413 5.3
    endloop
  endfacet
  facet normal 0 0 1
    outer loop
      vertex -18.7013 -7.20928 5.3
      vertex -17.7613 -7.03413 5.3
      vertex -17.9412 -6.6 5.3
    endloop
  endfacet
  facet normal 0 0 1
    outer loop
      vertex -17.7 -7.5 5.3
      vertex -18.65 -7.5 5.3
      vertex -17.7613 -7.96587 5.3
    endloop
  endfacet
  facet normal 0 0 1
    outer loop
      vertex -18.8489 -6.95363 5.3
      vertex -17.9412 -6.6 5.3
      vertex -18.2272 -6.22721 5.3
    endloop
  endfacet
  facet normal -0 0 1
    outer loop
      vertex -18.7013 -7.79072 5.3
      vertex -17.7613 -7.96587 5.3
      vertex -18.65 -7.5 5.3
    endloop
  endfacet
  facet normal 0 0 1
    outer loop
      vertex -19.075 -6.76388 5.3
      vertex -18.2272 -6.22721 5.3
      vertex -18.6 -5.94115 5.3
    endloop
  endfacet
  facet normal 0 0 1
    outer loop
      vertex -17.7613 -7.96587 5.3
      vertex -18.7013 -7.79072 5.3
      vertex -17.9412 -8.4 5.3
    endloop
  endfacet
  facet normal -0 0 1
    outer loop
      vertex -18.8489 -8.04637 5.3
      vertex -17.9412 -8.4 5.3
      vertex -18.7013 -7.79072 5.3
    endloop
  endfacet
  facet normal 0 0 1
    outer loop
      vertex -17.7613 -7.03413 5.3
      vertex -18.7013 -7.20928 5.3
      vertex -18.65 -7.5 5.3
    endloop
  endfacet
  facet normal 0 0 1
    outer loop
      vertex -17.9412 -6.6 5.3
      vertex -18.8489 -6.95363 5.3
      vertex -18.7013 -7.20928 5.3
    endloop
  endfacet
  facet normal 0 0 1
    outer loop
      vertex -19.075 -6.76388 5.3
      vertex -18.6 -5.94115 5.3
      vertex -19.0341 -5.76133 5.3
    endloop
  endfacet
  facet normal 0 0 1
    outer loop
      vertex -18.2272 -6.22721 5.3
      vertex -19.075 -6.76388 5.3
      vertex -18.8489 -6.95363 5.3
    endloop
  endfacet
  facet normal 0 0 1
    outer loop
      vertex -19.0341 -5.76133 5.3
      vertex -19.3524 -6.66291 5.3
      vertex -19.075 -6.76388 5.3
    endloop
  endfacet
  facet normal 0 0 1
    outer loop
      vertex -19.5 -5.7 5.3
      vertex -19.3524 -6.66291 5.3
      vertex -19.0341 -5.76133 5.3
    endloop
  endfacet
  facet normal 0 0 1
    outer loop
      vertex -19.5 -5.7 5.3
      vertex -19.6476 -6.66291 5.3
      vertex -19.3524 -6.66291 5.3
    endloop
  endfacet
  facet normal -0 0 1
    outer loop
      vertex -19.9659 -5.76133 5.3
      vertex -19.6476 -6.66291 5.3
      vertex -19.5 -5.7 5.3
    endloop
  endfacet
  facet normal 0 0 1
    outer loop
      vertex -19.6476 -6.66291 5.3
      vertex -19.9659 -5.76133 5.3
      vertex -19.925 -6.76388 5.3
    endloop
  endfacet
  facet normal -0 0 1
    outer loop
      vertex -20.4 -5.94115 5.3
      vertex -19.925 -6.76388 5.3
      vertex -19.9659 -5.76133 5.3
    endloop
  endfacet
  facet normal -0 0 1
    outer loop
      vertex -20.7728 -6.22721 5.3
      vertex -19.925 -6.76388 5.3
      vertex -20.4 -5.94115 5.3
    endloop
  endfacet
  facet normal -0 0 1
    outer loop
      vertex -21.0588 -6.6 5.3
      vertex -20.1511 -6.95363 5.3
      vertex -20.7728 -6.22721 5.3
    endloop
  endfacet
  facet normal 0 0 1
    outer loop
      vertex -19.925 -6.76388 5.3
      vertex -20.7728 -6.22721 5.3
      vertex -20.1511 -6.95363 5.3
    endloop
  endfacet
  facet normal 0 0 1
    outer loop
      vertex -17.9412 -8.4 5.3
      vertex -18.8489 -8.04637 5.3
      vertex -18.2272 -8.77279 5.3
    endloop
  endfacet
  facet normal -0 0 1
    outer loop
      vertex -19.075 -8.23612 5.3
      vertex -18.2272 -8.77279 5.3
      vertex -18.8489 -8.04637 5.3
    endloop
  endfacet
  facet normal 0 0 1
    outer loop
      vertex -18.2272 -8.77279 5.3
      vertex -19.075 -8.23612 5.3
      vertex -18.6 -9.05885 5.3
    endloop
  endfacet
  facet normal 0 0 1
    outer loop
      vertex -18.6 -9.05885 5.3
      vertex -19.075 -8.23612 5.3
      vertex -19.0341 -9.23867 5.3
    endloop
  endfacet
  facet normal -0 0 1
    outer loop
      vertex -19.3524 -8.33709 5.3
      vertex -19.0341 -9.23867 5.3
      vertex -19.075 -8.23612 5.3
    endloop
  endfacet
  facet normal 0 0 1
    outer loop
      vertex -19.3524 -8.33709 5.3
      vertex -19.5 -9.3 5.3
      vertex -19.0341 -9.23867 5.3
    endloop
  endfacet
  facet normal -0 0 1
    outer loop
      vertex -19.6476 -8.33709 5.3
      vertex -19.5 -9.3 5.3
      vertex -19.3524 -8.33709 5.3
    endloop
  endfacet
  facet normal 0 0 1
    outer loop
      vertex -19.9659 -9.23867 5.3
      vertex -19.6476 -8.33709 5.3
      vertex -19.925 -8.23612 5.3
    endloop
  endfacet
  facet normal 0 0 1
    outer loop
      vertex -19.6476 -8.33709 5.3
      vertex -19.9659 -9.23867 5.3
      vertex -19.5 -9.3 5.3
    endloop
  endfacet
  facet normal 0 0 1
    outer loop
      vertex -20.7728 -8.77279 5.3
      vertex -19.925 -8.23612 5.3
      vertex -20.1511 -8.04637 5.3
    endloop
  endfacet
  facet normal 0 0 1
    outer loop
      vertex -21.0588 -8.4 5.3
      vertex -20.1511 -8.04637 5.3
      vertex -20.2987 -7.79072 5.3
    endloop
  endfacet
  facet normal 0 0 1
    outer loop
      vertex -19.925 -8.23612 5.3
      vertex -20.4 -9.05885 5.3
      vertex -19.9659 -9.23867 5.3
    endloop
  endfacet
  facet normal 0 0 1
    outer loop
      vertex -21.2387 -7.96587 5.3
      vertex -20.2987 -7.79072 5.3
      vertex -20.35 -7.5 5.3
    endloop
  endfacet
  facet normal 0 0 1
    outer loop
      vertex -20.1511 -6.95363 5.3
      vertex -21.0588 -6.6 5.3
      vertex -20.2987 -7.20928 5.3
    endloop
  endfacet
  facet normal -0 0 1
    outer loop
      vertex -21.2387 -7.03413 5.3
      vertex -20.2987 -7.20928 5.3
      vertex -21.0588 -6.6 5.3
    endloop
  endfacet
  facet normal 0 0 1
    outer loop
      vertex -19.925 -8.23612 5.3
      vertex -20.7728 -8.77279 5.3
      vertex -20.4 -9.05885 5.3
    endloop
  endfacet
  facet normal 0 0 1
    outer loop
      vertex -20.2987 -7.20928 5.3
      vertex -21.2387 -7.03413 5.3
      vertex -20.35 -7.5 5.3
    endloop
  endfacet
  facet normal 0 0 1
    outer loop
      vertex -20.1511 -8.04637 5.3
      vertex -21.0588 -8.4 5.3
      vertex -20.7728 -8.77279 5.3
    endloop
  endfacet
  facet normal 0 0 1
    outer loop
      vertex -21.3 -7.5 5.3
      vertex -20.35 -7.5 5.3
      vertex -21.2387 -7.03413 5.3
    endloop
  endfacet
  facet normal 0 0 1
    outer loop
      vertex -20.2987 -7.79072 5.3
      vertex -21.2387 -7.96587 5.3
      vertex -21.0588 -8.4 5.3
    endloop
  endfacet
  facet normal 0 0 1
    outer loop
      vertex -20.35 -7.5 5.3
      vertex -21.3 -7.5 5.3
      vertex -21.2387 -7.96587 5.3
    endloop
  endfacet
  facet normal 0 0 -1
    outer loop
      vertex -18.65 -7.5 1.8
      vertex -17.7 -7.5 1.8
      vertex -17.7613 -7.96587 1.8
    endloop
  endfacet
  facet normal 0 0 -1
    outer loop
      vertex -18.7013 -7.79072 1.8
      vertex -17.7613 -7.96587 1.8
      vertex -17.9412 -8.4 1.8
    endloop
  endfacet
  facet normal 0 0 -1
    outer loop
      vertex -17.7 -7.5 1.8
      vertex -18.65 -7.5 1.8
      vertex -17.7613 -7.03413 1.8
    endloop
  endfacet
  facet normal 0 0 -1
    outer loop
      vertex -18.8489 -8.04637 1.8
      vertex -17.9412 -8.4 1.8
      vertex -18.2272 -8.77279 1.8
    endloop
  endfacet
  facet normal 0 0 -1
    outer loop
      vertex -18.7013 -7.20928 1.8
      vertex -17.7613 -7.03413 1.8
      vertex -18.65 -7.5 1.8
    endloop
  endfacet
  facet normal 0 0 -1
    outer loop
      vertex -19.075 -8.23612 1.8
      vertex -18.2272 -8.77279 1.8
      vertex -18.6 -9.05885 1.8
    endloop
  endfacet
  facet normal -0 0 -1
    outer loop
      vertex -17.7613 -7.03413 1.8
      vertex -18.7013 -7.20928 1.8
      vertex -17.9412 -6.6 1.8
    endloop
  endfacet
  facet normal 0 0 -1
    outer loop
      vertex -18.8489 -6.95363 1.8
      vertex -17.9412 -6.6 1.8
      vertex -18.7013 -7.20928 1.8
    endloop
  endfacet
  facet normal 0 0 -1
    outer loop
      vertex -17.7613 -7.96587 1.8
      vertex -18.7013 -7.79072 1.8
      vertex -18.65 -7.5 1.8
    endloop
  endfacet
  facet normal 0 0 -1
    outer loop
      vertex -17.9412 -8.4 1.8
      vertex -18.8489 -8.04637 1.8
      vertex -18.7013 -7.79072 1.8
    endloop
  endfacet
  facet normal 0 0 -1
    outer loop
      vertex -19.075 -8.23612 1.8
      vertex -18.6 -9.05885 1.8
      vertex -19.0341 -9.23867 1.8
    endloop
  endfacet
  facet normal 0 0 -1
    outer loop
      vertex -18.2272 -8.77279 1.8
      vertex -19.075 -8.23612 1.8
      vertex -18.8489 -8.04637 1.8
    endloop
  endfacet
  facet normal 0 0 -1
    outer loop
      vertex -19.0341 -9.23867 1.8
      vertex -19.3524 -8.33709 1.8
      vertex -19.075 -8.23612 1.8
    endloop
  endfacet
  facet normal 0 0 -1
    outer loop
      vertex -19.5 -9.3 1.8
      vertex -19.3524 -8.33709 1.8
      vertex -19.0341 -9.23867 1.8
    endloop
  endfacet
  facet normal 0 0 -1
    outer loop
      vertex -19.5 -9.3 1.8
      vertex -19.6476 -8.33709 1.8
      vertex -19.3524 -8.33709 1.8
    endloop
  endfacet
  facet normal 0 0 -1
    outer loop
      vertex -19.9659 -9.23867 1.8
      vertex -19.6476 -8.33709 1.8
      vertex -19.5 -9.3 1.8
    endloop
  endfacet
  facet normal -0 0 -1
    outer loop
      vertex -19.6476 -8.33709 1.8
      vertex -19.9659 -9.23867 1.8
      vertex -19.925 -8.23612 1.8
    endloop
  endfacet
  facet normal 0 0 -1
    outer loop
      vertex -20.4 -9.05885 1.8
      vertex -19.925 -8.23612 1.8
      vertex -19.9659 -9.23867 1.8
    endloop
  endfacet
  facet normal 0 0 -1
    outer loop
      vertex -20.7728 -8.77279 1.8
      vertex -19.925 -8.23612 1.8
      vertex -20.4 -9.05885 1.8
    endloop
  endfacet
  facet normal 0 0 -1
    outer loop
      vertex -21.0588 -8.4 1.8
      vertex -20.1511 -8.04637 1.8
      vertex -20.7728 -8.77279 1.8
    endloop
  endfacet
  facet normal -0 0 -1
    outer loop
      vertex -19.925 -8.23612 1.8
      vertex -20.7728 -8.77279 1.8
      vertex -20.1511 -8.04637 1.8
    endloop
  endfacet
  facet normal -0 0 -1
    outer loop
      vertex -17.9412 -6.6 1.8
      vertex -18.8489 -6.95363 1.8
      vertex -18.2272 -6.22721 1.8
    endloop
  endfacet
  facet normal 0 0 -1
    outer loop
      vertex -19.075 -6.76388 1.8
      vertex -18.2272 -6.22721 1.8
      vertex -18.8489 -6.95363 1.8
    endloop
  endfacet
  facet normal -0 0 -1
    outer loop
      vertex -18.2272 -6.22721 1.8
      vertex -19.075 -6.76388 1.8
      vertex -18.6 -5.94115 1.8
    endloop
  endfacet
  facet normal -0 0 -1
    outer loop
      vertex -18.6 -5.94115 1.8
      vertex -19.075 -6.76388 1.8
      vertex -19.0341 -5.76133 1.8
    endloop
  endfacet
  facet normal 0 0 -1
    outer loop
      vertex -19.3524 -6.66291 1.8
      vertex -19.0341 -5.76133 1.8
      vertex -19.075 -6.76388 1.8
    endloop
  endfacet
  facet normal 0 0 -1
    outer loop
      vertex -19.3524 -6.66291 1.8
      vertex -19.5 -5.7 1.8
      vertex -19.0341 -5.76133 1.8
    endloop
  endfacet
  facet normal 0 0 -1
    outer loop
      vertex -19.6476 -6.66291 1.8
      vertex -19.5 -5.7 1.8
      vertex -19.3524 -6.66291 1.8
    endloop
  endfacet
  facet normal 0 0 -1
    outer loop
      vertex -19.9659 -5.76133 1.8
      vertex -19.6476 -6.66291 1.8
      vertex -19.925 -6.76388 1.8
    endloop
  endfacet
  facet normal 0 0 -1
    outer loop
      vertex -19.6476 -6.66291 1.8
      vertex -19.9659 -5.76133 1.8
      vertex -19.5 -5.7 1.8
    endloop
  endfacet
  facet normal 0 0 -1
    outer loop
      vertex -20.7728 -6.22721 1.8
      vertex -19.925 -6.76388 1.8
      vertex -20.1511 -6.95363 1.8
    endloop
  endfacet
  facet normal 0 0 -1
    outer loop
      vertex -21.0588 -6.6 1.8
      vertex -20.1511 -6.95363 1.8
      vertex -20.2987 -7.20928 1.8
    endloop
  endfacet
  facet normal 0 0 -1
    outer loop
      vertex -19.925 -6.76388 1.8
      vertex -20.4 -5.94115 1.8
      vertex -19.9659 -5.76133 1.8
    endloop
  endfacet
  facet normal 0 0 -1
    outer loop
      vertex -21.2387 -7.03413 1.8
      vertex -20.2987 -7.20928 1.8
      vertex -20.35 -7.5 1.8
    endloop
  endfacet
  facet normal -0 0 -1
    outer loop
      vertex -20.1511 -8.04637 1.8
      vertex -21.0588 -8.4 1.8
      vertex -20.2987 -7.79072 1.8
    endloop
  endfacet
  facet normal 0 0 -1
    outer loop
      vertex -21.2387 -7.96587 1.8
      vertex -20.2987 -7.79072 1.8
      vertex -21.0588 -8.4 1.8
    endloop
  endfacet
  facet normal 0 0 -1
    outer loop
      vertex -19.925 -6.76388 1.8
      vertex -20.7728 -6.22721 1.8
      vertex -20.4 -5.94115 1.8
    endloop
  endfacet
  facet normal -0 0 -1
    outer loop
      vertex -20.2987 -7.79072 1.8
      vertex -21.2387 -7.96587 1.8
      vertex -20.35 -7.5 1.8
    endloop
  endfacet
  facet normal 0 0 -1
    outer loop
      vertex -20.1511 -6.95363 1.8
      vertex -21.0588 -6.6 1.8
      vertex -20.7728 -6.22721 1.8
    endloop
  endfacet
  facet normal 0 0 -1
    outer loop
      vertex -21.3 -7.5 1.8
      vertex -20.35 -7.5 1.8
      vertex -21.2387 -7.96587 1.8
    endloop
  endfacet
  facet normal 0 0 -1
    outer loop
      vertex -20.2987 -7.20928 1.8
      vertex -21.2387 -7.03413 1.8
      vertex -21.0588 -6.6 1.8
    endloop
  endfacet
  facet normal 0 0 -1
    outer loop
      vertex -20.35 -7.5 1.8
      vertex -21.3 -7.5 1.8
      vertex -21.2387 -7.03413 1.8
    endloop
  endfacet
  facet normal -0.923821 0.382824 9.28334e-19
    outer loop
      vertex -21.2387 -7.03413 1.8
      vertex -21.0588 -6.6 5.3
      vertex -21.0588 -6.6 1.8
    endloop
  endfacet
  facet normal -0.923821 0.382824 9.28334e-19
    outer loop
      vertex -21.0588 -6.6 5.3
      vertex -21.2387 -7.03413 1.8
      vertex -21.2387 -7.03413 5.3
    endloop
  endfacet
  facet normal -0.991454 0.130457 3.79153e-20
    outer loop
      vertex -21.3 -7.5 1.8
      vertex -21.2387 -7.03413 5.3
      vertex -21.2387 -7.03413 1.8
    endloop
  endfacet
  facet normal -0.991454 0.130457 3.79153e-20
    outer loop
      vertex -21.2387 -7.03413 5.3
      vertex -21.3 -7.5 1.8
      vertex -21.3 -7.5 5.3
    endloop
  endfacet
  facet normal -0.866025 -0.500001 -1.02421e-18
    outer loop
      vertex -18.7013 -7.20928 1.8
      vertex -18.8489 -6.95363 5.3
      vertex -18.8489 -6.95363 1.8
    endloop
  endfacet
  facet normal -0.866025 -0.500001 -1.02421e-18
    outer loop
      vertex -18.8489 -6.95363 5.3
      vertex -18.7013 -7.20928 1.8
      vertex -18.7013 -7.20928 5.3
    endloop
  endfacet
  facet normal -0.984786 -0.173774 -6.94721e-19
    outer loop
      vertex -18.65 -7.5 1.8
      vertex -18.7013 -7.20928 5.3
      vertex -18.7013 -7.20928 1.8
    endloop
  endfacet
  facet normal -0.984786 -0.173774 -6.94721e-19
    outer loop
      vertex -18.7013 -7.20928 5.3
      vertex -18.65 -7.5 1.8
      vertex -18.65 -7.5 5.3
    endloop
  endfacet
  facet normal -0.642846 -0.765995 0
    outer loop
      vertex -19.075 -6.76388 1.8
      vertex -18.8489 -6.95363 5.3
      vertex -19.075 -6.76388 5.3
    endloop
  endfacet
  facet normal -0.642846 -0.765995 -0
    outer loop
      vertex -18.8489 -6.95363 5.3
      vertex -19.075 -6.76388 1.8
      vertex -18.8489 -6.95363 1.8
    endloop
  endfacet
  facet normal -0.984786 0.173774 6.94721e-19
    outer loop
      vertex -18.7013 -7.79072 1.8
      vertex -18.65 -7.5 5.3
      vertex -18.65 -7.5 1.8
    endloop
  endfacet
  facet normal -0.984786 0.173774 6.94721e-19
    outer loop
      vertex -18.65 -7.5 5.3
      vertex -18.7013 -7.79072 1.8
      vertex -18.7013 -7.79072 5.3
    endloop
  endfacet
  facet normal -0.342034 0.939688 0
    outer loop
      vertex -19.075 -8.23612 1.8
      vertex -19.3524 -8.33709 5.3
      vertex -19.075 -8.23612 5.3
    endloop
  endfacet
  facet normal -0.342034 0.939688 0
    outer loop
      vertex -19.3524 -8.33709 5.3
      vertex -19.075 -8.23612 1.8
      vertex -19.3524 -8.33709 1.8
    endloop
  endfacet
  facet normal 0.642846 -0.765995 0
    outer loop
      vertex -20.1511 -6.95363 1.8
      vertex -19.925 -6.76388 5.3
      vertex -20.1511 -6.95363 5.3
    endloop
  endfacet
  facet normal 0.642846 -0.765995 0
    outer loop
      vertex -19.925 -6.76388 5.3
      vertex -20.1511 -6.95363 1.8
      vertex -19.925 -6.76388 1.8
    endloop
  endfacet
  facet normal 0.866025 0.500001 -1.02421e-18
    outer loop
      vertex -20.1511 -8.04637 5.3
      vertex -20.2987 -7.79072 1.8
      vertex -20.2987 -7.79072 5.3
    endloop
  endfacet
  facet normal 0.866025 0.500001 -1.02421e-18
    outer loop
      vertex -20.2987 -7.79072 1.8
      vertex -20.1511 -8.04637 5.3
      vertex -20.1511 -8.04637 1.8
    endloop
  endfacet
  facet normal 0.342034 -0.939688 0
    outer loop
      vertex -19.925 -6.76388 1.8
      vertex -19.6476 -6.66291 5.3
      vertex -19.925 -6.76388 5.3
    endloop
  endfacet
  facet normal 0.342034 -0.939688 0
    outer loop
      vertex -19.6476 -6.66291 5.3
      vertex -19.925 -6.76388 1.8
      vertex -19.6476 -6.66291 1.8
    endloop
  endfacet
  facet normal -0.642846 0.765995 0
    outer loop
      vertex -18.8489 -8.04637 1.8
      vertex -19.075 -8.23612 5.3
      vertex -18.8489 -8.04637 5.3
    endloop
  endfacet
  facet normal -0.642846 0.765995 0
    outer loop
      vertex -19.075 -8.23612 5.3
      vertex -18.8489 -8.04637 1.8
      vertex -19.075 -8.23612 1.8
    endloop
  endfacet
  facet normal 0.984786 0.173774 -6.94721e-19
    outer loop
      vertex -20.2987 -7.79072 5.3
      vertex -20.35 -7.5 1.8
      vertex -20.35 -7.5 5.3
    endloop
  endfacet
  facet normal 0.984786 0.173774 -6.94721e-19
    outer loop
      vertex -20.35 -7.5 1.8
      vertex -20.2987 -7.79072 5.3
      vertex -20.2987 -7.79072 1.8
    endloop
  endfacet
  facet normal -0.866025 0.500001 1.02421e-18
    outer loop
      vertex -18.8489 -8.04637 1.8
      vertex -18.7013 -7.79072 5.3
      vertex -18.7013 -7.79072 1.8
    endloop
  endfacet
  facet normal -0.866025 0.500001 1.02421e-18
    outer loop
      vertex -18.7013 -7.79072 5.3
      vertex -18.8489 -8.04637 1.8
      vertex -18.8489 -8.04637 5.3
    endloop
  endfacet
  facet normal 0.342034 0.939688 -0
    outer loop
      vertex -19.6476 -8.33709 1.8
      vertex -19.925 -8.23612 5.3
      vertex -19.6476 -8.33709 5.3
    endloop
  endfacet
  facet normal 0.342034 0.939688 0
    outer loop
      vertex -19.925 -8.23612 5.3
      vertex -19.6476 -8.33709 1.8
      vertex -19.925 -8.23612 1.8
    endloop
  endfacet
  facet normal 0 1 -0
    outer loop
      vertex -19.3524 -8.33709 1.8
      vertex -19.6476 -8.33709 5.3
      vertex -19.3524 -8.33709 5.3
    endloop
  endfacet
  facet normal 0 1 0
    outer loop
      vertex -19.6476 -8.33709 5.3
      vertex -19.3524 -8.33709 1.8
      vertex -19.6476 -8.33709 1.8
    endloop
  endfacet
  facet normal -0.342034 -0.939688 0
    outer loop
      vertex -19.3524 -6.66291 1.8
      vertex -19.075 -6.76388 5.3
      vertex -19.3524 -6.66291 5.3
    endloop
  endfacet
  facet normal -0.342034 -0.939688 -0
    outer loop
      vertex -19.075 -6.76388 5.3
      vertex -19.3524 -6.66291 1.8
      vertex -19.075 -6.76388 1.8
    endloop
  endfacet
  facet normal 0.866025 -0.500001 1.02421e-18
    outer loop
      vertex -20.2987 -7.20928 5.3
      vertex -20.1511 -6.95363 1.8
      vertex -20.1511 -6.95363 5.3
    endloop
  endfacet
  facet normal 0.866025 -0.500001 1.02421e-18
    outer loop
      vertex -20.1511 -6.95363 1.8
      vertex -20.2987 -7.20928 5.3
      vertex -20.2987 -7.20928 1.8
    endloop
  endfacet
  facet normal 0.984786 -0.173774 6.94721e-19
    outer loop
      vertex -20.35 -7.5 5.3
      vertex -20.2987 -7.20928 1.8
      vertex -20.2987 -7.20928 5.3
    endloop
  endfacet
  facet normal 0.984786 -0.173774 6.94721e-19
    outer loop
      vertex -20.2987 -7.20928 1.8
      vertex -20.35 -7.5 5.3
      vertex -20.35 -7.5 1.8
    endloop
  endfacet
  facet normal 0 -1 0
    outer loop
      vertex -19.6476 -6.66291 1.8
      vertex -19.3524 -6.66291 5.3
      vertex -19.6476 -6.66291 5.3
    endloop
  endfacet
  facet normal 0 -1 -0
    outer loop
      vertex -19.3524 -6.66291 5.3
      vertex -19.6476 -6.66291 1.8
      vertex -19.3524 -6.66291 1.8
    endloop
  endfacet
  facet normal 0.642846 0.765995 -0
    outer loop
      vertex -19.925 -8.23612 1.8
      vertex -20.1511 -8.04637 5.3
      vertex -19.925 -8.23612 5.3
    endloop
  endfacet
  facet normal 0.642846 0.765995 0
    outer loop
      vertex -20.1511 -8.04637 5.3
      vertex -19.925 -8.23612 1.8
      vertex -20.1511 -8.04637 1.8
    endloop
  endfacet
  facet normal 0.923821 0.382824 -9.28334e-19
    outer loop
      vertex 21.2387 -7.03413 5.3
      vertex 21.0588 -6.6 1.8
      vertex 21.0588 -6.6 5.3
    endloop
  endfacet
  facet normal 0.923821 0.382824 -9.28334e-19
    outer loop
      vertex 21.0588 -6.6 1.8
      vertex 21.2387 -7.03413 5.3
      vertex 21.2387 -7.03413 1.8
    endloop
  endfacet
  facet normal 0.991454 0.130457 -3.79153e-20
    outer loop
      vertex 21.3 -7.5 5.3
      vertex 21.2387 -7.03413 1.8
      vertex 21.2387 -7.03413 5.3
    endloop
  endfacet
  facet normal 0.991454 0.130457 -3.79153e-20
    outer loop
      vertex 21.2387 -7.03413 1.8
      vertex 21.3 -7.5 5.3
      vertex 21.3 -7.5 1.8
    endloop
  endfacet
  facet normal -0.608762 0.793353 0
    outer loop
      vertex 18.6 -5.94115 1.8
      vertex 18.2272 -6.22721 5.3
      vertex 18.6 -5.94115 5.3
    endloop
  endfacet
  facet normal -0.608762 0.793353 0
    outer loop
      vertex 18.2272 -6.22721 5.3
      vertex 18.6 -5.94115 1.8
      vertex 18.2272 -6.22721 1.8
    endloop
  endfacet
  facet normal -0.382701 0.923872 0
    outer loop
      vertex 19.0341 -5.76133 1.8
      vertex 18.6 -5.94115 5.3
      vertex 19.0341 -5.76133 5.3
    endloop
  endfacet
  facet normal -0.382701 0.923872 0
    outer loop
      vertex 18.6 -5.94115 5.3
      vertex 19.0341 -5.76133 1.8
      vertex 18.6 -5.94115 1.8
    endloop
  endfacet
  facet normal 0.608762 -0.793353 0
    outer loop
      vertex 20.4 -9.05885 1.8
      vertex 20.7728 -8.77279 5.3
      vertex 20.4 -9.05885 5.3
    endloop
  endfacet
  facet normal 0.608762 -0.793353 0
    outer loop
      vertex 20.7728 -8.77279 5.3
      vertex 20.4 -9.05885 1.8
      vertex 20.7728 -8.77279 1.8
    endloop
  endfacet
  facet normal 0.608762 0.793353 -0
    outer loop
      vertex 20.7728 -6.22721 1.8
      vertex 20.4 -5.94115 5.3
      vertex 20.7728 -6.22721 5.3
    endloop
  endfacet
  facet normal 0.608762 0.793353 0
    outer loop
      vertex 20.4 -5.94115 5.3
      vertex 20.7728 -6.22721 1.8
      vertex 20.4 -5.94115 1.8
    endloop
  endfacet
  facet normal -0.130512 -0.991447 0
    outer loop
      vertex 19.0341 -9.23867 1.8
      vertex 19.5 -9.3 5.3
      vertex 19.0341 -9.23867 5.3
    endloop
  endfacet
  facet normal -0.130512 -0.991447 -0
    outer loop
      vertex 19.5 -9.3 5.3
      vertex 19.0341 -9.23867 1.8
      vertex 19.5 -9.3 1.8
    endloop
  endfacet
  facet normal 0.130512 0.991447 -0
    outer loop
      vertex 19.9659 -5.76133 1.8
      vertex 19.5 -5.7 5.3
      vertex 19.9659 -5.76133 5.3
    endloop
  endfacet
  facet normal 0.130512 0.991447 0
    outer loop
      vertex 19.5 -5.7 5.3
      vertex 19.9659 -5.76133 1.8
      vertex 19.5 -5.7 1.8
    endloop
  endfacet
  facet normal 0.382701 0.923872 -0
    outer loop
      vertex 20.4 -5.94115 1.8
      vertex 19.9659 -5.76133 5.3
      vertex 20.4 -5.94115 5.3
    endloop
  endfacet
  facet normal 0.382701 0.923872 0
    outer loop
      vertex 19.9659 -5.76133 5.3
      vertex 20.4 -5.94115 1.8
      vertex 19.9659 -5.76133 1.8
    endloop
  endfacet
  facet normal -0.608762 -0.793353 0
    outer loop
      vertex 18.2272 -8.77279 1.8
      vertex 18.6 -9.05885 5.3
      vertex 18.2272 -8.77279 5.3
    endloop
  endfacet
  facet normal -0.608762 -0.793353 -0
    outer loop
      vertex 18.6 -9.05885 5.3
      vertex 18.2272 -8.77279 1.8
      vertex 18.6 -9.05885 1.8
    endloop
  endfacet
  facet normal 0.793407 0.608692 -3.29747e-18
    outer loop
      vertex 21.0588 -6.6 5.3
      vertex 20.7728 -6.22721 1.8
      vertex 20.7728 -6.22721 5.3
    endloop
  endfacet
  facet normal 0.793407 0.608692 -3.29747e-18
    outer loop
      vertex 20.7728 -6.22721 1.8
      vertex 21.0588 -6.6 5.3
      vertex 21.0588 -6.6 1.8
    endloop
  endfacet
  facet normal 0.130512 -0.991447 0
    outer loop
      vertex 19.5 -9.3 1.8
      vertex 19.9659 -9.23867 5.3
      vertex 19.5 -9.3 5.3
    endloop
  endfacet
  facet normal 0.130512 -0.991447 0
    outer loop
      vertex 19.9659 -9.23867 5.3
      vertex 19.5 -9.3 1.8
      vertex 19.9659 -9.23867 1.8
    endloop
  endfacet
  facet normal 0.793407 -0.608692 -2.57598e-18
    outer loop
      vertex 20.7728 -8.77279 5.3
      vertex 21.0588 -8.4 1.8
      vertex 21.0588 -8.4 5.3
    endloop
  endfacet
  facet normal 0.793407 -0.608692 -2.57598e-18
    outer loop
      vertex 21.0588 -8.4 1.8
      vertex 20.7728 -8.77279 5.3
      vertex 20.7728 -8.77279 1.8
    endloop
  endfacet
  facet normal 0.382701 -0.923872 0
    outer loop
      vertex 19.9659 -9.23867 1.8
      vertex 20.4 -9.05885 5.3
      vertex 19.9659 -9.23867 5.3
    endloop
  endfacet
  facet normal 0.382701 -0.923872 0
    outer loop
      vertex 20.4 -9.05885 5.3
      vertex 19.9659 -9.23867 1.8
      vertex 20.4 -9.05885 1.8
    endloop
  endfacet
  facet normal -0.793407 0.608692 3.29747e-18
    outer loop
      vertex 17.9412 -6.6 1.8
      vertex 18.2272 -6.22721 5.3
      vertex 18.2272 -6.22721 1.8
    endloop
  endfacet
  facet normal -0.793407 0.608692 3.29747e-18
    outer loop
      vertex 18.2272 -6.22721 5.3
      vertex 17.9412 -6.6 1.8
      vertex 17.9412 -6.6 5.3
    endloop
  endfacet
  facet normal -0.793407 -0.608692 2.57598e-18
    outer loop
      vertex 18.2272 -8.77279 1.8
      vertex 17.9412 -8.4 5.3
      vertex 17.9412 -8.4 1.8
    endloop
  endfacet
  facet normal -0.793407 -0.608692 2.57598e-18
    outer loop
      vertex 17.9412 -8.4 5.3
      vertex 18.2272 -8.77279 1.8
      vertex 18.2272 -8.77279 5.3
    endloop
  endfacet
  facet normal 0.991454 -0.130457 3.79153e-20
    outer loop
      vertex 21.2387 -7.96587 5.3
      vertex 21.3 -7.5 1.8
      vertex 21.3 -7.5 5.3
    endloop
  endfacet
  facet normal 0.991454 -0.130457 3.79153e-20
    outer loop
      vertex 21.3 -7.5 1.8
      vertex 21.2387 -7.96587 5.3
      vertex 21.2387 -7.96587 1.8
    endloop
  endfacet
  facet normal -0.130512 0.991447 0
    outer loop
      vertex 19.5 -5.7 1.8
      vertex 19.0341 -5.76133 5.3
      vertex 19.5 -5.7 5.3
    endloop
  endfacet
  facet normal -0.130512 0.991447 0
    outer loop
      vertex 19.0341 -5.76133 5.3
      vertex 19.5 -5.7 1.8
      vertex 19.0341 -5.76133 1.8
    endloop
  endfacet
  facet normal -0.923821 -0.382824 -9.28334e-19
    outer loop
      vertex 17.9412 -8.4 1.8
      vertex 17.7613 -7.96587 5.3
      vertex 17.7613 -7.96587 1.8
    endloop
  endfacet
  facet normal -0.923821 -0.382824 -9.28334e-19
    outer loop
      vertex 17.7613 -7.96587 5.3
      vertex 17.9412 -8.4 1.8
      vertex 17.9412 -8.4 5.3
    endloop
  endfacet
  facet normal -0.991454 -0.130457 -3.79153e-20
    outer loop
      vertex 17.7613 -7.96587 1.8
      vertex 17.7 -7.5 5.3
      vertex 17.7 -7.5 1.8
    endloop
  endfacet
  facet normal -0.991454 -0.130457 -3.79153e-20
    outer loop
      vertex 17.7 -7.5 5.3
      vertex 17.7613 -7.96587 1.8
      vertex 17.7613 -7.96587 5.3
    endloop
  endfacet
  facet normal 0.923821 -0.382824 9.28334e-19
    outer loop
      vertex 21.0588 -8.4 5.3
      vertex 21.2387 -7.96587 1.8
      vertex 21.2387 -7.96587 5.3
    endloop
  endfacet
  facet normal 0.923821 -0.382824 9.28334e-19
    outer loop
      vertex 21.2387 -7.96587 1.8
      vertex 21.0588 -8.4 5.3
      vertex 21.0588 -8.4 1.8
    endloop
  endfacet
  facet normal -0.382701 -0.923872 0
    outer loop
      vertex 18.6 -9.05885 1.8
      vertex 19.0341 -9.23867 5.3
      vertex 18.6 -9.05885 5.3
    endloop
  endfacet
  facet normal -0.382701 -0.923872 -0
    outer loop
      vertex 19.0341 -9.23867 5.3
      vertex 18.6 -9.05885 1.8
      vertex 19.0341 -9.23867 1.8
    endloop
  endfacet
  facet normal 0 0 1
    outer loop
      vertex 20.35 -7.5 5.3
      vertex 21.3 -7.5 5.3
      vertex 21.2387 -7.03413 5.3
    endloop
  endfacet
  facet normal 0 0 1
    outer loop
      vertex 20.2987 -7.20928 5.3
      vertex 21.2387 -7.03413 5.3
      vertex 21.0588 -6.6 5.3
    endloop
  endfacet
  facet normal 0 0 1
    outer loop
      vertex 21.3 -7.5 5.3
      vertex 20.35 -7.5 5.3
      vertex 21.2387 -7.96587 5.3
    endloop
  endfacet
  facet normal 0 0 1
    outer loop
      vertex 20.1511 -6.95363 5.3
      vertex 21.0588 -6.6 5.3
      vertex 20.7728 -6.22721 5.3
    endloop
  endfacet
  facet normal -0 0 1
    outer loop
      vertex 20.2987 -7.79072 5.3
      vertex 21.2387 -7.96587 5.3
      vertex 20.35 -7.5 5.3
    endloop
  endfacet
  facet normal 0 0 1
    outer loop
      vertex 19.925 -6.76388 5.3
      vertex 20.7728 -6.22721 5.3
      vertex 20.4 -5.94115 5.3
    endloop
  endfacet
  facet normal 0 0 1
    outer loop
      vertex 21.2387 -7.96587 5.3
      vertex 20.2987 -7.79072 5.3
      vertex 21.0588 -8.4 5.3
    endloop
  endfacet
  facet normal -0 0 1
    outer loop
      vertex 20.1511 -8.04637 5.3
      vertex 21.0588 -8.4 5.3
      vertex 20.2987 -7.79072 5.3
    endloop
  endfacet
  facet normal 0 0 1
    outer loop
      vertex 21.2387 -7.03413 5.3
      vertex 20.2987 -7.20928 5.3
      vertex 20.35 -7.5 5.3
    endloop
  endfacet
  facet normal 0 0 1
    outer loop
      vertex 21.0588 -6.6 5.3
      vertex 20.1511 -6.95363 5.3
      vertex 20.2987 -7.20928 5.3
    endloop
  endfacet
  facet normal 0 0 1
    outer loop
      vertex 19.925 -6.76388 5.3
      vertex 20.4 -5.94115 5.3
      vertex 19.9659 -5.76133 5.3
    endloop
  endfacet
  facet normal 0 0 1
    outer loop
      vertex 20.7728 -6.22721 5.3
      vertex 19.925 -6.76388 5.3
      vertex 20.1511 -6.95363 5.3
    endloop
  endfacet
  facet normal 0 0 1
    outer loop
      vertex 19.9659 -5.76133 5.3
      vertex 19.6476 -6.66291 5.3
      vertex 19.925 -6.76388 5.3
    endloop
  endfacet
  facet normal 0 0 1
    outer loop
      vertex 19.5 -5.7 5.3
      vertex 19.6476 -6.66291 5.3
      vertex 19.9659 -5.76133 5.3
    endloop
  endfacet
  facet normal 0 0 1
    outer loop
      vertex 19.5 -5.7 5.3
      vertex 19.3524 -6.66291 5.3
      vertex 19.6476 -6.66291 5.3
    endloop
  endfacet
  facet normal -0 0 1
    outer loop
      vertex 19.0341 -5.76133 5.3
      vertex 19.3524 -6.66291 5.3
      vertex 19.5 -5.7 5.3
    endloop
  endfacet
  facet normal 0 0 1
    outer loop
      vertex 19.3524 -6.66291 5.3
      vertex 19.0341 -5.76133 5.3
      vertex 19.075 -6.76388 5.3
    endloop
  endfacet
  facet normal -0 0 1
    outer loop
      vertex 18.6 -5.94115 5.3
      vertex 19.075 -6.76388 5.3
      vertex 19.0341 -5.76133 5.3
    endloop
  endfacet
  facet normal -0 0 1
    outer loop
      vertex 18.2272 -6.22721 5.3
      vertex 19.075 -6.76388 5.3
      vertex 18.6 -5.94115 5.3
    endloop
  endfacet
  facet normal -0 0 1
    outer loop
      vertex 17.9412 -6.6 5.3
      vertex 18.8489 -6.95363 5.3
      vertex 18.2272 -6.22721 5.3
    endloop
  endfacet
  facet normal 0 0 1
    outer loop
      vertex 19.075 -6.76388 5.3
      vertex 18.2272 -6.22721 5.3
      vertex 18.8489 -6.95363 5.3
    endloop
  endfacet
  facet normal 0 0 1
    outer loop
      vertex 21.0588 -8.4 5.3
      vertex 20.1511 -8.04637 5.3
      vertex 20.7728 -8.77279 5.3
    endloop
  endfacet
  facet normal -0 0 1
    outer loop
      vertex 19.925 -8.23612 5.3
      vertex 20.7728 -8.77279 5.3
      vertex 20.1511 -8.04637 5.3
    endloop
  endfacet
  facet normal 0 0 1
    outer loop
      vertex 20.7728 -8.77279 5.3
      vertex 19.925 -8.23612 5.3
      vertex 20.4 -9.05885 5.3
    endloop
  endfacet
  facet normal 0 0 1
    outer loop
      vertex 20.4 -9.05885 5.3
      vertex 19.925 -8.23612 5.3
      vertex 19.9659 -9.23867 5.3
    endloop
  endfacet
  facet normal -0 0 1
    outer loop
      vertex 19.6476 -8.33709 5.3
      vertex 19.9659 -9.23867 5.3
      vertex 19.925 -8.23612 5.3
    endloop
  endfacet
  facet normal 0 0 1
    outer loop
      vertex 19.6476 -8.33709 5.3
      vertex 19.5 -9.3 5.3
      vertex 19.9659 -9.23867 5.3
    endloop
  endfacet
  facet normal -0 0 1
    outer loop
      vertex 19.3524 -8.33709 5.3
      vertex 19.5 -9.3 5.3
      vertex 19.6476 -8.33709 5.3
    endloop
  endfacet
  facet normal 0 0 1
    outer loop
      vertex 19.0341 -9.23867 5.3
      vertex 19.3524 -8.33709 5.3
      vertex 19.075 -8.23612 5.3
    endloop
  endfacet
  facet normal 0 0 1
    outer loop
      vertex 19.3524 -8.33709 5.3
      vertex 19.0341 -9.23867 5.3
      vertex 19.5 -9.3 5.3
    endloop
  endfacet
  facet normal 0 0 1
    outer loop
      vertex 18.2272 -8.77279 5.3
      vertex 19.075 -8.23612 5.3
      vertex 18.8489 -8.04637 5.3
    endloop
  endfacet
  facet normal 0 0 1
    outer loop
      vertex 17.9412 -8.4 5.3
      vertex 18.8489 -8.04637 5.3
      vertex 18.7013 -7.79072 5.3
    endloop
  endfacet
  facet normal 0 0 1
    outer loop
      vertex 19.075 -8.23612 5.3
      vertex 18.6 -9.05885 5.3
      vertex 19.0341 -9.23867 5.3
    endloop
  endfacet
  facet normal 0 0 1
    outer loop
      vertex 17.7613 -7.96587 5.3
      vertex 18.7013 -7.79072 5.3
      vertex 18.65 -7.5 5.3
    endloop
  endfacet
  facet normal 0 0 1
    outer loop
      vertex 18.8489 -6.95363 5.3
      vertex 17.9412 -6.6 5.3
      vertex 18.7013 -7.20928 5.3
    endloop
  endfacet
  facet normal -0 0 1
    outer loop
      vertex 17.7613 -7.03413 5.3
      vertex 18.7013 -7.20928 5.3
      vertex 17.9412 -6.6 5.3
    endloop
  endfacet
  facet normal 0 0 1
    outer loop
      vertex 19.075 -8.23612 5.3
      vertex 18.2272 -8.77279 5.3
      vertex 18.6 -9.05885 5.3
    endloop
  endfacet
  facet normal 0 0 1
    outer loop
      vertex 18.7013 -7.20928 5.3
      vertex 17.7613 -7.03413 5.3
      vertex 18.65 -7.5 5.3
    endloop
  endfacet
  facet normal 0 0 1
    outer loop
      vertex 18.8489 -8.04637 5.3
      vertex 17.9412 -8.4 5.3
      vertex 18.2272 -8.77279 5.3
    endloop
  endfacet
  facet normal 0 0 1
    outer loop
      vertex 17.7 -7.5 5.3
      vertex 18.65 -7.5 5.3
      vertex 17.7613 -7.03413 5.3
    endloop
  endfacet
  facet normal 0 0 1
    outer loop
      vertex 18.7013 -7.79072 5.3
      vertex 17.7613 -7.96587 5.3
      vertex 17.9412 -8.4 5.3
    endloop
  endfacet
  facet normal 0 0 1
    outer loop
      vertex 18.65 -7.5 5.3
      vertex 17.7 -7.5 5.3
      vertex 17.7613 -7.96587 5.3
    endloop
  endfacet
  facet normal 0 0 -1
    outer loop
      vertex 20.35 -7.5 1.8
      vertex 21.3 -7.5 1.8
      vertex 21.2387 -7.96587 1.8
    endloop
  endfacet
  facet normal 0 0 -1
    outer loop
      vertex 20.2987 -7.79072 1.8
      vertex 21.2387 -7.96587 1.8
      vertex 21.0588 -8.4 1.8
    endloop
  endfacet
  facet normal 0 0 -1
    outer loop
      vertex 21.3 -7.5 1.8
      vertex 20.35 -7.5 1.8
      vertex 21.2387 -7.03413 1.8
    endloop
  endfacet
  facet normal 0 0 -1
    outer loop
      vertex 20.1511 -8.04637 1.8
      vertex 21.0588 -8.4 1.8
      vertex 20.7728 -8.77279 1.8
    endloop
  endfacet
  facet normal 0 0 -1
    outer loop
      vertex 20.2987 -7.20928 1.8
      vertex 21.2387 -7.03413 1.8
      vertex 20.35 -7.5 1.8
    endloop
  endfacet
  facet normal 0 0 -1
    outer loop
      vertex 19.925 -8.23612 1.8
      vertex 20.7728 -8.77279 1.8
      vertex 20.4 -9.05885 1.8
    endloop
  endfacet
  facet normal -0 0 -1
    outer loop
      vertex 21.2387 -7.03413 1.8
      vertex 20.2987 -7.20928 1.8
      vertex 21.0588 -6.6 1.8
    endloop
  endfacet
  facet normal 0 0 -1
    outer loop
      vertex 20.1511 -6.95363 1.8
      vertex 21.0588 -6.6 1.8
      vertex 20.2987 -7.20928 1.8
    endloop
  endfacet
  facet normal 0 0 -1
    outer loop
      vertex 21.2387 -7.96587 1.8
      vertex 20.2987 -7.79072 1.8
      vertex 20.35 -7.5 1.8
    endloop
  endfacet
  facet normal 0 0 -1
    outer loop
      vertex 21.0588 -8.4 1.8
      vertex 20.1511 -8.04637 1.8
      vertex 20.2987 -7.79072 1.8
    endloop
  endfacet
  facet normal 0 0 -1
    outer loop
      vertex 19.925 -8.23612 1.8
      vertex 20.4 -9.05885 1.8
      vertex 19.9659 -9.23867 1.8
    endloop
  endfacet
  facet normal 0 0 -1
    outer loop
      vertex 20.7728 -8.77279 1.8
      vertex 19.925 -8.23612 1.8
      vertex 20.1511 -8.04637 1.8
    endloop
  endfacet
  facet normal 0 0 -1
    outer loop
      vertex 19.9659 -9.23867 1.8
      vertex 19.6476 -8.33709 1.8
      vertex 19.925 -8.23612 1.8
    endloop
  endfacet
  facet normal 0 0 -1
    outer loop
      vertex 19.5 -9.3 1.8
      vertex 19.6476 -8.33709 1.8
      vertex 19.9659 -9.23867 1.8
    endloop
  endfacet
  facet normal 0 0 -1
    outer loop
      vertex 19.5 -9.3 1.8
      vertex 19.3524 -8.33709 1.8
      vertex 19.6476 -8.33709 1.8
    endloop
  endfacet
  facet normal 0 0 -1
    outer loop
      vertex 19.0341 -9.23867 1.8
      vertex 19.3524 -8.33709 1.8
      vertex 19.5 -9.3 1.8
    endloop
  endfacet
  facet normal -0 0 -1
    outer loop
      vertex 19.3524 -8.33709 1.8
      vertex 19.0341 -9.23867 1.8
      vertex 19.075 -8.23612 1.8
    endloop
  endfacet
  facet normal 0 0 -1
    outer loop
      vertex 18.6 -9.05885 1.8
      vertex 19.075 -8.23612 1.8
      vertex 19.0341 -9.23867 1.8
    endloop
  endfacet
  facet normal 0 0 -1
    outer loop
      vertex 18.2272 -8.77279 1.8
      vertex 19.075 -8.23612 1.8
      vertex 18.6 -9.05885 1.8
    endloop
  endfacet
  facet normal 0 0 -1
    outer loop
      vertex 17.9412 -8.4 1.8
      vertex 18.8489 -8.04637 1.8
      vertex 18.2272 -8.77279 1.8
    endloop
  endfacet
  facet normal -0 0 -1
    outer loop
      vertex 19.075 -8.23612 1.8
      vertex 18.2272 -8.77279 1.8
      vertex 18.8489 -8.04637 1.8
    endloop
  endfacet
  facet normal -0 0 -1
    outer loop
      vertex 21.0588 -6.6 1.8
      vertex 20.1511 -6.95363 1.8
      vertex 20.7728 -6.22721 1.8
    endloop
  endfacet
  facet normal 0 0 -1
    outer loop
      vertex 19.925 -6.76388 1.8
      vertex 20.7728 -6.22721 1.8
      vertex 20.1511 -6.95363 1.8
    endloop
  endfacet
  facet normal -0 0 -1
    outer loop
      vertex 20.7728 -6.22721 1.8
      vertex 19.925 -6.76388 1.8
      vertex 20.4 -5.94115 1.8
    endloop
  endfacet
  facet normal -0 0 -1
    outer loop
      vertex 20.4 -5.94115 1.8
      vertex 19.925 -6.76388 1.8
      vertex 19.9659 -5.76133 1.8
    endloop
  endfacet
  facet normal 0 0 -1
    outer loop
      vertex 19.6476 -6.66291 1.8
      vertex 19.9659 -5.76133 1.8
      vertex 19.925 -6.76388 1.8
    endloop
  endfacet
  facet normal 0 0 -1
    outer loop
      vertex 19.6476 -6.66291 1.8
      vertex 19.5 -5.7 1.8
      vertex 19.9659 -5.76133 1.8
    endloop
  endfacet
  facet normal 0 0 -1
    outer loop
      vertex 19.3524 -6.66291 1.8
      vertex 19.5 -5.7 1.8
      vertex 19.6476 -6.66291 1.8
    endloop
  endfacet
  facet normal 0 0 -1
    outer loop
      vertex 19.0341 -5.76133 1.8
      vertex 19.3524 -6.66291 1.8
      vertex 19.075 -6.76388 1.8
    endloop
  endfacet
  facet normal 0 0 -1
    outer loop
      vertex 19.3524 -6.66291 1.8
      vertex 19.0341 -5.76133 1.8
      vertex 19.5 -5.7 1.8
    endloop
  endfacet
  facet normal 0 0 -1
    outer loop
      vertex 18.2272 -6.22721 1.8
      vertex 19.075 -6.76388 1.8
      vertex 18.8489 -6.95363 1.8
    endloop
  endfacet
  facet normal 0 0 -1
    outer loop
      vertex 17.9412 -6.6 1.8
      vertex 18.8489 -6.95363 1.8
      vertex 18.7013 -7.20928 1.8
    endloop
  endfacet
  facet normal 0 0 -1
    outer loop
      vertex 19.075 -6.76388 1.8
      vertex 18.6 -5.94115 1.8
      vertex 19.0341 -5.76133 1.8
    endloop
  endfacet
  facet normal 0 0 -1
    outer loop
      vertex 17.7613 -7.03413 1.8
      vertex 18.7013 -7.20928 1.8
      vertex 18.65 -7.5 1.8
    endloop
  endfacet
  facet normal -0 0 -1
    outer loop
      vertex 18.8489 -8.04637 1.8
      vertex 17.9412 -8.4 1.8
      vertex 18.7013 -7.79072 1.8
    endloop
  endfacet
  facet normal 0 0 -1
    outer loop
      vertex 17.7613 -7.96587 1.8
      vertex 18.7013 -7.79072 1.8
      vertex 17.9412 -8.4 1.8
    endloop
  endfacet
  facet normal 0 0 -1
    outer loop
      vertex 19.075 -6.76388 1.8
      vertex 18.2272 -6.22721 1.8
      vertex 18.6 -5.94115 1.8
    endloop
  endfacet
  facet normal -0 0 -1
    outer loop
      vertex 18.7013 -7.79072 1.8
      vertex 17.7613 -7.96587 1.8
      vertex 18.65 -7.5 1.8
    endloop
  endfacet
  facet normal 0 0 -1
    outer loop
      vertex 18.8489 -6.95363 1.8
      vertex 17.9412 -6.6 1.8
      vertex 18.2272 -6.22721 1.8
    endloop
  endfacet
  facet normal 0 0 -1
    outer loop
      vertex 17.7 -7.5 1.8
      vertex 18.65 -7.5 1.8
      vertex 17.7613 -7.96587 1.8
    endloop
  endfacet
  facet normal 0 0 -1
    outer loop
      vertex 18.7013 -7.20928 1.8
      vertex 17.7613 -7.03413 1.8
      vertex 17.9412 -6.6 1.8
    endloop
  endfacet
  facet normal 0 0 -1
    outer loop
      vertex 18.65 -7.5 1.8
      vertex 17.7 -7.5 1.8
      vertex 17.7613 -7.03413 1.8
    endloop
  endfacet
  facet normal -0.923821 0.382824 9.28334e-19
    outer loop
      vertex 17.7613 -7.03413 1.8
      vertex 17.9412 -6.6 5.3
      vertex 17.9412 -6.6 1.8
    endloop
  endfacet
  facet normal -0.923821 0.382824 9.28334e-19
    outer loop
      vertex 17.9412 -6.6 5.3
      vertex 17.7613 -7.03413 1.8
      vertex 17.7613 -7.03413 5.3
    endloop
  endfacet
  facet normal -0.991454 0.130457 3.79153e-20
    outer loop
      vertex 17.7 -7.5 1.8
      vertex 17.7613 -7.03413 5.3
      vertex 17.7613 -7.03413 1.8
    endloop
  endfacet
  facet normal -0.991454 0.130457 3.79153e-20
    outer loop
      vertex 17.7613 -7.03413 5.3
      vertex 17.7 -7.5 1.8
      vertex 17.7 -7.5 5.3
    endloop
  endfacet
  facet normal -0.866025 -0.500001 -1.02421e-18
    outer loop
      vertex 20.2987 -7.20928 1.8
      vertex 20.1511 -6.95363 5.3
      vertex 20.1511 -6.95363 1.8
    endloop
  endfacet
  facet normal -0.866025 -0.500001 -1.02421e-18
    outer loop
      vertex 20.1511 -6.95363 5.3
      vertex 20.2987 -7.20928 1.8
      vertex 20.2987 -7.20928 5.3
    endloop
  endfacet
  facet normal -0.984786 -0.173774 -6.94721e-19
    outer loop
      vertex 20.35 -7.5 1.8
      vertex 20.2987 -7.20928 5.3
      vertex 20.2987 -7.20928 1.8
    endloop
  endfacet
  facet normal -0.984786 -0.173774 -6.94721e-19
    outer loop
      vertex 20.2987 -7.20928 5.3
      vertex 20.35 -7.5 1.8
      vertex 20.35 -7.5 5.3
    endloop
  endfacet
  facet normal -0.642846 -0.765995 0
    outer loop
      vertex 19.925 -6.76388 1.8
      vertex 20.1511 -6.95363 5.3
      vertex 19.925 -6.76388 5.3
    endloop
  endfacet
  facet normal -0.642846 -0.765995 -0
    outer loop
      vertex 20.1511 -6.95363 5.3
      vertex 19.925 -6.76388 1.8
      vertex 20.1511 -6.95363 1.8
    endloop
  endfacet
  facet normal -0.984786 0.173774 6.94721e-19
    outer loop
      vertex 20.2987 -7.79072 1.8
      vertex 20.35 -7.5 5.3
      vertex 20.35 -7.5 1.8
    endloop
  endfacet
  facet normal -0.984786 0.173774 6.94721e-19
    outer loop
      vertex 20.35 -7.5 5.3
      vertex 20.2987 -7.79072 1.8
      vertex 20.2987 -7.79072 5.3
    endloop
  endfacet
  facet normal -0.342034 0.939688 0
    outer loop
      vertex 19.925 -8.23612 1.8
      vertex 19.6476 -8.33709 5.3
      vertex 19.925 -8.23612 5.3
    endloop
  endfacet
  facet normal -0.342034 0.939688 0
    outer loop
      vertex 19.6476 -8.33709 5.3
      vertex 19.925 -8.23612 1.8
      vertex 19.6476 -8.33709 1.8
    endloop
  endfacet
  facet normal 0.642846 -0.765995 0
    outer loop
      vertex 18.8489 -6.95363 1.8
      vertex 19.075 -6.76388 5.3
      vertex 18.8489 -6.95363 5.3
    endloop
  endfacet
  facet normal 0.642846 -0.765995 0
    outer loop
      vertex 19.075 -6.76388 5.3
      vertex 18.8489 -6.95363 1.8
      vertex 19.075 -6.76388 1.8
    endloop
  endfacet
  facet normal 0.866025 0.500001 -1.02421e-18
    outer loop
      vertex 18.8489 -8.04637 5.3
      vertex 18.7013 -7.79072 1.8
      vertex 18.7013 -7.79072 5.3
    endloop
  endfacet
  facet normal 0.866025 0.500001 -1.02421e-18
    outer loop
      vertex 18.7013 -7.79072 1.8
      vertex 18.8489 -8.04637 5.3
      vertex 18.8489 -8.04637 1.8
    endloop
  endfacet
  facet normal 0.342034 -0.939688 0
    outer loop
      vertex 19.075 -6.76388 1.8
      vertex 19.3524 -6.66291 5.3
      vertex 19.075 -6.76388 5.3
    endloop
  endfacet
  facet normal 0.342034 -0.939688 0
    outer loop
      vertex 19.3524 -6.66291 5.3
      vertex 19.075 -6.76388 1.8
      vertex 19.3524 -6.66291 1.8
    endloop
  endfacet
  facet normal -0.642846 0.765995 0
    outer loop
      vertex 20.1511 -8.04637 1.8
      vertex 19.925 -8.23612 5.3
      vertex 20.1511 -8.04637 5.3
    endloop
  endfacet
  facet normal -0.642846 0.765995 0
    outer loop
      vertex 19.925 -8.23612 5.3
      vertex 20.1511 -8.04637 1.8
      vertex 19.925 -8.23612 1.8
    endloop
  endfacet
  facet normal 0.984786 0.173774 -6.94721e-19
    outer loop
      vertex 18.7013 -7.79072 5.3
      vertex 18.65 -7.5 1.8
      vertex 18.65 -7.5 5.3
    endloop
  endfacet
  facet normal 0.984786 0.173774 -6.94721e-19
    outer loop
      vertex 18.65 -7.5 1.8
      vertex 18.7013 -7.79072 5.3
      vertex 18.7013 -7.79072 1.8
    endloop
  endfacet
  facet normal -0.866025 0.500001 1.02421e-18
    outer loop
      vertex 20.1511 -8.04637 1.8
      vertex 20.2987 -7.79072 5.3
      vertex 20.2987 -7.79072 1.8
    endloop
  endfacet
  facet normal -0.866025 0.500001 1.02421e-18
    outer loop
      vertex 20.2987 -7.79072 5.3
      vertex 20.1511 -8.04637 1.8
      vertex 20.1511 -8.04637 5.3
    endloop
  endfacet
  facet normal 0.342034 0.939688 -0
    outer loop
      vertex 19.3524 -8.33709 1.8
      vertex 19.075 -8.23612 5.3
      vertex 19.3524 -8.33709 5.3
    endloop
  endfacet
  facet normal 0.342034 0.939688 0
    outer loop
      vertex 19.075 -8.23612 5.3
      vertex 19.3524 -8.33709 1.8
      vertex 19.075 -8.23612 1.8
    endloop
  endfacet
  facet normal 0 1 -0
    outer loop
      vertex 19.6476 -8.33709 1.8
      vertex 19.3524 -8.33709 5.3
      vertex 19.6476 -8.33709 5.3
    endloop
  endfacet
  facet normal 0 1 0
    outer loop
      vertex 19.3524 -8.33709 5.3
      vertex 19.6476 -8.33709 1.8
      vertex 19.3524 -8.33709 1.8
    endloop
  endfacet
  facet normal -0.342034 -0.939688 0
    outer loop
      vertex 19.6476 -6.66291 1.8
      vertex 19.925 -6.76388 5.3
      vertex 19.6476 -6.66291 5.3
    endloop
  endfacet
  facet normal -0.342034 -0.939688 -0
    outer loop
      vertex 19.925 -6.76388 5.3
      vertex 19.6476 -6.66291 1.8
      vertex 19.925 -6.76388 1.8
    endloop
  endfacet
  facet normal 0.866025 -0.500001 1.02421e-18
    outer loop
      vertex 18.7013 -7.20928 5.3
      vertex 18.8489 -6.95363 1.8
      vertex 18.8489 -6.95363 5.3
    endloop
  endfacet
  facet normal 0.866025 -0.500001 1.02421e-18
    outer loop
      vertex 18.8489 -6.95363 1.8
      vertex 18.7013 -7.20928 5.3
      vertex 18.7013 -7.20928 1.8
    endloop
  endfacet
  facet normal 0.984786 -0.173774 6.94721e-19
    outer loop
      vertex 18.65 -7.5 5.3
      vertex 18.7013 -7.20928 1.8
      vertex 18.7013 -7.20928 5.3
    endloop
  endfacet
  facet normal 0.984786 -0.173774 6.94721e-19
    outer loop
      vertex 18.7013 -7.20928 1.8
      vertex 18.65 -7.5 5.3
      vertex 18.65 -7.5 1.8
    endloop
  endfacet
  facet normal 0 -1 0
    outer loop
      vertex 19.3524 -6.66291 1.8
      vertex 19.6476 -6.66291 5.3
      vertex 19.3524 -6.66291 5.3
    endloop
  endfacet
  facet normal 0 -1 -0
    outer loop
      vertex 19.6476 -6.66291 5.3
      vertex 19.3524 -6.66291 1.8
      vertex 19.6476 -6.66291 1.8
    endloop
  endfacet
  facet normal 0.642846 0.765995 -0
    outer loop
      vertex 19.075 -8.23612 1.8
      vertex 18.8489 -8.04637 5.3
      vertex 19.075 -8.23612 5.3
    endloop
  endfacet
  facet normal 0.642846 0.765995 0
    outer loop
      vertex 18.8489 -8.04637 5.3
      vertex 19.075 -8.23612 1.8
      vertex 18.8489 -8.04637 1.8
    endloop
  endfacet
  facet normal 0.923821 0.382824 -9.28334e-19
    outer loop
      vertex -17.7613 7.96587 5.3
      vertex -17.9412 8.4 1.8
      vertex -17.9412 8.4 5.3
    endloop
  endfacet
  facet normal 0.923821 0.382824 -9.28334e-19
    outer loop
      vertex -17.9412 8.4 1.8
      vertex -17.7613 7.96587 5.3
      vertex -17.7613 7.96587 1.8
    endloop
  endfacet
  facet normal 0.991454 0.130457 -3.79153e-20
    outer loop
      vertex -17.7 7.5 5.3
      vertex -17.7613 7.96587 1.8
      vertex -17.7613 7.96587 5.3
    endloop
  endfacet
  facet normal 0.991454 0.130457 -3.79153e-20
    outer loop
      vertex -17.7613 7.96587 1.8
      vertex -17.7 7.5 5.3
      vertex -17.7 7.5 1.8
    endloop
  endfacet
  facet normal -0.608762 0.793353 0
    outer loop
      vertex -20.4 9.05885 1.8
      vertex -20.7728 8.77279 5.3
      vertex -20.4 9.05885 5.3
    endloop
  endfacet
  facet normal -0.608762 0.793353 0
    outer loop
      vertex -20.7728 8.77279 5.3
      vertex -20.4 9.05885 1.8
      vertex -20.7728 8.77279 1.8
    endloop
  endfacet
  facet normal -0.382701 0.923872 0
    outer loop
      vertex -19.9659 9.23867 1.8
      vertex -20.4 9.05885 5.3
      vertex -19.9659 9.23867 5.3
    endloop
  endfacet
  facet normal -0.382701 0.923872 0
    outer loop
      vertex -20.4 9.05885 5.3
      vertex -19.9659 9.23867 1.8
      vertex -20.4 9.05885 1.8
    endloop
  endfacet
  facet normal 0.608762 -0.793353 0
    outer loop
      vertex -18.6 5.94115 1.8
      vertex -18.2272 6.22721 5.3
      vertex -18.6 5.94115 5.3
    endloop
  endfacet
  facet normal 0.608762 -0.793353 0
    outer loop
      vertex -18.2272 6.22721 5.3
      vertex -18.6 5.94115 1.8
      vertex -18.2272 6.22721 1.8
    endloop
  endfacet
  facet normal 0.608762 0.793353 -0
    outer loop
      vertex -18.2272 8.77279 1.8
      vertex -18.6 9.05885 5.3
      vertex -18.2272 8.77279 5.3
    endloop
  endfacet
  facet normal 0.608762 0.793353 0
    outer loop
      vertex -18.6 9.05885 5.3
      vertex -18.2272 8.77279 1.8
      vertex -18.6 9.05885 1.8
    endloop
  endfacet
  facet normal -0.130512 -0.991447 0
    outer loop
      vertex -19.9659 5.76133 1.8
      vertex -19.5 5.7 5.3
      vertex -19.9659 5.76133 5.3
    endloop
  endfacet
  facet normal -0.130512 -0.991447 -0
    outer loop
      vertex -19.5 5.7 5.3
      vertex -19.9659 5.76133 1.8
      vertex -19.5 5.7 1.8
    endloop
  endfacet
  facet normal 0.130512 0.991447 -0
    outer loop
      vertex -19.0341 9.23867 1.8
      vertex -19.5 9.3 5.3
      vertex -19.0341 9.23867 5.3
    endloop
  endfacet
  facet normal 0.130512 0.991447 0
    outer loop
      vertex -19.5 9.3 5.3
      vertex -19.0341 9.23867 1.8
      vertex -19.5 9.3 1.8
    endloop
  endfacet
  facet normal 0.382701 0.923872 -0
    outer loop
      vertex -18.6 9.05885 1.8
      vertex -19.0341 9.23867 5.3
      vertex -18.6 9.05885 5.3
    endloop
  endfacet
  facet normal 0.382701 0.923872 0
    outer loop
      vertex -19.0341 9.23867 5.3
      vertex -18.6 9.05885 1.8
      vertex -19.0341 9.23867 1.8
    endloop
  endfacet
  facet normal -0.608762 -0.793353 0
    outer loop
      vertex -20.7728 6.22721 1.8
      vertex -20.4 5.94115 5.3
      vertex -20.7728 6.22721 5.3
    endloop
  endfacet
  facet normal -0.608762 -0.793353 -0
    outer loop
      vertex -20.4 5.94115 5.3
      vertex -20.7728 6.22721 1.8
      vertex -20.4 5.94115 1.8
    endloop
  endfacet
  facet normal 0.793407 0.608692 2.57598e-18
    outer loop
      vertex -17.9412 8.4 5.3
      vertex -18.2272 8.77279 1.8
      vertex -18.2272 8.77279 5.3
    endloop
  endfacet
  facet normal 0.793407 0.608692 2.57598e-18
    outer loop
      vertex -18.2272 8.77279 1.8
      vertex -17.9412 8.4 5.3
      vertex -17.9412 8.4 1.8
    endloop
  endfacet
  facet normal 0.130512 -0.991447 0
    outer loop
      vertex -19.5 5.7 1.8
      vertex -19.0341 5.76133 5.3
      vertex -19.5 5.7 5.3
    endloop
  endfacet
  facet normal 0.130512 -0.991447 0
    outer loop
      vertex -19.0341 5.76133 5.3
      vertex -19.5 5.7 1.8
      vertex -19.0341 5.76133 1.8
    endloop
  endfacet
  facet normal 0.793407 -0.608692 3.29747e-18
    outer loop
      vertex -18.2272 6.22721 5.3
      vertex -17.9412 6.6 1.8
      vertex -17.9412 6.6 5.3
    endloop
  endfacet
  facet normal 0.793407 -0.608692 3.29747e-18
    outer loop
      vertex -17.9412 6.6 1.8
      vertex -18.2272 6.22721 5.3
      vertex -18.2272 6.22721 1.8
    endloop
  endfacet
  facet normal 0.382701 -0.923872 0
    outer loop
      vertex -19.0341 5.76133 1.8
      vertex -18.6 5.94115 5.3
      vertex -19.0341 5.76133 5.3
    endloop
  endfacet
  facet normal 0.382701 -0.923872 0
    outer loop
      vertex -18.6 5.94115 5.3
      vertex -19.0341 5.76133 1.8
      vertex -18.6 5.94115 1.8
    endloop
  endfacet
  facet normal -0.793407 0.608692 -2.57598e-18
    outer loop
      vertex -21.0588 8.4 1.8
      vertex -20.7728 8.77279 5.3
      vertex -20.7728 8.77279 1.8
    endloop
  endfacet
  facet normal -0.793407 0.608692 -2.57598e-18
    outer loop
      vertex -20.7728 8.77279 5.3
      vertex -21.0588 8.4 1.8
      vertex -21.0588 8.4 5.3
    endloop
  endfacet
  facet normal -0.793407 -0.608692 -3.29747e-18
    outer loop
      vertex -20.7728 6.22721 1.8
      vertex -21.0588 6.6 5.3
      vertex -21.0588 6.6 1.8
    endloop
  endfacet
  facet normal -0.793407 -0.608692 -3.29747e-18
    outer loop
      vertex -21.0588 6.6 5.3
      vertex -20.7728 6.22721 1.8
      vertex -20.7728 6.22721 5.3
    endloop
  endfacet
  facet normal 0.991454 -0.130457 3.79153e-20
    outer loop
      vertex -17.7613 7.03413 5.3
      vertex -17.7 7.5 1.8
      vertex -17.7 7.5 5.3
    endloop
  endfacet
  facet normal 0.991454 -0.130457 3.79153e-20
    outer loop
      vertex -17.7 7.5 1.8
      vertex -17.7613 7.03413 5.3
      vertex -17.7613 7.03413 1.8
    endloop
  endfacet
  facet normal -0.130512 0.991447 0
    outer loop
      vertex -19.5 9.3 1.8
      vertex -19.9659 9.23867 5.3
      vertex -19.5 9.3 5.3
    endloop
  endfacet
  facet normal -0.130512 0.991447 0
    outer loop
      vertex -19.9659 9.23867 5.3
      vertex -19.5 9.3 1.8
      vertex -19.9659 9.23867 1.8
    endloop
  endfacet
  facet normal -0.923821 -0.382824 -9.28334e-19
    outer loop
      vertex -21.0588 6.6 1.8
      vertex -21.2387 7.03413 5.3
      vertex -21.2387 7.03413 1.8
    endloop
  endfacet
  facet normal -0.923821 -0.382824 -9.28334e-19
    outer loop
      vertex -21.2387 7.03413 5.3
      vertex -21.0588 6.6 1.8
      vertex -21.0588 6.6 5.3
    endloop
  endfacet
  facet normal -0.991454 -0.130457 -3.79153e-20
    outer loop
      vertex -21.2387 7.03413 1.8
      vertex -21.3 7.5 5.3
      vertex -21.3 7.5 1.8
    endloop
  endfacet
  facet normal -0.991454 -0.130457 -3.79153e-20
    outer loop
      vertex -21.3 7.5 5.3
      vertex -21.2387 7.03413 1.8
      vertex -21.2387 7.03413 5.3
    endloop
  endfacet
  facet normal 0.923821 -0.382824 9.28334e-19
    outer loop
      vertex -17.9412 6.6 5.3
      vertex -17.7613 7.03413 1.8
      vertex -17.7613 7.03413 5.3
    endloop
  endfacet
  facet normal 0.923821 -0.382824 9.28334e-19
    outer loop
      vertex -17.7613 7.03413 1.8
      vertex -17.9412 6.6 5.3
      vertex -17.9412 6.6 1.8
    endloop
  endfacet
  facet normal -0.382701 -0.923872 0
    outer loop
      vertex -20.4 5.94115 1.8
      vertex -19.9659 5.76133 5.3
      vertex -20.4 5.94115 5.3
    endloop
  endfacet
  facet normal -0.382701 -0.923872 -0
    outer loop
      vertex -19.9659 5.76133 5.3
      vertex -20.4 5.94115 1.8
      vertex -19.9659 5.76133 1.8
    endloop
  endfacet
  facet normal 0 0 1
    outer loop
      vertex -18.65 7.5 5.3
      vertex -17.7 7.5 5.3
      vertex -17.7613 7.96587 5.3
    endloop
  endfacet
  facet normal 0 0 1
    outer loop
      vertex -18.7013 7.79072 5.3
      vertex -17.7613 7.96587 5.3
      vertex -17.9412 8.4 5.3
    endloop
  endfacet
  facet normal 0 0 1
    outer loop
      vertex -17.7 7.5 5.3
      vertex -18.65 7.5 5.3
      vertex -17.7613 7.03413 5.3
    endloop
  endfacet
  facet normal 0 0 1
    outer loop
      vertex -18.8489 8.04637 5.3
      vertex -17.9412 8.4 5.3
      vertex -18.2272 8.77279 5.3
    endloop
  endfacet
  facet normal -0 0 1
    outer loop
      vertex -18.7013 7.20928 5.3
      vertex -17.7613 7.03413 5.3
      vertex -18.65 7.5 5.3
    endloop
  endfacet
  facet normal 0 0 1
    outer loop
      vertex -19.075 8.23612 5.3
      vertex -18.2272 8.77279 5.3
      vertex -18.6 9.05885 5.3
    endloop
  endfacet
  facet normal 0 0 1
    outer loop
      vertex -17.7613 7.03413 5.3
      vertex -18.7013 7.20928 5.3
      vertex -17.9412 6.6 5.3
    endloop
  endfacet
  facet normal -0 0 1
    outer loop
      vertex -18.8489 6.95363 5.3
      vertex -17.9412 6.6 5.3
      vertex -18.7013 7.20928 5.3
    endloop
  endfacet
  facet normal 0 0 1
    outer loop
      vertex -17.7613 7.96587 5.3
      vertex -18.7013 7.79072 5.3
      vertex -18.65 7.5 5.3
    endloop
  endfacet
  facet normal 0 0 1
    outer loop
      vertex -17.9412 8.4 5.3
      vertex -18.8489 8.04637 5.3
      vertex -18.7013 7.79072 5.3
    endloop
  endfacet
  facet normal 0 0 1
    outer loop
      vertex -19.075 8.23612 5.3
      vertex -18.6 9.05885 5.3
      vertex -19.0341 9.23867 5.3
    endloop
  endfacet
  facet normal 0 0 1
    outer loop
      vertex -18.2272 8.77279 5.3
      vertex -19.075 8.23612 5.3
      vertex -18.8489 8.04637 5.3
    endloop
  endfacet
  facet normal 0 0 1
    outer loop
      vertex -19.0341 9.23867 5.3
      vertex -19.3524 8.33709 5.3
      vertex -19.075 8.23612 5.3
    endloop
  endfacet
  facet normal 0 0 1
    outer loop
      vertex -19.5 9.3 5.3
      vertex -19.3524 8.33709 5.3
      vertex -19.0341 9.23867 5.3
    endloop
  endfacet
  facet normal 0 0 1
    outer loop
      vertex -19.5 9.3 5.3
      vertex -19.6476 8.33709 5.3
      vertex -19.3524 8.33709 5.3
    endloop
  endfacet
  facet normal -0 0 1
    outer loop
      vertex -19.9659 9.23867 5.3
      vertex -19.6476 8.33709 5.3
      vertex -19.5 9.3 5.3
    endloop
  endfacet
  facet normal 0 0 1
    outer loop
      vertex -19.6476 8.33709 5.3
      vertex -19.9659 9.23867 5.3
      vertex -19.925 8.23612 5.3
    endloop
  endfacet
  facet normal -0 0 1
    outer loop
      vertex -20.4 9.05885 5.3
      vertex -19.925 8.23612 5.3
      vertex -19.9659 9.23867 5.3
    endloop
  endfacet
  facet normal -0 0 1
    outer loop
      vertex -20.7728 8.77279 5.3
      vertex -19.925 8.23612 5.3
      vertex -20.4 9.05885 5.3
    endloop
  endfacet
  facet normal -0 0 1
    outer loop
      vertex -21.0588 8.4 5.3
      vertex -20.1511 8.04637 5.3
      vertex -20.7728 8.77279 5.3
    endloop
  endfacet
  facet normal 0 0 1
    outer loop
      vertex -19.925 8.23612 5.3
      vertex -20.7728 8.77279 5.3
      vertex -20.1511 8.04637 5.3
    endloop
  endfacet
  facet normal 0 0 1
    outer loop
      vertex -17.9412 6.6 5.3
      vertex -18.8489 6.95363 5.3
      vertex -18.2272 6.22721 5.3
    endloop
  endfacet
  facet normal -0 0 1
    outer loop
      vertex -19.075 6.76388 5.3
      vertex -18.2272 6.22721 5.3
      vertex -18.8489 6.95363 5.3
    endloop
  endfacet
  facet normal 0 0 1
    outer loop
      vertex -18.2272 6.22721 5.3
      vertex -19.075 6.76388 5.3
      vertex -18.6 5.94115 5.3
    endloop
  endfacet
  facet normal 0 0 1
    outer loop
      vertex -18.6 5.94115 5.3
      vertex -19.075 6.76388 5.3
      vertex -19.0341 5.76133 5.3
    endloop
  endfacet
  facet normal -0 0 1
    outer loop
      vertex -19.3524 6.66291 5.3
      vertex -19.0341 5.76133 5.3
      vertex -19.075 6.76388 5.3
    endloop
  endfacet
  facet normal 0 0 1
    outer loop
      vertex -19.3524 6.66291 5.3
      vertex -19.5 5.7 5.3
      vertex -19.0341 5.76133 5.3
    endloop
  endfacet
  facet normal -0 0 1
    outer loop
      vertex -19.6476 6.66291 5.3
      vertex -19.5 5.7 5.3
      vertex -19.3524 6.66291 5.3
    endloop
  endfacet
  facet normal 0 0 1
    outer loop
      vertex -19.9659 5.76133 5.3
      vertex -19.6476 6.66291 5.3
      vertex -19.925 6.76388 5.3
    endloop
  endfacet
  facet normal 0 0 1
    outer loop
      vertex -19.6476 6.66291 5.3
      vertex -19.9659 5.76133 5.3
      vertex -19.5 5.7 5.3
    endloop
  endfacet
  facet normal 0 0 1
    outer loop
      vertex -20.7728 6.22721 5.3
      vertex -19.925 6.76388 5.3
      vertex -20.1511 6.95363 5.3
    endloop
  endfacet
  facet normal 0 0 1
    outer loop
      vertex -21.0588 6.6 5.3
      vertex -20.1511 6.95363 5.3
      vertex -20.2987 7.20928 5.3
    endloop
  endfacet
  facet normal 0 0 1
    outer loop
      vertex -19.925 6.76388 5.3
      vertex -20.4 5.94115 5.3
      vertex -19.9659 5.76133 5.3
    endloop
  endfacet
  facet normal 0 0 1
    outer loop
      vertex -21.2387 7.03413 5.3
      vertex -20.2987 7.20928 5.3
      vertex -20.35 7.5 5.3
    endloop
  endfacet
  facet normal 0 0 1
    outer loop
      vertex -20.1511 8.04637 5.3
      vertex -21.0588 8.4 5.3
      vertex -20.2987 7.79072 5.3
    endloop
  endfacet
  facet normal -0 0 1
    outer loop
      vertex -21.2387 7.96587 5.3
      vertex -20.2987 7.79072 5.3
      vertex -21.0588 8.4 5.3
    endloop
  endfacet
  facet normal 0 0 1
    outer loop
      vertex -19.925 6.76388 5.3
      vertex -20.7728 6.22721 5.3
      vertex -20.4 5.94115 5.3
    endloop
  endfacet
  facet normal 0 0 1
    outer loop
      vertex -20.2987 7.79072 5.3
      vertex -21.2387 7.96587 5.3
      vertex -20.35 7.5 5.3
    endloop
  endfacet
  facet normal 0 0 1
    outer loop
      vertex -20.1511 6.95363 5.3
      vertex -21.0588 6.6 5.3
      vertex -20.7728 6.22721 5.3
    endloop
  endfacet
  facet normal 0 0 1
    outer loop
      vertex -21.3 7.5 5.3
      vertex -20.35 7.5 5.3
      vertex -21.2387 7.96587 5.3
    endloop
  endfacet
  facet normal 0 0 1
    outer loop
      vertex -20.2987 7.20928 5.3
      vertex -21.2387 7.03413 5.3
      vertex -21.0588 6.6 5.3
    endloop
  endfacet
  facet normal 0 0 1
    outer loop
      vertex -20.35 7.5 5.3
      vertex -21.3 7.5 5.3
      vertex -21.2387 7.03413 5.3
    endloop
  endfacet
  facet normal 0 0 -1
    outer loop
      vertex -18.65 7.5 1.8
      vertex -17.7 7.5 1.8
      vertex -17.7613 7.03413 1.8
    endloop
  endfacet
  facet normal 0 0 -1
    outer loop
      vertex -18.7013 7.20928 1.8
      vertex -17.7613 7.03413 1.8
      vertex -17.9412 6.6 1.8
    endloop
  endfacet
  facet normal 0 0 -1
    outer loop
      vertex -17.7 7.5 1.8
      vertex -18.65 7.5 1.8
      vertex -17.7613 7.96587 1.8
    endloop
  endfacet
  facet normal 0 0 -1
    outer loop
      vertex -18.8489 6.95363 1.8
      vertex -17.9412 6.6 1.8
      vertex -18.2272 6.22721 1.8
    endloop
  endfacet
  facet normal 0 0 -1
    outer loop
      vertex -18.7013 7.79072 1.8
      vertex -17.7613 7.96587 1.8
      vertex -18.65 7.5 1.8
    endloop
  endfacet
  facet normal 0 0 -1
    outer loop
      vertex -19.075 6.76388 1.8
      vertex -18.2272 6.22721 1.8
      vertex -18.6 5.94115 1.8
    endloop
  endfacet
  facet normal -0 0 -1
    outer loop
      vertex -17.7613 7.96587 1.8
      vertex -18.7013 7.79072 1.8
      vertex -17.9412 8.4 1.8
    endloop
  endfacet
  facet normal 0 0 -1
    outer loop
      vertex -18.8489 8.04637 1.8
      vertex -17.9412 8.4 1.8
      vertex -18.7013 7.79072 1.8
    endloop
  endfacet
  facet normal 0 0 -1
    outer loop
      vertex -17.7613 7.03413 1.8
      vertex -18.7013 7.20928 1.8
      vertex -18.65 7.5 1.8
    endloop
  endfacet
  facet normal 0 0 -1
    outer loop
      vertex -17.9412 6.6 1.8
      vertex -18.8489 6.95363 1.8
      vertex -18.7013 7.20928 1.8
    endloop
  endfacet
  facet normal 0 0 -1
    outer loop
      vertex -19.075 6.76388 1.8
      vertex -18.6 5.94115 1.8
      vertex -19.0341 5.76133 1.8
    endloop
  endfacet
  facet normal 0 0 -1
    outer loop
      vertex -18.2272 6.22721 1.8
      vertex -19.075 6.76388 1.8
      vertex -18.8489 6.95363 1.8
    endloop
  endfacet
  facet normal 0 0 -1
    outer loop
      vertex -19.0341 5.76133 1.8
      vertex -19.3524 6.66291 1.8
      vertex -19.075 6.76388 1.8
    endloop
  endfacet
  facet normal 0 0 -1
    outer loop
      vertex -19.5 5.7 1.8
      vertex -19.3524 6.66291 1.8
      vertex -19.0341 5.76133 1.8
    endloop
  endfacet
  facet normal 0 0 -1
    outer loop
      vertex -19.5 5.7 1.8
      vertex -19.6476 6.66291 1.8
      vertex -19.3524 6.66291 1.8
    endloop
  endfacet
  facet normal 0 0 -1
    outer loop
      vertex -19.9659 5.76133 1.8
      vertex -19.6476 6.66291 1.8
      vertex -19.5 5.7 1.8
    endloop
  endfacet
  facet normal -0 0 -1
    outer loop
      vertex -19.6476 6.66291 1.8
      vertex -19.9659 5.76133 1.8
      vertex -19.925 6.76388 1.8
    endloop
  endfacet
  facet normal 0 0 -1
    outer loop
      vertex -20.4 5.94115 1.8
      vertex -19.925 6.76388 1.8
      vertex -19.9659 5.76133 1.8
    endloop
  endfacet
  facet normal 0 0 -1
    outer loop
      vertex -20.7728 6.22721 1.8
      vertex -19.925 6.76388 1.8
      vertex -20.4 5.94115 1.8
    endloop
  endfacet
  facet normal 0 0 -1
    outer loop
      vertex -21.0588 6.6 1.8
      vertex -20.1511 6.95363 1.8
      vertex -20.7728 6.22721 1.8
    endloop
  endfacet
  facet normal -0 0 -1
    outer loop
      vertex -19.925 6.76388 1.8
      vertex -20.7728 6.22721 1.8
      vertex -20.1511 6.95363 1.8
    endloop
  endfacet
  facet normal -0 0 -1
    outer loop
      vertex -17.9412 8.4 1.8
      vertex -18.8489 8.04637 1.8
      vertex -18.2272 8.77279 1.8
    endloop
  endfacet
  facet normal 0 0 -1
    outer loop
      vertex -19.075 8.23612 1.8
      vertex -18.2272 8.77279 1.8
      vertex -18.8489 8.04637 1.8
    endloop
  endfacet
  facet normal -0 0 -1
    outer loop
      vertex -18.2272 8.77279 1.8
      vertex -19.075 8.23612 1.8
      vertex -18.6 9.05885 1.8
    endloop
  endfacet
  facet normal -0 0 -1
    outer loop
      vertex -18.6 9.05885 1.8
      vertex -19.075 8.23612 1.8
      vertex -19.0341 9.23867 1.8
    endloop
  endfacet
  facet normal 0 0 -1
    outer loop
      vertex -19.3524 8.33709 1.8
      vertex -19.0341 9.23867 1.8
      vertex -19.075 8.23612 1.8
    endloop
  endfacet
  facet normal 0 0 -1
    outer loop
      vertex -19.3524 8.33709 1.8
      vertex -19.5 9.3 1.8
      vertex -19.0341 9.23867 1.8
    endloop
  endfacet
  facet normal 0 0 -1
    outer loop
      vertex -19.6476 8.33709 1.8
      vertex -19.5 9.3 1.8
      vertex -19.3524 8.33709 1.8
    endloop
  endfacet
  facet normal 0 0 -1
    outer loop
      vertex -19.9659 9.23867 1.8
      vertex -19.6476 8.33709 1.8
      vertex -19.925 8.23612 1.8
    endloop
  endfacet
  facet normal 0 0 -1
    outer loop
      vertex -19.6476 8.33709 1.8
      vertex -19.9659 9.23867 1.8
      vertex -19.5 9.3 1.8
    endloop
  endfacet
  facet normal 0 0 -1
    outer loop
      vertex -20.7728 8.77279 1.8
      vertex -19.925 8.23612 1.8
      vertex -20.1511 8.04637 1.8
    endloop
  endfacet
  facet normal 0 0 -1
    outer loop
      vertex -21.0588 8.4 1.8
      vertex -20.1511 8.04637 1.8
      vertex -20.2987 7.79072 1.8
    endloop
  endfacet
  facet normal 0 0 -1
    outer loop
      vertex -19.925 8.23612 1.8
      vertex -20.4 9.05885 1.8
      vertex -19.9659 9.23867 1.8
    endloop
  endfacet
  facet normal 0 0 -1
    outer loop
      vertex -21.2387 7.96587 1.8
      vertex -20.2987 7.79072 1.8
      vertex -20.35 7.5 1.8
    endloop
  endfacet
  facet normal -0 0 -1
    outer loop
      vertex -20.1511 6.95363 1.8
      vertex -21.0588 6.6 1.8
      vertex -20.2987 7.20928 1.8
    endloop
  endfacet
  facet normal 0 0 -1
    outer loop
      vertex -21.2387 7.03413 1.8
      vertex -20.2987 7.20928 1.8
      vertex -21.0588 6.6 1.8
    endloop
  endfacet
  facet normal 0 0 -1
    outer loop
      vertex -19.925 8.23612 1.8
      vertex -20.7728 8.77279 1.8
      vertex -20.4 9.05885 1.8
    endloop
  endfacet
  facet normal -0 0 -1
    outer loop
      vertex -20.2987 7.20928 1.8
      vertex -21.2387 7.03413 1.8
      vertex -20.35 7.5 1.8
    endloop
  endfacet
  facet normal 0 0 -1
    outer loop
      vertex -20.1511 8.04637 1.8
      vertex -21.0588 8.4 1.8
      vertex -20.7728 8.77279 1.8
    endloop
  endfacet
  facet normal 0 0 -1
    outer loop
      vertex -21.3 7.5 1.8
      vertex -20.35 7.5 1.8
      vertex -21.2387 7.03413 1.8
    endloop
  endfacet
  facet normal 0 0 -1
    outer loop
      vertex -20.2987 7.79072 1.8
      vertex -21.2387 7.96587 1.8
      vertex -21.0588 8.4 1.8
    endloop
  endfacet
  facet normal 0 0 -1
    outer loop
      vertex -20.35 7.5 1.8
      vertex -21.3 7.5 1.8
      vertex -21.2387 7.96587 1.8
    endloop
  endfacet
  facet normal -0.923821 0.382824 9.28334e-19
    outer loop
      vertex -21.2387 7.96587 1.8
      vertex -21.0588 8.4 5.3
      vertex -21.0588 8.4 1.8
    endloop
  endfacet
  facet normal -0.923821 0.382824 9.28334e-19
    outer loop
      vertex -21.0588 8.4 5.3
      vertex -21.2387 7.96587 1.8
      vertex -21.2387 7.96587 5.3
    endloop
  endfacet
  facet normal -0.991454 0.130457 3.79153e-20
    outer loop
      vertex -21.3 7.5 1.8
      vertex -21.2387 7.96587 5.3
      vertex -21.2387 7.96587 1.8
    endloop
  endfacet
  facet normal -0.991454 0.130457 3.79153e-20
    outer loop
      vertex -21.2387 7.96587 5.3
      vertex -21.3 7.5 1.8
      vertex -21.3 7.5 5.3
    endloop
  endfacet
  facet normal -0.866025 -0.500001 -1.02421e-18
    outer loop
      vertex -18.7013 7.79072 1.8
      vertex -18.8489 8.04637 5.3
      vertex -18.8489 8.04637 1.8
    endloop
  endfacet
  facet normal -0.866025 -0.500001 -1.02421e-18
    outer loop
      vertex -18.8489 8.04637 5.3
      vertex -18.7013 7.79072 1.8
      vertex -18.7013 7.79072 5.3
    endloop
  endfacet
  facet normal -0.984786 -0.173774 -6.94721e-19
    outer loop
      vertex -18.65 7.5 1.8
      vertex -18.7013 7.79072 5.3
      vertex -18.7013 7.79072 1.8
    endloop
  endfacet
  facet normal -0.984786 -0.173774 -6.94721e-19
    outer loop
      vertex -18.7013 7.79072 5.3
      vertex -18.65 7.5 1.8
      vertex -18.65 7.5 5.3
    endloop
  endfacet
  facet normal -0.642846 -0.765995 0
    outer loop
      vertex -19.075 8.23612 1.8
      vertex -18.8489 8.04637 5.3
      vertex -19.075 8.23612 5.3
    endloop
  endfacet
  facet normal -0.642846 -0.765995 -0
    outer loop
      vertex -18.8489 8.04637 5.3
      vertex -19.075 8.23612 1.8
      vertex -18.8489 8.04637 1.8
    endloop
  endfacet
  facet normal -0.984786 0.173774 6.94721e-19
    outer loop
      vertex -18.7013 7.20928 1.8
      vertex -18.65 7.5 5.3
      vertex -18.65 7.5 1.8
    endloop
  endfacet
  facet normal -0.984786 0.173774 6.94721e-19
    outer loop
      vertex -18.65 7.5 5.3
      vertex -18.7013 7.20928 1.8
      vertex -18.7013 7.20928 5.3
    endloop
  endfacet
  facet normal -0.342034 0.939688 0
    outer loop
      vertex -19.075 6.76388 1.8
      vertex -19.3524 6.66291 5.3
      vertex -19.075 6.76388 5.3
    endloop
  endfacet
  facet normal -0.342034 0.939688 0
    outer loop
      vertex -19.3524 6.66291 5.3
      vertex -19.075 6.76388 1.8
      vertex -19.3524 6.66291 1.8
    endloop
  endfacet
  facet normal 0.642846 -0.765995 0
    outer loop
      vertex -20.1511 8.04637 1.8
      vertex -19.925 8.23612 5.3
      vertex -20.1511 8.04637 5.3
    endloop
  endfacet
  facet normal 0.642846 -0.765995 0
    outer loop
      vertex -19.925 8.23612 5.3
      vertex -20.1511 8.04637 1.8
      vertex -19.925 8.23612 1.8
    endloop
  endfacet
  facet normal 0.866025 0.500001 -1.02421e-18
    outer loop
      vertex -20.1511 6.95363 5.3
      vertex -20.2987 7.20928 1.8
      vertex -20.2987 7.20928 5.3
    endloop
  endfacet
  facet normal 0.866025 0.500001 -1.02421e-18
    outer loop
      vertex -20.2987 7.20928 1.8
      vertex -20.1511 6.95363 5.3
      vertex -20.1511 6.95363 1.8
    endloop
  endfacet
  facet normal 0.342034 -0.939688 0
    outer loop
      vertex -19.925 8.23612 1.8
      vertex -19.6476 8.33709 5.3
      vertex -19.925 8.23612 5.3
    endloop
  endfacet
  facet normal 0.342034 -0.939688 0
    outer loop
      vertex -19.6476 8.33709 5.3
      vertex -19.925 8.23612 1.8
      vertex -19.6476 8.33709 1.8
    endloop
  endfacet
  facet normal -0.642846 0.765995 0
    outer loop
      vertex -18.8489 6.95363 1.8
      vertex -19.075 6.76388 5.3
      vertex -18.8489 6.95363 5.3
    endloop
  endfacet
  facet normal -0.642846 0.765995 0
    outer loop
      vertex -19.075 6.76388 5.3
      vertex -18.8489 6.95363 1.8
      vertex -19.075 6.76388 1.8
    endloop
  endfacet
  facet normal 0.984786 0.173774 -6.94721e-19
    outer loop
      vertex -20.2987 7.20928 5.3
      vertex -20.35 7.5 1.8
      vertex -20.35 7.5 5.3
    endloop
  endfacet
  facet normal 0.984786 0.173774 -6.94721e-19
    outer loop
      vertex -20.35 7.5 1.8
      vertex -20.2987 7.20928 5.3
      vertex -20.2987 7.20928 1.8
    endloop
  endfacet
  facet normal -0.866025 0.500001 1.02421e-18
    outer loop
      vertex -18.8489 6.95363 1.8
      vertex -18.7013 7.20928 5.3
      vertex -18.7013 7.20928 1.8
    endloop
  endfacet
  facet normal -0.866025 0.500001 1.02421e-18
    outer loop
      vertex -18.7013 7.20928 5.3
      vertex -18.8489 6.95363 1.8
      vertex -18.8489 6.95363 5.3
    endloop
  endfacet
  facet normal 0.342034 0.939688 -0
    outer loop
      vertex -19.6476 6.66291 1.8
      vertex -19.925 6.76388 5.3
      vertex -19.6476 6.66291 5.3
    endloop
  endfacet
  facet normal 0.342034 0.939688 0
    outer loop
      vertex -19.925 6.76388 5.3
      vertex -19.6476 6.66291 1.8
      vertex -19.925 6.76388 1.8
    endloop
  endfacet
  facet normal 0 1 -0
    outer loop
      vertex -19.3524 6.66291 1.8
      vertex -19.6476 6.66291 5.3
      vertex -19.3524 6.66291 5.3
    endloop
  endfacet
  facet normal 0 1 0
    outer loop
      vertex -19.6476 6.66291 5.3
      vertex -19.3524 6.66291 1.8
      vertex -19.6476 6.66291 1.8
    endloop
  endfacet
  facet normal -0.342034 -0.939688 0
    outer loop
      vertex -19.3524 8.33709 1.8
      vertex -19.075 8.23612 5.3
      vertex -19.3524 8.33709 5.3
    endloop
  endfacet
  facet normal -0.342034 -0.939688 -0
    outer loop
      vertex -19.075 8.23612 5.3
      vertex -19.3524 8.33709 1.8
      vertex -19.075 8.23612 1.8
    endloop
  endfacet
  facet normal 0.866025 -0.500001 1.02421e-18
    outer loop
      vertex -20.2987 7.79072 5.3
      vertex -20.1511 8.04637 1.8
      vertex -20.1511 8.04637 5.3
    endloop
  endfacet
  facet normal 0.866025 -0.500001 1.02421e-18
    outer loop
      vertex -20.1511 8.04637 1.8
      vertex -20.2987 7.79072 5.3
      vertex -20.2987 7.79072 1.8
    endloop
  endfacet
  facet normal 0.984786 -0.173774 6.94721e-19
    outer loop
      vertex -20.35 7.5 5.3
      vertex -20.2987 7.79072 1.8
      vertex -20.2987 7.79072 5.3
    endloop
  endfacet
  facet normal 0.984786 -0.173774 6.94721e-19
    outer loop
      vertex -20.2987 7.79072 1.8
      vertex -20.35 7.5 5.3
      vertex -20.35 7.5 1.8
    endloop
  endfacet
  facet normal 0 -1 0
    outer loop
      vertex -19.6476 8.33709 1.8
      vertex -19.3524 8.33709 5.3
      vertex -19.6476 8.33709 5.3
    endloop
  endfacet
  facet normal 0 -1 -0
    outer loop
      vertex -19.3524 8.33709 5.3
      vertex -19.6476 8.33709 1.8
      vertex -19.3524 8.33709 1.8
    endloop
  endfacet
  facet normal 0.642846 0.765995 -0
    outer loop
      vertex -19.925 6.76388 1.8
      vertex -20.1511 6.95363 5.3
      vertex -19.925 6.76388 5.3
    endloop
  endfacet
  facet normal 0.642846 0.765995 0
    outer loop
      vertex -20.1511 6.95363 5.3
      vertex -19.925 6.76388 1.8
      vertex -20.1511 6.95363 1.8
    endloop
  endfacet
  facet normal 0.923821 0.382824 -9.28334e-19
    outer loop
      vertex 21.2387 7.96587 5.3
      vertex 21.0588 8.4 1.8
      vertex 21.0588 8.4 5.3
    endloop
  endfacet
  facet normal 0.923821 0.382824 -9.28334e-19
    outer loop
      vertex 21.0588 8.4 1.8
      vertex 21.2387 7.96587 5.3
      vertex 21.2387 7.96587 1.8
    endloop
  endfacet
  facet normal 0.991454 0.130457 -3.79153e-20
    outer loop
      vertex 21.3 7.5 5.3
      vertex 21.2387 7.96587 1.8
      vertex 21.2387 7.96587 5.3
    endloop
  endfacet
  facet normal 0.991454 0.130457 -3.79153e-20
    outer loop
      vertex 21.2387 7.96587 1.8
      vertex 21.3 7.5 5.3
      vertex 21.3 7.5 1.8
    endloop
  endfacet
  facet normal -0.608762 0.793353 0
    outer loop
      vertex 18.6 9.05885 1.8
      vertex 18.2272 8.77279 5.3
      vertex 18.6 9.05885 5.3
    endloop
  endfacet
  facet normal -0.608762 0.793353 0
    outer loop
      vertex 18.2272 8.77279 5.3
      vertex 18.6 9.05885 1.8
      vertex 18.2272 8.77279 1.8
    endloop
  endfacet
  facet normal -0.382701 0.923872 0
    outer loop
      vertex 19.0341 9.23867 1.8
      vertex 18.6 9.05885 5.3
      vertex 19.0341 9.23867 5.3
    endloop
  endfacet
  facet normal -0.382701 0.923872 0
    outer loop
      vertex 18.6 9.05885 5.3
      vertex 19.0341 9.23867 1.8
      vertex 18.6 9.05885 1.8
    endloop
  endfacet
  facet normal 0.608762 -0.793353 0
    outer loop
      vertex 20.4 5.94115 1.8
      vertex 20.7728 6.22721 5.3
      vertex 20.4 5.94115 5.3
    endloop
  endfacet
  facet normal 0.608762 -0.793353 0
    outer loop
      vertex 20.7728 6.22721 5.3
      vertex 20.4 5.94115 1.8
      vertex 20.7728 6.22721 1.8
    endloop
  endfacet
  facet normal 0.608762 0.793353 -0
    outer loop
      vertex 20.7728 8.77279 1.8
      vertex 20.4 9.05885 5.3
      vertex 20.7728 8.77279 5.3
    endloop
  endfacet
  facet normal 0.608762 0.793353 0
    outer loop
      vertex 20.4 9.05885 5.3
      vertex 20.7728 8.77279 1.8
      vertex 20.4 9.05885 1.8
    endloop
  endfacet
  facet normal -0.130512 -0.991447 0
    outer loop
      vertex 19.0341 5.76133 1.8
      vertex 19.5 5.7 5.3
      vertex 19.0341 5.76133 5.3
    endloop
  endfacet
  facet normal -0.130512 -0.991447 -0
    outer loop
      vertex 19.5 5.7 5.3
      vertex 19.0341 5.76133 1.8
      vertex 19.5 5.7 1.8
    endloop
  endfacet
  facet normal 0.130512 0.991447 -0
    outer loop
      vertex 19.9659 9.23867 1.8
      vertex 19.5 9.3 5.3
      vertex 19.9659 9.23867 5.3
    endloop
  endfacet
  facet normal 0.130512 0.991447 0
    outer loop
      vertex 19.5 9.3 5.3
      vertex 19.9659 9.23867 1.8
      vertex 19.5 9.3 1.8
    endloop
  endfacet
  facet normal 0.382701 0.923872 -0
    outer loop
      vertex 20.4 9.05885 1.8
      vertex 19.9659 9.23867 5.3
      vertex 20.4 9.05885 5.3
    endloop
  endfacet
  facet normal 0.382701 0.923872 0
    outer loop
      vertex 19.9659 9.23867 5.3
      vertex 20.4 9.05885 1.8
      vertex 19.9659 9.23867 1.8
    endloop
  endfacet
  facet normal -0.608762 -0.793353 0
    outer loop
      vertex 18.2272 6.22721 1.8
      vertex 18.6 5.94115 5.3
      vertex 18.2272 6.22721 5.3
    endloop
  endfacet
  facet normal -0.608762 -0.793353 -0
    outer loop
      vertex 18.6 5.94115 5.3
      vertex 18.2272 6.22721 1.8
      vertex 18.6 5.94115 1.8
    endloop
  endfacet
  facet normal 0.793407 0.608692 2.57598e-18
    outer loop
      vertex 21.0588 8.4 5.3
      vertex 20.7728 8.77279 1.8
      vertex 20.7728 8.77279 5.3
    endloop
  endfacet
  facet normal 0.793407 0.608692 2.57598e-18
    outer loop
      vertex 20.7728 8.77279 1.8
      vertex 21.0588 8.4 5.3
      vertex 21.0588 8.4 1.8
    endloop
  endfacet
  facet normal 0.130512 -0.991447 0
    outer loop
      vertex 19.5 5.7 1.8
      vertex 19.9659 5.76133 5.3
      vertex 19.5 5.7 5.3
    endloop
  endfacet
  facet normal 0.130512 -0.991447 0
    outer loop
      vertex 19.9659 5.76133 5.3
      vertex 19.5 5.7 1.8
      vertex 19.9659 5.76133 1.8
    endloop
  endfacet
  facet normal 0.793407 -0.608692 3.29747e-18
    outer loop
      vertex 20.7728 6.22721 5.3
      vertex 21.0588 6.6 1.8
      vertex 21.0588 6.6 5.3
    endloop
  endfacet
  facet normal 0.793407 -0.608692 3.29747e-18
    outer loop
      vertex 21.0588 6.6 1.8
      vertex 20.7728 6.22721 5.3
      vertex 20.7728 6.22721 1.8
    endloop
  endfacet
  facet normal 0.382701 -0.923872 0
    outer loop
      vertex 19.9659 5.76133 1.8
      vertex 20.4 5.94115 5.3
      vertex 19.9659 5.76133 5.3
    endloop
  endfacet
  facet normal 0.382701 -0.923872 0
    outer loop
      vertex 20.4 5.94115 5.3
      vertex 19.9659 5.76133 1.8
      vertex 20.4 5.94115 1.8
    endloop
  endfacet
  facet normal -0.793407 0.608692 -2.57598e-18
    outer loop
      vertex 17.9412 8.4 1.8
      vertex 18.2272 8.77279 5.3
      vertex 18.2272 8.77279 1.8
    endloop
  endfacet
  facet normal -0.793407 0.608692 -2.57598e-18
    outer loop
      vertex 18.2272 8.77279 5.3
      vertex 17.9412 8.4 1.8
      vertex 17.9412 8.4 5.3
    endloop
  endfacet
  facet normal -0.793407 -0.608692 -3.29747e-18
    outer loop
      vertex 18.2272 6.22721 1.8
      vertex 17.9412 6.6 5.3
      vertex 17.9412 6.6 1.8
    endloop
  endfacet
  facet normal -0.793407 -0.608692 -3.29747e-18
    outer loop
      vertex 17.9412 6.6 5.3
      vertex 18.2272 6.22721 1.8
      vertex 18.2272 6.22721 5.3
    endloop
  endfacet
  facet normal 0.991454 -0.130457 3.79153e-20
    outer loop
      vertex 21.2387 7.03413 5.3
      vertex 21.3 7.5 1.8
      vertex 21.3 7.5 5.3
    endloop
  endfacet
  facet normal 0.991454 -0.130457 3.79153e-20
    outer loop
      vertex 21.3 7.5 1.8
      vertex 21.2387 7.03413 5.3
      vertex 21.2387 7.03413 1.8
    endloop
  endfacet
  facet normal -0.130512 0.991447 0
    outer loop
      vertex 19.5 9.3 1.8
      vertex 19.0341 9.23867 5.3
      vertex 19.5 9.3 5.3
    endloop
  endfacet
  facet normal -0.130512 0.991447 0
    outer loop
      vertex 19.0341 9.23867 5.3
      vertex 19.5 9.3 1.8
      vertex 19.0341 9.23867 1.8
    endloop
  endfacet
  facet normal -0.923821 -0.382824 -9.28334e-19
    outer loop
      vertex 17.9412 6.6 1.8
      vertex 17.7613 7.03413 5.3
      vertex 17.7613 7.03413 1.8
    endloop
  endfacet
  facet normal -0.923821 -0.382824 -9.28334e-19
    outer loop
      vertex 17.7613 7.03413 5.3
      vertex 17.9412 6.6 1.8
      vertex 17.9412 6.6 5.3
    endloop
  endfacet
  facet normal -0.991454 -0.130457 -3.79153e-20
    outer loop
      vertex 17.7613 7.03413 1.8
      vertex 17.7 7.5 5.3
      vertex 17.7 7.5 1.8
    endloop
  endfacet
  facet normal -0.991454 -0.130457 -3.79153e-20
    outer loop
      vertex 17.7 7.5 5.3
      vertex 17.7613 7.03413 1.8
      vertex 17.7613 7.03413 5.3
    endloop
  endfacet
  facet normal 0.923821 -0.382824 9.28334e-19
    outer loop
      vertex 21.0588 6.6 5.3
      vertex 21.2387 7.03413 1.8
      vertex 21.2387 7.03413 5.3
    endloop
  endfacet
  facet normal 0.923821 -0.382824 9.28334e-19
    outer loop
      vertex 21.2387 7.03413 1.8
      vertex 21.0588 6.6 5.3
      vertex 21.0588 6.6 1.8
    endloop
  endfacet
  facet normal -0.382701 -0.923872 0
    outer loop
      vertex 18.6 5.94115 1.8
      vertex 19.0341 5.76133 5.3
      vertex 18.6 5.94115 5.3
    endloop
  endfacet
  facet normal -0.382701 -0.923872 -0
    outer loop
      vertex 19.0341 5.76133 5.3
      vertex 18.6 5.94115 1.8
      vertex 19.0341 5.76133 1.8
    endloop
  endfacet
  facet normal 0 0 1
    outer loop
      vertex 20.35 7.5 5.3
      vertex 21.3 7.5 5.3
      vertex 21.2387 7.96587 5.3
    endloop
  endfacet
  facet normal 0 0 1
    outer loop
      vertex 20.2987 7.79072 5.3
      vertex 21.2387 7.96587 5.3
      vertex 21.0588 8.4 5.3
    endloop
  endfacet
  facet normal 0 0 1
    outer loop
      vertex 21.3 7.5 5.3
      vertex 20.35 7.5 5.3
      vertex 21.2387 7.03413 5.3
    endloop
  endfacet
  facet normal 0 0 1
    outer loop
      vertex 20.1511 8.04637 5.3
      vertex 21.0588 8.4 5.3
      vertex 20.7728 8.77279 5.3
    endloop
  endfacet
  facet normal -0 0 1
    outer loop
      vertex 20.2987 7.20928 5.3
      vertex 21.2387 7.03413 5.3
      vertex 20.35 7.5 5.3
    endloop
  endfacet
  facet normal 0 0 1
    outer loop
      vertex 19.925 8.23612 5.3
      vertex 20.7728 8.77279 5.3
      vertex 20.4 9.05885 5.3
    endloop
  endfacet
  facet normal 0 0 1
    outer loop
      vertex 21.2387 7.03413 5.3
      vertex 20.2987 7.20928 5.3
      vertex 21.0588 6.6 5.3
    endloop
  endfacet
  facet normal -0 0 1
    outer loop
      vertex 20.1511 6.95363 5.3
      vertex 21.0588 6.6 5.3
      vertex 20.2987 7.20928 5.3
    endloop
  endfacet
  facet normal 0 0 1
    outer loop
      vertex 21.2387 7.96587 5.3
      vertex 20.2987 7.79072 5.3
      vertex 20.35 7.5 5.3
    endloop
  endfacet
  facet normal 0 0 1
    outer loop
      vertex 21.0588 8.4 5.3
      vertex 20.1511 8.04637 5.3
      vertex 20.2987 7.79072 5.3
    endloop
  endfacet
  facet normal 0 0 1
    outer loop
      vertex 19.925 8.23612 5.3
      vertex 20.4 9.05885 5.3
      vertex 19.9659 9.23867 5.3
    endloop
  endfacet
  facet normal 0 0 1
    outer loop
      vertex 20.7728 8.77279 5.3
      vertex 19.925 8.23612 5.3
      vertex 20.1511 8.04637 5.3
    endloop
  endfacet
  facet normal 0 0 1
    outer loop
      vertex 19.9659 9.23867 5.3
      vertex 19.6476 8.33709 5.3
      vertex 19.925 8.23612 5.3
    endloop
  endfacet
  facet normal 0 0 1
    outer loop
      vertex 19.5 9.3 5.3
      vertex 19.6476 8.33709 5.3
      vertex 19.9659 9.23867 5.3
    endloop
  endfacet
  facet normal 0 0 1
    outer loop
      vertex 19.5 9.3 5.3
      vertex 19.3524 8.33709 5.3
      vertex 19.6476 8.33709 5.3
    endloop
  endfacet
  facet normal -0 0 1
    outer loop
      vertex 19.0341 9.23867 5.3
      vertex 19.3524 8.33709 5.3
      vertex 19.5 9.3 5.3
    endloop
  endfacet
  facet normal 0 0 1
    outer loop
      vertex 19.3524 8.33709 5.3
      vertex 19.0341 9.23867 5.3
      vertex 19.075 8.23612 5.3
    endloop
  endfacet
  facet normal -0 0 1
    outer loop
      vertex 18.6 9.05885 5.3
      vertex 19.075 8.23612 5.3
      vertex 19.0341 9.23867 5.3
    endloop
  endfacet
  facet normal -0 0 1
    outer loop
      vertex 18.2272 8.77279 5.3
      vertex 19.075 8.23612 5.3
      vertex 18.6 9.05885 5.3
    endloop
  endfacet
  facet normal -0 0 1
    outer loop
      vertex 17.9412 8.4 5.3
      vertex 18.8489 8.04637 5.3
      vertex 18.2272 8.77279 5.3
    endloop
  endfacet
  facet normal 0 0 1
    outer loop
      vertex 19.075 8.23612 5.3
      vertex 18.2272 8.77279 5.3
      vertex 18.8489 8.04637 5.3
    endloop
  endfacet
  facet normal 0 0 1
    outer loop
      vertex 21.0588 6.6 5.3
      vertex 20.1511 6.95363 5.3
      vertex 20.7728 6.22721 5.3
    endloop
  endfacet
  facet normal -0 0 1
    outer loop
      vertex 19.925 6.76388 5.3
      vertex 20.7728 6.22721 5.3
      vertex 20.1511 6.95363 5.3
    endloop
  endfacet
  facet normal 0 0 1
    outer loop
      vertex 20.7728 6.22721 5.3
      vertex 19.925 6.76388 5.3
      vertex 20.4 5.94115 5.3
    endloop
  endfacet
  facet normal 0 0 1
    outer loop
      vertex 20.4 5.94115 5.3
      vertex 19.925 6.76388 5.3
      vertex 19.9659 5.76133 5.3
    endloop
  endfacet
  facet normal -0 0 1
    outer loop
      vertex 19.6476 6.66291 5.3
      vertex 19.9659 5.76133 5.3
      vertex 19.925 6.76388 5.3
    endloop
  endfacet
  facet normal 0 0 1
    outer loop
      vertex 19.6476 6.66291 5.3
      vertex 19.5 5.7 5.3
      vertex 19.9659 5.76133 5.3
    endloop
  endfacet
  facet normal -0 0 1
    outer loop
      vertex 19.3524 6.66291 5.3
      vertex 19.5 5.7 5.3
      vertex 19.6476 6.66291 5.3
    endloop
  endfacet
  facet normal 0 0 1
    outer loop
      vertex 19.0341 5.76133 5.3
      vertex 19.3524 6.66291 5.3
      vertex 19.075 6.76388 5.3
    endloop
  endfacet
  facet normal 0 0 1
    outer loop
      vertex 19.3524 6.66291 5.3
      vertex 19.0341 5.76133 5.3
      vertex 19.5 5.7 5.3
    endloop
  endfacet
  facet normal 0 0 1
    outer loop
      vertex 18.2272 6.22721 5.3
      vertex 19.075 6.76388 5.3
      vertex 18.8489 6.95363 5.3
    endloop
  endfacet
  facet normal 0 0 1
    outer loop
      vertex 17.9412 6.6 5.3
      vertex 18.8489 6.95363 5.3
      vertex 18.7013 7.20928 5.3
    endloop
  endfacet
  facet normal 0 0 1
    outer loop
      vertex 19.075 6.76388 5.3
      vertex 18.6 5.94115 5.3
      vertex 19.0341 5.76133 5.3
    endloop
  endfacet
  facet normal 0 0 1
    outer loop
      vertex 17.7613 7.03413 5.3
      vertex 18.7013 7.20928 5.3
      vertex 18.65 7.5 5.3
    endloop
  endfacet
  facet normal 0 0 1
    outer loop
      vertex 18.8489 8.04637 5.3
      vertex 17.9412 8.4 5.3
      vertex 18.7013 7.79072 5.3
    endloop
  endfacet
  facet normal -0 0 1
    outer loop
      vertex 17.7613 7.96587 5.3
      vertex 18.7013 7.79072 5.3
      vertex 17.9412 8.4 5.3
    endloop
  endfacet
  facet normal 0 0 1
    outer loop
      vertex 19.075 6.76388 5.3
      vertex 18.2272 6.22721 5.3
      vertex 18.6 5.94115 5.3
    endloop
  endfacet
  facet normal 0 0 1
    outer loop
      vertex 18.7013 7.79072 5.3
      vertex 17.7613 7.96587 5.3
      vertex 18.65 7.5 5.3
    endloop
  endfacet
  facet normal 0 0 1
    outer loop
      vertex 18.8489 6.95363 5.3
      vertex 17.9412 6.6 5.3
      vertex 18.2272 6.22721 5.3
    endloop
  endfacet
  facet normal 0 0 1
    outer loop
      vertex 17.7 7.5 5.3
      vertex 18.65 7.5 5.3
      vertex 17.7613 7.96587 5.3
    endloop
  endfacet
  facet normal 0 0 1
    outer loop
      vertex 18.7013 7.20928 5.3
      vertex 17.7613 7.03413 5.3
      vertex 17.9412 6.6 5.3
    endloop
  endfacet
  facet normal 0 0 1
    outer loop
      vertex 18.65 7.5 5.3
      vertex 17.7 7.5 5.3
      vertex 17.7613 7.03413 5.3
    endloop
  endfacet
  facet normal 0 0 -1
    outer loop
      vertex 20.35 7.5 1.8
      vertex 21.3 7.5 1.8
      vertex 21.2387 7.03413 1.8
    endloop
  endfacet
  facet normal 0 0 -1
    outer loop
      vertex 20.2987 7.20928 1.8
      vertex 21.2387 7.03413 1.8
      vertex 21.0588 6.6 1.8
    endloop
  endfacet
  facet normal 0 0 -1
    outer loop
      vertex 21.3 7.5 1.8
      vertex 20.35 7.5 1.8
      vertex 21.2387 7.96587 1.8
    endloop
  endfacet
  facet normal 0 0 -1
    outer loop
      vertex 20.1511 6.95363 1.8
      vertex 21.0588 6.6 1.8
      vertex 20.7728 6.22721 1.8
    endloop
  endfacet
  facet normal 0 0 -1
    outer loop
      vertex 20.2987 7.79072 1.8
      vertex 21.2387 7.96587 1.8
      vertex 20.35 7.5 1.8
    endloop
  endfacet
  facet normal 0 0 -1
    outer loop
      vertex 19.925 6.76388 1.8
      vertex 20.7728 6.22721 1.8
      vertex 20.4 5.94115 1.8
    endloop
  endfacet
  facet normal -0 0 -1
    outer loop
      vertex 21.2387 7.96587 1.8
      vertex 20.2987 7.79072 1.8
      vertex 21.0588 8.4 1.8
    endloop
  endfacet
  facet normal 0 0 -1
    outer loop
      vertex 20.1511 8.04637 1.8
      vertex 21.0588 8.4 1.8
      vertex 20.2987 7.79072 1.8
    endloop
  endfacet
  facet normal 0 0 -1
    outer loop
      vertex 21.2387 7.03413 1.8
      vertex 20.2987 7.20928 1.8
      vertex 20.35 7.5 1.8
    endloop
  endfacet
  facet normal 0 0 -1
    outer loop
      vertex 21.0588 6.6 1.8
      vertex 20.1511 6.95363 1.8
      vertex 20.2987 7.20928 1.8
    endloop
  endfacet
  facet normal 0 0 -1
    outer loop
      vertex 19.925 6.76388 1.8
      vertex 20.4 5.94115 1.8
      vertex 19.9659 5.76133 1.8
    endloop
  endfacet
  facet normal 0 0 -1
    outer loop
      vertex 20.7728 6.22721 1.8
      vertex 19.925 6.76388 1.8
      vertex 20.1511 6.95363 1.8
    endloop
  endfacet
  facet normal 0 0 -1
    outer loop
      vertex 19.9659 5.76133 1.8
      vertex 19.6476 6.66291 1.8
      vertex 19.925 6.76388 1.8
    endloop
  endfacet
  facet normal 0 0 -1
    outer loop
      vertex 19.5 5.7 1.8
      vertex 19.6476 6.66291 1.8
      vertex 19.9659 5.76133 1.8
    endloop
  endfacet
  facet normal 0 0 -1
    outer loop
      vertex 19.5 5.7 1.8
      vertex 19.3524 6.66291 1.8
      vertex 19.6476 6.66291 1.8
    endloop
  endfacet
  facet normal 0 0 -1
    outer loop
      vertex 19.0341 5.76133 1.8
      vertex 19.3524 6.66291 1.8
      vertex 19.5 5.7 1.8
    endloop
  endfacet
  facet normal -0 0 -1
    outer loop
      vertex 19.3524 6.66291 1.8
      vertex 19.0341 5.76133 1.8
      vertex 19.075 6.76388 1.8
    endloop
  endfacet
  facet normal 0 0 -1
    outer loop
      vertex 18.6 5.94115 1.8
      vertex 19.075 6.76388 1.8
      vertex 19.0341 5.76133 1.8
    endloop
  endfacet
  facet normal 0 0 -1
    outer loop
      vertex 18.2272 6.22721 1.8
      vertex 19.075 6.76388 1.8
      vertex 18.6 5.94115 1.8
    endloop
  endfacet
  facet normal 0 0 -1
    outer loop
      vertex 17.9412 6.6 1.8
      vertex 18.8489 6.95363 1.8
      vertex 18.2272 6.22721 1.8
    endloop
  endfacet
  facet normal -0 0 -1
    outer loop
      vertex 19.075 6.76388 1.8
      vertex 18.2272 6.22721 1.8
      vertex 18.8489 6.95363 1.8
    endloop
  endfacet
  facet normal -0 0 -1
    outer loop
      vertex 21.0588 8.4 1.8
      vertex 20.1511 8.04637 1.8
      vertex 20.7728 8.77279 1.8
    endloop
  endfacet
  facet normal 0 0 -1
    outer loop
      vertex 19.925 8.23612 1.8
      vertex 20.7728 8.77279 1.8
      vertex 20.1511 8.04637 1.8
    endloop
  endfacet
  facet normal -0 0 -1
    outer loop
      vertex 20.7728 8.77279 1.8
      vertex 19.925 8.23612 1.8
      vertex 20.4 9.05885 1.8
    endloop
  endfacet
  facet normal -0 0 -1
    outer loop
      vertex 20.4 9.05885 1.8
      vertex 19.925 8.23612 1.8
      vertex 19.9659 9.23867 1.8
    endloop
  endfacet
  facet normal 0 0 -1
    outer loop
      vertex 19.6476 8.33709 1.8
      vertex 19.9659 9.23867 1.8
      vertex 19.925 8.23612 1.8
    endloop
  endfacet
  facet normal 0 0 -1
    outer loop
      vertex 19.6476 8.33709 1.8
      vertex 19.5 9.3 1.8
      vertex 19.9659 9.23867 1.8
    endloop
  endfacet
  facet normal 0 0 -1
    outer loop
      vertex 19.3524 8.33709 1.8
      vertex 19.5 9.3 1.8
      vertex 19.6476 8.33709 1.8
    endloop
  endfacet
  facet normal 0 0 -1
    outer loop
      vertex 19.0341 9.23867 1.8
      vertex 19.3524 8.33709 1.8
      vertex 19.075 8.23612 1.8
    endloop
  endfacet
  facet normal 0 0 -1
    outer loop
      vertex 19.3524 8.33709 1.8
      vertex 19.0341 9.23867 1.8
      vertex 19.5 9.3 1.8
    endloop
  endfacet
  facet normal 0 0 -1
    outer loop
      vertex 18.2272 8.77279 1.8
      vertex 19.075 8.23612 1.8
      vertex 18.8489 8.04637 1.8
    endloop
  endfacet
  facet normal 0 0 -1
    outer loop
      vertex 17.9412 8.4 1.8
      vertex 18.8489 8.04637 1.8
      vertex 18.7013 7.79072 1.8
    endloop
  endfacet
  facet normal 0 0 -1
    outer loop
      vertex 19.075 8.23612 1.8
      vertex 18.6 9.05885 1.8
      vertex 19.0341 9.23867 1.8
    endloop
  endfacet
  facet normal 0 0 -1
    outer loop
      vertex 17.7613 7.96587 1.8
      vertex 18.7013 7.79072 1.8
      vertex 18.65 7.5 1.8
    endloop
  endfacet
  facet normal -0 0 -1
    outer loop
      vertex 18.8489 6.95363 1.8
      vertex 17.9412 6.6 1.8
      vertex 18.7013 7.20928 1.8
    endloop
  endfacet
  facet normal 0 0 -1
    outer loop
      vertex 17.7613 7.03413 1.8
      vertex 18.7013 7.20928 1.8
      vertex 17.9412 6.6 1.8
    endloop
  endfacet
  facet normal 0 0 -1
    outer loop
      vertex 19.075 8.23612 1.8
      vertex 18.2272 8.77279 1.8
      vertex 18.6 9.05885 1.8
    endloop
  endfacet
  facet normal -0 0 -1
    outer loop
      vertex 18.7013 7.20928 1.8
      vertex 17.7613 7.03413 1.8
      vertex 18.65 7.5 1.8
    endloop
  endfacet
  facet normal 0 0 -1
    outer loop
      vertex 18.8489 8.04637 1.8
      vertex 17.9412 8.4 1.8
      vertex 18.2272 8.77279 1.8
    endloop
  endfacet
  facet normal 0 0 -1
    outer loop
      vertex 17.7 7.5 1.8
      vertex 18.65 7.5 1.8
      vertex 17.7613 7.03413 1.8
    endloop
  endfacet
  facet normal 0 0 -1
    outer loop
      vertex 18.7013 7.79072 1.8
      vertex 17.7613 7.96587 1.8
      vertex 17.9412 8.4 1.8
    endloop
  endfacet
  facet normal 0 0 -1
    outer loop
      vertex 18.65 7.5 1.8
      vertex 17.7 7.5 1.8
      vertex 17.7613 7.96587 1.8
    endloop
  endfacet
  facet normal -0.923821 0.382824 9.28334e-19
    outer loop
      vertex 17.7613 7.96587 1.8
      vertex 17.9412 8.4 5.3
      vertex 17.9412 8.4 1.8
    endloop
  endfacet
  facet normal -0.923821 0.382824 9.28334e-19
    outer loop
      vertex 17.9412 8.4 5.3
      vertex 17.7613 7.96587 1.8
      vertex 17.7613 7.96587 5.3
    endloop
  endfacet
  facet normal -0.991454 0.130457 3.79153e-20
    outer loop
      vertex 17.7 7.5 1.8
      vertex 17.7613 7.96587 5.3
      vertex 17.7613 7.96587 1.8
    endloop
  endfacet
  facet normal -0.991454 0.130457 3.79153e-20
    outer loop
      vertex 17.7613 7.96587 5.3
      vertex 17.7 7.5 1.8
      vertex 17.7 7.5 5.3
    endloop
  endfacet
  facet normal -0.866025 -0.500001 -1.02421e-18
    outer loop
      vertex 20.2987 7.79072 1.8
      vertex 20.1511 8.04637 5.3
      vertex 20.1511 8.04637 1.8
    endloop
  endfacet
  facet normal -0.866025 -0.500001 -1.02421e-18
    outer loop
      vertex 20.1511 8.04637 5.3
      vertex 20.2987 7.79072 1.8
      vertex 20.2987 7.79072 5.3
    endloop
  endfacet
  facet normal -0.984786 -0.173774 -6.94721e-19
    outer loop
      vertex 20.35 7.5 1.8
      vertex 20.2987 7.79072 5.3
      vertex 20.2987 7.79072 1.8
    endloop
  endfacet
  facet normal -0.984786 -0.173774 -6.94721e-19
    outer loop
      vertex 20.2987 7.79072 5.3
      vertex 20.35 7.5 1.8
      vertex 20.35 7.5 5.3
    endloop
  endfacet
  facet normal -0.642846 -0.765995 0
    outer loop
      vertex 19.925 8.23612 1.8
      vertex 20.1511 8.04637 5.3
      vertex 19.925 8.23612 5.3
    endloop
  endfacet
  facet normal -0.642846 -0.765995 -0
    outer loop
      vertex 20.1511 8.04637 5.3
      vertex 19.925 8.23612 1.8
      vertex 20.1511 8.04637 1.8
    endloop
  endfacet
  facet normal -0.984786 0.173774 6.94721e-19
    outer loop
      vertex 20.2987 7.20928 1.8
      vertex 20.35 7.5 5.3
      vertex 20.35 7.5 1.8
    endloop
  endfacet
  facet normal -0.984786 0.173774 6.94721e-19
    outer loop
      vertex 20.35 7.5 5.3
      vertex 20.2987 7.20928 1.8
      vertex 20.2987 7.20928 5.3
    endloop
  endfacet
  facet normal -0.342034 0.939688 0
    outer loop
      vertex 19.925 6.76388 1.8
      vertex 19.6476 6.66291 5.3
      vertex 19.925 6.76388 5.3
    endloop
  endfacet
  facet normal -0.342034 0.939688 0
    outer loop
      vertex 19.6476 6.66291 5.3
      vertex 19.925 6.76388 1.8
      vertex 19.6476 6.66291 1.8
    endloop
  endfacet
  facet normal 0.642846 -0.765995 0
    outer loop
      vertex 18.8489 8.04637 1.8
      vertex 19.075 8.23612 5.3
      vertex 18.8489 8.04637 5.3
    endloop
  endfacet
  facet normal 0.642846 -0.765995 0
    outer loop
      vertex 19.075 8.23612 5.3
      vertex 18.8489 8.04637 1.8
      vertex 19.075 8.23612 1.8
    endloop
  endfacet
  facet normal 0.866025 0.500001 -1.02421e-18
    outer loop
      vertex 18.8489 6.95363 5.3
      vertex 18.7013 7.20928 1.8
      vertex 18.7013 7.20928 5.3
    endloop
  endfacet
  facet normal 0.866025 0.500001 -1.02421e-18
    outer loop
      vertex 18.7013 7.20928 1.8
      vertex 18.8489 6.95363 5.3
      vertex 18.8489 6.95363 1.8
    endloop
  endfacet
  facet normal 0.342034 -0.939688 0
    outer loop
      vertex 19.075 8.23612 1.8
      vertex 19.3524 8.33709 5.3
      vertex 19.075 8.23612 5.3
    endloop
  endfacet
  facet normal 0.342034 -0.939688 0
    outer loop
      vertex 19.3524 8.33709 5.3
      vertex 19.075 8.23612 1.8
      vertex 19.3524 8.33709 1.8
    endloop
  endfacet
  facet normal -0.642846 0.765995 0
    outer loop
      vertex 20.1511 6.95363 1.8
      vertex 19.925 6.76388 5.3
      vertex 20.1511 6.95363 5.3
    endloop
  endfacet
  facet normal -0.642846 0.765995 0
    outer loop
      vertex 19.925 6.76388 5.3
      vertex 20.1511 6.95363 1.8
      vertex 19.925 6.76388 1.8
    endloop
  endfacet
  facet normal 0.984786 0.173774 -6.94721e-19
    outer loop
      vertex 18.7013 7.20928 5.3
      vertex 18.65 7.5 1.8
      vertex 18.65 7.5 5.3
    endloop
  endfacet
  facet normal 0.984786 0.173774 -6.94721e-19
    outer loop
      vertex 18.65 7.5 1.8
      vertex 18.7013 7.20928 5.3
      vertex 18.7013 7.20928 1.8
    endloop
  endfacet
  facet normal -0.866025 0.500001 1.02421e-18
    outer loop
      vertex 20.1511 6.95363 1.8
      vertex 20.2987 7.20928 5.3
      vertex 20.2987 7.20928 1.8
    endloop
  endfacet
  facet normal -0.866025 0.500001 1.02421e-18
    outer loop
      vertex 20.2987 7.20928 5.3
      vertex 20.1511 6.95363 1.8
      vertex 20.1511 6.95363 5.3
    endloop
  endfacet
  facet normal 0.342034 0.939688 -0
    outer loop
      vertex 19.3524 6.66291 1.8
      vertex 19.075 6.76388 5.3
      vertex 19.3524 6.66291 5.3
    endloop
  endfacet
  facet normal 0.342034 0.939688 0
    outer loop
      vertex 19.075 6.76388 5.3
      vertex 19.3524 6.66291 1.8
      vertex 19.075 6.76388 1.8
    endloop
  endfacet
  facet normal 0 1 -0
    outer loop
      vertex 19.6476 6.66291 1.8
      vertex 19.3524 6.66291 5.3
      vertex 19.6476 6.66291 5.3
    endloop
  endfacet
  facet normal 0 1 0
    outer loop
      vertex 19.3524 6.66291 5.3
      vertex 19.6476 6.66291 1.8
      vertex 19.3524 6.66291 1.8
    endloop
  endfacet
  facet normal -0.342034 -0.939688 0
    outer loop
      vertex 19.6476 8.33709 1.8
      vertex 19.925 8.23612 5.3
      vertex 19.6476 8.33709 5.3
    endloop
  endfacet
  facet normal -0.342034 -0.939688 -0
    outer loop
      vertex 19.925 8.23612 5.3
      vertex 19.6476 8.33709 1.8
      vertex 19.925 8.23612 1.8
    endloop
  endfacet
  facet normal 0.866025 -0.500001 1.02421e-18
    outer loop
      vertex 18.7013 7.79072 5.3
      vertex 18.8489 8.04637 1.8
      vertex 18.8489 8.04637 5.3
    endloop
  endfacet
  facet normal 0.866025 -0.500001 1.02421e-18
    outer loop
      vertex 18.8489 8.04637 1.8
      vertex 18.7013 7.79072 5.3
      vertex 18.7013 7.79072 1.8
    endloop
  endfacet
  facet normal 0.984786 -0.173774 6.94721e-19
    outer loop
      vertex 18.65 7.5 5.3
      vertex 18.7013 7.79072 1.8
      vertex 18.7013 7.79072 5.3
    endloop
  endfacet
  facet normal 0.984786 -0.173774 6.94721e-19
    outer loop
      vertex 18.7013 7.79072 1.8
      vertex 18.65 7.5 5.3
      vertex 18.65 7.5 1.8
    endloop
  endfacet
  facet normal 0 -1 0
    outer loop
      vertex 19.3524 8.33709 1.8
      vertex 19.6476 8.33709 5.3
      vertex 19.3524 8.33709 5.3
    endloop
  endfacet
  facet normal 0 -1 -0
    outer loop
      vertex 19.6476 8.33709 5.3
      vertex 19.3524 8.33709 1.8
      vertex 19.6476 8.33709 1.8
    endloop
  endfacet
  facet normal 0.642846 0.765995 -0
    outer loop
      vertex 19.075 6.76388 1.8
      vertex 18.8489 6.95363 5.3
      vertex 19.075 6.76388 5.3
    endloop
  endfacet
  facet normal 0.642846 0.765995 0
    outer loop
      vertex 18.8489 6.95363 5.3
      vertex 19.075 6.76388 1.8
      vertex 18.8489 6.95363 1.8
    endloop
  endfacet
endsolid OpenSCAD_Model
